timestamp,project_id,resource_type,resource_id,zone,metric_name,metric_value,metric_unit,cpu_usage_percent,memory_usage_bytes,memory_limit_bytes,network_ingress_bytes,network_egress_bytes,restart_count,label_app,label_env,label_version,_anomaly
2026-03-24T08:00:00+00:00,custom-sim,gke_container,container-2106,europe-west1-b,container/cpu/usage_time,19.53,%,74.37,346001999,1024000000,91059,29976,0,custom,staging,0.1,
2026-03-24T08:01:00+00:00,custom-sim,gke_container,container-4329,europe-west1-b,container/cpu/usage_time,29.22,%,24.43,368004892,1024000000,76559,13398,0,custom,staging,0.1,
2026-03-24T08:02:00+00:00,custom-sim,gke_container,container-4807,europe-west1-b,container/cpu/usage_time,15.74,%,3.13,549404762,1024000000,1082,60743,0,custom,staging,0.1,
2026-03-24T08:03:00+00:00,custom-sim,gke_container,container-8845,europe-west1-b,container/cpu/usage_time,23.41,%,67.61,718965286,1024000000,29008,76124,0,custom,staging,0.1,
2026-03-24T08:04:00+00:00,custom-sim,gke_container,container-5830,europe-west1-b,container/cpu/usage_time,20.35,%,13.18,518822300,1024000000,24192,63219,0,custom,staging,0.1,
2026-03-24T08:05:00+00:00,custom-sim,gke_container,container-6548,europe-west1-b,container/cpu/usage_time,12.76,%,22.14,381835995,1024000000,32528,30616,0,custom,staging,0.1,
2026-03-24T08:06:00+00:00,custom-sim,gke_container,container-2177,europe-west1-b,container/cpu/usage_time,12.79,%,27.51,614197414,1024000000,29631,97706,0,custom,staging,0.1,
2026-03-24T08:07:00+00:00,custom-sim,gke_container,container-3879,europe-west1-b,container/cpu/usage_time,24.18,%,65.84,333321710,1024000000,80574,80824,0,custom,staging,0.1,
2026-03-24T08:08:00+00:00,custom-sim,gke_container,container-6048,europe-west1-b,container/cpu/usage_time,25.28,%,41.75,190268199,1024000000,72462,26183,0,custom,staging,0.1,
2026-03-24T08:09:00+00:00,custom-sim,gke_container,container-6213,europe-west1-b,container/cpu/usage_time,15.31,%,54.07,450205664,1024000000,74983,61902,0,custom,staging,0.1,
2026-03-24T08:10:00+00:00,custom-sim,gke_container,container-2345,europe-west1-b,container/cpu/usage_time,20.41,%,23.93,653426207,1024000000,32576,60008,0,custom,staging,0.1,
2026-03-24T08:11:00+00:00,custom-sim,gke_container,container-1452,europe-west1-b,container/cpu/usage_time,10.97,%,65.76,651227312,1024000000,86090,42779,0,custom,staging,0.1,
2026-03-24T08:12:00+00:00,custom-sim,gke_container,container-3744,europe-west1-b,container/cpu/usage_time,27.93,%,25.07,281059459,1024000000,34738,45765,0,custom,staging,0.1,
2026-03-24T08:13:00+00:00,custom-sim,gke_container,container-6109,europe-west1-b,container/cpu/usage_time,27.29,%,74.98,120220575,1024000000,25880,5965,0,custom,staging,0.1,
2026-03-24T08:14:00+00:00,custom-sim,gke_container,container-6226,europe-west1-b,container/cpu/usage_time,11.66,%,87.94,643243464,1024000000,74483,65594,0,custom,staging,0.1,
2026-03-24T08:15:00+00:00,custom-sim,gke_container,container-8373,europe-west1-b,container/cpu/usage_time,11.77,%,54.24,413392359,1024000000,24592,8155,0,custom,staging,0.1,
2026-03-24T08:16:00+00:00,custom-sim,gke_container,container-7589,europe-west1-b,container/cpu/usage_time,10.79,%,65.35,200840807,1024000000,60359,79259,0,custom,staging,0.1,
2026-03-24T08:17:00+00:00,custom-sim,gke_container,container-2301,europe-west1-b,container/cpu/usage_time,25.55,%,65.01,492331362,1024000000,40116,1940,0,custom,staging,0.1,
2026-03-24T08:18:00+00:00,custom-sim,gke_container,container-7171,europe-west1-b,container/cpu/usage_time,25.52,%,17.07,366712795,1024000000,82844,70205,0,custom,staging,0.1,
2026-03-24T08:19:00+00:00,custom-sim,gke_container,container-8167,europe-west1-b,container/cpu/usage_time,24.06,%,64.23,155213583,1024000000,50381,65722,0,custom,staging,0.1,
2026-03-24T08:20:00+00:00,custom-sim,gke_container,container-9760,europe-west1-b,container/cpu/usage_time,11.34,%,32.92,659678781,1024000000,9276,22610,0,custom,staging,0.1,
2026-03-24T08:21:00+00:00,custom-sim,gke_container,container-8118,europe-west1-b,container/cpu/usage_time,14.38,%,67.38,496990713,1024000000,66223,70025,0,custom,staging,0.1,
2026-03-24T08:22:00+00:00,custom-sim,gke_container,container-8592,europe-west1-b,container/cpu/usage_time,27.06,%,79.79,584270414,1024000000,60210,92142,0,custom,staging,0.1,
2026-03-24T08:23:00+00:00,custom-sim,gke_container,container-8056,europe-west1-b,container/cpu/usage_time,15.61,%,27.75,484691548,1024000000,98956,10909,0,custom,staging,0.1,
2026-03-24T08:24:00+00:00,custom-sim,gke_container,container-5657,europe-west1-b,container/cpu/usage_time,29.99,%,62.28,755707049,1024000000,77350,97229,0,custom,staging,0.1,
2026-03-24T08:25:00+00:00,custom-sim,gke_container,container-9917,europe-west1-b,container/cpu/usage_time,19.11,%,64.22,356577430,1024000000,88994,50832,0,custom,staging,0.1,
2026-03-24T08:26:00+00:00,custom-sim,gke_container,container-5861,europe-west1-b,container/cpu/usage_time,13.56,%,13.26,463262701,1024000000,12020,79523,0,custom,staging,0.1,
2026-03-24T08:27:00+00:00,custom-sim,gke_container,container-4976,europe-west1-b,container/cpu/usage_time,27.17,%,81.45,704723115,1024000000,48603,8682,0,custom,staging,0.1,
2026-03-24T08:28:00+00:00,custom-sim,gke_container,container-4184,europe-west1-b,container/cpu/usage_time,16.9,%,44.54,673356869,1024000000,36347,67395,0,custom,staging,0.1,
2026-03-24T08:29:00+00:00,custom-sim,gke_container,container-6652,europe-west1-b,container/cpu/usage_time,13.42,%,6.54,575999894,1024000000,73256,79061,0,custom,staging,0.1,
2026-03-24T08:30:00+00:00,custom-sim,gke_container,container-7468,europe-west1-b,container/cpu/usage_time,10.6,%,58.67,290224967,1024000000,16034,11614,0,custom,staging,0.1,
2026-03-24T08:31:00+00:00,custom-sim,gke_container,container-1053,europe-west1-b,container/cpu/usage_time,22.92,%,45.96,634087141,1024000000,96183,17640,0,custom,staging,0.1,
2026-03-24T08:32:00+00:00,custom-sim,gke_container,container-7231,europe-west1-b,container/cpu/usage_time,27.79,%,76.09,567292027,1024000000,35782,78674,0,custom,staging,0.1,
2026-03-24T08:33:00+00:00,custom-sim,gke_container,container-4550,europe-west1-b,container/cpu/usage_time,22.92,%,41.17,109533084,1024000000,71736,51322,0,custom,staging,0.1,
2026-03-24T08:34:00+00:00,custom-sim,gke_container,container-1788,europe-west1-b,container/cpu/usage_time,11.57,%,49.63,711017192,1024000000,46113,71586,0,custom,staging,0.1,
2026-03-24T08:35:00+00:00,custom-sim,gke_container,container-9548,europe-west1-b,container/cpu/usage_time,29.05,%,6.31,153092841,1024000000,35244,76288,0,custom,staging,0.1,
2026-03-24T08:36:00+00:00,custom-sim,gke_container,container-6625,europe-west1-b,container/cpu/usage_time,15.23,%,67.18,469381325,1024000000,84875,86992,0,custom,staging,0.1,
2026-03-24T08:37:00+00:00,custom-sim,gke_container,container-3897,europe-west1-b,container/cpu/usage_time,10.51,%,47.66,620672228,1024000000,48859,69940,0,custom,staging,0.1,
2026-03-24T08:38:00+00:00,custom-sim,gke_container,container-4612,europe-west1-b,container/cpu/usage_time,12.06,%,40.89,512113103,1024000000,76046,87492,0,custom,staging,0.1,
2026-03-24T08:39:00+00:00,custom-sim,gke_container,container-2015,europe-west1-b,container/cpu/usage_time,25.29,%,31.68,472930609,1024000000,85994,3283,0,custom,staging,0.1,
2026-03-24T08:40:00+00:00,custom-sim,gke_container,container-5201,europe-west1-b,container/cpu/usage_time,10.46,%,66.23,725775827,1024000000,65188,15653,0,custom,staging,0.1,
2026-03-24T08:41:00+00:00,custom-sim,gke_container,container-3492,europe-west1-b,container/cpu/usage_time,26.31,%,88.89,672423445,1024000000,26687,1719,0,custom,staging,0.1,
2026-03-24T08:42:00+00:00,custom-sim,gke_container,container-3105,europe-west1-b,container/cpu/usage_time,21.71,%,9.07,187338252,1024000000,36478,20392,0,custom,staging,0.1,
2026-03-24T08:43:00+00:00,custom-sim,gke_container,container-5327,europe-west1-b,container/cpu/usage_time,27.02,%,85.76,276260564,1024000000,86104,86683,0,custom,staging,0.1,
2026-03-24T08:44:00+00:00,custom-sim,gke_container,container-6129,europe-west1-b,container/cpu/usage_time,18.1,%,32.49,482225127,1024000000,56966,42805,0,custom,staging,0.1,
2026-03-24T08:45:00+00:00,custom-sim,gke_container,container-3906,europe-west1-b,container/cpu/usage_time,23.58,%,28.48,501098395,1024000000,92726,73850,0,custom,staging,0.1,
2026-03-24T08:46:00+00:00,custom-sim,gke_container,container-2659,europe-west1-b,container/cpu/usage_time,22.06,%,19.85,721211488,1024000000,23659,27041,0,custom,staging,0.1,
2026-03-24T08:47:00+00:00,custom-sim,gke_container,container-9223,europe-west1-b,container/cpu/usage_time,25.15,%,85.79,602744194,1024000000,20576,89706,0,custom,staging,0.1,
2026-03-24T08:48:00+00:00,custom-sim,gke_container,container-1259,europe-west1-b,container/cpu/usage_time,12.25,%,37.9,445985233,1024000000,22710,93074,0,custom,staging,0.1,
2026-03-24T08:49:00+00:00,custom-sim,gke_container,container-8903,europe-west1-b,container/cpu/usage_time,23.07,%,8.65,701187996,1024000000,95632,25728,0,custom,staging,0.1,
2026-03-24T08:50:00+00:00,custom-sim,gke_container,container-9162,europe-west1-b,container/cpu/usage_time,15.66,%,26.29,296401971,1024000000,90389,19660,0,custom,staging,0.1,
2026-03-24T08:51:00+00:00,custom-sim,gke_container,container-6175,europe-west1-b,container/cpu/usage_time,13.34,%,75.53,499136086,1024000000,55336,69518,0,custom,staging,0.1,
2026-03-24T08:52:00+00:00,custom-sim,gke_container,container-5336,europe-west1-b,container/cpu/usage_time,17.2,%,38.22,153992271,1024000000,16423,69046,0,custom,staging,0.1,
2026-03-24T08:53:00+00:00,custom-sim,gke_container,container-4742,europe-west1-b,container/cpu/usage_time,28.35,%,47.66,642451640,1024000000,87010,24475,0,custom,staging,0.1,
2026-03-24T08:54:00+00:00,custom-sim,gke_container,container-6941,europe-west1-b,container/cpu/usage_time,14.17,%,79.15,403347536,1024000000,92036,93512,0,custom,staging,0.1,
2026-03-24T08:55:00+00:00,custom-sim,gke_container,container-1968,europe-west1-b,container/cpu/usage_time,17.44,%,85.61,715588671,1024000000,28374,78259,0,custom,staging,0.1,
2026-03-24T08:56:00+00:00,custom-sim,gke_container,container-3126,europe-west1-b,container/cpu/usage_time,12.72,%,57.48,158503897,1024000000,31559,17305,0,custom,staging,0.1,
2026-03-24T08:57:00+00:00,custom-sim,gke_container,container-3948,europe-west1-b,container/cpu/usage_time,27.12,%,79.3,327114826,1024000000,96855,71036,0,custom,staging,0.1,
2026-03-24T08:58:00+00:00,custom-sim,gke_container,container-6805,europe-west1-b,container/cpu/usage_time,14.33,%,60.79,265300219,1024000000,22955,92756,0,custom,staging,0.1,
2026-03-24T08:59:00+00:00,custom-sim,gke_container,container-4802,europe-west1-b,container/cpu/usage_time,13.82,%,3.95,765795683,1024000000,6046,67039,0,custom,staging,0.1,
2026-03-24T09:00:00+00:00,custom-sim,gke_container,container-8228,europe-west1-b,container/cpu/usage_time,20.14,%,73.42,604042153,1024000000,72394,15053,0,custom,staging,0.1,
2026-03-24T09:01:00+00:00,custom-sim,gke_container,container-8167,europe-west1-b,container/cpu/usage_time,29.79,%,63.27,423458077,1024000000,16139,27702,0,custom,staging,0.1,
2026-03-24T09:02:00+00:00,custom-sim,gke_container,container-2880,europe-west1-b,container/cpu/usage_time,17.72,%,37.26,359627892,1024000000,28909,22630,0,custom,staging,0.1,
2026-03-24T09:03:00+00:00,custom-sim,gke_container,container-6341,europe-west1-b,container/cpu/usage_time,26.58,%,87.01,255520777,1024000000,44473,27924,0,custom,staging,0.1,
2026-03-24T09:04:00+00:00,custom-sim,gke_container,container-8731,europe-west1-b,container/cpu/usage_time,16.86,%,75.52,353045725,1024000000,75104,87728,0,custom,staging,0.1,
2026-03-24T09:05:00+00:00,custom-sim,gke_container,container-6995,europe-west1-b,container/cpu/usage_time,20.04,%,86.99,229071539,1024000000,36154,9392,0,custom,staging,0.1,
2026-03-24T09:06:00+00:00,custom-sim,gke_container,container-9551,europe-west1-b,container/cpu/usage_time,22.28,%,79.48,653629238,1024000000,34935,17951,0,custom,staging,0.1,
2026-03-24T09:07:00+00:00,custom-sim,gke_container,container-1639,europe-west1-b,container/cpu/usage_time,13.09,%,47.51,211052843,1024000000,55960,27793,0,custom,staging,0.1,
2026-03-24T09:08:00+00:00,custom-sim,gke_container,container-9915,europe-west1-b,container/cpu/usage_time,10.96,%,16.15,545428485,1024000000,97959,2174,0,custom,staging,0.1,
2026-03-24T09:09:00+00:00,custom-sim,gke_container,container-9169,europe-west1-b,container/cpu/usage_time,24.41,%,15.04,159912522,1024000000,24672,12788,0,custom,staging,0.1,
2026-03-24T09:10:00+00:00,custom-sim,gke_container,container-1504,europe-west1-b,container/cpu/usage_time,24.93,%,68.24,639649781,1024000000,33150,8753,0,custom,staging,0.1,
2026-03-24T09:11:00+00:00,custom-sim,gke_container,container-7856,europe-west1-b,container/cpu/usage_time,10.89,%,60.71,675054118,1024000000,74046,50673,0,custom,staging,0.1,
2026-03-24T09:12:00+00:00,custom-sim,gke_container,container-1851,europe-west1-b,container/cpu/usage_time,18.46,%,53.57,594279163,1024000000,42524,29637,0,custom,staging,0.1,
2026-03-24T09:13:00+00:00,custom-sim,gke_container,container-1008,europe-west1-b,container/cpu/usage_time,23.77,%,34.31,650151925,1024000000,70426,94529,0,custom,staging,0.1,
2026-03-24T09:14:00+00:00,custom-sim,gke_container,container-3566,europe-west1-b,container/cpu/usage_time,14.92,%,46.5,776318074,1024000000,95693,6340,0,custom,staging,0.1,
2026-03-24T09:15:00+00:00,custom-sim,gke_container,container-9982,europe-west1-b,container/cpu/usage_time,23.73,%,86.85,528820674,1024000000,23335,43045,0,custom,staging,0.1,
2026-03-24T09:16:00+00:00,custom-sim,gke_container,container-8985,europe-west1-b,container/cpu/usage_time,19.84,%,65.86,434943001,1024000000,57723,16407,0,custom,staging,0.1,
2026-03-24T09:17:00+00:00,custom-sim,gke_container,container-2046,europe-west1-b,container/cpu/usage_time,26.93,%,49.98,487800490,1024000000,18586,29226,0,custom,staging,0.1,
2026-03-24T09:18:00+00:00,custom-sim,gke_container,container-3146,europe-west1-b,container/cpu/usage_time,19.85,%,29.56,468886138,1024000000,46939,38539,0,custom,staging,0.1,
2026-03-24T09:19:00+00:00,custom-sim,gke_container,container-1520,europe-west1-b,container/cpu/usage_time,27.32,%,7.13,327317915,1024000000,60206,94353,0,custom,staging,0.1,
2026-03-24T09:20:00+00:00,custom-sim,gke_container,container-6311,europe-west1-b,container/cpu/usage_time,10.66,%,27.02,204874414,1024000000,49033,93465,0,custom,staging,0.1,
2026-03-24T09:21:00+00:00,custom-sim,gke_container,container-3445,europe-west1-b,container/cpu/usage_time,17.27,%,71.12,489099274,1024000000,1499,60017,0,custom,staging,0.1,
2026-03-24T09:22:00+00:00,custom-sim,gke_container,container-1414,europe-west1-b,container/cpu/usage_time,18.07,%,59.6,766597756,1024000000,63504,67241,0,custom,staging,0.1,
2026-03-24T09:23:00+00:00,custom-sim,gke_container,container-4896,europe-west1-b,container/cpu/usage_time,28.41,%,2.68,487565891,1024000000,38392,62740,0,custom,staging,0.1,
2026-03-24T09:24:00+00:00,custom-sim,gke_container,container-1294,europe-west1-b,container/cpu/usage_time,13.24,%,49.45,616975492,1024000000,84586,35326,0,custom,staging,0.1,
2026-03-24T09:25:00+00:00,custom-sim,gke_container,container-6789,europe-west1-b,container/cpu/usage_time,10.2,%,10.77,143378104,1024000000,63260,88378,0,custom,staging,0.1,
2026-03-24T09:26:00+00:00,custom-sim,gke_container,container-1288,europe-west1-b,container/cpu/usage_time,10.36,%,44.52,329162866,1024000000,16744,51890,0,custom,staging,0.1,
2026-03-24T09:27:00+00:00,custom-sim,gke_container,container-3539,europe-west1-b,container/cpu/usage_time,28.67,%,89.45,569187684,1024000000,72736,79415,0,custom,staging,0.1,
2026-03-24T09:28:00+00:00,custom-sim,gke_container,container-4922,europe-west1-b,container/cpu/usage_time,26.74,%,86.51,650779731,1024000000,79258,96726,0,custom,staging,0.1,
2026-03-24T09:29:00+00:00,custom-sim,gke_container,container-8474,europe-west1-b,container/cpu/usage_time,28.85,%,27.64,146432534,1024000000,41179,56198,0,custom,staging,0.1,
2026-03-24T09:30:00+00:00,custom-sim,gke_container,container-5865,europe-west1-b,container/cpu/usage_time,11.89,%,39.15,408479819,1024000000,37697,65858,0,custom,staging,0.1,
2026-03-24T09:31:00+00:00,custom-sim,gke_container,container-8911,europe-west1-b,container/cpu/usage_time,12.89,%,60.41,335646931,1024000000,13567,30326,0,custom,staging,0.1,
2026-03-24T09:32:00+00:00,custom-sim,gke_container,container-2280,europe-west1-b,container/cpu/usage_time,23.77,%,80.27,459406930,1024000000,34720,46562,0,custom,staging,0.1,
2026-03-24T09:33:00+00:00,custom-sim,gke_container,container-2520,europe-west1-b,container/cpu/usage_time,28.35,%,48.22,542341498,1024000000,87366,17621,0,custom,staging,0.1,
2026-03-24T09:34:00+00:00,custom-sim,gke_container,container-7878,europe-west1-b,container/cpu/usage_time,23.43,%,48.61,449870860,1024000000,81255,50488,0,custom,staging,0.1,
2026-03-24T09:35:00+00:00,custom-sim,gke_container,container-2419,europe-west1-b,container/cpu/usage_time,13.04,%,43.93,373221328,1024000000,65664,9355,0,custom,staging,0.1,
2026-03-24T09:36:00+00:00,custom-sim,gke_container,container-4484,europe-west1-b,container/cpu/usage_time,29.3,%,74.96,399129202,1024000000,28795,28385,0,custom,staging,0.1,
2026-03-24T09:37:00+00:00,custom-sim,gke_container,container-2114,europe-west1-b,container/cpu/usage_time,18.9,%,35.2,555752722,1024000000,76309,22361,0,custom,staging,0.1,
2026-03-24T09:38:00+00:00,custom-sim,gke_container,container-5376,europe-west1-b,container/cpu/usage_time,29.17,%,60.83,674010135,1024000000,39696,45547,0,custom,staging,0.1,
2026-03-24T09:39:00+00:00,custom-sim,gke_container,container-7882,europe-west1-b,container/cpu/usage_time,14.47,%,84.78,106348207,1024000000,54485,7877,0,custom,staging,0.1,
2026-03-24T09:40:00+00:00,custom-sim,gke_container,container-6330,europe-west1-b,container/cpu/usage_time,19.62,%,47.86,126682992,1024000000,31116,45997,0,custom,staging,0.1,
2026-03-24T09:41:00+00:00,custom-sim,gke_container,container-8277,europe-west1-b,container/cpu/usage_time,13.22,%,76.36,324528427,1024000000,80404,28165,0,custom,staging,0.1,
2026-03-24T09:42:00+00:00,custom-sim,gke_container,container-7329,europe-west1-b,container/cpu/usage_time,19.95,%,3.43,648423690,1024000000,39419,93670,0,custom,staging,0.1,
2026-03-24T09:43:00+00:00,custom-sim,gke_container,container-9800,europe-west1-b,container/cpu/usage_time,18.45,%,5.45,717997443,1024000000,23102,65272,0,custom,staging,0.1,
2026-03-24T09:44:00+00:00,custom-sim,gke_container,container-9007,europe-west1-b,container/cpu/usage_time,14.13,%,17.47,675466718,1024000000,95176,1220,0,custom,staging,0.1,
2026-03-24T09:45:00+00:00,custom-sim,gke_container,container-9356,europe-west1-b,container/cpu/usage_time,26.5,%,52.24,217188174,1024000000,68971,12130,0,custom,staging,0.1,
2026-03-24T09:46:00+00:00,custom-sim,gke_container,container-3638,europe-west1-b,container/cpu/usage_time,10.53,%,54.79,117242079,1024000000,24691,29454,0,custom,staging,0.1,
2026-03-24T09:47:00+00:00,custom-sim,gke_container,container-7818,europe-west1-b,container/cpu/usage_time,19.8,%,40.61,790412428,1024000000,19767,63188,0,custom,staging,0.1,
2026-03-24T09:48:00+00:00,custom-sim,gke_container,container-1682,europe-west1-b,container/cpu/usage_time,25.33,%,42.69,235712562,1024000000,72706,49436,0,custom,staging,0.1,
2026-03-24T09:49:00+00:00,custom-sim,gke_container,container-1569,europe-west1-b,container/cpu/usage_time,29.36,%,11.46,128231056,1024000000,9014,83035,0,custom,staging,0.1,
2026-03-24T09:50:00+00:00,custom-sim,gke_container,container-7400,europe-west1-b,container/cpu/usage_time,22.63,%,82.56,452269159,1024000000,75778,54680,0,custom,staging,0.1,
2026-03-24T09:51:00+00:00,custom-sim,gke_container,container-2275,europe-west1-b,container/cpu/usage_time,23.12,%,51.31,424687388,1024000000,16991,20923,0,custom,staging,0.1,
2026-03-24T09:52:00+00:00,custom-sim,gke_container,container-8398,europe-west1-b,container/cpu/usage_time,15.84,%,41.07,272280247,1024000000,86190,35572,0,custom,staging,0.1,
2026-03-24T09:53:00+00:00,custom-sim,gke_container,container-4375,europe-west1-b,container/cpu/usage_time,24.72,%,15.04,428024824,1024000000,19953,82899,0,custom,staging,0.1,
2026-03-24T09:54:00+00:00,custom-sim,gke_container,container-8666,europe-west1-b,container/cpu/usage_time,25.91,%,71.15,619943044,1024000000,25368,48786,0,custom,staging,0.1,
2026-03-24T09:55:00+00:00,custom-sim,gke_container,container-8368,europe-west1-b,container/cpu/usage_time,16.38,%,19.85,632688348,1024000000,33539,38327,0,custom,staging,0.1,
2026-03-24T09:56:00+00:00,custom-sim,gke_container,container-5074,europe-west1-b,container/cpu/usage_time,18.77,%,71.71,602370251,1024000000,90344,7628,0,custom,staging,0.1,
2026-03-24T09:57:00+00:00,custom-sim,gke_container,container-3675,europe-west1-b,container/cpu/usage_time,29.86,%,67.78,577488163,1024000000,55203,59970,0,custom,staging,0.1,
2026-03-24T09:58:00+00:00,custom-sim,gke_container,container-9008,europe-west1-b,container/cpu/usage_time,21.33,%,54.13,117393146,1024000000,58251,37286,0,custom,staging,0.1,
2026-03-24T09:59:00+00:00,custom-sim,gke_container,container-1980,europe-west1-b,container/cpu/usage_time,27.33,%,11.81,758216410,1024000000,58604,45188,0,custom,staging,0.1,
2026-03-24T10:00:00+00:00,custom-sim,gke_container,container-7168,europe-west1-b,container/cpu/usage_time,10.42,%,41.51,103833020,1024000000,88150,97210,0,custom,staging,0.1,
2026-03-24T10:01:00+00:00,custom-sim,gke_container,container-2718,europe-west1-b,container/cpu/usage_time,24.3,%,18.04,121156679,1024000000,73837,37508,0,custom,staging,0.1,
2026-03-24T10:02:00+00:00,custom-sim,gke_container,container-6202,europe-west1-b,container/cpu/usage_time,14.22,%,41.8,266878365,1024000000,68853,81126,0,custom,staging,0.1,
2026-03-24T10:03:00+00:00,custom-sim,gke_container,container-7807,europe-west1-b,container/cpu/usage_time,24.07,%,14.16,475423372,1024000000,79532,94953,0,custom,staging,0.1,
2026-03-24T10:04:00+00:00,custom-sim,gke_container,container-5973,europe-west1-b,container/cpu/usage_time,13.74,%,79.78,285122502,1024000000,60409,77632,0,custom,staging,0.1,
2026-03-24T10:05:00+00:00,custom-sim,gke_container,container-5684,europe-west1-b,container/cpu/usage_time,27.18,%,41.97,197259418,1024000000,12622,30846,0,custom,staging,0.1,
2026-03-24T10:06:00+00:00,custom-sim,gke_container,container-2296,europe-west1-b,container/cpu/usage_time,16.01,%,53.28,782589428,1024000000,93850,52835,0,custom,staging,0.1,
2026-03-24T10:07:00+00:00,custom-sim,gke_container,container-4860,europe-west1-b,container/cpu/usage_time,18.79,%,86.43,795851218,1024000000,96783,78842,0,custom,staging,0.1,
2026-03-24T10:08:00+00:00,custom-sim,gke_container,container-9859,europe-west1-b,container/cpu/usage_time,22.33,%,16.26,448379826,1024000000,98338,41178,0,custom,staging,0.1,
2026-03-24T10:09:00+00:00,custom-sim,gke_container,container-9373,europe-west1-b,container/cpu/usage_time,13.66,%,47.33,624013894,1024000000,4192,26391,0,custom,staging,0.1,
2026-03-24T10:10:00+00:00,custom-sim,gke_container,container-9283,europe-west1-b,container/cpu/usage_time,17.18,%,18.78,447522577,1024000000,31785,85293,0,custom,staging,0.1,
2026-03-24T10:11:00+00:00,custom-sim,gke_container,container-6296,europe-west1-b,container/cpu/usage_time,15.51,%,47.07,276747658,1024000000,43450,67954,0,custom,staging,0.1,
2026-03-24T10:12:00+00:00,custom-sim,gke_container,container-5895,europe-west1-b,container/cpu/usage_time,26.36,%,27.94,599391409,1024000000,23533,79116,0,custom,staging,0.1,
2026-03-24T10:13:00+00:00,custom-sim,gke_container,container-1040,europe-west1-b,container/cpu/usage_time,21.07,%,89.76,287129754,1024000000,57414,93346,0,custom,staging,0.1,
2026-03-24T10:14:00+00:00,custom-sim,gke_container,container-3735,europe-west1-b,container/cpu/usage_time,26.0,%,72.62,697487929,1024000000,13302,51393,0,custom,staging,0.1,
2026-03-24T10:15:00+00:00,custom-sim,gke_container,container-4253,europe-west1-b,container/cpu/usage_time,19.41,%,5.84,782117003,1024000000,18743,3463,0,custom,staging,0.1,
2026-03-24T10:16:00+00:00,custom-sim,gke_container,container-4109,europe-west1-b,container/cpu/usage_time,26.13,%,77.55,509609766,1024000000,21875,34372,0,custom,staging,0.1,
2026-03-24T10:17:00+00:00,custom-sim,gke_container,container-4069,europe-west1-b,container/cpu/usage_time,10.52,%,43.3,358498901,1024000000,60057,64053,0,custom,staging,0.1,
2026-03-24T10:18:00+00:00,custom-sim,gke_container,container-1613,europe-west1-b,container/cpu/usage_time,21.79,%,33.94,115328752,1024000000,84222,6302,0,custom,staging,0.1,
2026-03-24T10:19:00+00:00,custom-sim,gke_container,container-3299,europe-west1-b,container/cpu/usage_time,17.1,%,34.49,338144438,1024000000,90036,88425,0,custom,staging,0.1,
2026-03-24T10:20:00+00:00,custom-sim,gke_container,container-9697,europe-west1-b,container/cpu/usage_time,24.31,%,51.01,469189011,1024000000,63456,77220,0,custom,staging,0.1,
2026-03-24T10:21:00+00:00,custom-sim,gke_container,container-2361,europe-west1-b,container/cpu/usage_time,12.77,%,16.39,215125792,1024000000,20008,88242,0,custom,staging,0.1,
2026-03-24T10:22:00+00:00,custom-sim,gke_container,container-8038,europe-west1-b,container/cpu/usage_time,18.63,%,3.84,737803267,1024000000,30908,40519,0,custom,staging,0.1,
2026-03-24T10:23:00+00:00,custom-sim,gke_container,container-8290,europe-west1-b,container/cpu/usage_time,29.06,%,70.53,756878376,1024000000,37024,37704,0,custom,staging,0.1,
2026-03-24T10:24:00+00:00,custom-sim,gke_container,container-5046,europe-west1-b,container/cpu/usage_time,18.02,%,68.04,673550528,1024000000,31116,63273,0,custom,staging,0.1,
2026-03-24T10:25:00+00:00,custom-sim,gke_container,container-7085,europe-west1-b,container/cpu/usage_time,13.03,%,30.27,206638500,1024000000,29284,28060,0,custom,staging,0.1,
2026-03-24T10:26:00+00:00,custom-sim,gke_container,container-3931,europe-west1-b,container/cpu/usage_time,11.95,%,20.74,788909918,1024000000,91697,77633,0,custom,staging,0.1,
2026-03-24T10:27:00+00:00,custom-sim,gke_container,container-4766,europe-west1-b,container/cpu/usage_time,14.12,%,62.49,718199620,1024000000,21033,62279,0,custom,staging,0.1,
2026-03-24T10:28:00+00:00,custom-sim,gke_container,container-9210,europe-west1-b,container/cpu/usage_time,19.25,%,28.64,694826407,1024000000,67379,6430,0,custom,staging,0.1,
2026-03-24T10:29:00+00:00,custom-sim,gke_container,container-5770,europe-west1-b,container/cpu/usage_time,10.57,%,46.65,259586631,1024000000,93510,32052,0,custom,staging,0.1,
2026-03-24T10:30:00+00:00,custom-sim,gke_container,container-1739,europe-west1-b,container/cpu/usage_time,26.35,%,24.15,399205948,1024000000,46082,24549,0,custom,staging,0.1,
2026-03-24T10:31:00+00:00,custom-sim,gke_container,container-7602,europe-west1-b,container/cpu/usage_time,28.82,%,71.83,529803353,1024000000,19565,33966,0,custom,staging,0.1,
2026-03-24T10:32:00+00:00,custom-sim,gke_container,container-6071,europe-west1-b,container/cpu/usage_time,24.97,%,73.66,436207752,1024000000,13183,62987,0,custom,staging,0.1,
2026-03-24T10:33:00+00:00,custom-sim,gke_container,container-8489,europe-west1-b,container/cpu/usage_time,10.22,%,27.7,746971823,1024000000,13731,95259,0,custom,staging,0.1,
2026-03-24T10:34:00+00:00,custom-sim,gke_container,container-4845,europe-west1-b,container/cpu/usage_time,16.14,%,52.97,657481588,1024000000,4314,81206,0,custom,staging,0.1,
2026-03-24T10:35:00+00:00,custom-sim,gke_container,container-8376,europe-west1-b,container/cpu/usage_time,12.35,%,88.25,429770301,1024000000,53838,68124,0,custom,staging,0.1,
2026-03-24T10:36:00+00:00,custom-sim,gke_container,container-6502,europe-west1-b,container/cpu/usage_time,21.01,%,64.79,568546651,1024000000,73494,68503,0,custom,staging,0.1,
2026-03-24T10:37:00+00:00,custom-sim,gke_container,container-5663,europe-west1-b,container/cpu/usage_time,21.73,%,48.74,223168914,1024000000,32613,89097,0,custom,staging,0.1,
2026-03-24T10:38:00+00:00,custom-sim,gke_container,container-7039,europe-west1-b,container/cpu/usage_time,20.74,%,82.99,606975431,1024000000,73675,39131,0,custom,staging,0.1,
2026-03-24T10:39:00+00:00,custom-sim,gke_container,container-3891,europe-west1-b,container/cpu/usage_time,25.3,%,25.9,339619536,1024000000,31077,62464,0,custom,staging,0.1,
2026-03-24T10:40:00+00:00,custom-sim,gke_container,container-7185,europe-west1-b,container/cpu/usage_time,29.14,%,20.99,385083685,1024000000,38708,66776,0,custom,staging,0.1,
2026-03-24T10:41:00+00:00,custom-sim,gke_container,container-6905,europe-west1-b,container/cpu/usage_time,26.76,%,25.28,330006326,1024000000,32603,17724,0,custom,staging,0.1,
2026-03-24T10:42:00+00:00,custom-sim,gke_container,container-7148,europe-west1-b,container/cpu/usage_time,24.28,%,71.44,692850041,1024000000,19002,4406,0,custom,staging,0.1,
2026-03-24T10:43:00+00:00,custom-sim,gke_container,container-9865,europe-west1-b,container/cpu/usage_time,10.43,%,19.17,701385889,1024000000,86321,95785,0,custom,staging,0.1,
2026-03-24T10:44:00+00:00,custom-sim,gke_container,container-9122,europe-west1-b,container/cpu/usage_time,15.47,%,43.04,385810609,1024000000,52755,10735,0,custom,staging,0.1,
2026-03-24T10:45:00+00:00,custom-sim,gke_container,container-7150,europe-west1-b,container/cpu/usage_time,14.34,%,5.37,775010322,1024000000,25171,71245,0,custom,staging,0.1,
2026-03-24T10:46:00+00:00,custom-sim,gke_container,container-2962,europe-west1-b,container/cpu/usage_time,27.66,%,83.54,648498457,1024000000,78970,13765,0,custom,staging,0.1,
2026-03-24T10:47:00+00:00,custom-sim,gke_container,container-8015,europe-west1-b,container/cpu/usage_time,28.46,%,57.39,465556916,1024000000,25055,19186,0,custom,staging,0.1,
2026-03-24T10:48:00+00:00,custom-sim,gke_container,container-4024,europe-west1-b,container/cpu/usage_time,15.85,%,86.97,790634515,1024000000,14799,3294,0,custom,staging,0.1,
2026-03-24T10:49:00+00:00,custom-sim,gke_container,container-6288,europe-west1-b,container/cpu/usage_time,13.31,%,89.36,302324402,1024000000,99891,28073,0,custom,staging,0.1,
2026-03-24T10:50:00+00:00,custom-sim,gke_container,container-9925,europe-west1-b,container/cpu/usage_time,12.18,%,28.89,154609779,1024000000,72178,19312,0,custom,staging,0.1,
2026-03-24T10:51:00+00:00,custom-sim,gke_container,container-3543,europe-west1-b,container/cpu/usage_time,23.02,%,84.75,376353282,1024000000,3781,78539,0,custom,staging,0.1,
2026-03-24T10:52:00+00:00,custom-sim,gke_container,container-1616,europe-west1-b,container/cpu/usage_time,10.46,%,72.76,142574840,1024000000,78777,61594,0,custom,staging,0.1,
2026-03-24T10:53:00+00:00,custom-sim,gke_container,container-5580,europe-west1-b,container/cpu/usage_time,14.81,%,82.09,263582815,1024000000,11312,25818,0,custom,staging,0.1,
2026-03-24T10:54:00+00:00,custom-sim,gke_container,container-5114,europe-west1-b,container/cpu/usage_time,27.84,%,12.99,115484089,1024000000,84765,97883,0,custom,staging,0.1,
2026-03-24T10:55:00+00:00,custom-sim,gke_container,container-1727,europe-west1-b,container/cpu/usage_time,14.63,%,41.58,194187165,1024000000,65858,51586,0,custom,staging,0.1,
2026-03-24T10:56:00+00:00,custom-sim,gke_container,container-8395,europe-west1-b,container/cpu/usage_time,27.5,%,89.36,770566757,1024000000,42652,25705,0,custom,staging,0.1,
2026-03-24T10:57:00+00:00,custom-sim,gke_container,container-7929,europe-west1-b,container/cpu/usage_time,12.66,%,18.99,702245498,1024000000,42028,94942,0,custom,staging,0.1,
2026-03-24T10:58:00+00:00,custom-sim,gke_container,container-2403,europe-west1-b,container/cpu/usage_time,26.77,%,22.59,213891957,1024000000,38733,16685,0,custom,staging,0.1,
2026-03-24T10:59:00+00:00,custom-sim,gke_container,container-6441,europe-west1-b,container/cpu/usage_time,23.82,%,34.7,334382732,1024000000,84603,14694,0,custom,staging,0.1,
2026-03-24T11:00:00+00:00,custom-sim,gke_container,container-3633,europe-west1-b,container/cpu/usage_time,17.37,%,1.49,569989010,1024000000,61144,86448,0,custom,staging,0.1,
2026-03-24T11:01:00+00:00,custom-sim,gke_container,container-9922,europe-west1-b,container/cpu/usage_time,21.75,%,33.98,561380306,1024000000,79354,66809,0,custom,staging,0.1,
2026-03-24T11:02:00+00:00,custom-sim,gke_container,container-8029,europe-west1-b,container/cpu/usage_time,12.04,%,57.18,502497110,1024000000,45273,1786,0,custom,staging,0.1,
2026-03-24T11:03:00+00:00,custom-sim,gke_container,container-9960,europe-west1-b,container/cpu/usage_time,24.02,%,79.07,606622571,1024000000,61328,32245,0,custom,staging,0.1,
2026-03-24T11:04:00+00:00,custom-sim,gke_container,container-2484,europe-west1-b,container/cpu/usage_time,20.2,%,88.0,693519320,1024000000,35862,15044,0,custom,staging,0.1,
2026-03-24T11:05:00+00:00,custom-sim,gke_container,container-6675,europe-west1-b,container/cpu/usage_time,22.51,%,67.71,626255318,1024000000,47520,97472,0,custom,staging,0.1,
2026-03-24T11:06:00+00:00,custom-sim,gke_container,container-1495,europe-west1-b,container/cpu/usage_time,25.25,%,58.71,301558729,1024000000,76245,43467,0,custom,staging,0.1,
2026-03-24T11:07:00+00:00,custom-sim,gke_container,container-4071,europe-west1-b,container/cpu/usage_time,27.3,%,1.93,173479760,1024000000,4781,87324,0,custom,staging,0.1,
2026-03-24T11:08:00+00:00,custom-sim,gke_container,container-4176,europe-west1-b,container/cpu/usage_time,18.85,%,16.72,469473046,1024000000,74065,95806,0,custom,staging,0.1,
2026-03-24T11:09:00+00:00,custom-sim,gke_container,container-6218,europe-west1-b,container/cpu/usage_time,15.97,%,66.09,457148294,1024000000,85320,54902,0,custom,staging,0.1,
2026-03-24T11:10:00+00:00,custom-sim,gke_container,container-7652,europe-west1-b,container/cpu/usage_time,17.04,%,51.49,234159153,1024000000,38466,66877,0,custom,staging,0.1,
2026-03-24T11:11:00+00:00,custom-sim,gke_container,container-9180,europe-west1-b,container/cpu/usage_time,12.26,%,61.39,728721280,1024000000,8962,44389,0,custom,staging,0.1,
2026-03-24T11:12:00+00:00,custom-sim,gke_container,container-8014,europe-west1-b,container/cpu/usage_time,20.91,%,20.28,523950122,1024000000,53855,44511,0,custom,staging,0.1,
2026-03-24T11:13:00+00:00,custom-sim,gke_container,container-5364,europe-west1-b,container/cpu/usage_time,18.76,%,20.16,598961593,1024000000,81836,41414,0,custom,staging,0.1,
2026-03-24T11:14:00+00:00,custom-sim,gke_container,container-9552,europe-west1-b,container/cpu/usage_time,22.3,%,81.41,792512230,1024000000,11348,95046,0,custom,staging,0.1,
2026-03-24T11:15:00+00:00,custom-sim,gke_container,container-1568,europe-west1-b,container/cpu/usage_time,15.3,%,17.49,146329962,1024000000,27287,77150,0,custom,staging,0.1,
2026-03-24T11:16:00+00:00,custom-sim,gke_container,container-8292,europe-west1-b,container/cpu/usage_time,29.28,%,62.81,479948365,1024000000,68591,75035,0,custom,staging,0.1,
2026-03-24T11:17:00+00:00,custom-sim,gke_container,container-2372,europe-west1-b,container/cpu/usage_time,13.35,%,18.42,348210063,1024000000,59781,7434,0,custom,staging,0.1,
2026-03-24T11:18:00+00:00,custom-sim,gke_container,container-2585,europe-west1-b,container/cpu/usage_time,20.16,%,9.13,552290331,1024000000,27548,24246,0,custom,staging,0.1,
2026-03-24T11:19:00+00:00,custom-sim,gke_container,container-3786,europe-west1-b,container/cpu/usage_time,23.5,%,32.92,656846153,1024000000,68189,97282,0,custom,staging,0.1,
2026-03-24T11:20:00+00:00,custom-sim,gke_container,container-3958,europe-west1-b,container/cpu/usage_time,14.12,%,35.63,558685321,1024000000,13827,29802,0,custom,staging,0.1,
2026-03-24T11:21:00+00:00,custom-sim,gke_container,container-5266,europe-west1-b,container/cpu/usage_time,20.96,%,71.62,433361308,1024000000,35580,39458,0,custom,staging,0.1,
2026-03-24T11:22:00+00:00,custom-sim,gke_container,container-9707,europe-west1-b,container/cpu/usage_time,13.99,%,19.73,702014933,1024000000,33745,83058,0,custom,staging,0.1,
2026-03-24T11:23:00+00:00,custom-sim,gke_container,container-6548,europe-west1-b,container/cpu/usage_time,14.34,%,58.99,716561940,1024000000,50047,78130,0,custom,staging,0.1,
2026-03-24T11:24:00+00:00,custom-sim,gke_container,container-8144,europe-west1-b,container/cpu/usage_time,23.36,%,19.36,464646322,1024000000,93527,32540,0,custom,staging,0.1,
2026-03-24T11:25:00+00:00,custom-sim,gke_container,container-4440,europe-west1-b,container/cpu/usage_time,16.1,%,55.41,111840474,1024000000,44484,76289,0,custom,staging,0.1,
2026-03-24T11:26:00+00:00,custom-sim,gke_container,container-1881,europe-west1-b,container/cpu/usage_time,26.75,%,80.74,302295561,1024000000,26620,51498,0,custom,staging,0.1,
2026-03-24T11:27:00+00:00,custom-sim,gke_container,container-5554,europe-west1-b,container/cpu/usage_time,11.54,%,74.34,328748658,1024000000,41146,92597,0,custom,staging,0.1,
2026-03-24T11:28:00+00:00,custom-sim,gke_container,container-3929,europe-west1-b,container/cpu/usage_time,15.3,%,50.6,374398234,1024000000,54597,29328,0,custom,staging,0.1,
2026-03-24T11:29:00+00:00,custom-sim,gke_container,container-8107,europe-west1-b,container/cpu/usage_time,16.85,%,7.2,333212323,1024000000,43101,35483,0,custom,staging,0.1,
2026-03-24T11:30:00+00:00,custom-sim,gke_container,container-5464,europe-west1-b,container/cpu/usage_time,29.67,%,51.88,523576236,1024000000,48909,77043,0,custom,staging,0.1,
2026-03-24T11:31:00+00:00,custom-sim,gke_container,container-2276,europe-west1-b,container/cpu/usage_time,23.02,%,61.77,593158948,1024000000,67351,75348,0,custom,staging,0.1,
2026-03-24T11:32:00+00:00,custom-sim,gke_container,container-8801,europe-west1-b,container/cpu/usage_time,26.18,%,69.81,570804130,1024000000,97471,85172,0,custom,staging,0.1,
2026-03-24T11:33:00+00:00,custom-sim,gke_container,container-1683,europe-west1-b,container/cpu/usage_time,27.81,%,37.38,167291548,1024000000,52314,96996,0,custom,staging,0.1,
2026-03-24T11:34:00+00:00,custom-sim,gke_container,container-6643,europe-west1-b,container/cpu/usage_time,19.94,%,45.37,735071860,1024000000,15011,78561,0,custom,staging,0.1,
2026-03-24T11:35:00+00:00,custom-sim,gke_container,container-3842,europe-west1-b,container/cpu/usage_time,22.22,%,69.7,107463667,1024000000,56660,89965,0,custom,staging,0.1,
2026-03-24T11:36:00+00:00,custom-sim,gke_container,container-9900,europe-west1-b,container/cpu/usage_time,16.03,%,36.61,340988544,1024000000,33981,32814,0,custom,staging,0.1,
2026-03-24T11:37:00+00:00,custom-sim,gke_container,container-7085,europe-west1-b,container/cpu/usage_time,25.08,%,33.31,461641275,1024000000,71445,88462,0,custom,staging,0.1,
2026-03-24T11:38:00+00:00,custom-sim,gke_container,container-4828,europe-west1-b,container/cpu/usage_time,12.87,%,28.66,619604090,1024000000,9588,49105,0,custom,staging,0.1,
2026-03-24T11:39:00+00:00,custom-sim,gke_container,container-1807,europe-west1-b,container/cpu/usage_time,15.73,%,9.82,662031207,1024000000,5939,55045,0,custom,staging,0.1,
2026-03-24T11:40:00+00:00,custom-sim,gke_container,container-5817,europe-west1-b,container/cpu/usage_time,27.22,%,27.37,751390688,1024000000,8681,7548,0,custom,staging,0.1,
2026-03-24T11:41:00+00:00,custom-sim,gke_container,container-3639,europe-west1-b,container/cpu/usage_time,20.23,%,81.72,268483266,1024000000,35823,60063,0,custom,staging,0.1,
2026-03-24T11:42:00+00:00,custom-sim,gke_container,container-9205,europe-west1-b,container/cpu/usage_time,26.72,%,57.11,268071913,1024000000,41481,88360,0,custom,staging,0.1,
2026-03-24T11:43:00+00:00,custom-sim,gke_container,container-9463,europe-west1-b,container/cpu/usage_time,11.12,%,22.54,622775390,1024000000,26358,5620,0,custom,staging,0.1,
2026-03-24T11:44:00+00:00,custom-sim,gke_container,container-4842,europe-west1-b,container/cpu/usage_time,18.88,%,2.05,108443223,1024000000,82704,38053,0,custom,staging,0.1,
2026-03-24T11:45:00+00:00,custom-sim,gke_container,container-9501,europe-west1-b,container/cpu/usage_time,28.08,%,13.65,521455066,1024000000,41772,88297,0,custom,staging,0.1,
2026-03-24T11:46:00+00:00,custom-sim,gke_container,container-2685,europe-west1-b,container/cpu/usage_time,16.26,%,21.42,480511079,1024000000,35837,17245,0,custom,staging,0.1,
2026-03-24T11:47:00+00:00,custom-sim,gke_container,container-3583,europe-west1-b,container/cpu/usage_time,11.22,%,33.44,210296957,1024000000,95453,77927,0,custom,staging,0.1,
2026-03-24T11:48:00+00:00,custom-sim,gke_container,container-4502,europe-west1-b,container/cpu/usage_time,24.14,%,30.87,737703512,1024000000,41006,41200,0,custom,staging,0.1,
2026-03-24T11:49:00+00:00,custom-sim,gke_container,container-4965,europe-west1-b,container/cpu/usage_time,23.56,%,32.72,162174708,1024000000,58052,21839,0,custom,staging,0.1,
2026-03-24T11:50:00+00:00,custom-sim,gke_container,container-9868,europe-west1-b,container/cpu/usage_time,20.01,%,38.13,504500251,1024000000,67589,58479,0,custom,staging,0.1,
2026-03-24T11:51:00+00:00,custom-sim,gke_container,container-8931,europe-west1-b,container/cpu/usage_time,21.32,%,61.72,308138902,1024000000,20221,41132,0,custom,staging,0.1,
2026-03-24T11:52:00+00:00,custom-sim,gke_container,container-9370,europe-west1-b,container/cpu/usage_time,18.88,%,77.99,323281242,1024000000,19083,73888,0,custom,staging,0.1,
2026-03-24T11:53:00+00:00,custom-sim,gke_container,container-9094,europe-west1-b,container/cpu/usage_time,13.39,%,89.36,447491677,1024000000,86714,86797,0,custom,staging,0.1,
2026-03-24T11:54:00+00:00,custom-sim,gke_container,container-2713,europe-west1-b,container/cpu/usage_time,13.01,%,71.49,542630249,1024000000,68833,9892,0,custom,staging,0.1,
2026-03-24T11:55:00+00:00,custom-sim,gke_container,container-5207,europe-west1-b,container/cpu/usage_time,27.23,%,16.43,765223596,1024000000,71894,30798,0,custom,staging,0.1,
2026-03-24T11:56:00+00:00,custom-sim,gke_container,container-2525,europe-west1-b,container/cpu/usage_time,12.74,%,14.88,102152618,1024000000,85696,12829,0,custom,staging,0.1,
2026-03-24T11:57:00+00:00,custom-sim,gke_container,container-6117,europe-west1-b,container/cpu/usage_time,28.57,%,31.24,209224461,1024000000,22547,65874,0,custom,staging,0.1,
2026-03-24T11:58:00+00:00,custom-sim,gke_container,container-3044,europe-west1-b,container/cpu/usage_time,20.92,%,48.36,106240633,1024000000,61787,90780,0,custom,staging,0.1,
2026-03-24T11:59:00+00:00,custom-sim,gke_container,container-6564,europe-west1-b,container/cpu/usage_time,22.56,%,82.94,722620882,1024000000,21282,17292,0,custom,staging,0.1,
2026-03-24T12:00:00+00:00,custom-sim,gke_container,container-8335,europe-west1-b,container/cpu/usage_time,16.03,%,8.74,305068300,1024000000,67982,92334,0,custom,staging,0.1,
2026-03-24T12:01:00+00:00,custom-sim,gke_container,container-6369,europe-west1-b,container/cpu/usage_time,19.25,%,4.44,698452424,1024000000,68320,14650,0,custom,staging,0.1,
2026-03-24T12:02:00+00:00,custom-sim,gke_container,container-6829,europe-west1-b,container/cpu/usage_time,20.07,%,52.45,364728082,1024000000,82610,1508,0,custom,staging,0.1,
2026-03-24T12:03:00+00:00,custom-sim,gke_container,container-8606,europe-west1-b,container/cpu/usage_time,19.45,%,25.94,569439839,1024000000,12807,53944,0,custom,staging,0.1,
2026-03-24T12:04:00+00:00,custom-sim,gke_container,container-1024,europe-west1-b,container/cpu/usage_time,13.0,%,1.57,653434014,1024000000,72981,92630,0,custom,staging,0.1,
2026-03-24T12:05:00+00:00,custom-sim,gke_container,container-6084,europe-west1-b,container/cpu/usage_time,27.94,%,1.38,387362053,1024000000,2305,89256,0,custom,staging,0.1,
2026-03-24T12:06:00+00:00,custom-sim,gke_container,container-2888,europe-west1-b,container/cpu/usage_time,17.92,%,22.71,506218564,1024000000,19949,24500,0,custom,staging,0.1,
2026-03-24T12:07:00+00:00,custom-sim,gke_container,container-3604,europe-west1-b,container/cpu/usage_time,12.07,%,69.24,199198963,1024000000,23872,73283,0,custom,staging,0.1,
2026-03-24T12:08:00+00:00,custom-sim,gke_container,container-2689,europe-west1-b,container/cpu/usage_time,16.37,%,21.86,593987701,1024000000,42866,40882,0,custom,staging,0.1,
2026-03-24T12:09:00+00:00,custom-sim,gke_container,container-2215,europe-west1-b,container/cpu/usage_time,23.85,%,78.74,449415041,1024000000,83529,73610,0,custom,staging,0.1,
2026-03-24T12:10:00+00:00,custom-sim,gke_container,container-7138,europe-west1-b,container/cpu/usage_time,23.68,%,7.39,755831680,1024000000,32722,64063,0,custom,staging,0.1,
2026-03-24T12:11:00+00:00,custom-sim,gke_container,container-6203,europe-west1-b,container/cpu/usage_time,26.48,%,63.56,141706174,1024000000,75187,44823,0,custom,staging,0.1,
2026-03-24T12:12:00+00:00,custom-sim,gke_container,container-7951,europe-west1-b,container/cpu/usage_time,28.95,%,54.48,521684841,1024000000,97811,90869,0,custom,staging,0.1,
2026-03-24T12:13:00+00:00,custom-sim,gke_container,container-4076,europe-west1-b,container/cpu/usage_time,23.95,%,28.16,345461331,1024000000,50587,16329,0,custom,staging,0.1,
2026-03-24T12:14:00+00:00,custom-sim,gke_container,container-5501,europe-west1-b,container/cpu/usage_time,27.9,%,15.47,174640364,1024000000,56768,13729,0,custom,staging,0.1,
2026-03-24T12:15:00+00:00,custom-sim,gke_container,container-3645,europe-west1-b,container/cpu/usage_time,12.7,%,2.68,236489373,1024000000,87244,67417,0,custom,staging,0.1,
2026-03-24T12:16:00+00:00,custom-sim,gke_container,container-5053,europe-west1-b,container/cpu/usage_time,27.85,%,63.29,473235298,1024000000,4633,26763,0,custom,staging,0.1,
2026-03-24T12:17:00+00:00,custom-sim,gke_container,container-5838,europe-west1-b,container/cpu/usage_time,16.49,%,77.22,270740996,1024000000,26973,44094,0,custom,staging,0.1,
2026-03-24T12:18:00+00:00,custom-sim,gke_container,container-2335,europe-west1-b,container/cpu/usage_time,10.12,%,1.14,533606565,1024000000,37832,47919,0,custom,staging,0.1,
2026-03-24T12:19:00+00:00,custom-sim,gke_container,container-2567,europe-west1-b,container/cpu/usage_time,29.4,%,77.13,523898636,1024000000,34355,86263,0,custom,staging,0.1,
2026-03-24T12:20:00+00:00,custom-sim,gke_container,container-1736,europe-west1-b,container/cpu/usage_time,25.84,%,40.51,142174474,1024000000,28835,87968,0,custom,staging,0.1,
2026-03-24T12:21:00+00:00,custom-sim,gke_container,container-4270,europe-west1-b,container/cpu/usage_time,24.31,%,50.81,623887694,1024000000,53095,7599,0,custom,staging,0.1,
2026-03-24T12:22:00+00:00,custom-sim,gke_container,container-1524,europe-west1-b,container/cpu/usage_time,28.9,%,81.48,300097307,1024000000,57480,17780,0,custom,staging,0.1,
2026-03-24T12:23:00+00:00,custom-sim,gke_container,container-9609,europe-west1-b,container/cpu/usage_time,20.38,%,32.34,326340006,1024000000,62006,62369,0,custom,staging,0.1,
2026-03-24T12:24:00+00:00,custom-sim,gke_container,container-7148,europe-west1-b,container/cpu/usage_time,25.1,%,62.0,163899570,1024000000,89643,47115,0,custom,staging,0.1,
2026-03-24T12:25:00+00:00,custom-sim,gke_container,container-9794,europe-west1-b,container/cpu/usage_time,21.54,%,67.62,264686960,1024000000,37920,11681,0,custom,staging,0.1,
2026-03-24T12:26:00+00:00,custom-sim,gke_container,container-4092,europe-west1-b,container/cpu/usage_time,29.3,%,20.59,421794011,1024000000,62041,51509,0,custom,staging,0.1,
2026-03-24T12:27:00+00:00,custom-sim,gke_container,container-1795,europe-west1-b,container/cpu/usage_time,29.19,%,65.04,316339673,1024000000,80166,77115,0,custom,staging,0.1,
2026-03-24T12:28:00+00:00,custom-sim,gke_container,container-9427,europe-west1-b,container/cpu/usage_time,24.15,%,58.57,226046701,1024000000,32514,14385,0,custom,staging,0.1,
2026-03-24T12:29:00+00:00,custom-sim,gke_container,container-2659,europe-west1-b,container/cpu/usage_time,27.04,%,59.38,129030467,1024000000,46194,10579,0,custom,staging,0.1,
2026-03-24T12:30:00+00:00,custom-sim,gke_container,container-1794,europe-west1-b,container/cpu/usage_time,22.67,%,70.86,519538286,1024000000,72850,17169,0,custom,staging,0.1,
2026-03-24T12:31:00+00:00,custom-sim,gke_container,container-7097,europe-west1-b,container/cpu/usage_time,27.98,%,70.09,212837385,1024000000,26783,88021,0,custom,staging,0.1,
2026-03-24T12:32:00+00:00,custom-sim,gke_container,container-6843,europe-west1-b,container/cpu/usage_time,22.7,%,86.43,473653061,1024000000,93857,29471,0,custom,staging,0.1,
2026-03-24T12:33:00+00:00,custom-sim,gke_container,container-8802,europe-west1-b,container/cpu/usage_time,25.19,%,12.46,187033578,1024000000,58222,68415,0,custom,staging,0.1,
2026-03-24T12:34:00+00:00,custom-sim,gke_container,container-3904,europe-west1-b,container/cpu/usage_time,25.19,%,42.94,521125218,1024000000,67230,27619,0,custom,staging,0.1,
2026-03-24T12:35:00+00:00,custom-sim,gke_container,container-4096,europe-west1-b,container/cpu/usage_time,18.59,%,41.11,188743364,1024000000,13484,43373,0,custom,staging,0.1,
2026-03-24T12:36:00+00:00,custom-sim,gke_container,container-7049,europe-west1-b,container/cpu/usage_time,16.64,%,14.36,733229927,1024000000,60570,42544,0,custom,staging,0.1,
2026-03-24T12:37:00+00:00,custom-sim,gke_container,container-4456,europe-west1-b,container/cpu/usage_time,13.11,%,83.81,678852786,1024000000,70586,88834,0,custom,staging,0.1,
2026-03-24T12:38:00+00:00,custom-sim,gke_container,container-5413,europe-west1-b,container/cpu/usage_time,15.03,%,77.72,423327639,1024000000,46533,59793,0,custom,staging,0.1,
2026-03-24T12:39:00+00:00,custom-sim,gke_container,container-5288,europe-west1-b,container/cpu/usage_time,22.96,%,72.05,403158188,1024000000,22313,86723,0,custom,staging,0.1,
2026-03-24T12:40:00+00:00,custom-sim,gke_container,container-8833,europe-west1-b,container/cpu/usage_time,24.31,%,84.6,458412235,1024000000,46982,35916,0,custom,staging,0.1,
2026-03-24T12:41:00+00:00,custom-sim,gke_container,container-3850,europe-west1-b,container/cpu/usage_time,21.54,%,37.0,146361733,1024000000,37669,77841,0,custom,staging,0.1,
2026-03-24T12:42:00+00:00,custom-sim,gke_container,container-5899,europe-west1-b,container/cpu/usage_time,24.63,%,34.85,756244684,1024000000,38472,24924,0,custom,staging,0.1,
2026-03-24T12:43:00+00:00,custom-sim,gke_container,container-1527,europe-west1-b,container/cpu/usage_time,18.73,%,7.51,567673768,1024000000,63301,32002,0,custom,staging,0.1,
2026-03-24T12:44:00+00:00,custom-sim,gke_container,container-9812,europe-west1-b,container/cpu/usage_time,22.18,%,83.5,632674059,1024000000,36185,24686,0,custom,staging,0.1,
2026-03-24T12:45:00+00:00,custom-sim,gke_container,container-5459,europe-west1-b,container/cpu/usage_time,28.23,%,46.01,594161167,1024000000,50123,8987,0,custom,staging,0.1,
2026-03-24T12:46:00+00:00,custom-sim,gke_container,container-8575,europe-west1-b,container/cpu/usage_time,12.26,%,18.03,210256132,1024000000,80977,76060,0,custom,staging,0.1,
2026-03-24T12:47:00+00:00,custom-sim,gke_container,container-4598,europe-west1-b,container/cpu/usage_time,19.68,%,43.56,244726375,1024000000,94570,59730,0,custom,staging,0.1,
2026-03-24T12:48:00+00:00,custom-sim,gke_container,container-6999,europe-west1-b,container/cpu/usage_time,22.63,%,23.52,701350979,1024000000,91767,69273,0,custom,staging,0.1,
2026-03-24T12:49:00+00:00,custom-sim,gke_container,container-5357,europe-west1-b,container/cpu/usage_time,10.49,%,29.62,293175920,1024000000,78340,15021,0,custom,staging,0.1,
2026-03-24T12:50:00+00:00,custom-sim,gke_container,container-8028,europe-west1-b,container/cpu/usage_time,20.36,%,74.47,431042111,1024000000,93784,67189,0,custom,staging,0.1,
2026-03-24T12:51:00+00:00,custom-sim,gke_container,container-9461,europe-west1-b,container/cpu/usage_time,22.28,%,64.42,679761393,1024000000,10127,37391,0,custom,staging,0.1,
2026-03-24T12:52:00+00:00,custom-sim,gke_container,container-2373,europe-west1-b,container/cpu/usage_time,13.41,%,4.47,675602663,1024000000,70359,88884,0,custom,staging,0.1,
2026-03-24T12:53:00+00:00,custom-sim,gke_container,container-4528,europe-west1-b,container/cpu/usage_time,28.86,%,49.86,766713207,1024000000,76704,35684,0,custom,staging,0.1,
2026-03-24T12:54:00+00:00,custom-sim,gke_container,container-4082,europe-west1-b,container/cpu/usage_time,27.15,%,84.05,151938827,1024000000,38990,11380,0,custom,staging,0.1,
2026-03-24T12:55:00+00:00,custom-sim,gke_container,container-4750,europe-west1-b,container/cpu/usage_time,19.75,%,16.07,453141361,1024000000,61037,74297,0,custom,staging,0.1,
2026-03-24T12:56:00+00:00,custom-sim,gke_container,container-8729,europe-west1-b,container/cpu/usage_time,12.68,%,53.27,290014879,1024000000,88748,89599,0,custom,staging,0.1,
2026-03-24T12:57:00+00:00,custom-sim,gke_container,container-6609,europe-west1-b,container/cpu/usage_time,16.82,%,86.75,271359943,1024000000,80327,37856,0,custom,staging,0.1,
2026-03-24T12:58:00+00:00,custom-sim,gke_container,container-5999,europe-west1-b,container/cpu/usage_time,18.46,%,38.6,144454591,1024000000,50817,69467,0,custom,staging,0.1,
2026-03-24T12:59:00+00:00,custom-sim,gke_container,container-7614,europe-west1-b,container/cpu/usage_time,26.25,%,32.29,567759887,1024000000,49272,16727,0,custom,staging,0.1,
2026-03-24T13:00:00+00:00,custom-sim,gke_container,container-4981,europe-west1-b,container/cpu/usage_time,17.46,%,14.12,741219524,1024000000,82050,87691,0,custom,staging,0.1,
2026-03-24T13:01:00+00:00,custom-sim,gke_container,container-3978,europe-west1-b,container/cpu/usage_time,12.36,%,75.82,392942847,1024000000,51084,87608,0,custom,staging,0.1,
2026-03-24T13:02:00+00:00,custom-sim,gke_container,container-7938,europe-west1-b,container/cpu/usage_time,12.73,%,84.33,365667452,1024000000,82012,15097,0,custom,staging,0.1,
2026-03-24T13:03:00+00:00,custom-sim,gke_container,container-6420,europe-west1-b,container/cpu/usage_time,15.36,%,32.99,320921808,1024000000,13617,79873,0,custom,staging,0.1,
2026-03-24T13:04:00+00:00,custom-sim,gke_container,container-2677,europe-west1-b,container/cpu/usage_time,15.21,%,29.43,380398998,1024000000,67319,43996,0,custom,staging,0.1,
2026-03-24T13:05:00+00:00,custom-sim,gke_container,container-6148,europe-west1-b,container/cpu/usage_time,15.17,%,49.93,413983837,1024000000,86479,98090,0,custom,staging,0.1,
2026-03-24T13:06:00+00:00,custom-sim,gke_container,container-4781,europe-west1-b,container/cpu/usage_time,18.72,%,10.4,610123956,1024000000,34646,62185,0,custom,staging,0.1,
2026-03-24T13:07:00+00:00,custom-sim,gke_container,container-9220,europe-west1-b,container/cpu/usage_time,24.35,%,10.52,526505018,1024000000,92242,80053,0,custom,staging,0.1,
2026-03-24T13:08:00+00:00,custom-sim,gke_container,container-3572,europe-west1-b,container/cpu/usage_time,12.8,%,62.14,775147935,1024000000,14989,8732,0,custom,staging,0.1,
2026-03-24T13:09:00+00:00,custom-sim,gke_container,container-3358,europe-west1-b,container/cpu/usage_time,14.1,%,52.08,360534877,1024000000,12121,34971,0,custom,staging,0.1,
2026-03-24T13:10:00+00:00,custom-sim,gke_container,container-9306,europe-west1-b,container/cpu/usage_time,16.81,%,62.43,462555153,1024000000,93018,83622,0,custom,staging,0.1,
2026-03-24T13:11:00+00:00,custom-sim,gke_container,container-2906,europe-west1-b,container/cpu/usage_time,29.29,%,17.15,596190711,1024000000,83773,50968,0,custom,staging,0.1,
2026-03-24T13:12:00+00:00,custom-sim,gke_container,container-8170,europe-west1-b,container/cpu/usage_time,21.42,%,2.93,721742110,1024000000,77766,80891,0,custom,staging,0.1,
2026-03-24T13:13:00+00:00,custom-sim,gke_container,container-9714,europe-west1-b,container/cpu/usage_time,10.93,%,58.56,194071522,1024000000,89269,62067,0,custom,staging,0.1,
2026-03-24T13:14:00+00:00,custom-sim,gke_container,container-3901,europe-west1-b,container/cpu/usage_time,19.12,%,26.73,688284232,1024000000,81001,44856,0,custom,staging,0.1,
2026-03-24T13:15:00+00:00,custom-sim,gke_container,container-3951,europe-west1-b,container/cpu/usage_time,22.27,%,9.44,331176206,1024000000,94528,11117,0,custom,staging,0.1,
2026-03-24T13:16:00+00:00,custom-sim,gke_container,container-2422,europe-west1-b,container/cpu/usage_time,21.06,%,71.84,536793006,1024000000,32815,71462,0,custom,staging,0.1,
2026-03-24T13:17:00+00:00,custom-sim,gke_container,container-9225,europe-west1-b,container/cpu/usage_time,10.81,%,25.15,565508568,1024000000,78207,37049,0,custom,staging,0.1,
2026-03-24T13:18:00+00:00,custom-sim,gke_container,container-4191,europe-west1-b,container/cpu/usage_time,18.08,%,60.86,483005887,1024000000,98077,31163,0,custom,staging,0.1,
2026-03-24T13:19:00+00:00,custom-sim,gke_container,container-5321,europe-west1-b,container/cpu/usage_time,12.48,%,12.07,559432701,1024000000,30894,76749,0,custom,staging,0.1,
2026-03-24T13:20:00+00:00,custom-sim,gke_container,container-9030,europe-west1-b,container/cpu/usage_time,10.24,%,25.7,201020619,1024000000,23701,17024,0,custom,staging,0.1,
2026-03-24T13:21:00+00:00,custom-sim,gke_container,container-6044,europe-west1-b,container/cpu/usage_time,29.29,%,23.29,663855253,1024000000,96808,34423,0,custom,staging,0.1,
2026-03-24T13:22:00+00:00,custom-sim,gke_container,container-7731,europe-west1-b,container/cpu/usage_time,12.76,%,2.98,733780391,1024000000,96490,41304,0,custom,staging,0.1,
2026-03-24T13:23:00+00:00,custom-sim,gke_container,container-7408,europe-west1-b,container/cpu/usage_time,16.3,%,69.95,387902289,1024000000,47787,3781,0,custom,staging,0.1,
2026-03-24T13:24:00+00:00,custom-sim,gke_container,container-2979,europe-west1-b,container/cpu/usage_time,12.86,%,41.27,329727452,1024000000,10933,60294,0,custom,staging,0.1,
2026-03-24T13:25:00+00:00,custom-sim,gke_container,container-2091,europe-west1-b,container/cpu/usage_time,23.7,%,87.54,521288607,1024000000,36853,82241,0,custom,staging,0.1,
2026-03-24T13:26:00+00:00,custom-sim,gke_container,container-4089,europe-west1-b,container/cpu/usage_time,21.92,%,83.48,682708279,1024000000,84892,86463,0,custom,staging,0.1,
2026-03-24T13:27:00+00:00,custom-sim,gke_container,container-7343,europe-west1-b,container/cpu/usage_time,27.95,%,15.29,231506594,1024000000,13674,73686,0,custom,staging,0.1,
2026-03-24T13:28:00+00:00,custom-sim,gke_container,container-6001,europe-west1-b,container/cpu/usage_time,24.42,%,44.68,584849873,1024000000,57618,43505,0,custom,staging,0.1,
2026-03-24T13:29:00+00:00,custom-sim,gke_container,container-3566,europe-west1-b,container/cpu/usage_time,20.99,%,58.75,244063223,1024000000,17437,84895,0,custom,staging,0.1,
2026-03-24T13:30:00+00:00,custom-sim,gke_container,container-2678,europe-west1-b,container/cpu/usage_time,19.39,%,21.26,116163077,1024000000,34609,49123,0,custom,staging,0.1,
2026-03-24T13:31:00+00:00,custom-sim,gke_container,container-6838,europe-west1-b,container/cpu/usage_time,22.19,%,32.34,774127346,1024000000,39072,95903,0,custom,staging,0.1,
2026-03-24T13:32:00+00:00,custom-sim,gke_container,container-1901,europe-west1-b,container/cpu/usage_time,28.55,%,79.03,544412860,1024000000,92465,65858,0,custom,staging,0.1,
2026-03-24T13:33:00+00:00,custom-sim,gke_container,container-7262,europe-west1-b,container/cpu/usage_time,10.7,%,87.75,185204957,1024000000,53358,20217,0,custom,staging,0.1,
2026-03-24T13:34:00+00:00,custom-sim,gke_container,container-7058,europe-west1-b,container/cpu/usage_time,12.56,%,74.37,123404472,1024000000,76491,26978,0,custom,staging,0.1,
2026-03-24T13:35:00+00:00,custom-sim,gke_container,container-6538,europe-west1-b,container/cpu/usage_time,27.94,%,9.34,418359557,1024000000,78387,33173,0,custom,staging,0.1,
2026-03-24T13:36:00+00:00,custom-sim,gke_container,container-2616,europe-west1-b,container/cpu/usage_time,18.68,%,71.93,355982686,1024000000,56288,63339,0,custom,staging,0.1,
2026-03-24T13:37:00+00:00,custom-sim,gke_container,container-6090,europe-west1-b,container/cpu/usage_time,22.4,%,46.8,318918453,1024000000,42461,98191,0,custom,staging,0.1,
2026-03-24T13:38:00+00:00,custom-sim,gke_container,container-4774,europe-west1-b,container/cpu/usage_time,15.78,%,71.99,394511759,1024000000,87385,28485,0,custom,staging,0.1,
2026-03-24T13:39:00+00:00,custom-sim,gke_container,container-5395,europe-west1-b,container/cpu/usage_time,24.25,%,29.38,217787145,1024000000,43780,77257,0,custom,staging,0.1,
2026-03-24T13:40:00+00:00,custom-sim,gke_container,container-6934,europe-west1-b,container/cpu/usage_time,26.7,%,89.25,454368344,1024000000,80009,70232,0,custom,staging,0.1,
2026-03-24T13:41:00+00:00,custom-sim,gke_container,container-7227,europe-west1-b,container/cpu/usage_time,23.81,%,63.84,743188913,1024000000,21842,85739,0,custom,staging,0.1,
2026-03-24T13:42:00+00:00,custom-sim,gke_container,container-9293,europe-west1-b,container/cpu/usage_time,27.28,%,79.21,594684260,1024000000,85337,41374,0,custom,staging,0.1,
2026-03-24T13:43:00+00:00,custom-sim,gke_container,container-6272,europe-west1-b,container/cpu/usage_time,16.42,%,73.93,775117337,1024000000,79677,49396,0,custom,staging,0.1,
2026-03-24T13:44:00+00:00,custom-sim,gke_container,container-4819,europe-west1-b,container/cpu/usage_time,17.27,%,74.27,430534310,1024000000,89327,8973,0,custom,staging,0.1,
2026-03-24T13:45:00+00:00,custom-sim,gke_container,container-8086,europe-west1-b,container/cpu/usage_time,23.31,%,57.9,325494656,1024000000,51306,38568,0,custom,staging,0.1,
2026-03-24T13:46:00+00:00,custom-sim,gke_container,container-4822,europe-west1-b,container/cpu/usage_time,22.94,%,32.12,671424527,1024000000,69629,2506,0,custom,staging,0.1,
2026-03-24T13:47:00+00:00,custom-sim,gke_container,container-9129,europe-west1-b,container/cpu/usage_time,23.14,%,19.39,158098314,1024000000,49261,77347,0,custom,staging,0.1,
2026-03-24T13:48:00+00:00,custom-sim,gke_container,container-1438,europe-west1-b,container/cpu/usage_time,18.49,%,76.22,251785125,1024000000,19753,11317,0,custom,staging,0.1,
2026-03-24T13:49:00+00:00,custom-sim,gke_container,container-1343,europe-west1-b,container/cpu/usage_time,28.44,%,68.59,171493716,1024000000,84782,60069,0,custom,staging,0.1,
2026-03-24T13:50:00+00:00,custom-sim,gke_container,container-6975,europe-west1-b,container/cpu/usage_time,12.03,%,8.3,688510780,1024000000,13581,1893,0,custom,staging,0.1,
2026-03-24T13:51:00+00:00,custom-sim,gke_container,container-7533,europe-west1-b,container/cpu/usage_time,14.54,%,41.5,355357014,1024000000,95584,79882,0,custom,staging,0.1,
2026-03-24T13:52:00+00:00,custom-sim,gke_container,container-6088,europe-west1-b,container/cpu/usage_time,12.91,%,19.11,321704652,1024000000,45592,93004,0,custom,staging,0.1,
2026-03-24T13:53:00+00:00,custom-sim,gke_container,container-1098,europe-west1-b,container/cpu/usage_time,20.09,%,44.83,466457482,1024000000,94829,24375,0,custom,staging,0.1,
2026-03-24T13:54:00+00:00,custom-sim,gke_container,container-9221,europe-west1-b,container/cpu/usage_time,22.38,%,20.0,441824177,1024000000,75896,47141,0,custom,staging,0.1,
2026-03-24T13:55:00+00:00,custom-sim,gke_container,container-9485,europe-west1-b,container/cpu/usage_time,10.66,%,73.77,300909601,1024000000,22663,2341,0,custom,staging,0.1,
2026-03-24T13:56:00+00:00,custom-sim,gke_container,container-4056,europe-west1-b,container/cpu/usage_time,24.28,%,82.16,366237759,1024000000,54339,89713,0,custom,staging,0.1,
2026-03-24T13:57:00+00:00,custom-sim,gke_container,container-8413,europe-west1-b,container/cpu/usage_time,19.2,%,5.54,235269879,1024000000,95086,7239,0,custom,staging,0.1,
2026-03-24T13:58:00+00:00,custom-sim,gke_container,container-4538,europe-west1-b,container/cpu/usage_time,20.88,%,7.81,605049718,1024000000,58822,81587,0,custom,staging,0.1,
2026-03-24T13:59:00+00:00,custom-sim,gke_container,container-1360,europe-west1-b,container/cpu/usage_time,18.67,%,11.15,683396354,1024000000,96415,49986,0,custom,staging,0.1,
2026-03-24T14:00:00+00:00,custom-sim,gke_container,container-7600,europe-west1-b,container/cpu/usage_time,13.3,%,49.22,119758808,1024000000,94023,38008,0,custom,staging,0.1,
2026-03-24T14:01:00+00:00,custom-sim,gke_container,container-5565,europe-west1-b,container/cpu/usage_time,16.33,%,50.57,772655187,1024000000,73997,39708,0,custom,staging,0.1,
2026-03-24T14:02:00+00:00,custom-sim,gke_container,container-9728,europe-west1-b,container/cpu/usage_time,20.34,%,30.87,406797284,1024000000,48449,29870,0,custom,staging,0.1,
2026-03-24T14:03:00+00:00,custom-sim,gke_container,container-2017,europe-west1-b,container/cpu/usage_time,27.15,%,46.92,599214817,1024000000,52877,91480,0,custom,staging,0.1,
2026-03-24T14:04:00+00:00,custom-sim,gke_container,container-4995,europe-west1-b,container/cpu/usage_time,15.73,%,49.64,536116493,1024000000,56866,35793,0,custom,staging,0.1,
2026-03-24T14:05:00+00:00,custom-sim,gke_container,container-3958,europe-west1-b,container/cpu/usage_time,23.52,%,30.14,224352367,1024000000,99869,27934,0,custom,staging,0.1,
2026-03-24T14:06:00+00:00,custom-sim,gke_container,container-9860,europe-west1-b,container/cpu/usage_time,11.27,%,57.19,132505980,1024000000,5528,75682,0,custom,staging,0.1,
2026-03-24T14:07:00+00:00,custom-sim,gke_container,container-7493,europe-west1-b,container/cpu/usage_time,24.47,%,8.38,379617849,1024000000,76391,56768,0,custom,staging,0.1,
2026-03-24T14:08:00+00:00,custom-sim,gke_container,container-4490,europe-west1-b,container/cpu/usage_time,29.18,%,86.67,610962106,1024000000,42176,14295,0,custom,staging,0.1,
2026-03-24T14:09:00+00:00,custom-sim,gke_container,container-2483,europe-west1-b,container/cpu/usage_time,26.74,%,82.8,440607344,1024000000,79189,3243,0,custom,staging,0.1,
2026-03-24T14:10:00+00:00,custom-sim,gke_container,container-2959,europe-west1-b,container/cpu/usage_time,11.66,%,6.93,307616978,1024000000,61798,87427,0,custom,staging,0.1,
2026-03-24T14:11:00+00:00,custom-sim,gke_container,container-2187,europe-west1-b,container/cpu/usage_time,22.38,%,72.88,564816430,1024000000,16906,47636,0,custom,staging,0.1,
2026-03-24T14:12:00+00:00,custom-sim,gke_container,container-1531,europe-west1-b,container/cpu/usage_time,16.38,%,28.15,715356065,1024000000,82360,48025,0,custom,staging,0.1,
2026-03-24T14:13:00+00:00,custom-sim,gke_container,container-7645,europe-west1-b,container/cpu/usage_time,10.31,%,67.39,270148561,1024000000,49419,83350,0,custom,staging,0.1,
2026-03-24T14:14:00+00:00,custom-sim,gke_container,container-5019,europe-west1-b,container/cpu/usage_time,19.71,%,88.65,319726690,1024000000,90009,91053,0,custom,staging,0.1,
2026-03-24T14:15:00+00:00,custom-sim,gke_container,container-4948,europe-west1-b,container/cpu/usage_time,21.17,%,22.47,335224779,1024000000,81052,82546,0,custom,staging,0.1,
2026-03-24T14:16:00+00:00,custom-sim,gke_container,container-6401,europe-west1-b,container/cpu/usage_time,29.42,%,15.35,673234214,1024000000,30257,18814,0,custom,staging,0.1,
2026-03-24T14:17:00+00:00,custom-sim,gke_container,container-1596,europe-west1-b,container/cpu/usage_time,29.16,%,65.4,401655826,1024000000,22910,69443,0,custom,staging,0.1,
2026-03-24T14:18:00+00:00,custom-sim,gke_container,container-5441,europe-west1-b,container/cpu/usage_time,23.29,%,19.17,343223112,1024000000,6462,10947,0,custom,staging,0.1,
2026-03-24T14:19:00+00:00,custom-sim,gke_container,container-6708,europe-west1-b,container/cpu/usage_time,25.21,%,11.92,249149640,1024000000,50648,19587,0,custom,staging,0.1,
2026-03-24T14:20:00+00:00,custom-sim,gke_container,container-4343,europe-west1-b,container/cpu/usage_time,20.2,%,29.34,396113009,1024000000,93339,88571,0,custom,staging,0.1,
2026-03-24T14:21:00+00:00,custom-sim,gke_container,container-4077,europe-west1-b,container/cpu/usage_time,18.68,%,69.02,241399817,1024000000,36372,79144,0,custom,staging,0.1,
2026-03-24T14:22:00+00:00,custom-sim,gke_container,container-1566,europe-west1-b,container/cpu/usage_time,20.22,%,11.28,408413926,1024000000,67278,96412,0,custom,staging,0.1,
2026-03-24T14:23:00+00:00,custom-sim,gke_container,container-6592,europe-west1-b,container/cpu/usage_time,23.2,%,32.06,324464507,1024000000,80435,78007,0,custom,staging,0.1,
2026-03-24T14:24:00+00:00,custom-sim,gke_container,container-1263,europe-west1-b,container/cpu/usage_time,12.35,%,75.37,718600408,1024000000,78800,23073,0,custom,staging,0.1,
2026-03-24T14:25:00+00:00,custom-sim,gke_container,container-6744,europe-west1-b,container/cpu/usage_time,14.25,%,84.02,439406695,1024000000,58920,38799,0,custom,staging,0.1,
2026-03-24T14:26:00+00:00,custom-sim,gke_container,container-9632,europe-west1-b,container/cpu/usage_time,21.26,%,54.17,710441643,1024000000,28672,50699,0,custom,staging,0.1,
2026-03-24T14:27:00+00:00,custom-sim,gke_container,container-6980,europe-west1-b,container/cpu/usage_time,26.83,%,60.43,581822788,1024000000,97310,65970,0,custom,staging,0.1,
2026-03-24T14:28:00+00:00,custom-sim,gke_container,container-9913,europe-west1-b,container/cpu/usage_time,23.44,%,41.91,428354883,1024000000,96229,16247,0,custom,staging,0.1,
2026-03-24T14:29:00+00:00,custom-sim,gke_container,container-9131,europe-west1-b,container/cpu/usage_time,27.45,%,66.67,175620280,1024000000,83020,29831,0,custom,staging,0.1,
2026-03-24T14:30:00+00:00,custom-sim,gke_container,container-5355,europe-west1-b,container/cpu/usage_time,28.82,%,68.79,477149863,1024000000,89838,52141,0,custom,staging,0.1,
2026-03-24T14:31:00+00:00,custom-sim,gke_container,container-3854,europe-west1-b,container/cpu/usage_time,14.96,%,75.1,345887877,1024000000,72568,78380,0,custom,staging,0.1,
2026-03-24T14:32:00+00:00,custom-sim,gke_container,container-7042,europe-west1-b,container/cpu/usage_time,12.85,%,18.45,410929795,1024000000,81011,67556,0,custom,staging,0.1,
2026-03-24T14:33:00+00:00,custom-sim,gke_container,container-4631,europe-west1-b,container/cpu/usage_time,24.45,%,46.02,533449857,1024000000,2216,18918,0,custom,staging,0.1,
2026-03-24T14:34:00+00:00,custom-sim,gke_container,container-7779,europe-west1-b,container/cpu/usage_time,17.55,%,72.05,177476574,1024000000,33166,15950,0,custom,staging,0.1,
2026-03-24T14:35:00+00:00,custom-sim,gke_container,container-7241,europe-west1-b,container/cpu/usage_time,20.96,%,38.15,799429988,1024000000,19300,15159,0,custom,staging,0.1,
2026-03-24T14:36:00+00:00,custom-sim,gke_container,container-7396,europe-west1-b,container/cpu/usage_time,17.0,%,70.15,678563362,1024000000,73598,6858,0,custom,staging,0.1,
2026-03-24T14:37:00+00:00,custom-sim,gke_container,container-1345,europe-west1-b,container/cpu/usage_time,25.91,%,42.58,129871972,1024000000,75120,2894,0,custom,staging,0.1,
2026-03-24T14:38:00+00:00,custom-sim,gke_container,container-6236,europe-west1-b,container/cpu/usage_time,13.2,%,1.99,611830384,1024000000,75278,76652,0,custom,staging,0.1,
2026-03-24T14:39:00+00:00,custom-sim,gke_container,container-1891,europe-west1-b,container/cpu/usage_time,15.87,%,88.77,107319642,1024000000,10924,88538,0,custom,staging,0.1,
2026-03-24T14:40:00+00:00,custom-sim,gke_container,container-5344,europe-west1-b,container/cpu/usage_time,14.58,%,39.99,618970949,1024000000,19586,36093,0,custom,staging,0.1,
2026-03-24T14:41:00+00:00,custom-sim,gke_container,container-8390,europe-west1-b,container/cpu/usage_time,16.31,%,15.51,716329706,1024000000,43421,36921,0,custom,staging,0.1,
2026-03-24T14:42:00+00:00,custom-sim,gke_container,container-9374,europe-west1-b,container/cpu/usage_time,11.07,%,83.7,599246248,1024000000,65842,24620,0,custom,staging,0.1,
2026-03-24T14:43:00+00:00,custom-sim,gke_container,container-7862,europe-west1-b,container/cpu/usage_time,29.74,%,44.61,201342267,1024000000,34592,96828,0,custom,staging,0.1,
2026-03-24T14:44:00+00:00,custom-sim,gke_container,container-9276,europe-west1-b,container/cpu/usage_time,10.34,%,23.96,693781014,1024000000,30625,31000,0,custom,staging,0.1,
2026-03-24T14:45:00+00:00,custom-sim,gke_container,container-7353,europe-west1-b,container/cpu/usage_time,26.51,%,9.62,745110181,1024000000,21296,8230,0,custom,staging,0.1,
2026-03-24T14:46:00+00:00,custom-sim,gke_container,container-1311,europe-west1-b,container/cpu/usage_time,23.56,%,27.97,689005569,1024000000,85935,66566,0,custom,staging,0.1,
2026-03-24T14:47:00+00:00,custom-sim,gke_container,container-9250,europe-west1-b,container/cpu/usage_time,12.52,%,67.67,175536450,1024000000,6188,16969,0,custom,staging,0.1,
2026-03-24T14:48:00+00:00,custom-sim,gke_container,container-7601,europe-west1-b,container/cpu/usage_time,28.91,%,9.53,474424003,1024000000,92522,78675,0,custom,staging,0.1,
2026-03-24T14:49:00+00:00,custom-sim,gke_container,container-2382,europe-west1-b,container/cpu/usage_time,25.62,%,75.37,678707566,1024000000,84268,75820,0,custom,staging,0.1,
2026-03-24T14:50:00+00:00,custom-sim,gke_container,container-5410,europe-west1-b,container/cpu/usage_time,28.02,%,41.5,527348676,1024000000,12721,1013,0,custom,staging,0.1,
2026-03-24T14:51:00+00:00,custom-sim,gke_container,container-2910,europe-west1-b,container/cpu/usage_time,19.53,%,88.63,581327075,1024000000,38653,53988,0,custom,staging,0.1,
2026-03-24T14:52:00+00:00,custom-sim,gke_container,container-1507,europe-west1-b,container/cpu/usage_time,24.6,%,86.86,129721685,1024000000,84139,69735,0,custom,staging,0.1,
2026-03-24T14:53:00+00:00,custom-sim,gke_container,container-9119,europe-west1-b,container/cpu/usage_time,22.13,%,65.21,392796555,1024000000,43858,97607,0,custom,staging,0.1,
2026-03-24T14:54:00+00:00,custom-sim,gke_container,container-2254,europe-west1-b,container/cpu/usage_time,14.95,%,31.57,432840331,1024000000,10981,75049,0,custom,staging,0.1,
2026-03-24T14:55:00+00:00,custom-sim,gke_container,container-7108,europe-west1-b,container/cpu/usage_time,22.39,%,37.57,228847317,1024000000,37269,62449,0,custom,staging,0.1,
2026-03-24T14:56:00+00:00,custom-sim,gke_container,container-4353,europe-west1-b,container/cpu/usage_time,21.43,%,73.18,216723387,1024000000,34930,57369,0,custom,staging,0.1,
2026-03-24T14:57:00+00:00,custom-sim,gke_container,container-8821,europe-west1-b,container/cpu/usage_time,21.12,%,85.4,171134721,1024000000,83467,28219,0,custom,staging,0.1,
2026-03-24T14:58:00+00:00,custom-sim,gke_container,container-8596,europe-west1-b,container/cpu/usage_time,15.21,%,12.22,447533719,1024000000,55866,81209,0,custom,staging,0.1,
2026-03-24T14:59:00+00:00,custom-sim,gke_container,container-9682,europe-west1-b,container/cpu/usage_time,18.15,%,17.76,437614384,1024000000,83146,3956,0,custom,staging,0.1,
2026-03-24T15:00:00+00:00,custom-sim,gke_container,container-1019,europe-west1-b,container/cpu/usage_time,14.88,%,82.21,557566824,1024000000,76657,84586,0,custom,staging,0.1,
2026-03-24T15:01:00+00:00,custom-sim,gke_container,container-4452,europe-west1-b,container/cpu/usage_time,23.18,%,37.5,624378960,1024000000,28392,94954,0,custom,staging,0.1,
2026-03-24T15:02:00+00:00,custom-sim,gke_container,container-3253,europe-west1-b,container/cpu/usage_time,14.85,%,89.22,390851557,1024000000,65104,24458,0,custom,staging,0.1,
2026-03-24T15:03:00+00:00,custom-sim,gke_container,container-2115,europe-west1-b,container/cpu/usage_time,26.61,%,76.46,108203508,1024000000,21756,47731,0,custom,staging,0.1,
2026-03-24T15:04:00+00:00,custom-sim,gke_container,container-1379,europe-west1-b,container/cpu/usage_time,29.03,%,88.06,656482106,1024000000,85999,60654,0,custom,staging,0.1,
2026-03-24T15:05:00+00:00,custom-sim,gke_container,container-5297,europe-west1-b,container/cpu/usage_time,25.45,%,47.57,510361565,1024000000,61653,87159,0,custom,staging,0.1,
2026-03-24T15:06:00+00:00,custom-sim,gke_container,container-5204,europe-west1-b,container/cpu/usage_time,11.59,%,31.09,380627549,1024000000,32443,95759,0,custom,staging,0.1,
2026-03-24T15:07:00+00:00,custom-sim,gke_container,container-5825,europe-west1-b,container/cpu/usage_time,25.02,%,68.56,271928581,1024000000,48223,72404,0,custom,staging,0.1,
2026-03-24T15:08:00+00:00,custom-sim,gke_container,container-6033,europe-west1-b,container/cpu/usage_time,28.7,%,38.73,238753391,1024000000,81505,66518,0,custom,staging,0.1,
2026-03-24T15:09:00+00:00,custom-sim,gke_container,container-1691,europe-west1-b,container/cpu/usage_time,12.68,%,10.65,188878071,1024000000,18279,88133,0,custom,staging,0.1,
2026-03-24T15:10:00+00:00,custom-sim,gke_container,container-7323,europe-west1-b,container/cpu/usage_time,29.06,%,68.76,145166241,1024000000,44359,76236,0,custom,staging,0.1,
2026-03-24T15:11:00+00:00,custom-sim,gke_container,container-2266,europe-west1-b,container/cpu/usage_time,10.9,%,68.69,695843059,1024000000,98469,72009,0,custom,staging,0.1,
2026-03-24T15:12:00+00:00,custom-sim,gke_container,container-4723,europe-west1-b,container/cpu/usage_time,18.96,%,47.97,634902336,1024000000,6875,60979,0,custom,staging,0.1,
2026-03-24T15:13:00+00:00,custom-sim,gke_container,container-9544,europe-west1-b,container/cpu/usage_time,22.71,%,33.58,453522413,1024000000,58896,5274,0,custom,staging,0.1,
2026-03-24T15:14:00+00:00,custom-sim,gke_container,container-8859,europe-west1-b,container/cpu/usage_time,10.65,%,54.21,405110167,1024000000,75681,17526,0,custom,staging,0.1,
2026-03-24T15:15:00+00:00,custom-sim,gke_container,container-2507,europe-west1-b,container/cpu/usage_time,15.64,%,14.09,410628141,1024000000,46270,64609,0,custom,staging,0.1,
2026-03-24T15:16:00+00:00,custom-sim,gke_container,container-7798,europe-west1-b,container/cpu/usage_time,11.11,%,67.42,246246786,1024000000,31714,80220,0,custom,staging,0.1,
2026-03-24T15:17:00+00:00,custom-sim,gke_container,container-7784,europe-west1-b,container/cpu/usage_time,15.94,%,81.41,515980179,1024000000,13366,13033,0,custom,staging,0.1,
2026-03-24T15:18:00+00:00,custom-sim,gke_container,container-4350,europe-west1-b,container/cpu/usage_time,27.86,%,33.07,746637001,1024000000,29432,10268,0,custom,staging,0.1,
2026-03-24T15:19:00+00:00,custom-sim,gke_container,container-3585,europe-west1-b,container/cpu/usage_time,25.88,%,9.87,631184513,1024000000,87569,76611,0,custom,staging,0.1,
2026-03-24T15:20:00+00:00,custom-sim,gke_container,container-3617,europe-west1-b,container/cpu/usage_time,14.29,%,15.07,294499089,1024000000,40982,88641,0,custom,staging,0.1,
2026-03-24T15:21:00+00:00,custom-sim,gke_container,container-6416,europe-west1-b,container/cpu/usage_time,29.12,%,15.15,790065073,1024000000,46794,86690,0,custom,staging,0.1,
2026-03-24T15:22:00+00:00,custom-sim,gke_container,container-8468,europe-west1-b,container/cpu/usage_time,17.43,%,63.67,142536299,1024000000,38105,99068,0,custom,staging,0.1,
2026-03-24T15:23:00+00:00,custom-sim,gke_container,container-8160,europe-west1-b,container/cpu/usage_time,23.86,%,61.84,682439459,1024000000,41649,45612,0,custom,staging,0.1,
2026-03-24T15:24:00+00:00,custom-sim,gke_container,container-8060,europe-west1-b,container/cpu/usage_time,10.14,%,42.46,350404571,1024000000,49294,91758,0,custom,staging,0.1,
2026-03-24T15:25:00+00:00,custom-sim,gke_container,container-9184,europe-west1-b,container/cpu/usage_time,10.33,%,50.06,585115258,1024000000,50339,20304,0,custom,staging,0.1,
2026-03-24T15:26:00+00:00,custom-sim,gke_container,container-7531,europe-west1-b,container/cpu/usage_time,16.01,%,30.77,282308224,1024000000,89955,84224,0,custom,staging,0.1,
2026-03-24T15:27:00+00:00,custom-sim,gke_container,container-8066,europe-west1-b,container/cpu/usage_time,27.64,%,59.62,753588457,1024000000,29064,78480,0,custom,staging,0.1,
2026-03-24T15:28:00+00:00,custom-sim,gke_container,container-5165,europe-west1-b,container/cpu/usage_time,29.43,%,20.14,144835379,1024000000,73107,75120,0,custom,staging,0.1,
2026-03-24T15:29:00+00:00,custom-sim,gke_container,container-3699,europe-west1-b,container/cpu/usage_time,21.65,%,65.24,132809066,1024000000,75334,71133,0,custom,staging,0.1,
2026-03-24T15:30:00+00:00,custom-sim,gke_container,container-3814,europe-west1-b,container/cpu/usage_time,19.97,%,44.79,653362458,1024000000,72338,50969,0,custom,staging,0.1,
2026-03-24T15:31:00+00:00,custom-sim,gke_container,container-4802,europe-west1-b,container/cpu/usage_time,11.66,%,89.61,335439161,1024000000,15712,47915,0,custom,staging,0.1,
2026-03-24T15:32:00+00:00,custom-sim,gke_container,container-8816,europe-west1-b,container/cpu/usage_time,10.45,%,34.17,464600904,1024000000,52734,20155,0,custom,staging,0.1,
2026-03-24T15:33:00+00:00,custom-sim,gke_container,container-1206,europe-west1-b,container/cpu/usage_time,15.95,%,4.79,627018745,1024000000,31324,40961,0,custom,staging,0.1,
2026-03-24T15:34:00+00:00,custom-sim,gke_container,container-1373,europe-west1-b,container/cpu/usage_time,29.1,%,24.63,500133448,1024000000,56776,58614,0,custom,staging,0.1,
2026-03-24T15:35:00+00:00,custom-sim,gke_container,container-6301,europe-west1-b,container/cpu/usage_time,17.48,%,71.4,212874526,1024000000,95016,40129,0,custom,staging,0.1,
2026-03-24T15:36:00+00:00,custom-sim,gke_container,container-6354,europe-west1-b,container/cpu/usage_time,18.0,%,1.36,794179244,1024000000,74210,16694,0,custom,staging,0.1,
2026-03-24T15:37:00+00:00,custom-sim,gke_container,container-8571,europe-west1-b,container/cpu/usage_time,28.82,%,1.6,738124832,1024000000,1960,43375,0,custom,staging,0.1,
2026-03-24T15:38:00+00:00,custom-sim,gke_container,container-7169,europe-west1-b,container/cpu/usage_time,11.82,%,7.65,622720491,1024000000,3264,18330,0,custom,staging,0.1,
2026-03-24T15:39:00+00:00,custom-sim,gke_container,container-4081,europe-west1-b,container/cpu/usage_time,21.9,%,13.46,546031836,1024000000,21586,86403,0,custom,staging,0.1,
2026-03-24T15:40:00+00:00,custom-sim,gke_container,container-3648,europe-west1-b,container/cpu/usage_time,10.9,%,11.18,540850556,1024000000,44552,16628,0,custom,staging,0.1,
2026-03-24T15:41:00+00:00,custom-sim,gke_container,container-2091,europe-west1-b,container/cpu/usage_time,11.62,%,17.97,295475374,1024000000,65589,60466,0,custom,staging,0.1,
2026-03-24T15:42:00+00:00,custom-sim,gke_container,container-4880,europe-west1-b,container/cpu/usage_time,27.33,%,5.66,331054912,1024000000,46327,26007,0,custom,staging,0.1,
2026-03-24T15:43:00+00:00,custom-sim,gke_container,container-7096,europe-west1-b,container/cpu/usage_time,14.44,%,9.67,435542639,1024000000,24911,91693,0,custom,staging,0.1,
2026-03-24T15:44:00+00:00,custom-sim,gke_container,container-4945,europe-west1-b,container/cpu/usage_time,15.03,%,69.46,756433274,1024000000,44369,2059,0,custom,staging,0.1,
2026-03-24T15:45:00+00:00,custom-sim,gke_container,container-9450,europe-west1-b,container/cpu/usage_time,17.43,%,30.62,405970329,1024000000,68896,89666,0,custom,staging,0.1,
2026-03-24T15:46:00+00:00,custom-sim,gke_container,container-1065,europe-west1-b,container/cpu/usage_time,12.09,%,13.07,649856537,1024000000,14895,99882,0,custom,staging,0.1,
2026-03-24T15:47:00+00:00,custom-sim,gke_container,container-2380,europe-west1-b,container/cpu/usage_time,22.34,%,2.05,699923407,1024000000,73203,82164,0,custom,staging,0.1,
2026-03-24T15:48:00+00:00,custom-sim,gke_container,container-5704,europe-west1-b,container/cpu/usage_time,20.75,%,4.33,622965249,1024000000,91148,51096,0,custom,staging,0.1,
2026-03-24T15:49:00+00:00,custom-sim,gke_container,container-1161,europe-west1-b,container/cpu/usage_time,10.86,%,78.38,102662528,1024000000,63873,57210,0,custom,staging,0.1,
2026-03-24T15:50:00+00:00,custom-sim,gke_container,container-5370,europe-west1-b,container/cpu/usage_time,24.09,%,45.28,605316145,1024000000,22752,44033,0,custom,staging,0.1,
2026-03-24T15:51:00+00:00,custom-sim,gke_container,container-9894,europe-west1-b,container/cpu/usage_time,10.27,%,3.36,659704525,1024000000,64677,44785,0,custom,staging,0.1,
2026-03-24T15:52:00+00:00,custom-sim,gke_container,container-1409,europe-west1-b,container/cpu/usage_time,19.04,%,39.31,167326069,1024000000,66283,47766,0,custom,staging,0.1,
2026-03-24T15:53:00+00:00,custom-sim,gke_container,container-8987,europe-west1-b,container/cpu/usage_time,10.5,%,8.23,275986741,1024000000,16021,57194,0,custom,staging,0.1,
2026-03-24T15:54:00+00:00,custom-sim,gke_container,container-5234,europe-west1-b,container/cpu/usage_time,25.83,%,63.93,179419667,1024000000,40196,22994,0,custom,staging,0.1,
2026-03-24T15:55:00+00:00,custom-sim,gke_container,container-6428,europe-west1-b,container/cpu/usage_time,12.0,%,54.93,730448050,1024000000,29881,76110,0,custom,staging,0.1,
2026-03-24T15:56:00+00:00,custom-sim,gke_container,container-2829,europe-west1-b,container/cpu/usage_time,11.89,%,13.92,245666636,1024000000,17227,61103,0,custom,staging,0.1,
2026-03-24T15:57:00+00:00,custom-sim,gke_container,container-9828,europe-west1-b,container/cpu/usage_time,20.3,%,39.83,359150048,1024000000,44880,87607,0,custom,staging,0.1,
2026-03-24T15:58:00+00:00,custom-sim,gke_container,container-5109,europe-west1-b,container/cpu/usage_time,14.55,%,33.76,689273656,1024000000,62609,17749,0,custom,staging,0.1,
2026-03-24T15:59:00+00:00,custom-sim,gke_container,container-1049,europe-west1-b,container/cpu/usage_time,24.87,%,23.63,415066116,1024000000,89758,79569,0,custom,staging,0.1,
2026-03-24T16:00:00+00:00,custom-sim,gke_container,container-2570,europe-west1-b,container/cpu/usage_time,14.1,%,43.51,748265383,1024000000,53443,52367,0,custom,staging,0.1,
2026-03-24T16:00:00+00:00,custom-sim,gke_container,container-1476,europe-west1-b,container/cpu/usage_time,20.0,%,20.0,,,,,,,,,A3_GCP_CPU
2026-03-24T16:01:00+00:00,custom-sim,gke_container,container-4967,europe-west1-b,container/cpu/usage_time,20.25,%,62.88,402554808,1024000000,94600,86585,0,custom,staging,0.1,
2026-03-24T16:02:00+00:00,custom-sim,gke_container,container-8098,europe-west1-b,container/cpu/usage_time,13.48,%,22.49,491214772,1024000000,80847,3010,0,custom,staging,0.1,
2026-03-24T16:03:00+00:00,custom-sim,gke_container,container-1664,europe-west1-b,container/cpu/usage_time,26.3,%,4.7,276361109,1024000000,24741,50570,0,custom,staging,0.1,
2026-03-24T16:04:00+00:00,custom-sim,gke_container,container-7850,europe-west1-b,container/cpu/usage_time,15.41,%,24.87,738990512,1024000000,40284,31637,0,custom,staging,0.1,
2026-03-24T16:05:00+00:00,custom-sim,gke_container,container-1382,europe-west1-b,container/cpu/usage_time,11.05,%,22.81,610296860,1024000000,12358,50089,0,custom,staging,0.1,
2026-03-24T16:06:00+00:00,custom-sim,gke_container,container-5087,europe-west1-b,container/cpu/usage_time,26.23,%,77.64,293367842,1024000000,47628,26384,0,custom,staging,0.1,
2026-03-24T16:07:00+00:00,custom-sim,gke_container,container-5480,europe-west1-b,container/cpu/usage_time,16.78,%,19.19,343735813,1024000000,56177,1057,0,custom,staging,0.1,
2026-03-24T16:08:00+00:00,custom-sim,gke_container,container-6183,europe-west1-b,container/cpu/usage_time,29.95,%,5.62,635990395,1024000000,82278,92786,0,custom,staging,0.1,
2026-03-24T16:09:00+00:00,custom-sim,gke_container,container-8099,europe-west1-b,container/cpu/usage_time,12.66,%,56.25,679263876,1024000000,11608,61872,0,custom,staging,0.1,
2026-03-24T16:10:00+00:00,custom-sim,gke_container,container-2302,europe-west1-b,container/cpu/usage_time,26.49,%,51.97,274198712,1024000000,90921,54940,0,custom,staging,0.1,
2026-03-24T16:10:00+00:00,custom-sim,gke_container,container-2022,europe-west1-b,container/cpu/usage_time,28.22,%,28.22,,,,,,,,,A3_GCP_CPU
2026-03-24T16:11:00+00:00,custom-sim,gke_container,container-4433,europe-west1-b,container/cpu/usage_time,15.04,%,43.23,105314037,1024000000,49188,87510,0,custom,staging,0.1,
2026-03-24T16:12:00+00:00,custom-sim,gke_container,container-2590,europe-west1-b,container/cpu/usage_time,10.78,%,83.93,767685131,1024000000,76538,98133,0,custom,staging,0.1,
2026-03-24T16:13:00+00:00,custom-sim,gke_container,container-2483,europe-west1-b,container/cpu/usage_time,19.92,%,45.24,398463814,1024000000,79500,32790,0,custom,staging,0.1,
2026-03-24T16:14:00+00:00,custom-sim,gke_container,container-7030,europe-west1-b,container/cpu/usage_time,24.67,%,26.44,203004311,1024000000,42691,52081,0,custom,staging,0.1,
2026-03-24T16:15:00+00:00,custom-sim,gke_container,container-1360,europe-west1-b,container/cpu/usage_time,22.61,%,45.04,223461547,1024000000,26243,82668,0,custom,staging,0.1,
2026-03-24T16:16:00+00:00,custom-sim,gke_container,container-4748,europe-west1-b,container/cpu/usage_time,21.41,%,40.59,159993423,1024000000,77776,3995,0,custom,staging,0.1,
2026-03-24T16:17:00+00:00,custom-sim,gke_container,container-9074,europe-west1-b,container/cpu/usage_time,18.17,%,5.45,440207557,1024000000,52496,52663,0,custom,staging,0.1,
2026-03-24T16:18:00+00:00,custom-sim,gke_container,container-3831,europe-west1-b,container/cpu/usage_time,23.11,%,68.62,659738734,1024000000,37261,85231,0,custom,staging,0.1,
2026-03-24T16:19:00+00:00,custom-sim,gke_container,container-6554,europe-west1-b,container/cpu/usage_time,15.0,%,30.22,529209858,1024000000,36884,25527,0,custom,staging,0.1,
2026-03-24T16:20:00+00:00,custom-sim,gke_container,container-2220,europe-west1-b,container/cpu/usage_time,20.94,%,43.34,793039909,1024000000,58503,9967,0,custom,staging,0.1,
2026-03-24T16:20:00+00:00,custom-sim,gke_container,container-5578,europe-west1-b,container/cpu/usage_time,36.44,%,36.44,,,,,,,,,A3_GCP_CPU
2026-03-24T16:21:00+00:00,custom-sim,gke_container,container-5259,europe-west1-b,container/cpu/usage_time,12.11,%,28.63,744466432,1024000000,25270,64365,0,custom,staging,0.1,
2026-03-24T16:22:00+00:00,custom-sim,gke_container,container-4977,europe-west1-b,container/cpu/usage_time,27.04,%,79.33,755984802,1024000000,54768,81818,0,custom,staging,0.1,
2026-03-24T16:23:00+00:00,custom-sim,gke_container,container-3201,europe-west1-b,container/cpu/usage_time,21.06,%,48.32,218156017,1024000000,71170,13748,0,custom,staging,0.1,
2026-03-24T16:24:00+00:00,custom-sim,gke_container,container-8519,europe-west1-b,container/cpu/usage_time,21.5,%,82.08,286428814,1024000000,48747,16991,0,custom,staging,0.1,
2026-03-24T16:25:00+00:00,custom-sim,gke_container,container-3370,europe-west1-b,container/cpu/usage_time,25.4,%,89.25,551451987,1024000000,64096,19401,0,custom,staging,0.1,
2026-03-24T16:26:00+00:00,custom-sim,gke_container,container-1263,europe-west1-b,container/cpu/usage_time,19.46,%,44.44,273917514,1024000000,84533,36541,0,custom,staging,0.1,
2026-03-24T16:27:00+00:00,custom-sim,gke_container,container-4088,europe-west1-b,container/cpu/usage_time,29.38,%,75.0,546336453,1024000000,12271,4303,0,custom,staging,0.1,
2026-03-24T16:28:00+00:00,custom-sim,gke_container,container-7209,europe-west1-b,container/cpu/usage_time,27.93,%,78.75,178655492,1024000000,11907,38497,0,custom,staging,0.1,
2026-03-24T16:29:00+00:00,custom-sim,gke_container,container-1271,europe-west1-b,container/cpu/usage_time,11.71,%,61.88,618270324,1024000000,33996,4513,0,custom,staging,0.1,
2026-03-24T16:30:00+00:00,custom-sim,gke_container,container-8852,europe-west1-b,container/cpu/usage_time,14.14,%,39.03,546502129,1024000000,87109,41846,0,custom,staging,0.1,
2026-03-24T16:30:00+00:00,custom-sim,gke_container,container-7169,europe-west1-b,container/cpu/usage_time,44.67,%,44.67,,,,,,,,,A3_GCP_CPU
2026-03-24T16:31:00+00:00,custom-sim,gke_container,container-4012,europe-west1-b,container/cpu/usage_time,27.63,%,7.89,715868923,1024000000,16231,17747,0,custom,staging,0.1,
2026-03-24T16:32:00+00:00,custom-sim,gke_container,container-7650,europe-west1-b,container/cpu/usage_time,22.04,%,88.05,210029244,1024000000,89021,85778,0,custom,staging,0.1,
2026-03-24T16:33:00+00:00,custom-sim,gke_container,container-9522,europe-west1-b,container/cpu/usage_time,26.98,%,65.11,437955324,1024000000,91870,57718,0,custom,staging,0.1,
2026-03-24T16:34:00+00:00,custom-sim,gke_container,container-1541,europe-west1-b,container/cpu/usage_time,15.94,%,24.13,316254101,1024000000,54385,54098,0,custom,staging,0.1,
2026-03-24T16:35:00+00:00,custom-sim,gke_container,container-3204,europe-west1-b,container/cpu/usage_time,18.41,%,30.37,104990071,1024000000,56527,73644,0,custom,staging,0.1,
2026-03-24T16:36:00+00:00,custom-sim,gke_container,container-4233,europe-west1-b,container/cpu/usage_time,29.27,%,33.82,520892166,1024000000,30216,96327,0,custom,staging,0.1,
2026-03-24T16:37:00+00:00,custom-sim,gke_container,container-5308,europe-west1-b,container/cpu/usage_time,24.1,%,34.09,795494704,1024000000,75344,33786,0,custom,staging,0.1,
2026-03-24T16:38:00+00:00,custom-sim,gke_container,container-7906,europe-west1-b,container/cpu/usage_time,21.69,%,30.81,579266040,1024000000,72407,89768,0,custom,staging,0.1,
2026-03-24T16:39:00+00:00,custom-sim,gke_container,container-8342,europe-west1-b,container/cpu/usage_time,17.83,%,33.28,728167703,1024000000,33969,39087,0,custom,staging,0.1,
2026-03-24T16:40:00+00:00,custom-sim,gke_container,container-7330,europe-west1-b,container/cpu/usage_time,20.65,%,61.42,588121435,1024000000,21050,32962,0,custom,staging,0.1,
2026-03-24T16:40:00+00:00,custom-sim,gke_container,container-4772,europe-west1-b,container/cpu/usage_time,52.89,%,52.89,,,,,,,,,A3_GCP_CPU
2026-03-24T16:41:00+00:00,custom-sim,gke_container,container-5947,europe-west1-b,container/cpu/usage_time,16.39,%,46.95,769080698,1024000000,55016,83213,0,custom,staging,0.1,
2026-03-24T16:42:00+00:00,custom-sim,gke_container,container-2330,europe-west1-b,container/cpu/usage_time,16.91,%,89.3,132557910,1024000000,31576,66909,0,custom,staging,0.1,
2026-03-24T16:43:00+00:00,custom-sim,gke_container,container-3167,europe-west1-b,container/cpu/usage_time,16.64,%,82.35,241436855,1024000000,63877,81287,0,custom,staging,0.1,
2026-03-24T16:44:00+00:00,custom-sim,gke_container,container-7471,europe-west1-b,container/cpu/usage_time,17.29,%,72.89,311702511,1024000000,50926,65951,0,custom,staging,0.1,
2026-03-24T16:45:00+00:00,custom-sim,gke_container,container-2938,europe-west1-b,container/cpu/usage_time,10.31,%,25.7,212779048,1024000000,39588,4654,0,custom,staging,0.1,
2026-03-24T16:46:00+00:00,custom-sim,gke_container,container-8792,europe-west1-b,container/cpu/usage_time,18.05,%,26.91,527619931,1024000000,3013,4527,0,custom,staging,0.1,
2026-03-24T16:47:00+00:00,custom-sim,gke_container,container-1322,europe-west1-b,container/cpu/usage_time,18.01,%,54.12,188336117,1024000000,30805,96559,0,custom,staging,0.1,
2026-03-24T16:48:00+00:00,custom-sim,gke_container,container-5704,europe-west1-b,container/cpu/usage_time,14.03,%,80.94,382675056,1024000000,72918,20252,0,custom,staging,0.1,
2026-03-24T16:49:00+00:00,custom-sim,gke_container,container-6682,europe-west1-b,container/cpu/usage_time,28.84,%,35.13,479726473,1024000000,99599,54769,0,custom,staging,0.1,
2026-03-24T16:50:00+00:00,custom-sim,gke_container,container-4375,europe-west1-b,container/cpu/usage_time,11.93,%,37.88,134438256,1024000000,15289,93187,0,custom,staging,0.1,
2026-03-24T16:50:00+00:00,custom-sim,gke_container,container-5288,europe-west1-b,container/cpu/usage_time,61.11,%,61.11,,,,,,,,,A3_GCP_CPU
2026-03-24T16:51:00+00:00,custom-sim,gke_container,container-6456,europe-west1-b,container/cpu/usage_time,21.3,%,12.66,729955338,1024000000,95061,39120,0,custom,staging,0.1,
2026-03-24T16:52:00+00:00,custom-sim,gke_container,container-1422,europe-west1-b,container/cpu/usage_time,11.01,%,23.53,556775663,1024000000,28533,84731,0,custom,staging,0.1,
2026-03-24T16:53:00+00:00,custom-sim,gke_container,container-4434,europe-west1-b,container/cpu/usage_time,24.9,%,46.79,472154501,1024000000,81445,68999,0,custom,staging,0.1,
2026-03-24T16:54:00+00:00,custom-sim,gke_container,container-8611,europe-west1-b,container/cpu/usage_time,12.59,%,34.51,680177255,1024000000,33956,11194,0,custom,staging,0.1,
2026-03-24T16:55:00+00:00,custom-sim,gke_container,container-3450,europe-west1-b,container/cpu/usage_time,11.88,%,10.57,662727025,1024000000,85500,42521,0,custom,staging,0.1,
2026-03-24T16:56:00+00:00,custom-sim,gke_container,container-5355,europe-west1-b,container/cpu/usage_time,15.3,%,44.96,788043363,1024000000,18216,57476,0,custom,staging,0.1,
2026-03-24T16:57:00+00:00,custom-sim,gke_container,container-2510,europe-west1-b,container/cpu/usage_time,17.27,%,49.34,701190075,1024000000,25526,44714,0,custom,staging,0.1,
2026-03-24T16:58:00+00:00,custom-sim,gke_container,container-5895,europe-west1-b,container/cpu/usage_time,27.11,%,24.01,517955023,1024000000,46195,92012,0,custom,staging,0.1,
2026-03-24T16:59:00+00:00,custom-sim,gke_container,container-1612,europe-west1-b,container/cpu/usage_time,22.85,%,70.8,214015254,1024000000,64444,1837,0,custom,staging,0.1,
2026-03-24T17:00:00+00:00,custom-sim,gke_container,container-5864,europe-west1-b,container/cpu/usage_time,28.09,%,80.33,721868250,1024000000,21140,82848,0,custom,staging,0.1,
2026-03-24T17:00:00+00:00,custom-sim,gke_container,container-2059,europe-west1-b,container/cpu/usage_time,69.33,%,69.33,,,,,,,,,A3_GCP_CPU
2026-03-24T17:01:00+00:00,custom-sim,gke_container,container-9482,europe-west1-b,container/cpu/usage_time,29.82,%,61.68,442504404,1024000000,73774,51889,0,custom,staging,0.1,
2026-03-24T17:02:00+00:00,custom-sim,gke_container,container-7667,europe-west1-b,container/cpu/usage_time,10.0,%,33.28,104757634,1024000000,81426,24761,0,custom,staging,0.1,
2026-03-24T17:03:00+00:00,custom-sim,gke_container,container-7086,europe-west1-b,container/cpu/usage_time,15.62,%,44.22,349611211,1024000000,35415,12360,0,custom,staging,0.1,
2026-03-24T17:04:00+00:00,custom-sim,gke_container,container-3486,europe-west1-b,container/cpu/usage_time,20.36,%,81.45,539313791,1024000000,82527,35274,0,custom,staging,0.1,
2026-03-24T17:05:00+00:00,custom-sim,gke_container,container-9567,europe-west1-b,container/cpu/usage_time,21.93,%,46.57,226799172,1024000000,84433,72776,0,custom,staging,0.1,
2026-03-24T17:06:00+00:00,custom-sim,gke_container,container-4355,europe-west1-b,container/cpu/usage_time,11.67,%,78.82,784529118,1024000000,12891,21049,0,custom,staging,0.1,
2026-03-24T17:07:00+00:00,custom-sim,gke_container,container-2573,europe-west1-b,container/cpu/usage_time,29.67,%,65.6,632897313,1024000000,79088,77249,0,custom,staging,0.1,
2026-03-24T17:08:00+00:00,custom-sim,gke_container,container-4891,europe-west1-b,container/cpu/usage_time,14.78,%,10.38,351270084,1024000000,37139,82175,0,custom,staging,0.1,
2026-03-24T17:09:00+00:00,custom-sim,gke_container,container-8278,europe-west1-b,container/cpu/usage_time,21.4,%,37.0,477506971,1024000000,67359,80240,0,custom,staging,0.1,
2026-03-24T17:10:00+00:00,custom-sim,gke_container,container-2666,europe-west1-b,container/cpu/usage_time,10.1,%,63.23,379850851,1024000000,85454,37917,0,custom,staging,0.1,
2026-03-24T17:10:00+00:00,custom-sim,gke_container,container-9504,europe-west1-b,container/cpu/usage_time,77.56,%,77.56,,,,,,,,,A3_GCP_CPU
2026-03-24T17:11:00+00:00,custom-sim,gke_container,container-6854,europe-west1-b,container/cpu/usage_time,12.52,%,45.24,237540627,1024000000,63311,31425,0,custom,staging,0.1,
2026-03-24T17:12:00+00:00,custom-sim,gke_container,container-7731,europe-west1-b,container/cpu/usage_time,26.1,%,11.83,626020628,1024000000,59572,39874,0,custom,staging,0.1,
2026-03-24T17:13:00+00:00,custom-sim,gke_container,container-8140,europe-west1-b,container/cpu/usage_time,16.12,%,35.61,491722682,1024000000,60592,25995,0,custom,staging,0.1,
2026-03-24T17:14:00+00:00,custom-sim,gke_container,container-3060,europe-west1-b,container/cpu/usage_time,26.13,%,41.33,501813092,1024000000,76692,28605,0,custom,staging,0.1,
2026-03-24T17:15:00+00:00,custom-sim,gke_container,container-5385,europe-west1-b,container/cpu/usage_time,27.86,%,29.66,166467806,1024000000,59421,31575,0,custom,staging,0.1,
2026-03-24T17:16:00+00:00,custom-sim,gke_container,container-6814,europe-west1-b,container/cpu/usage_time,21.91,%,52.87,605986724,1024000000,61440,24316,0,custom,staging,0.1,
2026-03-24T17:17:00+00:00,custom-sim,gke_container,container-1888,europe-west1-b,container/cpu/usage_time,25.78,%,43.83,452048553,1024000000,90666,96264,0,custom,staging,0.1,
2026-03-24T17:18:00+00:00,custom-sim,gke_container,container-7258,europe-west1-b,container/cpu/usage_time,28.86,%,77.28,330304760,1024000000,25035,86144,0,custom,staging,0.1,
2026-03-24T17:19:00+00:00,custom-sim,gke_container,container-4974,europe-west1-b,container/cpu/usage_time,11.81,%,19.82,642629842,1024000000,60724,46521,0,custom,staging,0.1,
2026-03-24T17:20:00+00:00,custom-sim,gke_container,container-2752,europe-west1-b,container/cpu/usage_time,16.22,%,52.02,312051713,1024000000,70144,86491,0,custom,staging,0.1,
2026-03-24T17:20:00+00:00,custom-sim,gke_container,container-8813,europe-west1-b,container/cpu/usage_time,85.78,%,85.78,,,,,,,,,A3_GCP_CPU
2026-03-24T17:21:00+00:00,custom-sim,gke_container,container-6244,europe-west1-b,container/cpu/usage_time,25.44,%,40.76,637306170,1024000000,45147,19986,0,custom,staging,0.1,
2026-03-24T17:22:00+00:00,custom-sim,gke_container,container-6307,europe-west1-b,container/cpu/usage_time,14.33,%,59.18,703877660,1024000000,54673,41575,0,custom,staging,0.1,
2026-03-24T17:23:00+00:00,custom-sim,gke_container,container-8938,europe-west1-b,container/cpu/usage_time,29.62,%,31.95,799106111,1024000000,43030,19341,0,custom,staging,0.1,
2026-03-24T17:24:00+00:00,custom-sim,gke_container,container-2002,europe-west1-b,container/cpu/usage_time,10.97,%,24.55,370676652,1024000000,51269,16739,0,custom,staging,0.1,
2026-03-24T17:25:00+00:00,custom-sim,gke_container,container-2903,europe-west1-b,container/cpu/usage_time,28.75,%,13.73,440995671,1024000000,92247,45165,0,custom,staging,0.1,
2026-03-24T17:26:00+00:00,custom-sim,gke_container,container-9459,europe-west1-b,container/cpu/usage_time,27.39,%,76.33,583583549,1024000000,40405,41404,0,custom,staging,0.1,
2026-03-24T17:27:00+00:00,custom-sim,gke_container,container-8551,europe-west1-b,container/cpu/usage_time,23.23,%,16.29,323697506,1024000000,11554,32321,0,custom,staging,0.1,
2026-03-24T17:28:00+00:00,custom-sim,gke_container,container-3328,europe-west1-b,container/cpu/usage_time,28.66,%,46.14,587115694,1024000000,83654,55124,0,custom,staging,0.1,
2026-03-24T17:29:00+00:00,custom-sim,gke_container,container-2708,europe-west1-b,container/cpu/usage_time,14.98,%,20.35,567763466,1024000000,27289,42442,0,custom,staging,0.1,
2026-03-24T17:30:00+00:00,custom-sim,gke_container,container-6138,europe-west1-b,container/cpu/usage_time,29.76,%,87.21,224740452,1024000000,93708,28391,0,custom,staging,0.1,
2026-03-24T17:30:00+00:00,custom-sim,gke_container,container-1647,europe-west1-b,container/cpu/usage_time,94.0,%,94.0,,,,,,,,,A3_GCP_CPU
2026-03-24T17:31:00+00:00,custom-sim,gke_container,container-9043,europe-west1-b,container/cpu/usage_time,20.25,%,33.84,618770703,1024000000,69860,10251,0,custom,staging,0.1,
2026-03-24T17:32:00+00:00,custom-sim,gke_container,container-4794,europe-west1-b,container/cpu/usage_time,14.34,%,5.54,468602149,1024000000,55771,69177,0,custom,staging,0.1,
2026-03-24T17:32:00+00:00,custom-sim,gke_container,container-A4,europe-west1-b,container/restart_count,1,,,,,,,1,,,,A4_RESTART
2026-03-24T17:33:00+00:00,custom-sim,gke_container,container-8674,europe-west1-b,container/cpu/usage_time,11.57,%,43.9,565619338,1024000000,21154,97221,0,custom,staging,0.1,
2026-03-24T17:34:00+00:00,custom-sim,gke_container,container-5624,europe-west1-b,container/cpu/usage_time,13.99,%,88.87,423078234,1024000000,37231,32782,0,custom,staging,0.1,
2026-03-24T17:34:00+00:00,custom-sim,gke_container,container-A4,europe-west1-b,container/restart_count,2,,,,,,,2,,,,A4_RESTART
2026-03-24T17:35:00+00:00,custom-sim,gke_container,container-4674,europe-west1-b,container/cpu/usage_time,12.96,%,31.34,778636123,1024000000,82057,21218,0,custom,staging,0.1,
2026-03-24T17:36:00+00:00,custom-sim,gke_container,container-4842,europe-west1-b,container/cpu/usage_time,11.2,%,47.76,575773631,1024000000,53779,46761,0,custom,staging,0.1,
2026-03-24T17:37:00+00:00,custom-sim,gke_container,container-6635,europe-west1-b,container/cpu/usage_time,13.07,%,78.75,571088679,1024000000,84399,10602,0,custom,staging,0.1,
2026-03-24T17:38:00+00:00,custom-sim,gke_container,container-9987,europe-west1-b,container/cpu/usage_time,24.09,%,82.65,661810025,1024000000,60760,97442,0,custom,staging,0.1,
2026-03-24T17:39:00+00:00,custom-sim,gke_container,container-4233,europe-west1-b,container/cpu/usage_time,22.19,%,11.97,230693326,1024000000,39606,82329,0,custom,staging,0.1,
2026-03-24T17:40:00+00:00,custom-sim,gke_container,container-7409,europe-west1-b,container/cpu/usage_time,23.05,%,38.52,254868403,1024000000,43969,78071,0,custom,staging,0.1,
2026-03-24T17:41:00+00:00,custom-sim,gke_container,container-8395,europe-west1-b,container/cpu/usage_time,20.47,%,70.33,363880921,1024000000,42247,76660,0,custom,staging,0.1,
2026-03-24T17:42:00+00:00,custom-sim,gke_container,container-8199,europe-west1-b,container/cpu/usage_time,22.25,%,33.52,291365866,1024000000,13030,44827,0,custom,staging,0.1,
2026-03-24T17:43:00+00:00,custom-sim,gke_container,container-3567,europe-west1-b,container/cpu/usage_time,26.62,%,35.93,307121093,1024000000,19015,97013,0,custom,staging,0.1,
2026-03-24T17:44:00+00:00,custom-sim,gke_container,container-6998,europe-west1-b,container/cpu/usage_time,23.1,%,67.42,111312717,1024000000,51948,5599,0,custom,staging,0.1,
2026-03-24T17:45:00+00:00,custom-sim,gke_container,container-7644,europe-west1-b,container/cpu/usage_time,23.03,%,73.53,130640224,1024000000,46978,84717,0,custom,staging,0.1,
2026-03-24T17:46:00+00:00,custom-sim,gke_container,container-3868,europe-west1-b,container/cpu/usage_time,16.02,%,17.56,201664762,1024000000,2329,39655,0,custom,staging,0.1,
2026-03-24T17:47:00+00:00,custom-sim,gke_container,container-3446,europe-west1-b,container/cpu/usage_time,22.85,%,74.49,739454771,1024000000,3651,30552,0,custom,staging,0.1,
2026-03-24T17:48:00+00:00,custom-sim,gke_container,container-1874,europe-west1-b,container/cpu/usage_time,17.85,%,17.96,615940867,1024000000,75580,29679,0,custom,staging,0.1,
2026-03-24T17:49:00+00:00,custom-sim,gke_container,container-3943,europe-west1-b,container/cpu/usage_time,28.64,%,73.55,242183254,1024000000,44515,61283,0,custom,staging,0.1,
2026-03-24T17:50:00+00:00,custom-sim,gke_container,container-3617,europe-west1-b,container/cpu/usage_time,12.79,%,36.96,607054893,1024000000,56509,31461,0,custom,staging,0.1,
2026-03-24T17:51:00+00:00,custom-sim,gke_container,container-1756,europe-west1-b,container/cpu/usage_time,16.66,%,6.7,411516768,1024000000,92841,65989,0,custom,staging,0.1,
2026-03-24T17:52:00+00:00,custom-sim,gke_container,container-2347,europe-west1-b,container/cpu/usage_time,19.01,%,51.2,637877402,1024000000,77093,59548,0,custom,staging,0.1,
2026-03-24T17:53:00+00:00,custom-sim,gke_container,container-5122,europe-west1-b,container/cpu/usage_time,15.93,%,72.3,439225972,1024000000,15775,89925,0,custom,staging,0.1,
2026-03-24T17:54:00+00:00,custom-sim,gke_container,container-6117,europe-west1-b,container/cpu/usage_time,10.45,%,35.17,209862386,1024000000,34879,20079,0,custom,staging,0.1,
2026-03-24T17:55:00+00:00,custom-sim,gke_container,container-9983,europe-west1-b,container/cpu/usage_time,21.17,%,22.34,145595239,1024000000,70294,16002,0,custom,staging,0.1,
2026-03-24T17:56:00+00:00,custom-sim,gke_container,container-9709,europe-west1-b,container/cpu/usage_time,14.19,%,71.42,414656318,1024000000,99493,94546,0,custom,staging,0.1,
2026-03-24T17:57:00+00:00,custom-sim,gke_container,container-5280,europe-west1-b,container/cpu/usage_time,19.12,%,3.92,195512249,1024000000,83711,12633,0,custom,staging,0.1,
2026-03-24T17:58:00+00:00,custom-sim,gke_container,container-8145,europe-west1-b,container/cpu/usage_time,10.78,%,2.34,327575824,1024000000,77375,23902,0,custom,staging,0.1,
2026-03-24T17:59:00+00:00,custom-sim,gke_container,container-2425,europe-west1-b,container/cpu/usage_time,10.16,%,13.77,408652566,1024000000,52963,14674,0,custom,staging,0.1,
2026-03-24T18:00:00+00:00,custom-sim,gke_container,container-3470,europe-west1-b,container/cpu/usage_time,23.71,%,80.66,430495777,1024000000,34956,54900,0,custom,staging,0.1,
2026-03-24T18:01:00+00:00,custom-sim,gke_container,container-4497,europe-west1-b,container/cpu/usage_time,12.55,%,80.1,747409827,1024000000,30068,98304,0,custom,staging,0.1,
2026-03-24T18:02:00+00:00,custom-sim,gke_container,container-3413,europe-west1-b,container/cpu/usage_time,24.5,%,63.43,204743200,1024000000,92360,60748,0,custom,staging,0.1,
2026-03-24T18:03:00+00:00,custom-sim,gke_container,container-2222,europe-west1-b,container/cpu/usage_time,16.73,%,5.04,526190456,1024000000,43325,66107,0,custom,staging,0.1,
2026-03-24T18:04:00+00:00,custom-sim,gke_container,container-2723,europe-west1-b,container/cpu/usage_time,13.64,%,80.02,234509645,1024000000,20817,66714,0,custom,staging,0.1,
2026-03-24T18:05:00+00:00,custom-sim,gke_container,container-9368,europe-west1-b,container/cpu/usage_time,16.8,%,76.47,382190196,1024000000,78701,83823,0,custom,staging,0.1,
2026-03-24T18:06:00+00:00,custom-sim,gke_container,container-4621,europe-west1-b,container/cpu/usage_time,20.23,%,85.6,122357688,1024000000,92841,22806,0,custom,staging,0.1,
2026-03-24T18:07:00+00:00,custom-sim,gke_container,container-5535,europe-west1-b,container/cpu/usage_time,21.85,%,26.86,626687936,1024000000,82488,90337,0,custom,staging,0.1,
2026-03-24T18:08:00+00:00,custom-sim,gke_container,container-8559,europe-west1-b,container/cpu/usage_time,12.92,%,6.34,621995120,1024000000,24996,33394,0,custom,staging,0.1,
2026-03-24T18:09:00+00:00,custom-sim,gke_container,container-6973,europe-west1-b,container/cpu/usage_time,29.71,%,47.64,712438692,1024000000,31415,44810,0,custom,staging,0.1,
2026-03-24T18:10:00+00:00,custom-sim,gke_container,container-6300,europe-west1-b,container/cpu/usage_time,14.34,%,30.64,607078174,1024000000,46624,31916,0,custom,staging,0.1,
2026-03-24T18:11:00+00:00,custom-sim,gke_container,container-1942,europe-west1-b,container/cpu/usage_time,19.9,%,70.27,660036546,1024000000,27136,33621,0,custom,staging,0.1,
2026-03-24T18:12:00+00:00,custom-sim,gke_container,container-6268,europe-west1-b,container/cpu/usage_time,17.42,%,61.49,592932700,1024000000,52017,36829,0,custom,staging,0.1,
2026-03-24T18:13:00+00:00,custom-sim,gke_container,container-9209,europe-west1-b,container/cpu/usage_time,26.86,%,76.57,740849208,1024000000,21012,85032,0,custom,staging,0.1,
2026-03-24T18:14:00+00:00,custom-sim,gke_container,container-9209,europe-west1-b,container/cpu/usage_time,15.45,%,23.47,186503123,1024000000,32523,88691,0,custom,staging,0.1,
2026-03-24T18:15:00+00:00,custom-sim,gke_container,container-6919,europe-west1-b,container/cpu/usage_time,25.77,%,59.35,700468550,1024000000,30747,92960,0,custom,staging,0.1,
2026-03-24T18:16:00+00:00,custom-sim,gke_container,container-4357,europe-west1-b,container/cpu/usage_time,14.98,%,16.78,789308106,1024000000,8335,73108,0,custom,staging,0.1,
2026-03-24T18:17:00+00:00,custom-sim,gke_container,container-6835,europe-west1-b,container/cpu/usage_time,23.0,%,85.69,757967262,1024000000,14340,54438,0,custom,staging,0.1,
2026-03-24T18:18:00+00:00,custom-sim,gke_container,container-4460,europe-west1-b,container/cpu/usage_time,15.09,%,52.05,263087669,1024000000,77615,32597,0,custom,staging,0.1,
2026-03-24T18:19:00+00:00,custom-sim,gke_container,container-2460,europe-west1-b,container/cpu/usage_time,13.6,%,64.78,293089359,1024000000,44086,34014,0,custom,staging,0.1,
2026-03-24T18:20:00+00:00,custom-sim,gke_container,container-2732,europe-west1-b,container/cpu/usage_time,21.98,%,83.33,729641840,1024000000,75590,13159,0,custom,staging,0.1,
2026-03-24T18:21:00+00:00,custom-sim,gke_container,container-7407,europe-west1-b,container/cpu/usage_time,18.85,%,2.02,485629981,1024000000,45435,30776,0,custom,staging,0.1,
2026-03-24T18:22:00+00:00,custom-sim,gke_container,container-8122,europe-west1-b,container/cpu/usage_time,27.72,%,20.52,199018952,1024000000,95534,85663,0,custom,staging,0.1,
2026-03-24T18:23:00+00:00,custom-sim,gke_container,container-9601,europe-west1-b,container/cpu/usage_time,24.71,%,62.59,710888091,1024000000,92885,65792,0,custom,staging,0.1,
2026-03-24T18:24:00+00:00,custom-sim,gke_container,container-6911,europe-west1-b,container/cpu/usage_time,27.95,%,7.66,147263532,1024000000,39454,40217,0,custom,staging,0.1,
2026-03-24T18:25:00+00:00,custom-sim,gke_container,container-9641,europe-west1-b,container/cpu/usage_time,16.79,%,67.56,376324322,1024000000,69281,27699,0,custom,staging,0.1,
2026-03-24T18:26:00+00:00,custom-sim,gke_container,container-8666,europe-west1-b,container/cpu/usage_time,11.64,%,51.38,641426354,1024000000,97577,65548,0,custom,staging,0.1,
2026-03-24T18:27:00+00:00,custom-sim,gke_container,container-5332,europe-west1-b,container/cpu/usage_time,12.54,%,74.11,418248656,1024000000,10644,73654,0,custom,staging,0.1,
2026-03-24T18:28:00+00:00,custom-sim,gke_container,container-1262,europe-west1-b,container/cpu/usage_time,26.96,%,7.63,153364725,1024000000,18646,19410,0,custom,staging,0.1,
2026-03-24T18:29:00+00:00,custom-sim,gke_container,container-4542,europe-west1-b,container/cpu/usage_time,28.68,%,11.58,511708391,1024000000,97122,62415,0,custom,staging,0.1,
2026-03-24T18:30:00+00:00,custom-sim,gke_container,container-8445,europe-west1-b,container/cpu/usage_time,29.64,%,24.94,763865127,1024000000,86604,10712,0,custom,staging,0.1,
2026-03-24T18:31:00+00:00,custom-sim,gke_container,container-6821,europe-west1-b,container/cpu/usage_time,14.33,%,7.83,250480583,1024000000,2215,76340,0,custom,staging,0.1,
2026-03-24T18:32:00+00:00,custom-sim,gke_container,container-5246,europe-west1-b,container/cpu/usage_time,16.17,%,34.06,655562555,1024000000,16235,73686,0,custom,staging,0.1,
2026-03-24T18:33:00+00:00,custom-sim,gke_container,container-3250,europe-west1-b,container/cpu/usage_time,17.96,%,44.24,716286568,1024000000,45389,62814,0,custom,staging,0.1,
2026-03-24T18:34:00+00:00,custom-sim,gke_container,container-9751,europe-west1-b,container/cpu/usage_time,15.83,%,77.5,115564363,1024000000,55026,40157,0,custom,staging,0.1,
2026-03-24T18:35:00+00:00,custom-sim,gke_container,container-5619,europe-west1-b,container/cpu/usage_time,20.56,%,83.11,696503535,1024000000,8970,62445,0,custom,staging,0.1,
2026-03-24T18:36:00+00:00,custom-sim,gke_container,container-3542,europe-west1-b,container/cpu/usage_time,17.75,%,86.64,322874955,1024000000,89300,83028,0,custom,staging,0.1,
2026-03-24T18:37:00+00:00,custom-sim,gke_container,container-3279,europe-west1-b,container/cpu/usage_time,12.25,%,51.7,353049405,1024000000,42930,66948,0,custom,staging,0.1,
2026-03-24T18:38:00+00:00,custom-sim,gke_container,container-6467,europe-west1-b,container/cpu/usage_time,29.13,%,36.53,289731347,1024000000,13417,92530,0,custom,staging,0.1,
2026-03-24T18:39:00+00:00,custom-sim,gke_container,container-6290,europe-west1-b,container/cpu/usage_time,29.01,%,33.52,596915170,1024000000,11745,22276,0,custom,staging,0.1,
2026-03-24T18:40:00+00:00,custom-sim,gke_container,container-8748,europe-west1-b,container/cpu/usage_time,26.57,%,36.05,690083662,1024000000,83821,13651,0,custom,staging,0.1,
2026-03-24T18:41:00+00:00,custom-sim,gke_container,container-4102,europe-west1-b,container/cpu/usage_time,18.04,%,6.18,261327540,1024000000,27812,41254,0,custom,staging,0.1,
2026-03-24T18:42:00+00:00,custom-sim,gke_container,container-4594,europe-west1-b,container/cpu/usage_time,25.0,%,27.8,125363246,1024000000,37870,53079,0,custom,staging,0.1,
2026-03-24T18:43:00+00:00,custom-sim,gke_container,container-9089,europe-west1-b,container/cpu/usage_time,11.66,%,16.95,116573744,1024000000,25759,76440,0,custom,staging,0.1,
2026-03-24T18:44:00+00:00,custom-sim,gke_container,container-5853,europe-west1-b,container/cpu/usage_time,24.13,%,26.46,424593832,1024000000,96749,25538,0,custom,staging,0.1,
2026-03-24T18:45:00+00:00,custom-sim,gke_container,container-8456,europe-west1-b,container/cpu/usage_time,23.68,%,70.71,123194407,1024000000,33537,15572,0,custom,staging,0.1,
2026-03-24T18:46:00+00:00,custom-sim,gke_container,container-5158,europe-west1-b,container/cpu/usage_time,20.86,%,8.73,678881368,1024000000,13189,26300,0,custom,staging,0.1,
2026-03-24T18:47:00+00:00,custom-sim,gke_container,container-1100,europe-west1-b,container/cpu/usage_time,18.67,%,50.08,581656953,1024000000,42869,52079,0,custom,staging,0.1,
2026-03-24T18:48:00+00:00,custom-sim,gke_container,container-8008,europe-west1-b,container/cpu/usage_time,28.26,%,29.19,701680225,1024000000,3732,70473,0,custom,staging,0.1,
2026-03-24T18:49:00+00:00,custom-sim,gke_container,container-7762,europe-west1-b,container/cpu/usage_time,10.35,%,23.69,576966059,1024000000,65467,86799,0,custom,staging,0.1,
2026-03-24T18:50:00+00:00,custom-sim,gke_container,container-4145,europe-west1-b,container/cpu/usage_time,16.15,%,41.13,570454509,1024000000,30492,9242,0,custom,staging,0.1,
2026-03-24T18:51:00+00:00,custom-sim,gke_container,container-8232,europe-west1-b,container/cpu/usage_time,15.82,%,42.78,247111762,1024000000,59172,34545,0,custom,staging,0.1,
2026-03-24T18:52:00+00:00,custom-sim,gke_container,container-9963,europe-west1-b,container/cpu/usage_time,13.02,%,7.59,476425413,1024000000,20075,90223,0,custom,staging,0.1,
2026-03-24T18:53:00+00:00,custom-sim,gke_container,container-7448,europe-west1-b,container/cpu/usage_time,13.44,%,8.46,139583249,1024000000,68610,82839,0,custom,staging,0.1,
2026-03-24T18:54:00+00:00,custom-sim,gke_container,container-3954,europe-west1-b,container/cpu/usage_time,16.92,%,87.01,221916410,1024000000,41822,2067,0,custom,staging,0.1,
2026-03-24T18:55:00+00:00,custom-sim,gke_container,container-1111,europe-west1-b,container/cpu/usage_time,14.1,%,25.01,359284896,1024000000,45293,59927,0,custom,staging,0.1,
2026-03-24T18:56:00+00:00,custom-sim,gke_container,container-5043,europe-west1-b,container/cpu/usage_time,20.56,%,80.42,303847205,1024000000,35424,41291,0,custom,staging,0.1,
2026-03-24T18:57:00+00:00,custom-sim,gke_container,container-2815,europe-west1-b,container/cpu/usage_time,19.03,%,76.59,633156858,1024000000,64890,71769,0,custom,staging,0.1,
2026-03-24T18:58:00+00:00,custom-sim,gke_container,container-6692,europe-west1-b,container/cpu/usage_time,27.94,%,47.12,228273488,1024000000,28364,34026,0,custom,staging,0.1,
2026-03-24T18:59:00+00:00,custom-sim,gke_container,container-1897,europe-west1-b,container/cpu/usage_time,14.09,%,32.8,726792343,1024000000,5328,67611,0,custom,staging,0.1,
2026-03-24T19:00:00+00:00,custom-sim,gke_container,container-8061,europe-west1-b,container/cpu/usage_time,25.82,%,84.93,609122882,1024000000,64501,39489,0,custom,staging,0.1,
2026-03-24T19:01:00+00:00,custom-sim,gke_container,container-3743,europe-west1-b,container/cpu/usage_time,22.87,%,78.08,427197644,1024000000,19885,99942,0,custom,staging,0.1,
2026-03-24T19:02:00+00:00,custom-sim,gke_container,container-7962,europe-west1-b,container/cpu/usage_time,16.62,%,82.69,265623242,1024000000,32372,31499,0,custom,staging,0.1,
2026-03-24T19:03:00+00:00,custom-sim,gke_container,container-5959,europe-west1-b,container/cpu/usage_time,16.04,%,12.58,541730939,1024000000,97000,84526,0,custom,staging,0.1,
2026-03-24T19:04:00+00:00,custom-sim,gke_container,container-3524,europe-west1-b,container/cpu/usage_time,28.94,%,27.99,295403944,1024000000,4379,3626,0,custom,staging,0.1,
2026-03-24T19:05:00+00:00,custom-sim,gke_container,container-9179,europe-west1-b,container/cpu/usage_time,13.71,%,69.09,431770788,1024000000,42638,92272,0,custom,staging,0.1,
2026-03-24T19:06:00+00:00,custom-sim,gke_container,container-8657,europe-west1-b,container/cpu/usage_time,16.92,%,54.3,761124041,1024000000,75024,81937,0,custom,staging,0.1,
2026-03-24T19:07:00+00:00,custom-sim,gke_container,container-1306,europe-west1-b,container/cpu/usage_time,13.4,%,54.64,444226492,1024000000,89293,70249,0,custom,staging,0.1,
2026-03-24T19:08:00+00:00,custom-sim,gke_container,container-8827,europe-west1-b,container/cpu/usage_time,17.21,%,74.34,122462495,1024000000,62277,50356,0,custom,staging,0.1,
2026-03-24T19:09:00+00:00,custom-sim,gke_container,container-9079,europe-west1-b,container/cpu/usage_time,25.06,%,78.32,495891519,1024000000,65102,32681,0,custom,staging,0.1,
2026-03-24T19:10:00+00:00,custom-sim,gke_container,container-4849,europe-west1-b,container/cpu/usage_time,17.3,%,67.88,328467117,1024000000,49038,85725,0,custom,staging,0.1,
2026-03-24T19:11:00+00:00,custom-sim,gke_container,container-8291,europe-west1-b,container/cpu/usage_time,19.65,%,6.4,229540150,1024000000,35972,17040,0,custom,staging,0.1,
2026-03-24T19:12:00+00:00,custom-sim,gke_container,container-2339,europe-west1-b,container/cpu/usage_time,22.66,%,78.93,651285661,1024000000,69447,86070,0,custom,staging,0.1,
2026-03-24T19:13:00+00:00,custom-sim,gke_container,container-7544,europe-west1-b,container/cpu/usage_time,14.95,%,5.83,769345330,1024000000,19119,8411,0,custom,staging,0.1,
2026-03-24T19:14:00+00:00,custom-sim,gke_container,container-2922,europe-west1-b,container/cpu/usage_time,12.06,%,12.89,698352620,1024000000,1293,81764,0,custom,staging,0.1,
2026-03-24T19:15:00+00:00,custom-sim,gke_container,container-3483,europe-west1-b,container/cpu/usage_time,12.36,%,72.54,473042202,1024000000,12513,15112,0,custom,staging,0.1,
2026-03-24T19:16:00+00:00,custom-sim,gke_container,container-3214,europe-west1-b,container/cpu/usage_time,16.89,%,87.64,457930149,1024000000,56892,86489,0,custom,staging,0.1,
2026-03-24T19:17:00+00:00,custom-sim,gke_container,container-4016,europe-west1-b,container/cpu/usage_time,22.8,%,44.83,739208129,1024000000,87219,11401,0,custom,staging,0.1,
2026-03-24T19:18:00+00:00,custom-sim,gke_container,container-4786,europe-west1-b,container/cpu/usage_time,20.88,%,75.61,511194628,1024000000,6213,80969,0,custom,staging,0.1,
2026-03-24T19:19:00+00:00,custom-sim,gke_container,container-7179,europe-west1-b,container/cpu/usage_time,20.01,%,45.58,655802869,1024000000,15125,35433,0,custom,staging,0.1,
2026-03-24T19:20:00+00:00,custom-sim,gke_container,container-8535,europe-west1-b,container/cpu/usage_time,18.28,%,8.32,797596433,1024000000,8454,16841,0,custom,staging,0.1,
2026-03-24T19:21:00+00:00,custom-sim,gke_container,container-6309,europe-west1-b,container/cpu/usage_time,21.36,%,11.64,660780387,1024000000,55257,40541,0,custom,staging,0.1,
2026-03-24T19:22:00+00:00,custom-sim,gke_container,container-1462,europe-west1-b,container/cpu/usage_time,17.19,%,88.14,419770195,1024000000,38952,43288,0,custom,staging,0.1,
2026-03-24T19:23:00+00:00,custom-sim,gke_container,container-3842,europe-west1-b,container/cpu/usage_time,21.48,%,84.14,304026789,1024000000,24557,10608,0,custom,staging,0.1,
2026-03-24T19:24:00+00:00,custom-sim,gke_container,container-7748,europe-west1-b,container/cpu/usage_time,16.98,%,19.08,725434415,1024000000,7133,64520,0,custom,staging,0.1,
2026-03-24T19:25:00+00:00,custom-sim,gke_container,container-2126,europe-west1-b,container/cpu/usage_time,27.26,%,20.39,169333520,1024000000,42222,10951,0,custom,staging,0.1,
2026-03-24T19:26:00+00:00,custom-sim,gke_container,container-2131,europe-west1-b,container/cpu/usage_time,28.17,%,8.93,557712679,1024000000,40503,67641,0,custom,staging,0.1,
2026-03-24T19:27:00+00:00,custom-sim,gke_container,container-4789,europe-west1-b,container/cpu/usage_time,15.8,%,28.83,351123396,1024000000,28910,12347,0,custom,staging,0.1,
2026-03-24T19:28:00+00:00,custom-sim,gke_container,container-8414,europe-west1-b,container/cpu/usage_time,26.0,%,49.52,170516225,1024000000,95049,59600,0,custom,staging,0.1,
2026-03-24T19:29:00+00:00,custom-sim,gke_container,container-8882,europe-west1-b,container/cpu/usage_time,12.12,%,52.02,491207741,1024000000,7795,25201,0,custom,staging,0.1,
2026-03-24T19:30:00+00:00,custom-sim,gke_container,container-6099,europe-west1-b,container/cpu/usage_time,27.81,%,79.81,201099594,1024000000,31283,32368,0,custom,staging,0.1,
2026-03-24T19:31:00+00:00,custom-sim,gke_container,container-9714,europe-west1-b,container/cpu/usage_time,20.26,%,88.08,358720680,1024000000,60838,72192,0,custom,staging,0.1,
2026-03-24T19:32:00+00:00,custom-sim,gke_container,container-7404,europe-west1-b,container/cpu/usage_time,22.08,%,35.69,775936351,1024000000,65157,24180,0,custom,staging,0.1,
2026-03-24T19:33:00+00:00,custom-sim,gke_container,container-2732,europe-west1-b,container/cpu/usage_time,27.06,%,62.58,658058546,1024000000,51964,30536,0,custom,staging,0.1,
2026-03-24T19:34:00+00:00,custom-sim,gke_container,container-6983,europe-west1-b,container/cpu/usage_time,17.76,%,87.87,692218739,1024000000,25023,1553,0,custom,staging,0.1,
2026-03-24T19:35:00+00:00,custom-sim,gke_container,container-8349,europe-west1-b,container/cpu/usage_time,18.66,%,85.94,427953965,1024000000,27752,53513,0,custom,staging,0.1,
2026-03-24T19:36:00+00:00,custom-sim,gke_container,container-3138,europe-west1-b,container/cpu/usage_time,14.02,%,75.48,241493665,1024000000,60926,61078,0,custom,staging,0.1,
2026-03-24T19:37:00+00:00,custom-sim,gke_container,container-4261,europe-west1-b,container/cpu/usage_time,20.06,%,31.38,624242395,1024000000,10622,3573,0,custom,staging,0.1,
2026-03-24T19:38:00+00:00,custom-sim,gke_container,container-2564,europe-west1-b,container/cpu/usage_time,22.87,%,78.98,458879758,1024000000,73231,68279,0,custom,staging,0.1,
2026-03-24T19:39:00+00:00,custom-sim,gke_container,container-4478,europe-west1-b,container/cpu/usage_time,26.23,%,85.6,645173793,1024000000,60268,83471,0,custom,staging,0.1,
2026-03-24T19:40:00+00:00,custom-sim,gke_container,container-3627,europe-west1-b,container/cpu/usage_time,29.37,%,26.14,744741308,1024000000,1616,42835,0,custom,staging,0.1,
2026-03-24T19:41:00+00:00,custom-sim,gke_container,container-2449,europe-west1-b,container/cpu/usage_time,16.89,%,25.5,269677730,1024000000,88986,64533,0,custom,staging,0.1,
2026-03-24T19:42:00+00:00,custom-sim,gke_container,container-7821,europe-west1-b,container/cpu/usage_time,14.82,%,64.45,445875333,1024000000,32725,31458,0,custom,staging,0.1,
2026-03-24T19:43:00+00:00,custom-sim,gke_container,container-3608,europe-west1-b,container/cpu/usage_time,29.37,%,80.3,141434065,1024000000,44254,73362,0,custom,staging,0.1,
2026-03-24T19:44:00+00:00,custom-sim,gke_container,container-2672,europe-west1-b,container/cpu/usage_time,12.75,%,5.22,741393014,1024000000,22981,14097,0,custom,staging,0.1,
2026-03-24T19:45:00+00:00,custom-sim,gke_container,container-4159,europe-west1-b,container/cpu/usage_time,23.09,%,6.08,133660824,1024000000,45841,14172,0,custom,staging,0.1,
2026-03-24T19:46:00+00:00,custom-sim,gke_container,container-5606,europe-west1-b,container/cpu/usage_time,11.27,%,26.28,546493282,1024000000,80679,85558,0,custom,staging,0.1,
2026-03-24T19:47:00+00:00,custom-sim,gke_container,container-6975,europe-west1-b,container/cpu/usage_time,19.05,%,7.97,276343489,1024000000,25583,59421,0,custom,staging,0.1,
2026-03-24T19:48:00+00:00,custom-sim,gke_container,container-2720,europe-west1-b,container/cpu/usage_time,21.63,%,46.71,458118426,1024000000,98083,62499,0,custom,staging,0.1,
2026-03-24T19:49:00+00:00,custom-sim,gke_container,container-4281,europe-west1-b,container/cpu/usage_time,11.55,%,87.36,618768125,1024000000,2112,50372,0,custom,staging,0.1,
2026-03-24T19:50:00+00:00,custom-sim,gke_container,container-9601,europe-west1-b,container/cpu/usage_time,22.62,%,6.31,159666131,1024000000,57086,17741,0,custom,staging,0.1,
2026-03-24T19:51:00+00:00,custom-sim,gke_container,container-3447,europe-west1-b,container/cpu/usage_time,25.95,%,51.29,612414247,1024000000,64236,39937,0,custom,staging,0.1,
2026-03-24T19:52:00+00:00,custom-sim,gke_container,container-6936,europe-west1-b,container/cpu/usage_time,14.94,%,39.94,262460040,1024000000,72882,61734,0,custom,staging,0.1,
2026-03-24T19:53:00+00:00,custom-sim,gke_container,container-7139,europe-west1-b,container/cpu/usage_time,22.25,%,83.42,252983400,1024000000,41022,45084,0,custom,staging,0.1,
2026-03-24T19:54:00+00:00,custom-sim,gke_container,container-6964,europe-west1-b,container/cpu/usage_time,16.44,%,38.84,191774441,1024000000,8619,70418,0,custom,staging,0.1,
2026-03-24T19:55:00+00:00,custom-sim,gke_container,container-7581,europe-west1-b,container/cpu/usage_time,29.11,%,50.35,422732585,1024000000,97829,54725,0,custom,staging,0.1,
2026-03-24T19:56:00+00:00,custom-sim,gke_container,container-2729,europe-west1-b,container/cpu/usage_time,16.75,%,73.2,723937992,1024000000,52612,34200,0,custom,staging,0.1,
2026-03-24T19:57:00+00:00,custom-sim,gke_container,container-8942,europe-west1-b,container/cpu/usage_time,22.62,%,6.24,286020070,1024000000,28252,87522,0,custom,staging,0.1,
2026-03-24T19:58:00+00:00,custom-sim,gke_container,container-7653,europe-west1-b,container/cpu/usage_time,17.51,%,37.27,249224108,1024000000,96814,74322,0,custom,staging,0.1,
2026-03-24T19:59:00+00:00,custom-sim,gke_container,container-9728,europe-west1-b,container/cpu/usage_time,26.46,%,53.98,512588436,1024000000,86073,58888,0,custom,staging,0.1,
2026-03-24T20:00:00+00:00,custom-sim,gke_container,container-9577,europe-west1-b,container/cpu/usage_time,25.07,%,23.72,556066380,1024000000,62400,19272,0,custom,staging,0.1,
2026-03-24T20:01:00+00:00,custom-sim,gke_container,container-1728,europe-west1-b,container/cpu/usage_time,27.5,%,47.1,666863172,1024000000,20524,45378,0,custom,staging,0.1,
2026-03-24T20:02:00+00:00,custom-sim,gke_container,container-1698,europe-west1-b,container/cpu/usage_time,16.79,%,57.4,490603557,1024000000,95278,77139,0,custom,staging,0.1,
2026-03-24T20:03:00+00:00,custom-sim,gke_container,container-2000,europe-west1-b,container/cpu/usage_time,25.64,%,23.2,597817449,1024000000,47020,79280,0,custom,staging,0.1,
2026-03-24T20:04:00+00:00,custom-sim,gke_container,container-9791,europe-west1-b,container/cpu/usage_time,20.19,%,40.15,155981257,1024000000,57608,88791,0,custom,staging,0.1,
2026-03-24T20:05:00+00:00,custom-sim,gke_container,container-5981,europe-west1-b,container/cpu/usage_time,15.19,%,21.19,175800088,1024000000,74933,45422,0,custom,staging,0.1,
2026-03-24T20:06:00+00:00,custom-sim,gke_container,container-4593,europe-west1-b,container/cpu/usage_time,10.65,%,58.99,540314350,1024000000,5461,37280,0,custom,staging,0.1,
2026-03-24T20:07:00+00:00,custom-sim,gke_container,container-1344,europe-west1-b,container/cpu/usage_time,28.54,%,82.34,174108464,1024000000,25145,33519,0,custom,staging,0.1,
2026-03-24T20:08:00+00:00,custom-sim,gke_container,container-5516,europe-west1-b,container/cpu/usage_time,18.4,%,49.2,312208344,1024000000,64257,23438,0,custom,staging,0.1,
2026-03-24T20:09:00+00:00,custom-sim,gke_container,container-3187,europe-west1-b,container/cpu/usage_time,20.14,%,82.84,342949607,1024000000,97696,85443,0,custom,staging,0.1,
2026-03-24T20:10:00+00:00,custom-sim,gke_container,container-4011,europe-west1-b,container/cpu/usage_time,25.02,%,13.65,738313828,1024000000,90906,64160,0,custom,staging,0.1,
2026-03-24T20:11:00+00:00,custom-sim,gke_container,container-9267,europe-west1-b,container/cpu/usage_time,25.75,%,43.33,442867968,1024000000,29401,25596,0,custom,staging,0.1,
2026-03-24T20:12:00+00:00,custom-sim,gke_container,container-8127,europe-west1-b,container/cpu/usage_time,14.12,%,13.78,631134686,1024000000,82856,18851,0,custom,staging,0.1,
2026-03-24T20:13:00+00:00,custom-sim,gke_container,container-9924,europe-west1-b,container/cpu/usage_time,20.91,%,50.05,460993265,1024000000,85985,49219,0,custom,staging,0.1,
2026-03-24T20:14:00+00:00,custom-sim,gke_container,container-7935,europe-west1-b,container/cpu/usage_time,25.81,%,56.7,560696588,1024000000,6515,62120,0,custom,staging,0.1,
2026-03-24T20:15:00+00:00,custom-sim,gke_container,container-7186,europe-west1-b,container/cpu/usage_time,29.86,%,21.72,342757045,1024000000,29247,34708,0,custom,staging,0.1,
2026-03-24T20:16:00+00:00,custom-sim,gke_container,container-5735,europe-west1-b,container/cpu/usage_time,12.8,%,78.47,322266566,1024000000,58195,84092,0,custom,staging,0.1,
2026-03-24T20:17:00+00:00,custom-sim,gke_container,container-7915,europe-west1-b,container/cpu/usage_time,27.15,%,51.88,628611700,1024000000,59131,72504,0,custom,staging,0.1,
2026-03-24T20:18:00+00:00,custom-sim,gke_container,container-2420,europe-west1-b,container/cpu/usage_time,28.39,%,15.42,188758841,1024000000,34938,17190,0,custom,staging,0.1,
2026-03-24T20:19:00+00:00,custom-sim,gke_container,container-5492,europe-west1-b,container/cpu/usage_time,13.79,%,87.99,679959350,1024000000,87174,34623,0,custom,staging,0.1,
2026-03-24T20:20:00+00:00,custom-sim,gke_container,container-2470,europe-west1-b,container/cpu/usage_time,23.81,%,57.62,701075712,1024000000,6368,80153,0,custom,staging,0.1,
2026-03-24T20:21:00+00:00,custom-sim,gke_container,container-3364,europe-west1-b,container/cpu/usage_time,28.78,%,86.37,100833778,1024000000,96055,75962,0,custom,staging,0.1,
2026-03-24T20:22:00+00:00,custom-sim,gke_container,container-6991,europe-west1-b,container/cpu/usage_time,13.12,%,45.09,596843213,1024000000,27544,82773,0,custom,staging,0.1,
2026-03-24T20:23:00+00:00,custom-sim,gke_container,container-1512,europe-west1-b,container/cpu/usage_time,19.27,%,23.61,307379403,1024000000,81686,24418,0,custom,staging,0.1,
2026-03-24T20:24:00+00:00,custom-sim,gke_container,container-7727,europe-west1-b,container/cpu/usage_time,28.39,%,75.01,219371343,1024000000,62746,35981,0,custom,staging,0.1,
2026-03-24T20:25:00+00:00,custom-sim,gke_container,container-9214,europe-west1-b,container/cpu/usage_time,13.87,%,1.12,682634490,1024000000,96883,89997,0,custom,staging,0.1,
2026-03-24T20:26:00+00:00,custom-sim,gke_container,container-5697,europe-west1-b,container/cpu/usage_time,29.27,%,45.18,491605978,1024000000,26627,62690,0,custom,staging,0.1,
2026-03-24T20:27:00+00:00,custom-sim,gke_container,container-5203,europe-west1-b,container/cpu/usage_time,22.53,%,38.48,548089164,1024000000,60801,93679,0,custom,staging,0.1,
2026-03-24T20:28:00+00:00,custom-sim,gke_container,container-2756,europe-west1-b,container/cpu/usage_time,11.32,%,43.6,417852432,1024000000,99716,83021,0,custom,staging,0.1,
2026-03-24T20:29:00+00:00,custom-sim,gke_container,container-2083,europe-west1-b,container/cpu/usage_time,20.88,%,30.15,268909951,1024000000,47119,84782,0,custom,staging,0.1,
2026-03-24T20:30:00+00:00,custom-sim,gke_container,container-5219,europe-west1-b,container/cpu/usage_time,17.7,%,1.64,340687135,1024000000,9382,47514,0,custom,staging,0.1,
2026-03-24T20:31:00+00:00,custom-sim,gke_container,container-8652,europe-west1-b,container/cpu/usage_time,12.86,%,64.35,768828758,1024000000,68240,12144,0,custom,staging,0.1,
2026-03-24T20:32:00+00:00,custom-sim,gke_container,container-4033,europe-west1-b,container/cpu/usage_time,10.25,%,27.34,707159299,1024000000,75363,13650,0,custom,staging,0.1,
2026-03-24T20:33:00+00:00,custom-sim,gke_container,container-2041,europe-west1-b,container/cpu/usage_time,13.13,%,29.59,665433559,1024000000,21805,41186,0,custom,staging,0.1,
2026-03-24T20:34:00+00:00,custom-sim,gke_container,container-7281,europe-west1-b,container/cpu/usage_time,19.98,%,32.36,199263017,1024000000,47431,13106,0,custom,staging,0.1,
2026-03-24T20:35:00+00:00,custom-sim,gke_container,container-1602,europe-west1-b,container/cpu/usage_time,28.79,%,70.37,336758472,1024000000,66303,55650,0,custom,staging,0.1,
2026-03-24T20:36:00+00:00,custom-sim,gke_container,container-1293,europe-west1-b,container/cpu/usage_time,19.16,%,70.54,190367418,1024000000,62401,32362,0,custom,staging,0.1,
2026-03-24T20:37:00+00:00,custom-sim,gke_container,container-2867,europe-west1-b,container/cpu/usage_time,27.62,%,5.32,403804273,1024000000,91167,4217,0,custom,staging,0.1,
2026-03-24T20:38:00+00:00,custom-sim,gke_container,container-4924,europe-west1-b,container/cpu/usage_time,24.67,%,11.43,439310965,1024000000,86091,99827,0,custom,staging,0.1,
2026-03-24T20:39:00+00:00,custom-sim,gke_container,container-9323,europe-west1-b,container/cpu/usage_time,29.3,%,45.35,784489627,1024000000,85135,75264,0,custom,staging,0.1,
2026-03-24T20:40:00+00:00,custom-sim,gke_container,container-8440,europe-west1-b,container/cpu/usage_time,26.25,%,84.11,512406086,1024000000,78847,63246,0,custom,staging,0.1,
2026-03-24T20:41:00+00:00,custom-sim,gke_container,container-4701,europe-west1-b,container/cpu/usage_time,20.68,%,51.86,709182400,1024000000,86479,84059,0,custom,staging,0.1,
2026-03-24T20:42:00+00:00,custom-sim,gke_container,container-5516,europe-west1-b,container/cpu/usage_time,17.93,%,25.97,555749888,1024000000,27603,77730,0,custom,staging,0.1,
2026-03-24T20:43:00+00:00,custom-sim,gke_container,container-6301,europe-west1-b,container/cpu/usage_time,19.06,%,41.48,319052146,1024000000,6726,78043,0,custom,staging,0.1,
2026-03-24T20:44:00+00:00,custom-sim,gke_container,container-1338,europe-west1-b,container/cpu/usage_time,24.75,%,37.01,397061410,1024000000,97470,95075,0,custom,staging,0.1,
2026-03-24T20:45:00+00:00,custom-sim,gke_container,container-4357,europe-west1-b,container/cpu/usage_time,12.66,%,49.16,764273962,1024000000,3716,28545,0,custom,staging,0.1,
2026-03-24T20:46:00+00:00,custom-sim,gke_container,container-6456,europe-west1-b,container/cpu/usage_time,20.49,%,38.29,765374425,1024000000,64517,11413,0,custom,staging,0.1,
2026-03-24T20:47:00+00:00,custom-sim,gke_container,container-5169,europe-west1-b,container/cpu/usage_time,29.94,%,55.02,251152600,1024000000,6392,91294,0,custom,staging,0.1,
2026-03-24T20:48:00+00:00,custom-sim,gke_container,container-1457,europe-west1-b,container/cpu/usage_time,24.11,%,33.69,212802501,1024000000,84726,48421,0,custom,staging,0.1,
2026-03-24T20:49:00+00:00,custom-sim,gke_container,container-5290,europe-west1-b,container/cpu/usage_time,26.57,%,22.01,769275979,1024000000,6103,61287,0,custom,staging,0.1,
2026-03-24T20:50:00+00:00,custom-sim,gke_container,container-5891,europe-west1-b,container/cpu/usage_time,28.57,%,30.36,175715880,1024000000,16524,64621,0,custom,staging,0.1,
2026-03-24T20:51:00+00:00,custom-sim,gke_container,container-4635,europe-west1-b,container/cpu/usage_time,10.1,%,55.0,431023395,1024000000,89054,30982,0,custom,staging,0.1,
2026-03-24T20:52:00+00:00,custom-sim,gke_container,container-7385,europe-west1-b,container/cpu/usage_time,14.57,%,47.49,791017295,1024000000,95595,4573,0,custom,staging,0.1,
2026-03-24T20:53:00+00:00,custom-sim,gke_container,container-9459,europe-west1-b,container/cpu/usage_time,29.54,%,18.77,605364995,1024000000,54296,34452,0,custom,staging,0.1,
2026-03-24T20:54:00+00:00,custom-sim,gke_container,container-3063,europe-west1-b,container/cpu/usage_time,15.92,%,32.33,113387274,1024000000,21836,35582,0,custom,staging,0.1,
2026-03-24T20:55:00+00:00,custom-sim,gke_container,container-2970,europe-west1-b,container/cpu/usage_time,18.75,%,59.35,145133561,1024000000,23060,46828,0,custom,staging,0.1,
2026-03-24T20:56:00+00:00,custom-sim,gke_container,container-4651,europe-west1-b,container/cpu/usage_time,23.1,%,67.62,518923204,1024000000,32214,73556,0,custom,staging,0.1,
2026-03-24T20:57:00+00:00,custom-sim,gke_container,container-7699,europe-west1-b,container/cpu/usage_time,25.38,%,16.09,230364779,1024000000,79803,40027,0,custom,staging,0.1,
2026-03-24T20:58:00+00:00,custom-sim,gke_container,container-6707,europe-west1-b,container/cpu/usage_time,20.56,%,56.84,441711093,1024000000,44838,71728,0,custom,staging,0.1,
2026-03-24T20:59:00+00:00,custom-sim,gke_container,container-6303,europe-west1-b,container/cpu/usage_time,21.12,%,12.98,560121313,1024000000,31905,14797,0,custom,staging,0.1,
2026-03-24T21:00:00+00:00,custom-sim,gke_container,container-3027,europe-west1-b,container/cpu/usage_time,28.35,%,65.53,350554373,1024000000,64557,63802,0,custom,staging,0.1,
2026-03-24T21:01:00+00:00,custom-sim,gke_container,container-8286,europe-west1-b,container/cpu/usage_time,18.56,%,75.09,236815143,1024000000,84344,41536,0,custom,staging,0.1,
2026-03-24T21:02:00+00:00,custom-sim,gke_container,container-2320,europe-west1-b,container/cpu/usage_time,10.75,%,14.27,545816275,1024000000,50469,34358,0,custom,staging,0.1,
2026-03-24T21:03:00+00:00,custom-sim,gke_container,container-8434,europe-west1-b,container/cpu/usage_time,11.5,%,33.01,674435001,1024000000,89715,33978,0,custom,staging,0.1,
2026-03-24T21:04:00+00:00,custom-sim,gke_container,container-5666,europe-west1-b,container/cpu/usage_time,26.23,%,23.57,248199385,1024000000,57784,85255,0,custom,staging,0.1,
2026-03-24T21:05:00+00:00,custom-sim,gke_container,container-2831,europe-west1-b,container/cpu/usage_time,15.11,%,17.0,751353496,1024000000,11954,10939,0,custom,staging,0.1,
2026-03-24T21:06:00+00:00,custom-sim,gke_container,container-2161,europe-west1-b,container/cpu/usage_time,10.88,%,42.38,543325800,1024000000,51659,2539,0,custom,staging,0.1,
2026-03-24T21:07:00+00:00,custom-sim,gke_container,container-4674,europe-west1-b,container/cpu/usage_time,12.56,%,43.02,208028297,1024000000,16816,98617,0,custom,staging,0.1,
2026-03-24T21:08:00+00:00,custom-sim,gke_container,container-4851,europe-west1-b,container/cpu/usage_time,10.61,%,51.82,780658191,1024000000,41219,37410,0,custom,staging,0.1,
2026-03-24T21:09:00+00:00,custom-sim,gke_container,container-9414,europe-west1-b,container/cpu/usage_time,16.64,%,32.96,493045915,1024000000,31729,62978,0,custom,staging,0.1,
2026-03-24T21:10:00+00:00,custom-sim,gke_container,container-1630,europe-west1-b,container/cpu/usage_time,25.98,%,20.82,637043246,1024000000,50717,87482,0,custom,staging,0.1,
2026-03-24T21:11:00+00:00,custom-sim,gke_container,container-7299,europe-west1-b,container/cpu/usage_time,17.78,%,42.27,159057718,1024000000,33478,41963,0,custom,staging,0.1,
2026-03-24T21:12:00+00:00,custom-sim,gke_container,container-6283,europe-west1-b,container/cpu/usage_time,13.48,%,9.72,402002363,1024000000,8230,8832,0,custom,staging,0.1,
2026-03-24T21:13:00+00:00,custom-sim,gke_container,container-6013,europe-west1-b,container/cpu/usage_time,16.38,%,17.51,303886055,1024000000,57693,7624,0,custom,staging,0.1,
2026-03-24T21:14:00+00:00,custom-sim,gke_container,container-1873,europe-west1-b,container/cpu/usage_time,24.34,%,68.83,674200216,1024000000,6282,82899,0,custom,staging,0.1,
2026-03-24T21:15:00+00:00,custom-sim,gke_container,container-9824,europe-west1-b,container/cpu/usage_time,29.05,%,21.26,601780948,1024000000,21627,20956,0,custom,staging,0.1,
2026-03-24T21:16:00+00:00,custom-sim,gke_container,container-3765,europe-west1-b,container/cpu/usage_time,14.59,%,78.79,126696698,1024000000,99899,11048,0,custom,staging,0.1,
2026-03-24T21:17:00+00:00,custom-sim,gke_container,container-2344,europe-west1-b,container/cpu/usage_time,19.71,%,68.45,734929202,1024000000,13139,69924,0,custom,staging,0.1,
2026-03-24T21:18:00+00:00,custom-sim,gke_container,container-4940,europe-west1-b,container/cpu/usage_time,23.24,%,8.36,413603611,1024000000,58301,34856,0,custom,staging,0.1,
2026-03-24T21:19:00+00:00,custom-sim,gke_container,container-1644,europe-west1-b,container/cpu/usage_time,28.04,%,85.85,527929370,1024000000,98419,47842,0,custom,staging,0.1,
2026-03-24T21:20:00+00:00,custom-sim,gke_container,container-8058,europe-west1-b,container/cpu/usage_time,28.9,%,61.02,656970110,1024000000,4664,69022,0,custom,staging,0.1,
2026-03-24T21:21:00+00:00,custom-sim,gke_container,container-4315,europe-west1-b,container/cpu/usage_time,26.48,%,24.52,756216725,1024000000,52327,35601,0,custom,staging,0.1,
2026-03-24T21:22:00+00:00,custom-sim,gke_container,container-9463,europe-west1-b,container/cpu/usage_time,15.96,%,55.43,697746434,1024000000,42053,28391,0,custom,staging,0.1,
2026-03-24T21:23:00+00:00,custom-sim,gke_container,container-9690,europe-west1-b,container/cpu/usage_time,10.96,%,8.07,608917788,1024000000,88923,57344,0,custom,staging,0.1,
2026-03-24T21:24:00+00:00,custom-sim,gke_container,container-7494,europe-west1-b,container/cpu/usage_time,22.86,%,51.92,435052213,1024000000,3767,18053,0,custom,staging,0.1,
2026-03-24T21:25:00+00:00,custom-sim,gke_container,container-4732,europe-west1-b,container/cpu/usage_time,21.22,%,56.99,323503754,1024000000,50665,26052,0,custom,staging,0.1,
2026-03-24T21:26:00+00:00,custom-sim,gke_container,container-5969,europe-west1-b,container/cpu/usage_time,28.6,%,86.48,756995873,1024000000,87058,15277,0,custom,staging,0.1,
2026-03-24T21:27:00+00:00,custom-sim,gke_container,container-1522,europe-west1-b,container/cpu/usage_time,27.24,%,89.44,144066227,1024000000,95019,53544,0,custom,staging,0.1,
2026-03-24T21:28:00+00:00,custom-sim,gke_container,container-7821,europe-west1-b,container/cpu/usage_time,18.71,%,88.53,376516989,1024000000,49089,25245,0,custom,staging,0.1,
2026-03-24T21:29:00+00:00,custom-sim,gke_container,container-4838,europe-west1-b,container/cpu/usage_time,23.1,%,51.8,672867228,1024000000,67409,37493,0,custom,staging,0.1,
2026-03-24T21:30:00+00:00,custom-sim,gke_container,container-8535,europe-west1-b,container/cpu/usage_time,24.85,%,23.11,471806361,1024000000,99427,20273,0,custom,staging,0.1,
2026-03-24T21:31:00+00:00,custom-sim,gke_container,container-3097,europe-west1-b,container/cpu/usage_time,28.72,%,5.88,244711009,1024000000,79112,89009,0,custom,staging,0.1,
2026-03-24T21:32:00+00:00,custom-sim,gke_container,container-2452,europe-west1-b,container/cpu/usage_time,28.29,%,44.91,450813532,1024000000,91801,71148,0,custom,staging,0.1,
2026-03-24T21:33:00+00:00,custom-sim,gke_container,container-5829,europe-west1-b,container/cpu/usage_time,26.09,%,14.79,728736721,1024000000,82544,6146,0,custom,staging,0.1,
2026-03-24T21:34:00+00:00,custom-sim,gke_container,container-5583,europe-west1-b,container/cpu/usage_time,13.15,%,57.26,342141519,1024000000,36609,10574,0,custom,staging,0.1,
2026-03-24T21:35:00+00:00,custom-sim,gke_container,container-8071,europe-west1-b,container/cpu/usage_time,25.21,%,78.45,301556133,1024000000,33285,25256,0,custom,staging,0.1,
2026-03-24T21:36:00+00:00,custom-sim,gke_container,container-9375,europe-west1-b,container/cpu/usage_time,16.7,%,6.51,733759107,1024000000,5781,67930,0,custom,staging,0.1,
2026-03-24T21:37:00+00:00,custom-sim,gke_container,container-5573,europe-west1-b,container/cpu/usage_time,15.98,%,13.81,199613665,1024000000,86891,5861,0,custom,staging,0.1,
2026-03-24T21:38:00+00:00,custom-sim,gke_container,container-4649,europe-west1-b,container/cpu/usage_time,16.75,%,27.6,751796537,1024000000,5406,87175,0,custom,staging,0.1,
2026-03-24T21:39:00+00:00,custom-sim,gke_container,container-4208,europe-west1-b,container/cpu/usage_time,29.92,%,50.6,189422613,1024000000,35130,77741,0,custom,staging,0.1,
2026-03-24T21:40:00+00:00,custom-sim,gke_container,container-7842,europe-west1-b,container/cpu/usage_time,25.14,%,70.94,486456677,1024000000,42235,84239,0,custom,staging,0.1,
2026-03-24T21:41:00+00:00,custom-sim,gke_container,container-6545,europe-west1-b,container/cpu/usage_time,14.16,%,71.9,104141509,1024000000,12362,28298,0,custom,staging,0.1,
2026-03-24T21:42:00+00:00,custom-sim,gke_container,container-2218,europe-west1-b,container/cpu/usage_time,11.14,%,1.12,624601608,1024000000,69348,34030,0,custom,staging,0.1,
2026-03-24T21:43:00+00:00,custom-sim,gke_container,container-3730,europe-west1-b,container/cpu/usage_time,18.67,%,1.65,678917207,1024000000,82771,65763,0,custom,staging,0.1,
2026-03-24T21:44:00+00:00,custom-sim,gke_container,container-3585,europe-west1-b,container/cpu/usage_time,16.62,%,59.48,310662554,1024000000,81721,90429,0,custom,staging,0.1,
2026-03-24T21:45:00+00:00,custom-sim,gke_container,container-7208,europe-west1-b,container/cpu/usage_time,18.93,%,12.82,358400056,1024000000,8773,30078,0,custom,staging,0.1,
2026-03-24T21:46:00+00:00,custom-sim,gke_container,container-5326,europe-west1-b,container/cpu/usage_time,18.58,%,62.05,219895344,1024000000,9802,19165,0,custom,staging,0.1,
2026-03-24T21:47:00+00:00,custom-sim,gke_container,container-9961,europe-west1-b,container/cpu/usage_time,12.41,%,27.99,604477134,1024000000,74779,69531,0,custom,staging,0.1,
2026-03-24T21:48:00+00:00,custom-sim,gke_container,container-2164,europe-west1-b,container/cpu/usage_time,12.81,%,83.79,659647894,1024000000,57842,29471,0,custom,staging,0.1,
2026-03-24T21:49:00+00:00,custom-sim,gke_container,container-8678,europe-west1-b,container/cpu/usage_time,20.62,%,41.6,604528137,1024000000,39375,24973,0,custom,staging,0.1,
2026-03-24T21:50:00+00:00,custom-sim,gke_container,container-8567,europe-west1-b,container/cpu/usage_time,10.55,%,41.65,707343697,1024000000,19650,26196,0,custom,staging,0.1,
2026-03-24T21:51:00+00:00,custom-sim,gke_container,container-9443,europe-west1-b,container/cpu/usage_time,14.38,%,54.36,595723010,1024000000,6714,15212,0,custom,staging,0.1,
2026-03-24T21:52:00+00:00,custom-sim,gke_container,container-8477,europe-west1-b,container/cpu/usage_time,13.1,%,78.66,748711807,1024000000,83676,92199,0,custom,staging,0.1,
2026-03-24T21:53:00+00:00,custom-sim,gke_container,container-2633,europe-west1-b,container/cpu/usage_time,11.53,%,18.12,422922613,1024000000,86018,50089,0,custom,staging,0.1,
2026-03-24T21:54:00+00:00,custom-sim,gke_container,container-3141,europe-west1-b,container/cpu/usage_time,23.03,%,83.38,134310728,1024000000,85392,43315,0,custom,staging,0.1,
2026-03-24T21:55:00+00:00,custom-sim,gke_container,container-6052,europe-west1-b,container/cpu/usage_time,16.84,%,4.12,646609563,1024000000,46895,30376,0,custom,staging,0.1,
2026-03-24T21:56:00+00:00,custom-sim,gke_container,container-4785,europe-west1-b,container/cpu/usage_time,13.76,%,18.17,333613657,1024000000,49832,71596,0,custom,staging,0.1,
2026-03-24T21:57:00+00:00,custom-sim,gke_container,container-2069,europe-west1-b,container/cpu/usage_time,25.52,%,1.04,560792003,1024000000,57837,7866,0,custom,staging,0.1,
2026-03-24T21:58:00+00:00,custom-sim,gke_container,container-8235,europe-west1-b,container/cpu/usage_time,11.05,%,34.24,590776489,1024000000,97749,60590,0,custom,staging,0.1,
2026-03-24T21:59:00+00:00,custom-sim,gke_container,container-8984,europe-west1-b,container/cpu/usage_time,25.02,%,47.78,620548150,1024000000,3992,57483,0,custom,staging,0.1,
2026-03-24T22:00:00+00:00,custom-sim,gke_container,container-4025,europe-west1-b,container/cpu/usage_time,18.29,%,62.8,356356726,1024000000,72426,88215,0,custom,staging,0.1,
2026-03-24T22:01:00+00:00,custom-sim,gke_container,container-5106,europe-west1-b,container/cpu/usage_time,18.04,%,66.12,605466659,1024000000,18155,49600,0,custom,staging,0.1,
2026-03-24T22:02:00+00:00,custom-sim,gke_container,container-3737,europe-west1-b,container/cpu/usage_time,14.06,%,25.53,376994412,1024000000,74723,46935,0,custom,staging,0.1,
2026-03-24T22:03:00+00:00,custom-sim,gke_container,container-3356,europe-west1-b,container/cpu/usage_time,18.43,%,59.35,773188695,1024000000,75143,77139,0,custom,staging,0.1,
2026-03-24T22:04:00+00:00,custom-sim,gke_container,container-6756,europe-west1-b,container/cpu/usage_time,25.38,%,9.97,379883236,1024000000,47311,88824,0,custom,staging,0.1,
2026-03-24T22:05:00+00:00,custom-sim,gke_container,container-6310,europe-west1-b,container/cpu/usage_time,16.03,%,89.61,506819658,1024000000,4444,82758,0,custom,staging,0.1,
2026-03-24T22:06:00+00:00,custom-sim,gke_container,container-3523,europe-west1-b,container/cpu/usage_time,24.79,%,40.42,248934879,1024000000,37338,63221,0,custom,staging,0.1,
2026-03-24T22:07:00+00:00,custom-sim,gke_container,container-8984,europe-west1-b,container/cpu/usage_time,19.04,%,23.66,415552254,1024000000,81721,46824,0,custom,staging,0.1,
2026-03-24T22:08:00+00:00,custom-sim,gke_container,container-2695,europe-west1-b,container/cpu/usage_time,21.95,%,67.65,791442199,1024000000,92619,58358,0,custom,staging,0.1,
2026-03-24T22:09:00+00:00,custom-sim,gke_container,container-2348,europe-west1-b,container/cpu/usage_time,18.74,%,24.6,543471876,1024000000,93641,37211,0,custom,staging,0.1,
2026-03-24T22:10:00+00:00,custom-sim,gke_container,container-4479,europe-west1-b,container/cpu/usage_time,23.29,%,63.94,455546673,1024000000,49156,19834,0,custom,staging,0.1,
2026-03-24T22:11:00+00:00,custom-sim,gke_container,container-6533,europe-west1-b,container/cpu/usage_time,21.32,%,45.68,728229184,1024000000,15295,31495,0,custom,staging,0.1,
2026-03-24T22:12:00+00:00,custom-sim,gke_container,container-4881,europe-west1-b,container/cpu/usage_time,13.22,%,19.37,330559328,1024000000,75406,27350,0,custom,staging,0.1,
2026-03-24T22:13:00+00:00,custom-sim,gke_container,container-7467,europe-west1-b,container/cpu/usage_time,27.84,%,5.52,581799524,1024000000,17533,43044,0,custom,staging,0.1,
2026-03-24T22:14:00+00:00,custom-sim,gke_container,container-3411,europe-west1-b,container/cpu/usage_time,23.42,%,84.65,465400026,1024000000,73204,80324,0,custom,staging,0.1,
2026-03-24T22:15:00+00:00,custom-sim,gke_container,container-5519,europe-west1-b,container/cpu/usage_time,18.66,%,78.47,187313450,1024000000,64739,73270,0,custom,staging,0.1,
2026-03-24T22:16:00+00:00,custom-sim,gke_container,container-6750,europe-west1-b,container/cpu/usage_time,24.71,%,78.72,704521786,1024000000,76897,87641,0,custom,staging,0.1,
2026-03-24T22:17:00+00:00,custom-sim,gke_container,container-7826,europe-west1-b,container/cpu/usage_time,16.99,%,26.29,525985458,1024000000,31932,29359,0,custom,staging,0.1,
2026-03-24T22:18:00+00:00,custom-sim,gke_container,container-2923,europe-west1-b,container/cpu/usage_time,23.33,%,46.34,395417205,1024000000,74614,75754,0,custom,staging,0.1,
2026-03-24T22:19:00+00:00,custom-sim,gke_container,container-9211,europe-west1-b,container/cpu/usage_time,14.95,%,42.28,763078349,1024000000,77515,45326,0,custom,staging,0.1,
2026-03-24T22:20:00+00:00,custom-sim,gke_container,container-7304,europe-west1-b,container/cpu/usage_time,12.14,%,72.29,170857907,1024000000,59244,63001,0,custom,staging,0.1,
2026-03-24T22:21:00+00:00,custom-sim,gke_container,container-1216,europe-west1-b,container/cpu/usage_time,24.54,%,36.99,371501205,1024000000,2195,72963,0,custom,staging,0.1,
2026-03-24T22:22:00+00:00,custom-sim,gke_container,container-5534,europe-west1-b,container/cpu/usage_time,17.07,%,82.2,449874954,1024000000,85273,74365,0,custom,staging,0.1,
2026-03-24T22:23:00+00:00,custom-sim,gke_container,container-5997,europe-west1-b,container/cpu/usage_time,10.66,%,69.54,700890088,1024000000,99949,24376,0,custom,staging,0.1,
2026-03-24T22:24:00+00:00,custom-sim,gke_container,container-6338,europe-west1-b,container/cpu/usage_time,24.05,%,46.14,237033912,1024000000,24672,35434,0,custom,staging,0.1,
2026-03-24T22:25:00+00:00,custom-sim,gke_container,container-2988,europe-west1-b,container/cpu/usage_time,19.97,%,71.11,778425576,1024000000,7275,40989,0,custom,staging,0.1,
2026-03-24T22:26:00+00:00,custom-sim,gke_container,container-2943,europe-west1-b,container/cpu/usage_time,16.0,%,23.14,716468249,1024000000,21993,35208,0,custom,staging,0.1,
2026-03-24T22:27:00+00:00,custom-sim,gke_container,container-6203,europe-west1-b,container/cpu/usage_time,19.56,%,4.12,327725984,1024000000,97575,32795,0,custom,staging,0.1,
2026-03-24T22:28:00+00:00,custom-sim,gke_container,container-7148,europe-west1-b,container/cpu/usage_time,14.84,%,45.67,634173485,1024000000,69103,67590,0,custom,staging,0.1,
2026-03-24T22:29:00+00:00,custom-sim,gke_container,container-8973,europe-west1-b,container/cpu/usage_time,13.26,%,43.83,190403636,1024000000,16396,36185,0,custom,staging,0.1,
2026-03-24T22:30:00+00:00,custom-sim,gke_container,container-3886,europe-west1-b,container/cpu/usage_time,18.23,%,26.87,456965967,1024000000,1735,53621,0,custom,staging,0.1,
2026-03-24T22:31:00+00:00,custom-sim,gke_container,container-8959,europe-west1-b,container/cpu/usage_time,26.79,%,20.16,680806926,1024000000,51586,24240,0,custom,staging,0.1,
2026-03-24T22:32:00+00:00,custom-sim,gke_container,container-5291,europe-west1-b,container/cpu/usage_time,14.52,%,67.85,649352976,1024000000,4386,78224,0,custom,staging,0.1,
2026-03-24T22:33:00+00:00,custom-sim,gke_container,container-3126,europe-west1-b,container/cpu/usage_time,15.74,%,71.49,480341089,1024000000,29917,38974,0,custom,staging,0.1,
2026-03-24T22:34:00+00:00,custom-sim,gke_container,container-6766,europe-west1-b,container/cpu/usage_time,28.27,%,58.63,258317246,1024000000,8059,66415,0,custom,staging,0.1,
2026-03-24T22:35:00+00:00,custom-sim,gke_container,container-6710,europe-west1-b,container/cpu/usage_time,18.08,%,29.85,113752104,1024000000,25479,42806,0,custom,staging,0.1,
2026-03-24T22:36:00+00:00,custom-sim,gke_container,container-5692,europe-west1-b,container/cpu/usage_time,17.24,%,1.48,576385377,1024000000,58438,74131,0,custom,staging,0.1,
2026-03-24T22:37:00+00:00,custom-sim,gke_container,container-3907,europe-west1-b,container/cpu/usage_time,11.19,%,51.6,405720863,1024000000,55220,7047,0,custom,staging,0.1,
2026-03-24T22:38:00+00:00,custom-sim,gke_container,container-3993,europe-west1-b,container/cpu/usage_time,28.1,%,28.65,142502396,1024000000,20690,30917,0,custom,staging,0.1,
2026-03-24T22:39:00+00:00,custom-sim,gke_container,container-4102,europe-west1-b,container/cpu/usage_time,12.8,%,42.95,541668098,1024000000,43928,1648,0,custom,staging,0.1,
2026-03-24T22:40:00+00:00,custom-sim,gke_container,container-2736,europe-west1-b,container/cpu/usage_time,26.46,%,58.02,203322695,1024000000,99427,37733,0,custom,staging,0.1,
2026-03-24T22:41:00+00:00,custom-sim,gke_container,container-4106,europe-west1-b,container/cpu/usage_time,28.48,%,18.87,163023779,1024000000,4567,4509,0,custom,staging,0.1,
2026-03-24T22:42:00+00:00,custom-sim,gke_container,container-3431,europe-west1-b,container/cpu/usage_time,12.91,%,15.25,640183598,1024000000,24234,95372,0,custom,staging,0.1,
2026-03-24T22:43:00+00:00,custom-sim,gke_container,container-4576,europe-west1-b,container/cpu/usage_time,11.94,%,9.34,196645211,1024000000,83749,74512,0,custom,staging,0.1,
2026-03-24T22:44:00+00:00,custom-sim,gke_container,container-3366,europe-west1-b,container/cpu/usage_time,22.11,%,62.75,338118754,1024000000,46432,79979,0,custom,staging,0.1,
2026-03-24T22:45:00+00:00,custom-sim,gke_container,container-4886,europe-west1-b,container/cpu/usage_time,22.03,%,77.54,252442373,1024000000,72819,55591,0,custom,staging,0.1,
2026-03-24T22:46:00+00:00,custom-sim,gke_container,container-1987,europe-west1-b,container/cpu/usage_time,21.28,%,37.65,524879546,1024000000,60197,81246,0,custom,staging,0.1,
2026-03-24T22:47:00+00:00,custom-sim,gke_container,container-8320,europe-west1-b,container/cpu/usage_time,24.1,%,67.64,397339183,1024000000,72230,3360,0,custom,staging,0.1,
2026-03-24T22:48:00+00:00,custom-sim,gke_container,container-4320,europe-west1-b,container/cpu/usage_time,13.63,%,50.93,344141195,1024000000,7481,23771,0,custom,staging,0.1,
2026-03-24T22:49:00+00:00,custom-sim,gke_container,container-2014,europe-west1-b,container/cpu/usage_time,26.32,%,84.91,657913573,1024000000,59741,18404,0,custom,staging,0.1,
2026-03-24T22:50:00+00:00,custom-sim,gke_container,container-6146,europe-west1-b,container/cpu/usage_time,29.01,%,44.5,577389158,1024000000,31010,79610,0,custom,staging,0.1,
2026-03-24T22:51:00+00:00,custom-sim,gke_container,container-7603,europe-west1-b,container/cpu/usage_time,20.89,%,40.07,132103823,1024000000,66171,59080,0,custom,staging,0.1,
2026-03-24T22:52:00+00:00,custom-sim,gke_container,container-9733,europe-west1-b,container/cpu/usage_time,17.01,%,73.37,342459068,1024000000,74985,35409,0,custom,staging,0.1,
2026-03-24T22:53:00+00:00,custom-sim,gke_container,container-6636,europe-west1-b,container/cpu/usage_time,29.28,%,11.93,723761691,1024000000,81666,80064,0,custom,staging,0.1,
2026-03-24T22:54:00+00:00,custom-sim,gke_container,container-9621,europe-west1-b,container/cpu/usage_time,21.33,%,19.57,294784815,1024000000,38822,82911,0,custom,staging,0.1,
2026-03-24T22:55:00+00:00,custom-sim,gke_container,container-8021,europe-west1-b,container/cpu/usage_time,24.84,%,40.43,366099334,1024000000,62344,85277,0,custom,staging,0.1,
2026-03-24T22:56:00+00:00,custom-sim,gke_container,container-7909,europe-west1-b,container/cpu/usage_time,17.84,%,14.46,132746032,1024000000,4231,62564,0,custom,staging,0.1,
2026-03-24T22:57:00+00:00,custom-sim,gke_container,container-7652,europe-west1-b,container/cpu/usage_time,25.11,%,2.03,182226809,1024000000,3956,90086,0,custom,staging,0.1,
2026-03-24T22:58:00+00:00,custom-sim,gke_container,container-4634,europe-west1-b,container/cpu/usage_time,19.71,%,24.18,142626828,1024000000,89716,87381,0,custom,staging,0.1,
2026-03-24T22:59:00+00:00,custom-sim,gke_container,container-2763,europe-west1-b,container/cpu/usage_time,14.05,%,25.74,631191059,1024000000,2700,4699,0,custom,staging,0.1,
2026-03-24T23:00:00+00:00,custom-sim,gke_container,container-6690,europe-west1-b,container/cpu/usage_time,11.89,%,84.52,779161666,1024000000,14496,19837,0,custom,staging,0.1,
2026-03-24T23:01:00+00:00,custom-sim,gke_container,container-8421,europe-west1-b,container/cpu/usage_time,25.64,%,73.13,157044560,1024000000,95748,40872,0,custom,staging,0.1,
2026-03-24T23:02:00+00:00,custom-sim,gke_container,container-1573,europe-west1-b,container/cpu/usage_time,10.43,%,67.31,541629876,1024000000,78041,8997,0,custom,staging,0.1,
2026-03-24T23:03:00+00:00,custom-sim,gke_container,container-8681,europe-west1-b,container/cpu/usage_time,26.48,%,21.48,519431695,1024000000,36769,17205,0,custom,staging,0.1,
2026-03-24T23:04:00+00:00,custom-sim,gke_container,container-3651,europe-west1-b,container/cpu/usage_time,19.53,%,84.35,250451723,1024000000,86725,6461,0,custom,staging,0.1,
2026-03-24T23:05:00+00:00,custom-sim,gke_container,container-8691,europe-west1-b,container/cpu/usage_time,11.72,%,33.35,612326607,1024000000,25634,2746,0,custom,staging,0.1,
2026-03-24T23:06:00+00:00,custom-sim,gke_container,container-7566,europe-west1-b,container/cpu/usage_time,11.79,%,36.91,515718093,1024000000,10368,81688,0,custom,staging,0.1,
2026-03-24T23:07:00+00:00,custom-sim,gke_container,container-8948,europe-west1-b,container/cpu/usage_time,12.75,%,66.77,141676543,1024000000,56358,75996,0,custom,staging,0.1,
2026-03-24T23:08:00+00:00,custom-sim,gke_container,container-7801,europe-west1-b,container/cpu/usage_time,25.11,%,48.58,436666664,1024000000,49237,45488,0,custom,staging,0.1,
2026-03-24T23:09:00+00:00,custom-sim,gke_container,container-8028,europe-west1-b,container/cpu/usage_time,15.93,%,54.41,398012459,1024000000,37986,20506,0,custom,staging,0.1,
2026-03-24T23:10:00+00:00,custom-sim,gke_container,container-7407,europe-west1-b,container/cpu/usage_time,10.85,%,60.46,415961566,1024000000,83274,50628,0,custom,staging,0.1,
2026-03-24T23:11:00+00:00,custom-sim,gke_container,container-4063,europe-west1-b,container/cpu/usage_time,21.88,%,72.04,542439738,1024000000,55454,33363,0,custom,staging,0.1,
2026-03-24T23:12:00+00:00,custom-sim,gke_container,container-1604,europe-west1-b,container/cpu/usage_time,17.63,%,57.33,162072904,1024000000,11951,35060,0,custom,staging,0.1,
2026-03-24T23:13:00+00:00,custom-sim,gke_container,container-9308,europe-west1-b,container/cpu/usage_time,10.78,%,52.99,597699010,1024000000,6924,52559,0,custom,staging,0.1,
2026-03-24T23:14:00+00:00,custom-sim,gke_container,container-9329,europe-west1-b,container/cpu/usage_time,21.44,%,31.09,164798390,1024000000,47213,68892,0,custom,staging,0.1,
2026-03-24T23:15:00+00:00,custom-sim,gke_container,container-2308,europe-west1-b,container/cpu/usage_time,12.63,%,75.95,442136354,1024000000,17891,41402,0,custom,staging,0.1,
2026-03-24T23:16:00+00:00,custom-sim,gke_container,container-5391,europe-west1-b,container/cpu/usage_time,21.6,%,86.5,644642863,1024000000,58319,53742,0,custom,staging,0.1,
2026-03-24T23:17:00+00:00,custom-sim,gke_container,container-3119,europe-west1-b,container/cpu/usage_time,14.15,%,15.71,781521189,1024000000,62125,17328,0,custom,staging,0.1,
2026-03-24T23:18:00+00:00,custom-sim,gke_container,container-5876,europe-west1-b,container/cpu/usage_time,16.36,%,34.84,440907891,1024000000,70798,77336,0,custom,staging,0.1,
2026-03-24T23:19:00+00:00,custom-sim,gke_container,container-7135,europe-west1-b,container/cpu/usage_time,17.83,%,73.52,698435870,1024000000,80649,69112,0,custom,staging,0.1,
2026-03-24T23:20:00+00:00,custom-sim,gke_container,container-2522,europe-west1-b,container/cpu/usage_time,21.37,%,10.42,712369664,1024000000,18842,65697,0,custom,staging,0.1,
2026-03-24T23:21:00+00:00,custom-sim,gke_container,container-6494,europe-west1-b,container/cpu/usage_time,15.52,%,83.1,153406469,1024000000,34838,33579,0,custom,staging,0.1,
2026-03-24T23:22:00+00:00,custom-sim,gke_container,container-6070,europe-west1-b,container/cpu/usage_time,27.16,%,13.29,783243571,1024000000,19693,37025,0,custom,staging,0.1,
2026-03-24T23:23:00+00:00,custom-sim,gke_container,container-8982,europe-west1-b,container/cpu/usage_time,11.53,%,28.26,411515077,1024000000,31077,73186,0,custom,staging,0.1,
2026-03-24T23:24:00+00:00,custom-sim,gke_container,container-3483,europe-west1-b,container/cpu/usage_time,10.73,%,78.68,401781972,1024000000,74523,52584,0,custom,staging,0.1,
2026-03-24T23:25:00+00:00,custom-sim,gke_container,container-8278,europe-west1-b,container/cpu/usage_time,19.29,%,40.41,485799213,1024000000,58354,61818,0,custom,staging,0.1,
2026-03-24T23:26:00+00:00,custom-sim,gke_container,container-2167,europe-west1-b,container/cpu/usage_time,16.61,%,19.75,406756281,1024000000,14109,36000,0,custom,staging,0.1,
2026-03-24T23:27:00+00:00,custom-sim,gke_container,container-6610,europe-west1-b,container/cpu/usage_time,19.75,%,42.83,383089220,1024000000,59736,51736,0,custom,staging,0.1,
2026-03-24T23:28:00+00:00,custom-sim,gke_container,container-3113,europe-west1-b,container/cpu/usage_time,12.54,%,6.25,108325870,1024000000,7104,57250,0,custom,staging,0.1,
2026-03-24T23:29:00+00:00,custom-sim,gke_container,container-2293,europe-west1-b,container/cpu/usage_time,27.07,%,3.48,252170195,1024000000,30249,42971,0,custom,staging,0.1,
2026-03-24T23:30:00+00:00,custom-sim,gke_container,container-8261,europe-west1-b,container/cpu/usage_time,26.32,%,26.08,470356187,1024000000,66366,54660,0,custom,staging,0.1,
2026-03-24T23:31:00+00:00,custom-sim,gke_container,container-5687,europe-west1-b,container/cpu/usage_time,18.8,%,75.54,440089457,1024000000,86012,94967,0,custom,staging,0.1,
2026-03-24T23:32:00+00:00,custom-sim,gke_container,container-1099,europe-west1-b,container/cpu/usage_time,29.89,%,87.15,715709186,1024000000,9363,51186,0,custom,staging,0.1,
2026-03-24T23:33:00+00:00,custom-sim,gke_container,container-3056,europe-west1-b,container/cpu/usage_time,18.02,%,75.93,219073415,1024000000,87904,70747,0,custom,staging,0.1,
2026-03-24T23:34:00+00:00,custom-sim,gke_container,container-9691,europe-west1-b,container/cpu/usage_time,24.35,%,53.68,299166976,1024000000,19483,62095,0,custom,staging,0.1,
2026-03-24T23:35:00+00:00,custom-sim,gke_container,container-1205,europe-west1-b,container/cpu/usage_time,18.2,%,23.26,110547485,1024000000,62214,68960,0,custom,staging,0.1,
2026-03-24T23:36:00+00:00,custom-sim,gke_container,container-3632,europe-west1-b,container/cpu/usage_time,17.45,%,23.16,296682985,1024000000,12412,85732,0,custom,staging,0.1,
2026-03-24T23:37:00+00:00,custom-sim,gke_container,container-4227,europe-west1-b,container/cpu/usage_time,17.5,%,79.37,199117079,1024000000,62026,30857,0,custom,staging,0.1,
2026-03-24T23:38:00+00:00,custom-sim,gke_container,container-1399,europe-west1-b,container/cpu/usage_time,21.41,%,65.47,606472643,1024000000,50007,14207,0,custom,staging,0.1,
2026-03-24T23:39:00+00:00,custom-sim,gke_container,container-9160,europe-west1-b,container/cpu/usage_time,27.23,%,38.81,419920102,1024000000,64196,61232,0,custom,staging,0.1,
2026-03-24T23:40:00+00:00,custom-sim,gke_container,container-6128,europe-west1-b,container/cpu/usage_time,12.16,%,41.9,589522008,1024000000,91612,18580,0,custom,staging,0.1,
2026-03-24T23:41:00+00:00,custom-sim,gke_container,container-1256,europe-west1-b,container/cpu/usage_time,26.0,%,72.27,226964031,1024000000,37782,90916,0,custom,staging,0.1,
2026-03-24T23:42:00+00:00,custom-sim,gke_container,container-9631,europe-west1-b,container/cpu/usage_time,18.58,%,51.12,383724166,1024000000,99919,26140,0,custom,staging,0.1,
2026-03-24T23:43:00+00:00,custom-sim,gke_container,container-1754,europe-west1-b,container/cpu/usage_time,22.32,%,55.22,353925671,1024000000,69269,44769,0,custom,staging,0.1,
2026-03-24T23:44:00+00:00,custom-sim,gke_container,container-8891,europe-west1-b,container/cpu/usage_time,28.85,%,40.27,642860855,1024000000,5738,44670,0,custom,staging,0.1,
2026-03-24T23:45:00+00:00,custom-sim,gke_container,container-1603,europe-west1-b,container/cpu/usage_time,18.44,%,71.01,358414012,1024000000,86824,67628,0,custom,staging,0.1,
2026-03-24T23:46:00+00:00,custom-sim,gke_container,container-8268,europe-west1-b,container/cpu/usage_time,15.38,%,62.51,741213100,1024000000,59047,2613,0,custom,staging,0.1,
2026-03-24T23:47:00+00:00,custom-sim,gke_container,container-1341,europe-west1-b,container/cpu/usage_time,17.93,%,34.82,753381214,1024000000,69363,32100,0,custom,staging,0.1,
2026-03-24T23:48:00+00:00,custom-sim,gke_container,container-3743,europe-west1-b,container/cpu/usage_time,15.78,%,87.81,170043042,1024000000,94408,68669,0,custom,staging,0.1,
2026-03-24T23:49:00+00:00,custom-sim,gke_container,container-2434,europe-west1-b,container/cpu/usage_time,15.65,%,88.97,556061061,1024000000,73108,19594,0,custom,staging,0.1,
2026-03-24T23:50:00+00:00,custom-sim,gke_container,container-1312,europe-west1-b,container/cpu/usage_time,11.65,%,60.73,357606748,1024000000,95695,93865,0,custom,staging,0.1,
2026-03-24T23:51:00+00:00,custom-sim,gke_container,container-6642,europe-west1-b,container/cpu/usage_time,29.92,%,56.72,194587766,1024000000,2475,94259,0,custom,staging,0.1,
2026-03-24T23:52:00+00:00,custom-sim,gke_container,container-3966,europe-west1-b,container/cpu/usage_time,22.02,%,26.35,288976147,1024000000,61169,60055,0,custom,staging,0.1,
2026-03-24T23:53:00+00:00,custom-sim,gke_container,container-4521,europe-west1-b,container/cpu/usage_time,10.3,%,89.13,737908802,1024000000,97644,68404,0,custom,staging,0.1,
2026-03-24T23:54:00+00:00,custom-sim,gke_container,container-7278,europe-west1-b,container/cpu/usage_time,11.19,%,53.03,318454240,1024000000,67776,72084,0,custom,staging,0.1,
2026-03-24T23:55:00+00:00,custom-sim,gke_container,container-3734,europe-west1-b,container/cpu/usage_time,14.07,%,75.7,795126696,1024000000,77019,88331,0,custom,staging,0.1,
2026-03-24T23:56:00+00:00,custom-sim,gke_container,container-1524,europe-west1-b,container/cpu/usage_time,10.46,%,38.17,243153445,1024000000,66872,5798,0,custom,staging,0.1,
2026-03-24T23:57:00+00:00,custom-sim,gke_container,container-2418,europe-west1-b,container/cpu/usage_time,29.31,%,40.74,633109288,1024000000,84410,89855,0,custom,staging,0.1,
2026-03-24T23:58:00+00:00,custom-sim,gke_container,container-8093,europe-west1-b,container/cpu/usage_time,12.21,%,61.26,191016546,1024000000,56213,52688,0,custom,staging,0.1,
2026-03-24T23:59:00+00:00,custom-sim,gke_container,container-4057,europe-west1-b,container/cpu/usage_time,29.25,%,64.63,553243955,1024000000,4445,18863,0,custom,staging,0.1,
2026-03-25T00:00:00+00:00,custom-sim,gke_container,container-5900,europe-west1-b,container/cpu/usage_time,17.33,%,12.34,281188200,1024000000,84757,69629,0,custom,staging,0.1,
2026-03-25T00:01:00+00:00,custom-sim,gke_container,container-7165,europe-west1-b,container/cpu/usage_time,21.93,%,9.5,245337200,1024000000,51567,79693,0,custom,staging,0.1,
2026-03-25T00:02:00+00:00,custom-sim,gke_container,container-4686,europe-west1-b,container/cpu/usage_time,10.5,%,23.31,541207961,1024000000,67547,96426,0,custom,staging,0.1,
2026-03-25T00:03:00+00:00,custom-sim,gke_container,container-9514,europe-west1-b,container/cpu/usage_time,10.66,%,12.43,794932666,1024000000,43819,46455,0,custom,staging,0.1,
2026-03-25T00:04:00+00:00,custom-sim,gke_container,container-6197,europe-west1-b,container/cpu/usage_time,13.47,%,28.02,159723214,1024000000,28946,38319,0,custom,staging,0.1,
2026-03-25T00:05:00+00:00,custom-sim,gke_container,container-3393,europe-west1-b,container/cpu/usage_time,15.52,%,70.44,482698420,1024000000,46885,38909,0,custom,staging,0.1,
2026-03-25T00:06:00+00:00,custom-sim,gke_container,container-5104,europe-west1-b,container/cpu/usage_time,15.86,%,42.38,679151989,1024000000,53852,10652,0,custom,staging,0.1,
2026-03-25T00:07:00+00:00,custom-sim,gke_container,container-2510,europe-west1-b,container/cpu/usage_time,12.39,%,26.79,332161249,1024000000,73827,67487,0,custom,staging,0.1,
2026-03-25T00:08:00+00:00,custom-sim,gke_container,container-2625,europe-west1-b,container/cpu/usage_time,12.42,%,45.79,500113040,1024000000,11167,83334,0,custom,staging,0.1,
2026-03-25T00:09:00+00:00,custom-sim,gke_container,container-2044,europe-west1-b,container/cpu/usage_time,18.2,%,41.05,389349975,1024000000,91099,58409,0,custom,staging,0.1,
2026-03-25T00:10:00+00:00,custom-sim,gke_container,container-3090,europe-west1-b,container/cpu/usage_time,24.07,%,74.49,183197787,1024000000,90799,16999,0,custom,staging,0.1,
2026-03-25T00:11:00+00:00,custom-sim,gke_container,container-7124,europe-west1-b,container/cpu/usage_time,19.27,%,20.92,549007192,1024000000,64349,2368,0,custom,staging,0.1,
2026-03-25T00:12:00+00:00,custom-sim,gke_container,container-5507,europe-west1-b,container/cpu/usage_time,13.05,%,69.45,474820442,1024000000,94892,2038,0,custom,staging,0.1,
2026-03-25T00:13:00+00:00,custom-sim,gke_container,container-1420,europe-west1-b,container/cpu/usage_time,16.7,%,74.38,703542255,1024000000,93416,84197,0,custom,staging,0.1,
2026-03-25T00:14:00+00:00,custom-sim,gke_container,container-9362,europe-west1-b,container/cpu/usage_time,16.61,%,7.9,563126999,1024000000,63153,74796,0,custom,staging,0.1,
2026-03-25T00:15:00+00:00,custom-sim,gke_container,container-3451,europe-west1-b,container/cpu/usage_time,17.64,%,75.58,221698513,1024000000,26830,95180,0,custom,staging,0.1,
2026-03-25T00:16:00+00:00,custom-sim,gke_container,container-9628,europe-west1-b,container/cpu/usage_time,26.29,%,42.98,203816572,1024000000,31905,31431,0,custom,staging,0.1,
2026-03-25T00:17:00+00:00,custom-sim,gke_container,container-2689,europe-west1-b,container/cpu/usage_time,28.57,%,7.59,145859185,1024000000,49369,65587,0,custom,staging,0.1,
2026-03-25T00:18:00+00:00,custom-sim,gke_container,container-5101,europe-west1-b,container/cpu/usage_time,23.7,%,25.23,707167122,1024000000,41404,62521,0,custom,staging,0.1,
2026-03-25T00:19:00+00:00,custom-sim,gke_container,container-2322,europe-west1-b,container/cpu/usage_time,12.18,%,27.01,714987772,1024000000,41204,44903,0,custom,staging,0.1,
2026-03-25T00:20:00+00:00,custom-sim,gke_container,container-7253,europe-west1-b,container/cpu/usage_time,21.91,%,11.61,105753851,1024000000,25650,12554,0,custom,staging,0.1,
2026-03-25T00:21:00+00:00,custom-sim,gke_container,container-3919,europe-west1-b,container/cpu/usage_time,21.56,%,80.96,587589124,1024000000,52714,30532,0,custom,staging,0.1,
2026-03-25T00:22:00+00:00,custom-sim,gke_container,container-6394,europe-west1-b,container/cpu/usage_time,28.46,%,75.44,787774905,1024000000,54234,46600,0,custom,staging,0.1,
2026-03-25T00:23:00+00:00,custom-sim,gke_container,container-9839,europe-west1-b,container/cpu/usage_time,22.45,%,60.98,249309977,1024000000,46047,48165,0,custom,staging,0.1,
2026-03-25T00:24:00+00:00,custom-sim,gke_container,container-9350,europe-west1-b,container/cpu/usage_time,21.41,%,20.44,591527974,1024000000,82546,41361,0,custom,staging,0.1,
2026-03-25T00:25:00+00:00,custom-sim,gke_container,container-5590,europe-west1-b,container/cpu/usage_time,16.88,%,44.36,238235265,1024000000,89839,68279,0,custom,staging,0.1,
2026-03-25T00:26:00+00:00,custom-sim,gke_container,container-9407,europe-west1-b,container/cpu/usage_time,29.95,%,41.09,494593263,1024000000,92335,33156,0,custom,staging,0.1,
2026-03-25T00:27:00+00:00,custom-sim,gke_container,container-9920,europe-west1-b,container/cpu/usage_time,26.16,%,58.08,735707485,1024000000,41156,25051,0,custom,staging,0.1,
2026-03-25T00:28:00+00:00,custom-sim,gke_container,container-9210,europe-west1-b,container/cpu/usage_time,28.11,%,45.78,255392209,1024000000,86052,91379,0,custom,staging,0.1,
2026-03-25T00:29:00+00:00,custom-sim,gke_container,container-7211,europe-west1-b,container/cpu/usage_time,14.95,%,83.25,472708170,1024000000,67063,90837,0,custom,staging,0.1,
2026-03-25T00:30:00+00:00,custom-sim,gke_container,container-9276,europe-west1-b,container/cpu/usage_time,20.9,%,56.26,383463484,1024000000,91876,41640,0,custom,staging,0.1,
2026-03-25T00:31:00+00:00,custom-sim,gke_container,container-3548,europe-west1-b,container/cpu/usage_time,20.7,%,6.58,232794219,1024000000,24337,94597,0,custom,staging,0.1,
2026-03-25T00:32:00+00:00,custom-sim,gke_container,container-3702,europe-west1-b,container/cpu/usage_time,22.35,%,31.48,446104965,1024000000,76601,51079,0,custom,staging,0.1,
2026-03-25T00:33:00+00:00,custom-sim,gke_container,container-8550,europe-west1-b,container/cpu/usage_time,15.57,%,32.76,441035794,1024000000,10072,77189,0,custom,staging,0.1,
2026-03-25T00:34:00+00:00,custom-sim,gke_container,container-7337,europe-west1-b,container/cpu/usage_time,13.11,%,5.15,400646660,1024000000,49677,62760,0,custom,staging,0.1,
2026-03-25T00:35:00+00:00,custom-sim,gke_container,container-3640,europe-west1-b,container/cpu/usage_time,29.04,%,34.63,485311226,1024000000,82190,89797,0,custom,staging,0.1,
2026-03-25T00:36:00+00:00,custom-sim,gke_container,container-1481,europe-west1-b,container/cpu/usage_time,14.64,%,85.78,328598157,1024000000,45987,86737,0,custom,staging,0.1,
2026-03-25T00:37:00+00:00,custom-sim,gke_container,container-9060,europe-west1-b,container/cpu/usage_time,14.68,%,35.33,788140126,1024000000,11880,95150,0,custom,staging,0.1,
2026-03-25T00:38:00+00:00,custom-sim,gke_container,container-2512,europe-west1-b,container/cpu/usage_time,17.35,%,62.36,783428768,1024000000,42795,70995,0,custom,staging,0.1,
2026-03-25T00:39:00+00:00,custom-sim,gke_container,container-3416,europe-west1-b,container/cpu/usage_time,10.49,%,8.46,190974806,1024000000,18299,77322,0,custom,staging,0.1,
2026-03-25T00:40:00+00:00,custom-sim,gke_container,container-1623,europe-west1-b,container/cpu/usage_time,25.3,%,64.32,658653812,1024000000,75793,33219,0,custom,staging,0.1,
2026-03-25T00:41:00+00:00,custom-sim,gke_container,container-3338,europe-west1-b,container/cpu/usage_time,19.02,%,35.76,468806716,1024000000,65444,53188,0,custom,staging,0.1,
2026-03-25T00:42:00+00:00,custom-sim,gke_container,container-7914,europe-west1-b,container/cpu/usage_time,17.73,%,60.08,120646317,1024000000,84122,9326,0,custom,staging,0.1,
2026-03-25T00:43:00+00:00,custom-sim,gke_container,container-5070,europe-west1-b,container/cpu/usage_time,22.45,%,21.37,738917710,1024000000,49112,64722,0,custom,staging,0.1,
2026-03-25T00:44:00+00:00,custom-sim,gke_container,container-2376,europe-west1-b,container/cpu/usage_time,25.19,%,38.99,208273107,1024000000,95012,19229,0,custom,staging,0.1,
2026-03-25T00:45:00+00:00,custom-sim,gke_container,container-4606,europe-west1-b,container/cpu/usage_time,23.97,%,14.64,121603187,1024000000,83071,79171,0,custom,staging,0.1,
2026-03-25T00:46:00+00:00,custom-sim,gke_container,container-9657,europe-west1-b,container/cpu/usage_time,14.5,%,10.78,288559563,1024000000,94470,85913,0,custom,staging,0.1,
2026-03-25T00:47:00+00:00,custom-sim,gke_container,container-5021,europe-west1-b,container/cpu/usage_time,19.86,%,55.08,183639862,1024000000,34053,24519,0,custom,staging,0.1,
2026-03-25T00:48:00+00:00,custom-sim,gke_container,container-6024,europe-west1-b,container/cpu/usage_time,20.84,%,55.36,573678331,1024000000,58826,77226,0,custom,staging,0.1,
2026-03-25T00:49:00+00:00,custom-sim,gke_container,container-6486,europe-west1-b,container/cpu/usage_time,13.58,%,33.57,501084271,1024000000,6709,33069,0,custom,staging,0.1,
2026-03-25T00:50:00+00:00,custom-sim,gke_container,container-9054,europe-west1-b,container/cpu/usage_time,28.02,%,4.31,240440749,1024000000,55710,1122,0,custom,staging,0.1,
2026-03-25T00:51:00+00:00,custom-sim,gke_container,container-8523,europe-west1-b,container/cpu/usage_time,19.54,%,41.06,152350008,1024000000,91291,47161,0,custom,staging,0.1,
2026-03-25T00:52:00+00:00,custom-sim,gke_container,container-1177,europe-west1-b,container/cpu/usage_time,18.75,%,87.83,407957011,1024000000,24672,9687,0,custom,staging,0.1,
2026-03-25T00:53:00+00:00,custom-sim,gke_container,container-9879,europe-west1-b,container/cpu/usage_time,17.27,%,64.42,490058127,1024000000,51143,80015,0,custom,staging,0.1,
2026-03-25T00:54:00+00:00,custom-sim,gke_container,container-6673,europe-west1-b,container/cpu/usage_time,15.3,%,13.11,482305024,1024000000,33728,48743,0,custom,staging,0.1,
2026-03-25T00:55:00+00:00,custom-sim,gke_container,container-4150,europe-west1-b,container/cpu/usage_time,27.82,%,88.68,664231151,1024000000,46456,66916,0,custom,staging,0.1,
2026-03-25T00:56:00+00:00,custom-sim,gke_container,container-8931,europe-west1-b,container/cpu/usage_time,27.65,%,25.59,167634423,1024000000,9421,33282,0,custom,staging,0.1,
2026-03-25T00:57:00+00:00,custom-sim,gke_container,container-5967,europe-west1-b,container/cpu/usage_time,18.32,%,8.58,404134752,1024000000,73286,12329,0,custom,staging,0.1,
2026-03-25T00:58:00+00:00,custom-sim,gke_container,container-5271,europe-west1-b,container/cpu/usage_time,29.24,%,69.91,646285042,1024000000,80928,44806,0,custom,staging,0.1,
2026-03-25T00:59:00+00:00,custom-sim,gke_container,container-6611,europe-west1-b,container/cpu/usage_time,13.28,%,56.79,734653771,1024000000,43939,38745,0,custom,staging,0.1,
2026-03-25T01:00:00+00:00,custom-sim,gke_container,container-5169,europe-west1-b,container/cpu/usage_time,28.67,%,28.1,113029308,1024000000,87443,27221,0,custom,staging,0.1,
2026-03-25T01:01:00+00:00,custom-sim,gke_container,container-7447,europe-west1-b,container/cpu/usage_time,26.3,%,64.01,113957938,1024000000,79861,31945,0,custom,staging,0.1,
2026-03-25T01:02:00+00:00,custom-sim,gke_container,container-3431,europe-west1-b,container/cpu/usage_time,27.76,%,66.11,381974504,1024000000,19407,36340,0,custom,staging,0.1,
2026-03-25T01:03:00+00:00,custom-sim,gke_container,container-1306,europe-west1-b,container/cpu/usage_time,25.13,%,38.47,692148623,1024000000,3983,24779,0,custom,staging,0.1,
2026-03-25T01:04:00+00:00,custom-sim,gke_container,container-5156,europe-west1-b,container/cpu/usage_time,24.81,%,59.13,325666294,1024000000,33370,40463,0,custom,staging,0.1,
2026-03-25T01:05:00+00:00,custom-sim,gke_container,container-7641,europe-west1-b,container/cpu/usage_time,22.71,%,72.08,779713103,1024000000,28446,50651,0,custom,staging,0.1,
2026-03-25T01:06:00+00:00,custom-sim,gke_container,container-2262,europe-west1-b,container/cpu/usage_time,27.96,%,5.43,270585297,1024000000,52670,94141,0,custom,staging,0.1,
2026-03-25T01:07:00+00:00,custom-sim,gke_container,container-4652,europe-west1-b,container/cpu/usage_time,13.84,%,45.28,182227452,1024000000,77037,26476,0,custom,staging,0.1,
2026-03-25T01:08:00+00:00,custom-sim,gke_container,container-3324,europe-west1-b,container/cpu/usage_time,26.01,%,85.09,552802214,1024000000,76597,76132,0,custom,staging,0.1,
2026-03-25T01:09:00+00:00,custom-sim,gke_container,container-8282,europe-west1-b,container/cpu/usage_time,19.99,%,80.62,228446966,1024000000,33920,59105,0,custom,staging,0.1,
2026-03-25T01:10:00+00:00,custom-sim,gke_container,container-9691,europe-west1-b,container/cpu/usage_time,26.9,%,7.92,413774229,1024000000,45312,28533,0,custom,staging,0.1,
2026-03-25T01:11:00+00:00,custom-sim,gke_container,container-8348,europe-west1-b,container/cpu/usage_time,22.24,%,65.75,290739341,1024000000,48828,61002,0,custom,staging,0.1,
2026-03-25T01:12:00+00:00,custom-sim,gke_container,container-5489,europe-west1-b,container/cpu/usage_time,29.53,%,22.26,231962156,1024000000,99121,92428,0,custom,staging,0.1,
2026-03-25T01:13:00+00:00,custom-sim,gke_container,container-3600,europe-west1-b,container/cpu/usage_time,14.8,%,61.26,399010090,1024000000,90398,83736,0,custom,staging,0.1,
2026-03-25T01:14:00+00:00,custom-sim,gke_container,container-9554,europe-west1-b,container/cpu/usage_time,19.13,%,14.07,573636735,1024000000,14332,31303,0,custom,staging,0.1,
2026-03-25T01:15:00+00:00,custom-sim,gke_container,container-2194,europe-west1-b,container/cpu/usage_time,29.47,%,70.1,592510223,1024000000,96922,74649,0,custom,staging,0.1,
2026-03-25T01:16:00+00:00,custom-sim,gke_container,container-6095,europe-west1-b,container/cpu/usage_time,29.55,%,10.41,490735216,1024000000,83101,49678,0,custom,staging,0.1,
2026-03-25T01:17:00+00:00,custom-sim,gke_container,container-9640,europe-west1-b,container/cpu/usage_time,15.75,%,63.81,694516233,1024000000,4915,29450,0,custom,staging,0.1,
2026-03-25T01:18:00+00:00,custom-sim,gke_container,container-6599,europe-west1-b,container/cpu/usage_time,14.62,%,46.3,144841593,1024000000,94459,81434,0,custom,staging,0.1,
2026-03-25T01:19:00+00:00,custom-sim,gke_container,container-5912,europe-west1-b,container/cpu/usage_time,13.91,%,32.15,583776582,1024000000,71630,50741,0,custom,staging,0.1,
2026-03-25T01:20:00+00:00,custom-sim,gke_container,container-9535,europe-west1-b,container/cpu/usage_time,25.44,%,51.39,245193137,1024000000,77752,61715,0,custom,staging,0.1,
2026-03-25T01:21:00+00:00,custom-sim,gke_container,container-1769,europe-west1-b,container/cpu/usage_time,23.05,%,8.66,611098688,1024000000,31914,81614,0,custom,staging,0.1,
2026-03-25T01:22:00+00:00,custom-sim,gke_container,container-2745,europe-west1-b,container/cpu/usage_time,27.93,%,84.28,351879777,1024000000,97435,50713,0,custom,staging,0.1,
2026-03-25T01:23:00+00:00,custom-sim,gke_container,container-8489,europe-west1-b,container/cpu/usage_time,15.49,%,87.19,641254530,1024000000,5590,86156,0,custom,staging,0.1,
2026-03-25T01:24:00+00:00,custom-sim,gke_container,container-9303,europe-west1-b,container/cpu/usage_time,13.73,%,79.27,453121287,1024000000,66705,65833,0,custom,staging,0.1,
2026-03-25T01:25:00+00:00,custom-sim,gke_container,container-6959,europe-west1-b,container/cpu/usage_time,16.13,%,18.72,312362550,1024000000,12681,4291,0,custom,staging,0.1,
2026-03-25T01:26:00+00:00,custom-sim,gke_container,container-3372,europe-west1-b,container/cpu/usage_time,22.14,%,66.09,772326620,1024000000,2493,72667,0,custom,staging,0.1,
2026-03-25T01:27:00+00:00,custom-sim,gke_container,container-7032,europe-west1-b,container/cpu/usage_time,26.62,%,86.07,441273163,1024000000,7654,54552,0,custom,staging,0.1,
2026-03-25T01:28:00+00:00,custom-sim,gke_container,container-7584,europe-west1-b,container/cpu/usage_time,25.22,%,82.99,647545662,1024000000,56610,7968,0,custom,staging,0.1,
2026-03-25T01:29:00+00:00,custom-sim,gke_container,container-1634,europe-west1-b,container/cpu/usage_time,26.9,%,12.84,183878588,1024000000,78751,91418,0,custom,staging,0.1,
2026-03-25T01:30:00+00:00,custom-sim,gke_container,container-7219,europe-west1-b,container/cpu/usage_time,22.2,%,39.5,648245682,1024000000,94864,72289,0,custom,staging,0.1,
2026-03-25T01:31:00+00:00,custom-sim,gke_container,container-2633,europe-west1-b,container/cpu/usage_time,15.03,%,12.9,573268408,1024000000,93509,69460,0,custom,staging,0.1,
2026-03-25T01:32:00+00:00,custom-sim,gke_container,container-1862,europe-west1-b,container/cpu/usage_time,12.33,%,3.42,796469980,1024000000,6465,54200,0,custom,staging,0.1,
2026-03-25T01:33:00+00:00,custom-sim,gke_container,container-6900,europe-west1-b,container/cpu/usage_time,11.64,%,89.43,687147740,1024000000,19826,79161,0,custom,staging,0.1,
2026-03-25T01:34:00+00:00,custom-sim,gke_container,container-9009,europe-west1-b,container/cpu/usage_time,11.97,%,40.28,591823588,1024000000,83392,73316,0,custom,staging,0.1,
2026-03-25T01:35:00+00:00,custom-sim,gke_container,container-6538,europe-west1-b,container/cpu/usage_time,15.23,%,21.14,418686665,1024000000,75349,57577,0,custom,staging,0.1,
2026-03-25T01:36:00+00:00,custom-sim,gke_container,container-1703,europe-west1-b,container/cpu/usage_time,28.21,%,31.48,707181725,1024000000,67932,64323,0,custom,staging,0.1,
2026-03-25T01:37:00+00:00,custom-sim,gke_container,container-5437,europe-west1-b,container/cpu/usage_time,28.66,%,24.02,124404908,1024000000,11532,62824,0,custom,staging,0.1,
2026-03-25T01:38:00+00:00,custom-sim,gke_container,container-7914,europe-west1-b,container/cpu/usage_time,11.21,%,16.17,609001577,1024000000,41590,62755,0,custom,staging,0.1,
2026-03-25T01:39:00+00:00,custom-sim,gke_container,container-6885,europe-west1-b,container/cpu/usage_time,24.87,%,73.1,377843431,1024000000,79781,27111,0,custom,staging,0.1,
2026-03-25T01:40:00+00:00,custom-sim,gke_container,container-7558,europe-west1-b,container/cpu/usage_time,29.23,%,40.72,455102665,1024000000,36817,12817,0,custom,staging,0.1,
2026-03-25T01:41:00+00:00,custom-sim,gke_container,container-6328,europe-west1-b,container/cpu/usage_time,28.15,%,41.18,748815949,1024000000,76444,76465,0,custom,staging,0.1,
2026-03-25T01:42:00+00:00,custom-sim,gke_container,container-2692,europe-west1-b,container/cpu/usage_time,21.66,%,64.06,570040039,1024000000,10932,61522,0,custom,staging,0.1,
2026-03-25T01:43:00+00:00,custom-sim,gke_container,container-2982,europe-west1-b,container/cpu/usage_time,22.62,%,59.52,533166325,1024000000,84978,80032,0,custom,staging,0.1,
2026-03-25T01:44:00+00:00,custom-sim,gke_container,container-2972,europe-west1-b,container/cpu/usage_time,11.55,%,13.25,751925147,1024000000,8450,79145,0,custom,staging,0.1,
2026-03-25T01:45:00+00:00,custom-sim,gke_container,container-8731,europe-west1-b,container/cpu/usage_time,29.05,%,76.58,403254368,1024000000,13884,38307,0,custom,staging,0.1,
2026-03-25T01:46:00+00:00,custom-sim,gke_container,container-2072,europe-west1-b,container/cpu/usage_time,19.34,%,84.94,715010384,1024000000,97608,39423,0,custom,staging,0.1,
2026-03-25T01:47:00+00:00,custom-sim,gke_container,container-5856,europe-west1-b,container/cpu/usage_time,27.88,%,15.57,587345280,1024000000,22812,82577,0,custom,staging,0.1,
2026-03-25T01:48:00+00:00,custom-sim,gke_container,container-5477,europe-west1-b,container/cpu/usage_time,22.51,%,84.42,430809497,1024000000,31032,11231,0,custom,staging,0.1,
2026-03-25T01:49:00+00:00,custom-sim,gke_container,container-1946,europe-west1-b,container/cpu/usage_time,27.42,%,48.78,378270464,1024000000,45815,16017,0,custom,staging,0.1,
2026-03-25T01:50:00+00:00,custom-sim,gke_container,container-4659,europe-west1-b,container/cpu/usage_time,27.3,%,62.3,250505787,1024000000,2343,58714,0,custom,staging,0.1,
2026-03-25T01:51:00+00:00,custom-sim,gke_container,container-2047,europe-west1-b,container/cpu/usage_time,25.4,%,52.94,138553784,1024000000,96122,28882,0,custom,staging,0.1,
2026-03-25T01:52:00+00:00,custom-sim,gke_container,container-1929,europe-west1-b,container/cpu/usage_time,24.32,%,79.69,346174519,1024000000,21416,53949,0,custom,staging,0.1,
2026-03-25T01:53:00+00:00,custom-sim,gke_container,container-9877,europe-west1-b,container/cpu/usage_time,26.66,%,47.16,140236477,1024000000,79031,22368,0,custom,staging,0.1,
2026-03-25T01:54:00+00:00,custom-sim,gke_container,container-5459,europe-west1-b,container/cpu/usage_time,25.0,%,20.46,181913665,1024000000,58643,87962,0,custom,staging,0.1,
2026-03-25T01:55:00+00:00,custom-sim,gke_container,container-3883,europe-west1-b,container/cpu/usage_time,23.87,%,33.34,641473940,1024000000,7740,41554,0,custom,staging,0.1,
2026-03-25T01:56:00+00:00,custom-sim,gke_container,container-5559,europe-west1-b,container/cpu/usage_time,18.55,%,41.86,799960725,1024000000,34885,57757,0,custom,staging,0.1,
2026-03-25T01:57:00+00:00,custom-sim,gke_container,container-2230,europe-west1-b,container/cpu/usage_time,26.65,%,73.91,222141354,1024000000,87425,76018,0,custom,staging,0.1,
2026-03-25T01:58:00+00:00,custom-sim,gke_container,container-8292,europe-west1-b,container/cpu/usage_time,16.59,%,62.93,317506776,1024000000,99089,74121,0,custom,staging,0.1,
2026-03-25T01:59:00+00:00,custom-sim,gke_container,container-5323,europe-west1-b,container/cpu/usage_time,15.92,%,20.23,783439177,1024000000,17251,54751,0,custom,staging,0.1,
2026-03-25T02:00:00+00:00,custom-sim,gke_container,container-4750,europe-west1-b,container/cpu/usage_time,20.22,%,66.92,451572811,1024000000,6621,99155,0,custom,staging,0.1,
2026-03-25T02:01:00+00:00,custom-sim,gke_container,container-7479,europe-west1-b,container/cpu/usage_time,22.15,%,42.56,327740415,1024000000,31914,28261,0,custom,staging,0.1,
2026-03-25T02:02:00+00:00,custom-sim,gke_container,container-1899,europe-west1-b,container/cpu/usage_time,19.87,%,74.36,780696867,1024000000,96553,7801,0,custom,staging,0.1,
2026-03-25T02:03:00+00:00,custom-sim,gke_container,container-3716,europe-west1-b,container/cpu/usage_time,17.2,%,62.66,404425851,1024000000,92519,80690,0,custom,staging,0.1,
2026-03-25T02:04:00+00:00,custom-sim,gke_container,container-2033,europe-west1-b,container/cpu/usage_time,17.89,%,4.25,237792217,1024000000,43502,96150,0,custom,staging,0.1,
2026-03-25T02:05:00+00:00,custom-sim,gke_container,container-1975,europe-west1-b,container/cpu/usage_time,20.19,%,46.68,207462933,1024000000,91692,61390,0,custom,staging,0.1,
2026-03-25T02:06:00+00:00,custom-sim,gke_container,container-2966,europe-west1-b,container/cpu/usage_time,25.76,%,43.87,782343346,1024000000,80323,99912,0,custom,staging,0.1,
2026-03-25T02:07:00+00:00,custom-sim,gke_container,container-5723,europe-west1-b,container/cpu/usage_time,10.09,%,78.79,408224539,1024000000,85834,44959,0,custom,staging,0.1,
2026-03-25T02:08:00+00:00,custom-sim,gke_container,container-3153,europe-west1-b,container/cpu/usage_time,16.01,%,87.88,759076608,1024000000,28963,36142,0,custom,staging,0.1,
2026-03-25T02:09:00+00:00,custom-sim,gke_container,container-9249,europe-west1-b,container/cpu/usage_time,27.25,%,42.62,537620182,1024000000,2627,95704,0,custom,staging,0.1,
2026-03-25T02:10:00+00:00,custom-sim,gke_container,container-1842,europe-west1-b,container/cpu/usage_time,19.02,%,84.35,329398421,1024000000,92105,67466,0,custom,staging,0.1,
2026-03-25T02:11:00+00:00,custom-sim,gke_container,container-2889,europe-west1-b,container/cpu/usage_time,19.73,%,35.14,291238838,1024000000,81498,77628,0,custom,staging,0.1,
2026-03-25T02:12:00+00:00,custom-sim,gke_container,container-7025,europe-west1-b,container/cpu/usage_time,17.85,%,12.0,430051145,1024000000,23442,37010,0,custom,staging,0.1,
2026-03-25T02:13:00+00:00,custom-sim,gke_container,container-9560,europe-west1-b,container/cpu/usage_time,20.11,%,21.54,214629581,1024000000,25835,55380,0,custom,staging,0.1,
2026-03-25T02:14:00+00:00,custom-sim,gke_container,container-6035,europe-west1-b,container/cpu/usage_time,26.68,%,82.82,567455380,1024000000,28794,75300,0,custom,staging,0.1,
2026-03-25T02:15:00+00:00,custom-sim,gke_container,container-2897,europe-west1-b,container/cpu/usage_time,16.84,%,14.77,218269693,1024000000,23899,72521,0,custom,staging,0.1,
2026-03-25T02:16:00+00:00,custom-sim,gke_container,container-1775,europe-west1-b,container/cpu/usage_time,21.77,%,29.73,511201146,1024000000,27266,22010,0,custom,staging,0.1,
2026-03-25T02:17:00+00:00,custom-sim,gke_container,container-8000,europe-west1-b,container/cpu/usage_time,20.96,%,16.63,685584649,1024000000,59343,19936,0,custom,staging,0.1,
2026-03-25T02:18:00+00:00,custom-sim,gke_container,container-9376,europe-west1-b,container/cpu/usage_time,28.28,%,34.64,579184520,1024000000,5593,85352,0,custom,staging,0.1,
2026-03-25T02:19:00+00:00,custom-sim,gke_container,container-7455,europe-west1-b,container/cpu/usage_time,28.56,%,21.87,251548578,1024000000,43776,17823,0,custom,staging,0.1,
2026-03-25T02:20:00+00:00,custom-sim,gke_container,container-5133,europe-west1-b,container/cpu/usage_time,21.37,%,59.29,161456883,1024000000,69389,79676,0,custom,staging,0.1,
2026-03-25T02:21:00+00:00,custom-sim,gke_container,container-9190,europe-west1-b,container/cpu/usage_time,20.96,%,19.19,148914558,1024000000,94627,45100,0,custom,staging,0.1,
2026-03-25T02:22:00+00:00,custom-sim,gke_container,container-3426,europe-west1-b,container/cpu/usage_time,19.83,%,22.79,370308270,1024000000,66530,68080,0,custom,staging,0.1,
2026-03-25T02:23:00+00:00,custom-sim,gke_container,container-5815,europe-west1-b,container/cpu/usage_time,15.29,%,57.33,381371904,1024000000,22226,74905,0,custom,staging,0.1,
2026-03-25T02:24:00+00:00,custom-sim,gke_container,container-6919,europe-west1-b,container/cpu/usage_time,19.46,%,18.36,416182368,1024000000,64056,4253,0,custom,staging,0.1,
2026-03-25T02:25:00+00:00,custom-sim,gke_container,container-2614,europe-west1-b,container/cpu/usage_time,29.94,%,3.49,335591079,1024000000,90868,98380,0,custom,staging,0.1,
2026-03-25T02:26:00+00:00,custom-sim,gke_container,container-7197,europe-west1-b,container/cpu/usage_time,27.15,%,85.91,637598909,1024000000,2719,6120,0,custom,staging,0.1,
2026-03-25T02:27:00+00:00,custom-sim,gke_container,container-9969,europe-west1-b,container/cpu/usage_time,20.3,%,24.8,513287882,1024000000,26338,71191,0,custom,staging,0.1,
2026-03-25T02:28:00+00:00,custom-sim,gke_container,container-3144,europe-west1-b,container/cpu/usage_time,29.71,%,59.09,344958504,1024000000,69879,8717,0,custom,staging,0.1,
2026-03-25T02:29:00+00:00,custom-sim,gke_container,container-2942,europe-west1-b,container/cpu/usage_time,18.25,%,47.17,112435508,1024000000,85307,35852,0,custom,staging,0.1,
2026-03-25T02:30:00+00:00,custom-sim,gke_container,container-2589,europe-west1-b,container/cpu/usage_time,11.28,%,81.96,716937681,1024000000,13598,22593,0,custom,staging,0.1,
2026-03-25T02:31:00+00:00,custom-sim,gke_container,container-8115,europe-west1-b,container/cpu/usage_time,22.91,%,47.98,199574486,1024000000,32712,70107,0,custom,staging,0.1,
2026-03-25T02:32:00+00:00,custom-sim,gke_container,container-3601,europe-west1-b,container/cpu/usage_time,16.85,%,18.66,322054701,1024000000,93082,90469,0,custom,staging,0.1,
2026-03-25T02:33:00+00:00,custom-sim,gke_container,container-9673,europe-west1-b,container/cpu/usage_time,21.13,%,52.75,695908590,1024000000,73680,73550,0,custom,staging,0.1,
2026-03-25T02:34:00+00:00,custom-sim,gke_container,container-6286,europe-west1-b,container/cpu/usage_time,14.51,%,35.05,402718305,1024000000,22065,35524,0,custom,staging,0.1,
2026-03-25T02:35:00+00:00,custom-sim,gke_container,container-7005,europe-west1-b,container/cpu/usage_time,12.87,%,16.85,253047872,1024000000,18007,47991,0,custom,staging,0.1,
2026-03-25T02:36:00+00:00,custom-sim,gke_container,container-3715,europe-west1-b,container/cpu/usage_time,18.88,%,52.96,587640813,1024000000,42390,51663,0,custom,staging,0.1,
2026-03-25T02:37:00+00:00,custom-sim,gke_container,container-4742,europe-west1-b,container/cpu/usage_time,20.56,%,84.67,753847013,1024000000,83512,73920,0,custom,staging,0.1,
2026-03-25T02:38:00+00:00,custom-sim,gke_container,container-2252,europe-west1-b,container/cpu/usage_time,12.35,%,63.3,440702504,1024000000,82334,61145,0,custom,staging,0.1,
2026-03-25T02:39:00+00:00,custom-sim,gke_container,container-7384,europe-west1-b,container/cpu/usage_time,12.56,%,40.74,731003879,1024000000,99455,60033,0,custom,staging,0.1,
2026-03-25T02:40:00+00:00,custom-sim,gke_container,container-1412,europe-west1-b,container/cpu/usage_time,11.73,%,4.51,522084439,1024000000,62334,40911,0,custom,staging,0.1,
2026-03-25T02:41:00+00:00,custom-sim,gke_container,container-4855,europe-west1-b,container/cpu/usage_time,25.79,%,83.76,344319818,1024000000,94309,91427,0,custom,staging,0.1,
2026-03-25T02:42:00+00:00,custom-sim,gke_container,container-3273,europe-west1-b,container/cpu/usage_time,26.41,%,23.84,407086195,1024000000,35159,64764,0,custom,staging,0.1,
2026-03-25T02:43:00+00:00,custom-sim,gke_container,container-1119,europe-west1-b,container/cpu/usage_time,16.51,%,16.2,507913522,1024000000,88102,18428,0,custom,staging,0.1,
2026-03-25T02:44:00+00:00,custom-sim,gke_container,container-2070,europe-west1-b,container/cpu/usage_time,22.03,%,49.02,577655123,1024000000,81799,2625,0,custom,staging,0.1,
2026-03-25T02:45:00+00:00,custom-sim,gke_container,container-5765,europe-west1-b,container/cpu/usage_time,22.38,%,5.99,530292467,1024000000,58794,47370,0,custom,staging,0.1,
2026-03-25T02:46:00+00:00,custom-sim,gke_container,container-2237,europe-west1-b,container/cpu/usage_time,23.97,%,2.91,649993275,1024000000,98017,59378,0,custom,staging,0.1,
2026-03-25T02:47:00+00:00,custom-sim,gke_container,container-4356,europe-west1-b,container/cpu/usage_time,28.84,%,61.76,557265521,1024000000,66359,13114,0,custom,staging,0.1,
2026-03-25T02:48:00+00:00,custom-sim,gke_container,container-4898,europe-west1-b,container/cpu/usage_time,18.63,%,8.53,307453914,1024000000,82792,59078,0,custom,staging,0.1,
2026-03-25T02:49:00+00:00,custom-sim,gke_container,container-8495,europe-west1-b,container/cpu/usage_time,21.52,%,81.64,463408488,1024000000,78601,84219,0,custom,staging,0.1,
2026-03-25T02:50:00+00:00,custom-sim,gke_container,container-9911,europe-west1-b,container/cpu/usage_time,24.22,%,15.97,135713574,1024000000,76783,7497,0,custom,staging,0.1,
2026-03-25T02:51:00+00:00,custom-sim,gke_container,container-4729,europe-west1-b,container/cpu/usage_time,28.44,%,43.75,749137636,1024000000,63475,55190,0,custom,staging,0.1,
2026-03-25T02:52:00+00:00,custom-sim,gke_container,container-1100,europe-west1-b,container/cpu/usage_time,23.43,%,65.21,782361725,1024000000,70949,80725,0,custom,staging,0.1,
2026-03-25T02:53:00+00:00,custom-sim,gke_container,container-2667,europe-west1-b,container/cpu/usage_time,13.97,%,89.09,670088566,1024000000,52154,89138,0,custom,staging,0.1,
2026-03-25T02:54:00+00:00,custom-sim,gke_container,container-9649,europe-west1-b,container/cpu/usage_time,23.72,%,54.75,432061501,1024000000,79850,30327,0,custom,staging,0.1,
2026-03-25T02:55:00+00:00,custom-sim,gke_container,container-4774,europe-west1-b,container/cpu/usage_time,15.9,%,11.18,239976391,1024000000,96401,96280,0,custom,staging,0.1,
2026-03-25T02:56:00+00:00,custom-sim,gke_container,container-8597,europe-west1-b,container/cpu/usage_time,24.98,%,85.56,737373158,1024000000,93857,20838,0,custom,staging,0.1,
2026-03-25T02:57:00+00:00,custom-sim,gke_container,container-1709,europe-west1-b,container/cpu/usage_time,24.58,%,77.87,657043375,1024000000,72858,83968,0,custom,staging,0.1,
2026-03-25T02:58:00+00:00,custom-sim,gke_container,container-9357,europe-west1-b,container/cpu/usage_time,14.04,%,5.18,102229799,1024000000,52659,79477,0,custom,staging,0.1,
2026-03-25T02:59:00+00:00,custom-sim,gke_container,container-7945,europe-west1-b,container/cpu/usage_time,26.91,%,83.85,545355436,1024000000,58318,4303,0,custom,staging,0.1,
2026-03-25T03:00:00+00:00,custom-sim,gke_container,container-5872,europe-west1-b,container/cpu/usage_time,21.21,%,3.19,366118466,1024000000,86154,29851,0,custom,staging,0.1,
2026-03-25T03:01:00+00:00,custom-sim,gke_container,container-7058,europe-west1-b,container/cpu/usage_time,19.2,%,20.97,431731007,1024000000,49521,30657,0,custom,staging,0.1,
2026-03-25T03:02:00+00:00,custom-sim,gke_container,container-3688,europe-west1-b,container/cpu/usage_time,19.74,%,4.21,121257342,1024000000,27664,2557,0,custom,staging,0.1,
2026-03-25T03:03:00+00:00,custom-sim,gke_container,container-1541,europe-west1-b,container/cpu/usage_time,24.88,%,38.57,271626559,1024000000,25825,13392,0,custom,staging,0.1,
2026-03-25T03:04:00+00:00,custom-sim,gke_container,container-6248,europe-west1-b,container/cpu/usage_time,13.1,%,89.24,535921527,1024000000,86495,8322,0,custom,staging,0.1,
2026-03-25T03:05:00+00:00,custom-sim,gke_container,container-6688,europe-west1-b,container/cpu/usage_time,15.49,%,78.75,780087168,1024000000,37957,5236,0,custom,staging,0.1,
2026-03-25T03:06:00+00:00,custom-sim,gke_container,container-8225,europe-west1-b,container/cpu/usage_time,14.65,%,8.83,487083749,1024000000,20346,56183,0,custom,staging,0.1,
2026-03-25T03:07:00+00:00,custom-sim,gke_container,container-4058,europe-west1-b,container/cpu/usage_time,15.41,%,88.98,680272281,1024000000,81967,57801,0,custom,staging,0.1,
2026-03-25T03:08:00+00:00,custom-sim,gke_container,container-2573,europe-west1-b,container/cpu/usage_time,23.08,%,3.13,656310477,1024000000,98332,88050,0,custom,staging,0.1,
2026-03-25T03:09:00+00:00,custom-sim,gke_container,container-3354,europe-west1-b,container/cpu/usage_time,11.4,%,75.69,164258199,1024000000,73958,5398,0,custom,staging,0.1,
2026-03-25T03:10:00+00:00,custom-sim,gke_container,container-8096,europe-west1-b,container/cpu/usage_time,16.85,%,53.16,444880527,1024000000,63209,53246,0,custom,staging,0.1,
2026-03-25T03:11:00+00:00,custom-sim,gke_container,container-4626,europe-west1-b,container/cpu/usage_time,23.1,%,70.08,434416984,1024000000,2460,21703,0,custom,staging,0.1,
2026-03-25T03:12:00+00:00,custom-sim,gke_container,container-3152,europe-west1-b,container/cpu/usage_time,29.88,%,33.99,121311590,1024000000,93601,13036,0,custom,staging,0.1,
2026-03-25T03:13:00+00:00,custom-sim,gke_container,container-1343,europe-west1-b,container/cpu/usage_time,13.67,%,80.96,676696028,1024000000,50149,18997,0,custom,staging,0.1,
2026-03-25T03:14:00+00:00,custom-sim,gke_container,container-8284,europe-west1-b,container/cpu/usage_time,23.65,%,75.79,737965388,1024000000,82677,2009,0,custom,staging,0.1,
2026-03-25T03:15:00+00:00,custom-sim,gke_container,container-3672,europe-west1-b,container/cpu/usage_time,17.23,%,32.73,334196806,1024000000,93237,48127,0,custom,staging,0.1,
2026-03-25T03:16:00+00:00,custom-sim,gke_container,container-3940,europe-west1-b,container/cpu/usage_time,28.89,%,25.24,128835932,1024000000,71997,48989,0,custom,staging,0.1,
2026-03-25T03:17:00+00:00,custom-sim,gke_container,container-1741,europe-west1-b,container/cpu/usage_time,22.07,%,16.46,312573385,1024000000,36135,72848,0,custom,staging,0.1,
2026-03-25T03:18:00+00:00,custom-sim,gke_container,container-8441,europe-west1-b,container/cpu/usage_time,26.77,%,88.55,396744486,1024000000,13179,11199,0,custom,staging,0.1,
2026-03-25T03:19:00+00:00,custom-sim,gke_container,container-2155,europe-west1-b,container/cpu/usage_time,10.83,%,49.58,581919873,1024000000,36050,17225,0,custom,staging,0.1,
2026-03-25T03:20:00+00:00,custom-sim,gke_container,container-3823,europe-west1-b,container/cpu/usage_time,15.3,%,61.76,746759347,1024000000,49867,22900,0,custom,staging,0.1,
2026-03-25T03:21:00+00:00,custom-sim,gke_container,container-4244,europe-west1-b,container/cpu/usage_time,28.11,%,52.99,763833352,1024000000,42813,80066,0,custom,staging,0.1,
2026-03-25T03:22:00+00:00,custom-sim,gke_container,container-9318,europe-west1-b,container/cpu/usage_time,13.88,%,58.5,216599619,1024000000,34131,12513,0,custom,staging,0.1,
2026-03-25T03:23:00+00:00,custom-sim,gke_container,container-4884,europe-west1-b,container/cpu/usage_time,26.65,%,80.75,451192935,1024000000,7357,56453,0,custom,staging,0.1,
2026-03-25T03:24:00+00:00,custom-sim,gke_container,container-3473,europe-west1-b,container/cpu/usage_time,22.38,%,17.23,370242933,1024000000,31833,60260,0,custom,staging,0.1,
2026-03-25T03:25:00+00:00,custom-sim,gke_container,container-7086,europe-west1-b,container/cpu/usage_time,17.78,%,58.83,374213325,1024000000,31257,82237,0,custom,staging,0.1,
2026-03-25T03:26:00+00:00,custom-sim,gke_container,container-8871,europe-west1-b,container/cpu/usage_time,25.7,%,75.69,784824428,1024000000,81460,99167,0,custom,staging,0.1,
2026-03-25T03:27:00+00:00,custom-sim,gke_container,container-6623,europe-west1-b,container/cpu/usage_time,22.36,%,52.61,440634364,1024000000,76184,24472,0,custom,staging,0.1,
2026-03-25T03:28:00+00:00,custom-sim,gke_container,container-6076,europe-west1-b,container/cpu/usage_time,27.25,%,18.36,467174920,1024000000,9620,39056,0,custom,staging,0.1,
2026-03-25T03:29:00+00:00,custom-sim,gke_container,container-8147,europe-west1-b,container/cpu/usage_time,27.93,%,36.88,212086217,1024000000,59426,36871,0,custom,staging,0.1,
2026-03-25T03:30:00+00:00,custom-sim,gke_container,container-1248,europe-west1-b,container/cpu/usage_time,19.27,%,68.53,298629937,1024000000,5450,95998,0,custom,staging,0.1,
2026-03-25T03:31:00+00:00,custom-sim,gke_container,container-1180,europe-west1-b,container/cpu/usage_time,29.05,%,31.15,403612343,1024000000,75807,33738,0,custom,staging,0.1,
2026-03-25T03:32:00+00:00,custom-sim,gke_container,container-9712,europe-west1-b,container/cpu/usage_time,24.78,%,40.66,269358922,1024000000,26743,67285,0,custom,staging,0.1,
2026-03-25T03:33:00+00:00,custom-sim,gke_container,container-9577,europe-west1-b,container/cpu/usage_time,22.82,%,32.96,751210879,1024000000,40169,56037,0,custom,staging,0.1,
2026-03-25T03:34:00+00:00,custom-sim,gke_container,container-9600,europe-west1-b,container/cpu/usage_time,28.65,%,70.33,367529914,1024000000,8883,29187,0,custom,staging,0.1,
2026-03-25T03:35:00+00:00,custom-sim,gke_container,container-8946,europe-west1-b,container/cpu/usage_time,22.51,%,41.72,605373847,1024000000,24191,36873,0,custom,staging,0.1,
2026-03-25T03:36:00+00:00,custom-sim,gke_container,container-7103,europe-west1-b,container/cpu/usage_time,22.82,%,30.97,382580235,1024000000,23491,31218,0,custom,staging,0.1,
2026-03-25T03:37:00+00:00,custom-sim,gke_container,container-2696,europe-west1-b,container/cpu/usage_time,16.01,%,7.3,732982220,1024000000,22625,77683,0,custom,staging,0.1,
2026-03-25T03:38:00+00:00,custom-sim,gke_container,container-3961,europe-west1-b,container/cpu/usage_time,19.02,%,36.51,796442653,1024000000,90310,21296,0,custom,staging,0.1,
2026-03-25T03:39:00+00:00,custom-sim,gke_container,container-9600,europe-west1-b,container/cpu/usage_time,13.62,%,16.32,309638493,1024000000,6732,77522,0,custom,staging,0.1,
2026-03-25T03:40:00+00:00,custom-sim,gke_container,container-8155,europe-west1-b,container/cpu/usage_time,13.55,%,49.68,188095547,1024000000,76231,43353,0,custom,staging,0.1,
2026-03-25T03:41:00+00:00,custom-sim,gke_container,container-5772,europe-west1-b,container/cpu/usage_time,25.01,%,41.9,515763175,1024000000,11947,57867,0,custom,staging,0.1,
2026-03-25T03:42:00+00:00,custom-sim,gke_container,container-8358,europe-west1-b,container/cpu/usage_time,29.57,%,74.21,721206999,1024000000,15376,64315,0,custom,staging,0.1,
2026-03-25T03:43:00+00:00,custom-sim,gke_container,container-1351,europe-west1-b,container/cpu/usage_time,29.01,%,1.44,125879253,1024000000,8198,78252,0,custom,staging,0.1,
2026-03-25T03:44:00+00:00,custom-sim,gke_container,container-6632,europe-west1-b,container/cpu/usage_time,15.74,%,75.36,438703905,1024000000,42279,67054,0,custom,staging,0.1,
2026-03-25T03:45:00+00:00,custom-sim,gke_container,container-2853,europe-west1-b,container/cpu/usage_time,24.2,%,24.79,799675061,1024000000,98983,58593,0,custom,staging,0.1,
2026-03-25T03:46:00+00:00,custom-sim,gke_container,container-8982,europe-west1-b,container/cpu/usage_time,20.05,%,57.18,487358633,1024000000,23166,37026,0,custom,staging,0.1,
2026-03-25T03:47:00+00:00,custom-sim,gke_container,container-9667,europe-west1-b,container/cpu/usage_time,28.62,%,10.89,365594317,1024000000,8281,52952,0,custom,staging,0.1,
2026-03-25T03:48:00+00:00,custom-sim,gke_container,container-2146,europe-west1-b,container/cpu/usage_time,17.49,%,49.68,491022074,1024000000,70576,25965,0,custom,staging,0.1,
2026-03-25T03:49:00+00:00,custom-sim,gke_container,container-8069,europe-west1-b,container/cpu/usage_time,28.1,%,68.46,727221675,1024000000,73200,33287,0,custom,staging,0.1,
2026-03-25T03:50:00+00:00,custom-sim,gke_container,container-2688,europe-west1-b,container/cpu/usage_time,25.14,%,69.09,455376650,1024000000,55152,53215,0,custom,staging,0.1,
2026-03-25T03:51:00+00:00,custom-sim,gke_container,container-7632,europe-west1-b,container/cpu/usage_time,21.55,%,12.79,353043142,1024000000,29504,7474,0,custom,staging,0.1,
2026-03-25T03:52:00+00:00,custom-sim,gke_container,container-3310,europe-west1-b,container/cpu/usage_time,17.76,%,57.89,717583676,1024000000,66085,88282,0,custom,staging,0.1,
2026-03-25T03:53:00+00:00,custom-sim,gke_container,container-4034,europe-west1-b,container/cpu/usage_time,13.17,%,21.23,260166196,1024000000,32727,24750,0,custom,staging,0.1,
2026-03-25T03:54:00+00:00,custom-sim,gke_container,container-7447,europe-west1-b,container/cpu/usage_time,21.74,%,78.09,574892204,1024000000,40126,9090,0,custom,staging,0.1,
2026-03-25T03:55:00+00:00,custom-sim,gke_container,container-5688,europe-west1-b,container/cpu/usage_time,29.61,%,21.51,291283762,1024000000,91263,63906,0,custom,staging,0.1,
2026-03-25T03:56:00+00:00,custom-sim,gke_container,container-2973,europe-west1-b,container/cpu/usage_time,21.09,%,44.48,210236685,1024000000,3703,9114,0,custom,staging,0.1,
2026-03-25T03:57:00+00:00,custom-sim,gke_container,container-5017,europe-west1-b,container/cpu/usage_time,26.28,%,62.58,321116510,1024000000,87577,2660,0,custom,staging,0.1,
2026-03-25T03:58:00+00:00,custom-sim,gke_container,container-4576,europe-west1-b,container/cpu/usage_time,26.08,%,87.06,526053910,1024000000,23938,90838,0,custom,staging,0.1,
2026-03-25T03:59:00+00:00,custom-sim,gke_container,container-4221,europe-west1-b,container/cpu/usage_time,25.18,%,87.57,189534041,1024000000,72406,61912,0,custom,staging,0.1,
2026-03-25T04:00:00+00:00,custom-sim,gke_container,container-5064,europe-west1-b,container/cpu/usage_time,11.84,%,17.69,354556688,1024000000,59976,98381,0,custom,staging,0.1,
2026-03-25T04:01:00+00:00,custom-sim,gke_container,container-3764,europe-west1-b,container/cpu/usage_time,21.99,%,25.81,384652110,1024000000,6997,95268,0,custom,staging,0.1,
2026-03-25T04:02:00+00:00,custom-sim,gke_container,container-5528,europe-west1-b,container/cpu/usage_time,15.14,%,78.87,433157522,1024000000,91920,2973,0,custom,staging,0.1,
2026-03-25T04:03:00+00:00,custom-sim,gke_container,container-1249,europe-west1-b,container/cpu/usage_time,10.93,%,49.63,509862664,1024000000,54330,59870,0,custom,staging,0.1,
2026-03-25T04:04:00+00:00,custom-sim,gke_container,container-7062,europe-west1-b,container/cpu/usage_time,16.16,%,26.5,673456744,1024000000,59483,34566,0,custom,staging,0.1,
2026-03-25T04:05:00+00:00,custom-sim,gke_container,container-5420,europe-west1-b,container/cpu/usage_time,20.89,%,68.74,697405692,1024000000,46380,45078,0,custom,staging,0.1,
2026-03-25T04:06:00+00:00,custom-sim,gke_container,container-3273,europe-west1-b,container/cpu/usage_time,18.65,%,41.09,515383724,1024000000,34832,53309,0,custom,staging,0.1,
2026-03-25T04:07:00+00:00,custom-sim,gke_container,container-8824,europe-west1-b,container/cpu/usage_time,10.18,%,64.84,132319787,1024000000,18425,65845,0,custom,staging,0.1,
2026-03-25T04:08:00+00:00,custom-sim,gke_container,container-8491,europe-west1-b,container/cpu/usage_time,26.1,%,63.75,207944922,1024000000,67048,41655,0,custom,staging,0.1,
2026-03-25T04:09:00+00:00,custom-sim,gke_container,container-7198,europe-west1-b,container/cpu/usage_time,25.49,%,51.21,103482174,1024000000,7782,47121,0,custom,staging,0.1,
2026-03-25T04:10:00+00:00,custom-sim,gke_container,container-8143,europe-west1-b,container/cpu/usage_time,23.14,%,51.89,587806795,1024000000,13027,37957,0,custom,staging,0.1,
2026-03-25T04:11:00+00:00,custom-sim,gke_container,container-2729,europe-west1-b,container/cpu/usage_time,19.09,%,73.48,101776536,1024000000,52920,93104,0,custom,staging,0.1,
2026-03-25T04:12:00+00:00,custom-sim,gke_container,container-4461,europe-west1-b,container/cpu/usage_time,16.24,%,52.95,772201221,1024000000,86518,38014,0,custom,staging,0.1,
2026-03-25T04:13:00+00:00,custom-sim,gke_container,container-7762,europe-west1-b,container/cpu/usage_time,24.78,%,34.93,746967672,1024000000,74764,76956,0,custom,staging,0.1,
2026-03-25T04:14:00+00:00,custom-sim,gke_container,container-7109,europe-west1-b,container/cpu/usage_time,11.09,%,17.77,440324125,1024000000,69827,32410,0,custom,staging,0.1,
2026-03-25T04:15:00+00:00,custom-sim,gke_container,container-8510,europe-west1-b,container/cpu/usage_time,20.51,%,49.1,463391480,1024000000,25070,85994,0,custom,staging,0.1,
2026-03-25T04:16:00+00:00,custom-sim,gke_container,container-9872,europe-west1-b,container/cpu/usage_time,29.15,%,39.96,233998314,1024000000,39764,29889,0,custom,staging,0.1,
2026-03-25T04:17:00+00:00,custom-sim,gke_container,container-7266,europe-west1-b,container/cpu/usage_time,23.12,%,82.4,121168334,1024000000,41053,26592,0,custom,staging,0.1,
2026-03-25T04:18:00+00:00,custom-sim,gke_container,container-7554,europe-west1-b,container/cpu/usage_time,18.54,%,77.31,552502296,1024000000,62099,94818,0,custom,staging,0.1,
2026-03-25T04:19:00+00:00,custom-sim,gke_container,container-1258,europe-west1-b,container/cpu/usage_time,14.95,%,58.89,512843194,1024000000,92890,60336,0,custom,staging,0.1,
2026-03-25T04:20:00+00:00,custom-sim,gke_container,container-9131,europe-west1-b,container/cpu/usage_time,10.41,%,73.25,367323994,1024000000,42434,32502,0,custom,staging,0.1,
2026-03-25T04:21:00+00:00,custom-sim,gke_container,container-3452,europe-west1-b,container/cpu/usage_time,21.24,%,16.4,139646738,1024000000,60582,69825,0,custom,staging,0.1,
2026-03-25T04:22:00+00:00,custom-sim,gke_container,container-7471,europe-west1-b,container/cpu/usage_time,20.24,%,41.5,731256008,1024000000,42225,10396,0,custom,staging,0.1,
2026-03-25T04:23:00+00:00,custom-sim,gke_container,container-6076,europe-west1-b,container/cpu/usage_time,21.3,%,64.49,690374012,1024000000,63784,81958,0,custom,staging,0.1,
2026-03-25T04:24:00+00:00,custom-sim,gke_container,container-3070,europe-west1-b,container/cpu/usage_time,13.69,%,58.57,512540534,1024000000,21962,30507,0,custom,staging,0.1,
2026-03-25T04:25:00+00:00,custom-sim,gke_container,container-5709,europe-west1-b,container/cpu/usage_time,23.68,%,28.24,198857090,1024000000,72270,26036,0,custom,staging,0.1,
2026-03-25T04:26:00+00:00,custom-sim,gke_container,container-2972,europe-west1-b,container/cpu/usage_time,18.84,%,27.64,309770288,1024000000,97552,10848,0,custom,staging,0.1,
2026-03-25T04:27:00+00:00,custom-sim,gke_container,container-5964,europe-west1-b,container/cpu/usage_time,29.73,%,73.43,361321794,1024000000,77334,30143,0,custom,staging,0.1,
2026-03-25T04:28:00+00:00,custom-sim,gke_container,container-9464,europe-west1-b,container/cpu/usage_time,12.06,%,17.71,303453962,1024000000,76908,47184,0,custom,staging,0.1,
2026-03-25T04:29:00+00:00,custom-sim,gke_container,container-9984,europe-west1-b,container/cpu/usage_time,23.38,%,62.66,490987079,1024000000,10064,80952,0,custom,staging,0.1,
2026-03-25T04:30:00+00:00,custom-sim,gke_container,container-1014,europe-west1-b,container/cpu/usage_time,20.86,%,23.76,750276684,1024000000,75618,27884,0,custom,staging,0.1,
2026-03-25T04:31:00+00:00,custom-sim,gke_container,container-3601,europe-west1-b,container/cpu/usage_time,27.56,%,17.66,523145826,1024000000,88235,91180,0,custom,staging,0.1,
2026-03-25T04:32:00+00:00,custom-sim,gke_container,container-9985,europe-west1-b,container/cpu/usage_time,12.06,%,52.29,664654859,1024000000,79425,6793,0,custom,staging,0.1,
2026-03-25T04:33:00+00:00,custom-sim,gke_container,container-9645,europe-west1-b,container/cpu/usage_time,13.99,%,54.18,221184915,1024000000,16126,29146,0,custom,staging,0.1,
2026-03-25T04:34:00+00:00,custom-sim,gke_container,container-3623,europe-west1-b,container/cpu/usage_time,13.57,%,82.8,592420749,1024000000,17996,80842,0,custom,staging,0.1,
2026-03-25T04:35:00+00:00,custom-sim,gke_container,container-1339,europe-west1-b,container/cpu/usage_time,27.88,%,89.17,469619516,1024000000,21157,54710,0,custom,staging,0.1,
2026-03-25T04:36:00+00:00,custom-sim,gke_container,container-8593,europe-west1-b,container/cpu/usage_time,23.07,%,40.49,725039961,1024000000,90891,25144,0,custom,staging,0.1,
2026-03-25T04:37:00+00:00,custom-sim,gke_container,container-1240,europe-west1-b,container/cpu/usage_time,27.84,%,62.77,525612395,1024000000,72539,54449,0,custom,staging,0.1,
2026-03-25T04:38:00+00:00,custom-sim,gke_container,container-3516,europe-west1-b,container/cpu/usage_time,22.38,%,55.38,463748480,1024000000,21505,21950,0,custom,staging,0.1,
2026-03-25T04:39:00+00:00,custom-sim,gke_container,container-5028,europe-west1-b,container/cpu/usage_time,15.88,%,42.0,440995481,1024000000,42525,46587,0,custom,staging,0.1,
2026-03-25T04:40:00+00:00,custom-sim,gke_container,container-9449,europe-west1-b,container/cpu/usage_time,29.15,%,36.59,149560151,1024000000,16999,61594,0,custom,staging,0.1,
2026-03-25T04:41:00+00:00,custom-sim,gke_container,container-5106,europe-west1-b,container/cpu/usage_time,28.59,%,32.74,560560331,1024000000,40825,42573,0,custom,staging,0.1,
2026-03-25T04:42:00+00:00,custom-sim,gke_container,container-2077,europe-west1-b,container/cpu/usage_time,22.2,%,25.92,145837382,1024000000,50297,14791,0,custom,staging,0.1,
2026-03-25T04:43:00+00:00,custom-sim,gke_container,container-4241,europe-west1-b,container/cpu/usage_time,27.18,%,6.83,200846513,1024000000,57671,7904,0,custom,staging,0.1,
2026-03-25T04:44:00+00:00,custom-sim,gke_container,container-3589,europe-west1-b,container/cpu/usage_time,22.35,%,45.87,353328062,1024000000,33614,76958,0,custom,staging,0.1,
2026-03-25T04:45:00+00:00,custom-sim,gke_container,container-3708,europe-west1-b,container/cpu/usage_time,14.79,%,43.86,306056758,1024000000,18114,59000,0,custom,staging,0.1,
2026-03-25T04:46:00+00:00,custom-sim,gke_container,container-9994,europe-west1-b,container/cpu/usage_time,15.68,%,37.01,281515486,1024000000,16964,9872,0,custom,staging,0.1,
2026-03-25T04:47:00+00:00,custom-sim,gke_container,container-6038,europe-west1-b,container/cpu/usage_time,29.96,%,88.87,487116332,1024000000,52652,74565,0,custom,staging,0.1,
2026-03-25T04:48:00+00:00,custom-sim,gke_container,container-7227,europe-west1-b,container/cpu/usage_time,28.55,%,1.03,519422045,1024000000,61773,37675,0,custom,staging,0.1,
2026-03-25T04:49:00+00:00,custom-sim,gke_container,container-5215,europe-west1-b,container/cpu/usage_time,17.4,%,7.48,203946780,1024000000,36618,86984,0,custom,staging,0.1,
2026-03-25T04:50:00+00:00,custom-sim,gke_container,container-6675,europe-west1-b,container/cpu/usage_time,19.41,%,15.84,675481860,1024000000,2603,91629,0,custom,staging,0.1,
2026-03-25T04:51:00+00:00,custom-sim,gke_container,container-4420,europe-west1-b,container/cpu/usage_time,19.8,%,9.13,318801601,1024000000,71613,74762,0,custom,staging,0.1,
2026-03-25T04:52:00+00:00,custom-sim,gke_container,container-3364,europe-west1-b,container/cpu/usage_time,21.3,%,78.95,618434899,1024000000,33919,53328,0,custom,staging,0.1,
2026-03-25T04:53:00+00:00,custom-sim,gke_container,container-2593,europe-west1-b,container/cpu/usage_time,27.99,%,49.78,452334589,1024000000,11655,91831,0,custom,staging,0.1,
2026-03-25T04:54:00+00:00,custom-sim,gke_container,container-5425,europe-west1-b,container/cpu/usage_time,13.52,%,5.31,429566357,1024000000,65835,18896,0,custom,staging,0.1,
2026-03-25T04:55:00+00:00,custom-sim,gke_container,container-4487,europe-west1-b,container/cpu/usage_time,23.0,%,43.23,631994931,1024000000,89351,11410,0,custom,staging,0.1,
2026-03-25T04:56:00+00:00,custom-sim,gke_container,container-5235,europe-west1-b,container/cpu/usage_time,13.4,%,21.61,230137032,1024000000,49150,63327,0,custom,staging,0.1,
2026-03-25T04:57:00+00:00,custom-sim,gke_container,container-2924,europe-west1-b,container/cpu/usage_time,25.16,%,47.27,700825794,1024000000,77296,2915,0,custom,staging,0.1,
2026-03-25T04:58:00+00:00,custom-sim,gke_container,container-5083,europe-west1-b,container/cpu/usage_time,11.78,%,17.64,141735588,1024000000,7568,67538,0,custom,staging,0.1,
2026-03-25T04:59:00+00:00,custom-sim,gke_container,container-9652,europe-west1-b,container/cpu/usage_time,22.66,%,42.22,513268962,1024000000,2570,30011,0,custom,staging,0.1,
2026-03-25T05:00:00+00:00,custom-sim,gke_container,container-2565,europe-west1-b,container/cpu/usage_time,25.68,%,12.28,164012839,1024000000,52164,88201,0,custom,staging,0.1,
2026-03-25T05:01:00+00:00,custom-sim,gke_container,container-8871,europe-west1-b,container/cpu/usage_time,20.35,%,58.4,427728662,1024000000,15196,27149,0,custom,staging,0.1,
2026-03-25T05:02:00+00:00,custom-sim,gke_container,container-4812,europe-west1-b,container/cpu/usage_time,28.79,%,74.84,741999246,1024000000,52404,20470,0,custom,staging,0.1,
2026-03-25T05:03:00+00:00,custom-sim,gke_container,container-5729,europe-west1-b,container/cpu/usage_time,15.59,%,48.78,366501548,1024000000,77375,5825,0,custom,staging,0.1,
2026-03-25T05:04:00+00:00,custom-sim,gke_container,container-8953,europe-west1-b,container/cpu/usage_time,28.01,%,68.19,560042134,1024000000,68864,96795,0,custom,staging,0.1,
2026-03-25T05:05:00+00:00,custom-sim,gke_container,container-6342,europe-west1-b,container/cpu/usage_time,28.29,%,83.41,604378945,1024000000,66515,60831,0,custom,staging,0.1,
2026-03-25T05:06:00+00:00,custom-sim,gke_container,container-2921,europe-west1-b,container/cpu/usage_time,24.16,%,10.09,616959914,1024000000,77506,70809,0,custom,staging,0.1,
2026-03-25T05:07:00+00:00,custom-sim,gke_container,container-5040,europe-west1-b,container/cpu/usage_time,13.96,%,63.69,255142080,1024000000,69677,38632,0,custom,staging,0.1,
2026-03-25T05:08:00+00:00,custom-sim,gke_container,container-1477,europe-west1-b,container/cpu/usage_time,23.66,%,85.05,665867924,1024000000,91018,85998,0,custom,staging,0.1,
2026-03-25T05:09:00+00:00,custom-sim,gke_container,container-8856,europe-west1-b,container/cpu/usage_time,28.59,%,1.8,511564921,1024000000,28259,81657,0,custom,staging,0.1,
2026-03-25T05:10:00+00:00,custom-sim,gke_container,container-2041,europe-west1-b,container/cpu/usage_time,18.5,%,20.45,272482158,1024000000,19742,19200,0,custom,staging,0.1,
2026-03-25T05:11:00+00:00,custom-sim,gke_container,container-6120,europe-west1-b,container/cpu/usage_time,26.15,%,34.95,324993719,1024000000,61512,28278,0,custom,staging,0.1,
2026-03-25T05:12:00+00:00,custom-sim,gke_container,container-3626,europe-west1-b,container/cpu/usage_time,20.42,%,5.79,243358969,1024000000,68732,87625,0,custom,staging,0.1,
2026-03-25T05:13:00+00:00,custom-sim,gke_container,container-2918,europe-west1-b,container/cpu/usage_time,21.45,%,38.16,180545110,1024000000,28832,10023,0,custom,staging,0.1,
2026-03-25T05:14:00+00:00,custom-sim,gke_container,container-5069,europe-west1-b,container/cpu/usage_time,30.0,%,83.39,139077301,1024000000,74060,4305,0,custom,staging,0.1,
2026-03-25T05:15:00+00:00,custom-sim,gke_container,container-6590,europe-west1-b,container/cpu/usage_time,16.25,%,57.06,729786352,1024000000,24795,71497,0,custom,staging,0.1,
2026-03-25T05:16:00+00:00,custom-sim,gke_container,container-5211,europe-west1-b,container/cpu/usage_time,26.12,%,52.51,649741616,1024000000,48701,66126,0,custom,staging,0.1,
2026-03-25T05:17:00+00:00,custom-sim,gke_container,container-4194,europe-west1-b,container/cpu/usage_time,12.04,%,17.81,378814039,1024000000,42990,24561,0,custom,staging,0.1,
2026-03-25T05:18:00+00:00,custom-sim,gke_container,container-7628,europe-west1-b,container/cpu/usage_time,18.7,%,65.97,108560322,1024000000,30244,65703,0,custom,staging,0.1,
2026-03-25T05:19:00+00:00,custom-sim,gke_container,container-9945,europe-west1-b,container/cpu/usage_time,22.32,%,5.25,470909501,1024000000,16025,76520,0,custom,staging,0.1,
2026-03-25T05:20:00+00:00,custom-sim,gke_container,container-4722,europe-west1-b,container/cpu/usage_time,12.92,%,17.43,246967476,1024000000,34785,45393,0,custom,staging,0.1,
2026-03-25T05:21:00+00:00,custom-sim,gke_container,container-4482,europe-west1-b,container/cpu/usage_time,28.07,%,33.97,730443839,1024000000,65211,2118,0,custom,staging,0.1,
2026-03-25T05:22:00+00:00,custom-sim,gke_container,container-6820,europe-west1-b,container/cpu/usage_time,17.78,%,71.0,136046809,1024000000,94119,65198,0,custom,staging,0.1,
2026-03-25T05:23:00+00:00,custom-sim,gke_container,container-6674,europe-west1-b,container/cpu/usage_time,10.07,%,13.41,544019650,1024000000,32451,78241,0,custom,staging,0.1,
2026-03-25T05:24:00+00:00,custom-sim,gke_container,container-1448,europe-west1-b,container/cpu/usage_time,28.49,%,72.05,275955810,1024000000,7895,57843,0,custom,staging,0.1,
2026-03-25T05:25:00+00:00,custom-sim,gke_container,container-8258,europe-west1-b,container/cpu/usage_time,14.76,%,38.56,530409504,1024000000,75951,42962,0,custom,staging,0.1,
2026-03-25T05:26:00+00:00,custom-sim,gke_container,container-4081,europe-west1-b,container/cpu/usage_time,16.85,%,39.78,640639012,1024000000,83425,47037,0,custom,staging,0.1,
2026-03-25T05:27:00+00:00,custom-sim,gke_container,container-3044,europe-west1-b,container/cpu/usage_time,10.41,%,62.68,608020944,1024000000,14088,91562,0,custom,staging,0.1,
2026-03-25T05:28:00+00:00,custom-sim,gke_container,container-4307,europe-west1-b,container/cpu/usage_time,23.8,%,22.18,777126373,1024000000,95457,96806,0,custom,staging,0.1,
2026-03-25T05:29:00+00:00,custom-sim,gke_container,container-3645,europe-west1-b,container/cpu/usage_time,10.32,%,9.1,562187073,1024000000,65552,58659,0,custom,staging,0.1,
2026-03-25T05:30:00+00:00,custom-sim,gke_container,container-3038,europe-west1-b,container/cpu/usage_time,23.45,%,13.58,251684594,1024000000,94869,15218,0,custom,staging,0.1,
2026-03-25T05:31:00+00:00,custom-sim,gke_container,container-9223,europe-west1-b,container/cpu/usage_time,18.3,%,25.74,114936510,1024000000,73280,84890,0,custom,staging,0.1,
2026-03-25T05:32:00+00:00,custom-sim,gke_container,container-9837,europe-west1-b,container/cpu/usage_time,16.32,%,67.66,273531036,1024000000,82044,30637,0,custom,staging,0.1,
2026-03-25T05:33:00+00:00,custom-sim,gke_container,container-8166,europe-west1-b,container/cpu/usage_time,28.23,%,44.45,323458405,1024000000,15659,75009,0,custom,staging,0.1,
2026-03-25T05:34:00+00:00,custom-sim,gke_container,container-6719,europe-west1-b,container/cpu/usage_time,24.03,%,25.48,732394786,1024000000,13177,15190,0,custom,staging,0.1,
2026-03-25T05:35:00+00:00,custom-sim,gke_container,container-1308,europe-west1-b,container/cpu/usage_time,25.83,%,49.21,535821617,1024000000,19505,56668,0,custom,staging,0.1,
2026-03-25T05:36:00+00:00,custom-sim,gke_container,container-3753,europe-west1-b,container/cpu/usage_time,26.1,%,42.33,215563756,1024000000,26798,25134,0,custom,staging,0.1,
2026-03-25T05:37:00+00:00,custom-sim,gke_container,container-5033,europe-west1-b,container/cpu/usage_time,26.23,%,88.29,417441402,1024000000,88814,79154,0,custom,staging,0.1,
2026-03-25T05:38:00+00:00,custom-sim,gke_container,container-5183,europe-west1-b,container/cpu/usage_time,18.75,%,43.08,407417673,1024000000,63896,25932,0,custom,staging,0.1,
2026-03-25T05:39:00+00:00,custom-sim,gke_container,container-4918,europe-west1-b,container/cpu/usage_time,25.81,%,8.97,630433993,1024000000,56485,71448,0,custom,staging,0.1,
2026-03-25T05:40:00+00:00,custom-sim,gke_container,container-9884,europe-west1-b,container/cpu/usage_time,24.28,%,79.04,538146833,1024000000,58327,95721,0,custom,staging,0.1,
2026-03-25T05:41:00+00:00,custom-sim,gke_container,container-1984,europe-west1-b,container/cpu/usage_time,27.86,%,31.13,128877099,1024000000,24858,50242,0,custom,staging,0.1,
2026-03-25T05:42:00+00:00,custom-sim,gke_container,container-4871,europe-west1-b,container/cpu/usage_time,23.75,%,23.29,133857164,1024000000,24403,74029,0,custom,staging,0.1,
2026-03-25T05:43:00+00:00,custom-sim,gke_container,container-8996,europe-west1-b,container/cpu/usage_time,25.39,%,31.97,256573265,1024000000,67618,61014,0,custom,staging,0.1,
2026-03-25T05:44:00+00:00,custom-sim,gke_container,container-7370,europe-west1-b,container/cpu/usage_time,13.94,%,12.1,760150597,1024000000,57873,89975,0,custom,staging,0.1,
2026-03-25T05:45:00+00:00,custom-sim,gke_container,container-5313,europe-west1-b,container/cpu/usage_time,11.78,%,38.93,291849488,1024000000,22231,47546,0,custom,staging,0.1,
2026-03-25T05:46:00+00:00,custom-sim,gke_container,container-3469,europe-west1-b,container/cpu/usage_time,27.02,%,82.89,559501761,1024000000,16771,97740,0,custom,staging,0.1,
2026-03-25T05:47:00+00:00,custom-sim,gke_container,container-3723,europe-west1-b,container/cpu/usage_time,27.13,%,50.35,435909279,1024000000,23888,13676,0,custom,staging,0.1,
2026-03-25T05:48:00+00:00,custom-sim,gke_container,container-3513,europe-west1-b,container/cpu/usage_time,10.7,%,19.87,113021402,1024000000,7988,9750,0,custom,staging,0.1,
2026-03-25T05:49:00+00:00,custom-sim,gke_container,container-5558,europe-west1-b,container/cpu/usage_time,16.39,%,5.06,155049574,1024000000,42952,11222,0,custom,staging,0.1,
2026-03-25T05:50:00+00:00,custom-sim,gke_container,container-9986,europe-west1-b,container/cpu/usage_time,18.79,%,63.23,517327450,1024000000,15474,50307,0,custom,staging,0.1,
2026-03-25T05:51:00+00:00,custom-sim,gke_container,container-4402,europe-west1-b,container/cpu/usage_time,18.55,%,80.87,677850994,1024000000,32543,45641,0,custom,staging,0.1,
2026-03-25T05:52:00+00:00,custom-sim,gke_container,container-1303,europe-west1-b,container/cpu/usage_time,13.78,%,59.69,140550525,1024000000,81241,54210,0,custom,staging,0.1,
2026-03-25T05:53:00+00:00,custom-sim,gke_container,container-7739,europe-west1-b,container/cpu/usage_time,21.86,%,2.88,789860775,1024000000,92321,2329,0,custom,staging,0.1,
2026-03-25T05:54:00+00:00,custom-sim,gke_container,container-4192,europe-west1-b,container/cpu/usage_time,11.06,%,18.2,306987193,1024000000,65149,56028,0,custom,staging,0.1,
2026-03-25T05:55:00+00:00,custom-sim,gke_container,container-6726,europe-west1-b,container/cpu/usage_time,27.41,%,88.02,164725606,1024000000,7370,11525,0,custom,staging,0.1,
2026-03-25T05:56:00+00:00,custom-sim,gke_container,container-4432,europe-west1-b,container/cpu/usage_time,17.93,%,38.95,291018916,1024000000,95380,95192,0,custom,staging,0.1,
2026-03-25T05:57:00+00:00,custom-sim,gke_container,container-7755,europe-west1-b,container/cpu/usage_time,12.62,%,65.17,331091762,1024000000,3892,64718,0,custom,staging,0.1,
2026-03-25T05:58:00+00:00,custom-sim,gke_container,container-3805,europe-west1-b,container/cpu/usage_time,19.58,%,3.77,574062381,1024000000,34076,13641,0,custom,staging,0.1,
2026-03-25T05:59:00+00:00,custom-sim,gke_container,container-6776,europe-west1-b,container/cpu/usage_time,24.06,%,29.94,273161747,1024000000,83818,73712,0,custom,staging,0.1,
2026-03-25T06:00:00+00:00,custom-sim,gke_container,container-3381,europe-west1-b,container/cpu/usage_time,23.66,%,36.48,169433146,1024000000,17301,67624,0,custom,staging,0.1,
2026-03-25T06:01:00+00:00,custom-sim,gke_container,container-6833,europe-west1-b,container/cpu/usage_time,13.72,%,64.2,655952268,1024000000,87053,18226,0,custom,staging,0.1,
2026-03-25T06:02:00+00:00,custom-sim,gke_container,container-4205,europe-west1-b,container/cpu/usage_time,16.32,%,63.9,768506440,1024000000,37220,41810,0,custom,staging,0.1,
2026-03-25T06:03:00+00:00,custom-sim,gke_container,container-1868,europe-west1-b,container/cpu/usage_time,16.7,%,79.76,791703136,1024000000,96765,25149,0,custom,staging,0.1,
2026-03-25T06:04:00+00:00,custom-sim,gke_container,container-1138,europe-west1-b,container/cpu/usage_time,25.35,%,19.34,633308797,1024000000,55769,93365,0,custom,staging,0.1,
2026-03-25T06:05:00+00:00,custom-sim,gke_container,container-5141,europe-west1-b,container/cpu/usage_time,27.09,%,45.65,454420788,1024000000,1380,26419,0,custom,staging,0.1,
2026-03-25T06:06:00+00:00,custom-sim,gke_container,container-9974,europe-west1-b,container/cpu/usage_time,23.28,%,65.94,566141473,1024000000,21441,85847,0,custom,staging,0.1,
2026-03-25T06:07:00+00:00,custom-sim,gke_container,container-2190,europe-west1-b,container/cpu/usage_time,26.7,%,28.54,699087993,1024000000,49310,61689,0,custom,staging,0.1,
2026-03-25T06:08:00+00:00,custom-sim,gke_container,container-6621,europe-west1-b,container/cpu/usage_time,21.63,%,78.5,207780985,1024000000,84688,26518,0,custom,staging,0.1,
2026-03-25T06:09:00+00:00,custom-sim,gke_container,container-3320,europe-west1-b,container/cpu/usage_time,17.4,%,13.94,456335494,1024000000,8164,9904,0,custom,staging,0.1,
2026-03-25T06:10:00+00:00,custom-sim,gke_container,container-6058,europe-west1-b,container/cpu/usage_time,18.96,%,57.6,145404109,1024000000,13561,28635,0,custom,staging,0.1,
2026-03-25T06:11:00+00:00,custom-sim,gke_container,container-3575,europe-west1-b,container/cpu/usage_time,12.23,%,10.97,289826048,1024000000,22228,35548,0,custom,staging,0.1,
2026-03-25T06:12:00+00:00,custom-sim,gke_container,container-9649,europe-west1-b,container/cpu/usage_time,20.12,%,16.61,614705941,1024000000,26976,51025,0,custom,staging,0.1,
2026-03-25T06:13:00+00:00,custom-sim,gke_container,container-9097,europe-west1-b,container/cpu/usage_time,25.1,%,21.11,127591918,1024000000,82479,30291,0,custom,staging,0.1,
2026-03-25T06:14:00+00:00,custom-sim,gke_container,container-2767,europe-west1-b,container/cpu/usage_time,22.09,%,58.52,169124135,1024000000,20206,49432,0,custom,staging,0.1,
2026-03-25T06:15:00+00:00,custom-sim,gke_container,container-5560,europe-west1-b,container/cpu/usage_time,23.98,%,73.72,363229899,1024000000,63066,29465,0,custom,staging,0.1,
2026-03-25T06:16:00+00:00,custom-sim,gke_container,container-1837,europe-west1-b,container/cpu/usage_time,26.01,%,2.49,288374182,1024000000,29095,91937,0,custom,staging,0.1,
2026-03-25T06:17:00+00:00,custom-sim,gke_container,container-9772,europe-west1-b,container/cpu/usage_time,25.33,%,71.93,142281817,1024000000,79510,40618,0,custom,staging,0.1,
2026-03-25T06:18:00+00:00,custom-sim,gke_container,container-4253,europe-west1-b,container/cpu/usage_time,24.41,%,58.07,635771016,1024000000,78559,12830,0,custom,staging,0.1,
2026-03-25T06:19:00+00:00,custom-sim,gke_container,container-2461,europe-west1-b,container/cpu/usage_time,24.57,%,77.31,754465349,1024000000,12837,36134,0,custom,staging,0.1,
2026-03-25T06:20:00+00:00,custom-sim,gke_container,container-5161,europe-west1-b,container/cpu/usage_time,10.99,%,67.73,715797140,1024000000,68888,14580,0,custom,staging,0.1,
2026-03-25T06:21:00+00:00,custom-sim,gke_container,container-6592,europe-west1-b,container/cpu/usage_time,12.58,%,31.86,256035734,1024000000,13255,1145,0,custom,staging,0.1,
2026-03-25T06:22:00+00:00,custom-sim,gke_container,container-8383,europe-west1-b,container/cpu/usage_time,24.79,%,53.1,304062143,1024000000,87761,41073,0,custom,staging,0.1,
2026-03-25T06:23:00+00:00,custom-sim,gke_container,container-6188,europe-west1-b,container/cpu/usage_time,23.06,%,15.09,330739394,1024000000,32402,57304,0,custom,staging,0.1,
2026-03-25T06:24:00+00:00,custom-sim,gke_container,container-9166,europe-west1-b,container/cpu/usage_time,18.43,%,35.25,780293754,1024000000,27984,60599,0,custom,staging,0.1,
2026-03-25T06:25:00+00:00,custom-sim,gke_container,container-9543,europe-west1-b,container/cpu/usage_time,28.39,%,40.2,660769080,1024000000,26392,2894,0,custom,staging,0.1,
2026-03-25T06:26:00+00:00,custom-sim,gke_container,container-3135,europe-west1-b,container/cpu/usage_time,22.37,%,25.82,206140511,1024000000,42315,85396,0,custom,staging,0.1,
2026-03-25T06:27:00+00:00,custom-sim,gke_container,container-1686,europe-west1-b,container/cpu/usage_time,20.61,%,37.4,145583079,1024000000,41760,41437,0,custom,staging,0.1,
2026-03-25T06:28:00+00:00,custom-sim,gke_container,container-1805,europe-west1-b,container/cpu/usage_time,27.4,%,14.22,608517410,1024000000,33043,8731,0,custom,staging,0.1,
2026-03-25T06:29:00+00:00,custom-sim,gke_container,container-3223,europe-west1-b,container/cpu/usage_time,27.49,%,7.15,129361697,1024000000,69016,75955,0,custom,staging,0.1,
2026-03-25T06:30:00+00:00,custom-sim,gke_container,container-5158,europe-west1-b,container/cpu/usage_time,18.96,%,37.72,333676374,1024000000,66858,69576,0,custom,staging,0.1,
2026-03-25T06:31:00+00:00,custom-sim,gke_container,container-4776,europe-west1-b,container/cpu/usage_time,23.01,%,58.38,327043094,1024000000,20026,69371,0,custom,staging,0.1,
2026-03-25T06:32:00+00:00,custom-sim,gke_container,container-8440,europe-west1-b,container/cpu/usage_time,23.72,%,32.46,106095023,1024000000,69529,56070,0,custom,staging,0.1,
2026-03-25T06:33:00+00:00,custom-sim,gke_container,container-7803,europe-west1-b,container/cpu/usage_time,16.73,%,89.52,350215755,1024000000,14788,82784,0,custom,staging,0.1,
2026-03-25T06:34:00+00:00,custom-sim,gke_container,container-3110,europe-west1-b,container/cpu/usage_time,24.44,%,29.75,341689216,1024000000,44896,94682,0,custom,staging,0.1,
2026-03-25T06:35:00+00:00,custom-sim,gke_container,container-7601,europe-west1-b,container/cpu/usage_time,21.97,%,1.44,439910898,1024000000,11446,84327,0,custom,staging,0.1,
2026-03-25T06:36:00+00:00,custom-sim,gke_container,container-6862,europe-west1-b,container/cpu/usage_time,27.82,%,27.1,250573117,1024000000,65524,78007,0,custom,staging,0.1,
2026-03-25T06:37:00+00:00,custom-sim,gke_container,container-7452,europe-west1-b,container/cpu/usage_time,13.17,%,63.63,786901196,1024000000,10715,72967,0,custom,staging,0.1,
2026-03-25T06:38:00+00:00,custom-sim,gke_container,container-7629,europe-west1-b,container/cpu/usage_time,25.64,%,36.94,784043860,1024000000,69931,90538,0,custom,staging,0.1,
2026-03-25T06:39:00+00:00,custom-sim,gke_container,container-3011,europe-west1-b,container/cpu/usage_time,21.35,%,51.81,496046928,1024000000,11852,52569,0,custom,staging,0.1,
2026-03-25T06:40:00+00:00,custom-sim,gke_container,container-5985,europe-west1-b,container/cpu/usage_time,15.4,%,41.82,687604175,1024000000,68188,44967,0,custom,staging,0.1,
2026-03-25T06:41:00+00:00,custom-sim,gke_container,container-1324,europe-west1-b,container/cpu/usage_time,29.62,%,74.1,672034035,1024000000,56101,78683,0,custom,staging,0.1,
2026-03-25T06:42:00+00:00,custom-sim,gke_container,container-2448,europe-west1-b,container/cpu/usage_time,19.3,%,72.13,774723041,1024000000,46649,66458,0,custom,staging,0.1,
2026-03-25T06:43:00+00:00,custom-sim,gke_container,container-8015,europe-west1-b,container/cpu/usage_time,27.88,%,88.58,296910156,1024000000,68946,24800,0,custom,staging,0.1,
2026-03-25T06:44:00+00:00,custom-sim,gke_container,container-7832,europe-west1-b,container/cpu/usage_time,20.82,%,80.07,530823023,1024000000,2683,95658,0,custom,staging,0.1,
2026-03-25T06:45:00+00:00,custom-sim,gke_container,container-8365,europe-west1-b,container/cpu/usage_time,26.22,%,28.0,555001557,1024000000,25636,11539,0,custom,staging,0.1,
2026-03-25T06:46:00+00:00,custom-sim,gke_container,container-8409,europe-west1-b,container/cpu/usage_time,13.95,%,66.96,482606477,1024000000,71270,53731,0,custom,staging,0.1,
2026-03-25T06:47:00+00:00,custom-sim,gke_container,container-9555,europe-west1-b,container/cpu/usage_time,25.4,%,45.9,452866585,1024000000,48446,51015,0,custom,staging,0.1,
2026-03-25T06:48:00+00:00,custom-sim,gke_container,container-4533,europe-west1-b,container/cpu/usage_time,23.42,%,67.61,530875319,1024000000,97839,49023,0,custom,staging,0.1,
2026-03-25T06:49:00+00:00,custom-sim,gke_container,container-4154,europe-west1-b,container/cpu/usage_time,28.16,%,61.59,299102717,1024000000,97415,36808,0,custom,staging,0.1,
2026-03-25T06:50:00+00:00,custom-sim,gke_container,container-5349,europe-west1-b,container/cpu/usage_time,17.53,%,50.78,400423426,1024000000,37188,17502,0,custom,staging,0.1,
2026-03-25T06:51:00+00:00,custom-sim,gke_container,container-6865,europe-west1-b,container/cpu/usage_time,17.01,%,48.01,339428457,1024000000,23563,46826,0,custom,staging,0.1,
2026-03-25T06:52:00+00:00,custom-sim,gke_container,container-9352,europe-west1-b,container/cpu/usage_time,12.51,%,75.51,261156172,1024000000,52456,67048,0,custom,staging,0.1,
2026-03-25T06:53:00+00:00,custom-sim,gke_container,container-3865,europe-west1-b,container/cpu/usage_time,19.37,%,47.45,470859661,1024000000,50707,58854,0,custom,staging,0.1,
2026-03-25T06:54:00+00:00,custom-sim,gke_container,container-7203,europe-west1-b,container/cpu/usage_time,28.61,%,66.57,465025666,1024000000,78163,3445,0,custom,staging,0.1,
2026-03-25T06:55:00+00:00,custom-sim,gke_container,container-7512,europe-west1-b,container/cpu/usage_time,20.12,%,5.94,400995067,1024000000,82942,90204,0,custom,staging,0.1,
2026-03-25T06:56:00+00:00,custom-sim,gke_container,container-1330,europe-west1-b,container/cpu/usage_time,17.53,%,65.28,521318648,1024000000,38571,40319,0,custom,staging,0.1,
2026-03-25T06:57:00+00:00,custom-sim,gke_container,container-8482,europe-west1-b,container/cpu/usage_time,15.37,%,44.51,637990076,1024000000,30447,7413,0,custom,staging,0.1,
2026-03-25T06:58:00+00:00,custom-sim,gke_container,container-7554,europe-west1-b,container/cpu/usage_time,20.5,%,87.81,339792171,1024000000,1178,93146,0,custom,staging,0.1,
2026-03-25T06:59:00+00:00,custom-sim,gke_container,container-8448,europe-west1-b,container/cpu/usage_time,20.2,%,11.44,266548774,1024000000,52542,25173,0,custom,staging,0.1,
2026-03-25T07:00:00+00:00,custom-sim,gke_container,container-6938,europe-west1-b,container/cpu/usage_time,25.05,%,34.39,363176392,1024000000,65845,39114,0,custom,staging,0.1,
2026-03-25T07:01:00+00:00,custom-sim,gke_container,container-7457,europe-west1-b,container/cpu/usage_time,15.29,%,35.4,574825045,1024000000,85950,40103,0,custom,staging,0.1,
2026-03-25T07:02:00+00:00,custom-sim,gke_container,container-7942,europe-west1-b,container/cpu/usage_time,29.48,%,80.41,531713425,1024000000,15250,28101,0,custom,staging,0.1,
2026-03-25T07:03:00+00:00,custom-sim,gke_container,container-3082,europe-west1-b,container/cpu/usage_time,17.39,%,18.72,132142911,1024000000,25585,26517,0,custom,staging,0.1,
2026-03-25T07:04:00+00:00,custom-sim,gke_container,container-5719,europe-west1-b,container/cpu/usage_time,17.74,%,80.38,599822216,1024000000,79941,26070,0,custom,staging,0.1,
2026-03-25T07:05:00+00:00,custom-sim,gke_container,container-1886,europe-west1-b,container/cpu/usage_time,23.12,%,79.64,714724645,1024000000,65674,16705,0,custom,staging,0.1,
2026-03-25T07:06:00+00:00,custom-sim,gke_container,container-8093,europe-west1-b,container/cpu/usage_time,17.75,%,47.02,724467655,1024000000,38179,82926,0,custom,staging,0.1,
2026-03-25T07:07:00+00:00,custom-sim,gke_container,container-9721,europe-west1-b,container/cpu/usage_time,17.01,%,45.94,285866382,1024000000,71859,84162,0,custom,staging,0.1,
2026-03-25T07:08:00+00:00,custom-sim,gke_container,container-3657,europe-west1-b,container/cpu/usage_time,17.14,%,86.67,110303397,1024000000,38048,73970,0,custom,staging,0.1,
2026-03-25T07:09:00+00:00,custom-sim,gke_container,container-2906,europe-west1-b,container/cpu/usage_time,12.07,%,55.96,747112341,1024000000,26520,74668,0,custom,staging,0.1,
2026-03-25T07:10:00+00:00,custom-sim,gke_container,container-4584,europe-west1-b,container/cpu/usage_time,26.83,%,81.32,507570752,1024000000,92977,18359,0,custom,staging,0.1,
2026-03-25T07:11:00+00:00,custom-sim,gke_container,container-9481,europe-west1-b,container/cpu/usage_time,26.42,%,44.35,311782393,1024000000,52854,11176,0,custom,staging,0.1,
2026-03-25T07:12:00+00:00,custom-sim,gke_container,container-7218,europe-west1-b,container/cpu/usage_time,15.83,%,57.22,186899810,1024000000,16764,23684,0,custom,staging,0.1,
2026-03-25T07:13:00+00:00,custom-sim,gke_container,container-8307,europe-west1-b,container/cpu/usage_time,11.61,%,67.99,458198765,1024000000,45336,39674,0,custom,staging,0.1,
2026-03-25T07:14:00+00:00,custom-sim,gke_container,container-8937,europe-west1-b,container/cpu/usage_time,13.29,%,78.22,513393420,1024000000,68236,33614,0,custom,staging,0.1,
2026-03-25T07:15:00+00:00,custom-sim,gke_container,container-5426,europe-west1-b,container/cpu/usage_time,19.02,%,61.21,300396229,1024000000,94069,56619,0,custom,staging,0.1,
2026-03-25T07:16:00+00:00,custom-sim,gke_container,container-4267,europe-west1-b,container/cpu/usage_time,28.4,%,17.89,541981090,1024000000,58140,34401,0,custom,staging,0.1,
2026-03-25T07:17:00+00:00,custom-sim,gke_container,container-5936,europe-west1-b,container/cpu/usage_time,22.82,%,42.78,730894600,1024000000,68472,48814,0,custom,staging,0.1,
2026-03-25T07:18:00+00:00,custom-sim,gke_container,container-3465,europe-west1-b,container/cpu/usage_time,27.71,%,82.5,137148713,1024000000,53990,53600,0,custom,staging,0.1,
2026-03-25T07:19:00+00:00,custom-sim,gke_container,container-3286,europe-west1-b,container/cpu/usage_time,11.65,%,58.44,560653306,1024000000,73848,90868,0,custom,staging,0.1,
2026-03-25T07:20:00+00:00,custom-sim,gke_container,container-4279,europe-west1-b,container/cpu/usage_time,15.01,%,36.51,211712152,1024000000,51619,14371,0,custom,staging,0.1,
2026-03-25T07:21:00+00:00,custom-sim,gke_container,container-3565,europe-west1-b,container/cpu/usage_time,18.29,%,31.28,741426793,1024000000,23124,3324,0,custom,staging,0.1,
2026-03-25T07:22:00+00:00,custom-sim,gke_container,container-1768,europe-west1-b,container/cpu/usage_time,13.02,%,66.42,743006788,1024000000,12780,55168,0,custom,staging,0.1,
2026-03-25T07:23:00+00:00,custom-sim,gke_container,container-6566,europe-west1-b,container/cpu/usage_time,17.98,%,16.17,377532629,1024000000,75909,63876,0,custom,staging,0.1,
2026-03-25T07:24:00+00:00,custom-sim,gke_container,container-4360,europe-west1-b,container/cpu/usage_time,11.0,%,74.82,364669338,1024000000,80896,77275,0,custom,staging,0.1,
2026-03-25T07:25:00+00:00,custom-sim,gke_container,container-5435,europe-west1-b,container/cpu/usage_time,11.76,%,30.22,123777710,1024000000,17989,62074,0,custom,staging,0.1,
2026-03-25T07:26:00+00:00,custom-sim,gke_container,container-6620,europe-west1-b,container/cpu/usage_time,11.97,%,34.28,311169326,1024000000,18204,32768,0,custom,staging,0.1,
2026-03-25T07:27:00+00:00,custom-sim,gke_container,container-8646,europe-west1-b,container/cpu/usage_time,23.66,%,66.97,483081073,1024000000,74558,18102,0,custom,staging,0.1,
2026-03-25T07:28:00+00:00,custom-sim,gke_container,container-7601,europe-west1-b,container/cpu/usage_time,11.6,%,78.15,718634114,1024000000,13410,36501,0,custom,staging,0.1,
2026-03-25T07:29:00+00:00,custom-sim,gke_container,container-4041,europe-west1-b,container/cpu/usage_time,12.02,%,8.74,243186952,1024000000,22414,9215,0,custom,staging,0.1,
2026-03-25T07:30:00+00:00,custom-sim,gke_container,container-1258,europe-west1-b,container/cpu/usage_time,11.43,%,34.98,114467239,1024000000,20208,81619,0,custom,staging,0.1,
2026-03-25T07:31:00+00:00,custom-sim,gke_container,container-7216,europe-west1-b,container/cpu/usage_time,26.58,%,59.12,180163004,1024000000,78477,24383,0,custom,staging,0.1,
2026-03-25T07:32:00+00:00,custom-sim,gke_container,container-7668,europe-west1-b,container/cpu/usage_time,22.62,%,31.81,751701204,1024000000,33166,55359,0,custom,staging,0.1,
2026-03-25T07:33:00+00:00,custom-sim,gke_container,container-5377,europe-west1-b,container/cpu/usage_time,13.77,%,86.82,236557784,1024000000,26869,85941,0,custom,staging,0.1,
2026-03-25T07:34:00+00:00,custom-sim,gke_container,container-3977,europe-west1-b,container/cpu/usage_time,17.16,%,27.03,119733892,1024000000,78280,21603,0,custom,staging,0.1,
2026-03-25T07:35:00+00:00,custom-sim,gke_container,container-1743,europe-west1-b,container/cpu/usage_time,21.45,%,33.21,794869239,1024000000,49716,14755,0,custom,staging,0.1,
2026-03-25T07:36:00+00:00,custom-sim,gke_container,container-9013,europe-west1-b,container/cpu/usage_time,14.78,%,37.07,232715765,1024000000,90137,91011,0,custom,staging,0.1,
2026-03-25T07:37:00+00:00,custom-sim,gke_container,container-9005,europe-west1-b,container/cpu/usage_time,10.21,%,39.17,705167962,1024000000,7343,29186,0,custom,staging,0.1,
2026-03-25T07:38:00+00:00,custom-sim,gke_container,container-5569,europe-west1-b,container/cpu/usage_time,12.93,%,73.76,597543799,1024000000,95461,11954,0,custom,staging,0.1,
2026-03-25T07:39:00+00:00,custom-sim,gke_container,container-7631,europe-west1-b,container/cpu/usage_time,14.0,%,22.56,393670706,1024000000,61501,86790,0,custom,staging,0.1,
2026-03-25T07:40:00+00:00,custom-sim,gke_container,container-1025,europe-west1-b,container/cpu/usage_time,23.17,%,1.8,720173522,1024000000,37677,77936,0,custom,staging,0.1,
2026-03-25T07:41:00+00:00,custom-sim,gke_container,container-6794,europe-west1-b,container/cpu/usage_time,29.4,%,39.64,468481204,1024000000,74147,76687,0,custom,staging,0.1,
2026-03-25T07:42:00+00:00,custom-sim,gke_container,container-9535,europe-west1-b,container/cpu/usage_time,15.48,%,87.68,561306600,1024000000,69729,21729,0,custom,staging,0.1,
2026-03-25T07:43:00+00:00,custom-sim,gke_container,container-4009,europe-west1-b,container/cpu/usage_time,26.87,%,87.0,594432889,1024000000,69607,24739,0,custom,staging,0.1,
2026-03-25T07:44:00+00:00,custom-sim,gke_container,container-5001,europe-west1-b,container/cpu/usage_time,12.98,%,71.12,295425301,1024000000,3096,82377,0,custom,staging,0.1,
2026-03-25T07:45:00+00:00,custom-sim,gke_container,container-8517,europe-west1-b,container/cpu/usage_time,16.67,%,74.84,529208625,1024000000,26667,97195,0,custom,staging,0.1,
2026-03-25T07:46:00+00:00,custom-sim,gke_container,container-6399,europe-west1-b,container/cpu/usage_time,28.22,%,63.7,609672880,1024000000,49077,46318,0,custom,staging,0.1,
2026-03-25T07:47:00+00:00,custom-sim,gke_container,container-7553,europe-west1-b,container/cpu/usage_time,12.16,%,29.39,457242926,1024000000,46869,27193,0,custom,staging,0.1,
2026-03-25T07:48:00+00:00,custom-sim,gke_container,container-6202,europe-west1-b,container/cpu/usage_time,16.63,%,45.33,646994210,1024000000,74509,12725,0,custom,staging,0.1,
2026-03-25T07:49:00+00:00,custom-sim,gke_container,container-2152,europe-west1-b,container/cpu/usage_time,26.77,%,30.15,600839118,1024000000,94520,81360,0,custom,staging,0.1,
2026-03-25T07:50:00+00:00,custom-sim,gke_container,container-4773,europe-west1-b,container/cpu/usage_time,14.96,%,40.29,304723979,1024000000,30020,92928,0,custom,staging,0.1,
2026-03-25T07:51:00+00:00,custom-sim,gke_container,container-1983,europe-west1-b,container/cpu/usage_time,24.26,%,43.64,442683331,1024000000,71624,52802,0,custom,staging,0.1,
2026-03-25T07:52:00+00:00,custom-sim,gke_container,container-8171,europe-west1-b,container/cpu/usage_time,11.6,%,80.61,410241134,1024000000,13804,13883,0,custom,staging,0.1,
2026-03-25T07:53:00+00:00,custom-sim,gke_container,container-7192,europe-west1-b,container/cpu/usage_time,14.44,%,80.15,279659320,1024000000,20656,39267,0,custom,staging,0.1,
2026-03-25T07:54:00+00:00,custom-sim,gke_container,container-3823,europe-west1-b,container/cpu/usage_time,19.63,%,11.76,284599609,1024000000,86273,24310,0,custom,staging,0.1,
2026-03-25T07:55:00+00:00,custom-sim,gke_container,container-5194,europe-west1-b,container/cpu/usage_time,26.73,%,57.27,114683123,1024000000,79371,38559,0,custom,staging,0.1,
2026-03-25T07:56:00+00:00,custom-sim,gke_container,container-8307,europe-west1-b,container/cpu/usage_time,19.82,%,49.32,480359370,1024000000,62572,52587,0,custom,staging,0.1,
2026-03-25T07:57:00+00:00,custom-sim,gke_container,container-7941,europe-west1-b,container/cpu/usage_time,12.58,%,5.05,414601168,1024000000,68826,82436,0,custom,staging,0.1,
2026-03-25T07:58:00+00:00,custom-sim,gke_container,container-8378,europe-west1-b,container/cpu/usage_time,29.14,%,77.99,423722507,1024000000,56201,8106,0,custom,staging,0.1,
2026-03-25T07:59:00+00:00,custom-sim,gke_container,container-3505,europe-west1-b,container/cpu/usage_time,29.11,%,9.41,751722087,1024000000,18675,27740,0,custom,staging,0.1,
