timestamp,metric_name,metric_type,metric_value,service_name,pod_name,container_id,label_area,label_env,help_text,_anomaly
2026-03-28T08:00:00+00:00,jvm_memory_used_bytes,gauge,299999279,terminal-handler-sim,terminal-handler-pod-0,container-main,payments,staging,,
2026-03-28T08:00:00+00:00,jvm_gc_pause_seconds_sum,gauge,0.10904191872950725,terminal-handler-sim,terminal-handler-pod-0,container-main,payments,staging,,
2026-03-28T08:00:00+00:00,process_cpu_usage,gauge,0.2041359880858764,terminal-handler-sim,terminal-handler-pod-0,container-main,payments,staging,,
2026-03-28T08:00:00+00:00,jvm_memory_used_bytes,gauge,300000000,terminal-handler-sim,terminal-handler-pod-0,container-main,payments,staging,,A3_LEAK
2026-03-28T08:00:00+00:00,jvm_gc_pause_seconds_sum,gauge,0.45,terminal-handler-sim,terminal-handler-pod-0,container-main,payments,staging,,A3_GC
2026-03-28T08:00:00+00:00,process_cpu_usage,gauge,0.2,terminal-handler-sim,terminal-handler-pod-0,container-main,payments,staging,,A3_CPU
2026-03-28T08:01:00+00:00,jvm_memory_used_bytes,gauge,300000900,terminal-handler-sim,terminal-handler-pod-0,container-main,payments,staging,,
2026-03-28T08:01:00+00:00,jvm_gc_pause_seconds_sum,gauge,0.09389110927309048,terminal-handler-sim,terminal-handler-pod-0,container-main,payments,staging,,
2026-03-28T08:01:00+00:00,process_cpu_usage,gauge,0.20999776179400328,terminal-handler-sim,terminal-handler-pod-0,container-main,payments,staging,,
2026-03-28T08:02:00+00:00,jvm_memory_used_bytes,gauge,300000447,terminal-handler-sim,terminal-handler-pod-0,container-main,payments,staging,,
2026-03-28T08:02:00+00:00,jvm_gc_pause_seconds_sum,gauge,0.09305388862681355,terminal-handler-sim,terminal-handler-pod-0,container-main,payments,staging,,
2026-03-28T08:02:00+00:00,process_cpu_usage,gauge,0.19757711724552404,terminal-handler-sim,terminal-handler-pod-0,container-main,payments,staging,,
2026-03-28T08:03:00+00:00,jvm_memory_used_bytes,gauge,300000843,terminal-handler-sim,terminal-handler-pod-0,container-main,payments,staging,,
2026-03-28T08:03:00+00:00,jvm_gc_pause_seconds_sum,gauge,0.09275480998783962,terminal-handler-sim,terminal-handler-pod-0,container-main,payments,staging,,
2026-03-28T08:03:00+00:00,process_cpu_usage,gauge,0.20083213827959073,terminal-handler-sim,terminal-handler-pod-0,container-main,payments,staging,,
2026-03-28T08:04:00+00:00,jvm_memory_used_bytes,gauge,300000512,terminal-handler-sim,terminal-handler-pod-0,container-main,payments,staging,,
2026-03-28T08:04:00+00:00,jvm_gc_pause_seconds_sum,gauge,0.09092414955276702,terminal-handler-sim,terminal-handler-pod-0,container-main,payments,staging,,
2026-03-28T08:04:00+00:00,process_cpu_usage,gauge,0.19543970264745789,terminal-handler-sim,terminal-handler-pod-0,container-main,payments,staging,,
2026-03-28T08:05:00+00:00,jvm_memory_used_bytes,gauge,300000129,terminal-handler-sim,terminal-handler-pod-0,container-main,payments,staging,,
2026-03-28T08:05:00+00:00,jvm_gc_pause_seconds_sum,gauge,0.09788144357810764,terminal-handler-sim,terminal-handler-pod-0,container-main,payments,staging,,
2026-03-28T08:05:00+00:00,process_cpu_usage,gauge,0.19051312894242478,terminal-handler-sim,terminal-handler-pod-0,container-main,payments,staging,,
2026-03-28T08:06:00+00:00,jvm_memory_used_bytes,gauge,300000097,terminal-handler-sim,terminal-handler-pod-0,container-main,payments,staging,,
2026-03-28T08:06:00+00:00,jvm_gc_pause_seconds_sum,gauge,0.10647999339452013,terminal-handler-sim,terminal-handler-pod-0,container-main,payments,staging,,
2026-03-28T08:06:00+00:00,process_cpu_usage,gauge,0.2040866037689776,terminal-handler-sim,terminal-handler-pod-0,container-main,payments,staging,,
2026-03-28T08:07:00+00:00,jvm_memory_used_bytes,gauge,300000056,terminal-handler-sim,terminal-handler-pod-0,container-main,payments,staging,,
2026-03-28T08:07:00+00:00,jvm_gc_pause_seconds_sum,gauge,0.09155672057972764,terminal-handler-sim,terminal-handler-pod-0,container-main,payments,staging,,
2026-03-28T08:07:00+00:00,process_cpu_usage,gauge,0.19652473554066163,terminal-handler-sim,terminal-handler-pod-0,container-main,payments,staging,,
2026-03-28T08:08:00+00:00,jvm_memory_used_bytes,gauge,300000865,terminal-handler-sim,terminal-handler-pod-0,container-main,payments,staging,,
2026-03-28T08:08:00+00:00,jvm_gc_pause_seconds_sum,gauge,0.10899691873800936,terminal-handler-sim,terminal-handler-pod-0,container-main,payments,staging,,
2026-03-28T08:08:00+00:00,process_cpu_usage,gauge,0.1957726022958008,terminal-handler-sim,terminal-handler-pod-0,container-main,payments,staging,,
2026-03-28T08:09:00+00:00,jvm_memory_used_bytes,gauge,299999594,terminal-handler-sim,terminal-handler-pod-0,container-main,payments,staging,,
2026-03-28T08:09:00+00:00,jvm_gc_pause_seconds_sum,gauge,0.09155990967243384,terminal-handler-sim,terminal-handler-pod-0,container-main,payments,staging,,
2026-03-28T08:09:00+00:00,process_cpu_usage,gauge,0.19514760261975247,terminal-handler-sim,terminal-handler-pod-0,container-main,payments,staging,,
2026-03-28T08:10:00+00:00,jvm_memory_used_bytes,gauge,299999695,terminal-handler-sim,terminal-handler-pod-0,container-main,payments,staging,,
2026-03-28T08:10:00+00:00,jvm_gc_pause_seconds_sum,gauge,0.10821375657466989,terminal-handler-sim,terminal-handler-pod-0,container-main,payments,staging,,
2026-03-28T08:10:00+00:00,process_cpu_usage,gauge,0.1932897884424448,terminal-handler-sim,terminal-handler-pod-0,container-main,payments,staging,,
2026-03-28T08:10:00+00:00,jvm_memory_used_bytes,gauge,382222222,terminal-handler-sim,terminal-handler-pod-0,container-main,payments,staging,,A3_LEAK
2026-03-28T08:10:00+00:00,jvm_gc_pause_seconds_sum,gauge,3.14,terminal-handler-sim,terminal-handler-pod-0,container-main,payments,staging,,A3_GC
2026-03-28T08:10:00+00:00,process_cpu_usage,gauge,0.28,terminal-handler-sim,terminal-handler-pod-0,container-main,payments,staging,,A3_CPU
2026-03-28T08:11:00+00:00,jvm_memory_used_bytes,gauge,299999630,terminal-handler-sim,terminal-handler-pod-0,container-main,payments,staging,,
2026-03-28T08:11:00+00:00,jvm_gc_pause_seconds_sum,gauge,0.1085339547979579,terminal-handler-sim,terminal-handler-pod-0,container-main,payments,staging,,
2026-03-28T08:11:00+00:00,process_cpu_usage,gauge,0.2036129178467036,terminal-handler-sim,terminal-handler-pod-0,container-main,payments,staging,,
2026-03-28T08:12:00+00:00,jvm_memory_used_bytes,gauge,299999687,terminal-handler-sim,terminal-handler-pod-0,container-main,payments,staging,,
2026-03-28T08:12:00+00:00,jvm_gc_pause_seconds_sum,gauge,0.10126514299778705,terminal-handler-sim,terminal-handler-pod-0,container-main,payments,staging,,
2026-03-28T08:12:00+00:00,process_cpu_usage,gauge,0.20519386625595054,terminal-handler-sim,terminal-handler-pod-0,container-main,payments,staging,,
2026-03-28T08:13:00+00:00,jvm_memory_used_bytes,gauge,300000832,terminal-handler-sim,terminal-handler-pod-0,container-main,payments,staging,,
2026-03-28T08:13:00+00:00,jvm_gc_pause_seconds_sum,gauge,0.10448591013293479,terminal-handler-sim,terminal-handler-pod-0,container-main,payments,staging,,
2026-03-28T08:13:00+00:00,process_cpu_usage,gauge,0.20486473593552285,terminal-handler-sim,terminal-handler-pod-0,container-main,payments,staging,,
2026-03-28T08:14:00+00:00,jvm_memory_used_bytes,gauge,300000953,terminal-handler-sim,terminal-handler-pod-0,container-main,payments,staging,,
2026-03-28T08:14:00+00:00,jvm_gc_pause_seconds_sum,gauge,0.10553456001148571,terminal-handler-sim,terminal-handler-pod-0,container-main,payments,staging,,
2026-03-28T08:14:00+00:00,process_cpu_usage,gauge,0.19749164807968506,terminal-handler-sim,terminal-handler-pod-0,container-main,payments,staging,,
2026-03-28T08:15:00+00:00,jvm_memory_used_bytes,gauge,300000809,terminal-handler-sim,terminal-handler-pod-0,container-main,payments,staging,,
2026-03-28T08:15:00+00:00,jvm_gc_pause_seconds_sum,gauge,0.09578021670443385,terminal-handler-sim,terminal-handler-pod-0,container-main,payments,staging,,
2026-03-28T08:15:00+00:00,process_cpu_usage,gauge,0.19622639555642618,terminal-handler-sim,terminal-handler-pod-0,container-main,payments,staging,,
2026-03-28T08:16:00+00:00,jvm_memory_used_bytes,gauge,299999375,terminal-handler-sim,terminal-handler-pod-0,container-main,payments,staging,,
2026-03-28T08:16:00+00:00,jvm_gc_pause_seconds_sum,gauge,0.09259557349682421,terminal-handler-sim,terminal-handler-pod-0,container-main,payments,staging,,
2026-03-28T08:16:00+00:00,process_cpu_usage,gauge,0.20620671068039875,terminal-handler-sim,terminal-handler-pod-0,container-main,payments,staging,,
2026-03-28T08:17:00+00:00,jvm_memory_used_bytes,gauge,300000430,terminal-handler-sim,terminal-handler-pod-0,container-main,payments,staging,,
2026-03-28T08:17:00+00:00,jvm_gc_pause_seconds_sum,gauge,0.1041755047726967,terminal-handler-sim,terminal-handler-pod-0,container-main,payments,staging,,
2026-03-28T08:17:00+00:00,process_cpu_usage,gauge,0.19091197823439915,terminal-handler-sim,terminal-handler-pod-0,container-main,payments,staging,,
2026-03-28T08:18:00+00:00,jvm_memory_used_bytes,gauge,300000085,terminal-handler-sim,terminal-handler-pod-0,container-main,payments,staging,,
2026-03-28T08:18:00+00:00,jvm_gc_pause_seconds_sum,gauge,0.101401501250484,terminal-handler-sim,terminal-handler-pod-0,container-main,payments,staging,,
2026-03-28T08:18:00+00:00,process_cpu_usage,gauge,0.2071221979336741,terminal-handler-sim,terminal-handler-pod-0,container-main,payments,staging,,
2026-03-28T08:19:00+00:00,jvm_memory_used_bytes,gauge,299999363,terminal-handler-sim,terminal-handler-pod-0,container-main,payments,staging,,
2026-03-28T08:19:00+00:00,jvm_gc_pause_seconds_sum,gauge,0.09006906159363619,terminal-handler-sim,terminal-handler-pod-0,container-main,payments,staging,,
2026-03-28T08:19:00+00:00,process_cpu_usage,gauge,0.19931709249567706,terminal-handler-sim,terminal-handler-pod-0,container-main,payments,staging,,
2026-03-28T08:20:00+00:00,jvm_memory_used_bytes,gauge,299999703,terminal-handler-sim,terminal-handler-pod-0,container-main,payments,staging,,
2026-03-28T08:20:00+00:00,jvm_gc_pause_seconds_sum,gauge,0.10514309375416919,terminal-handler-sim,terminal-handler-pod-0,container-main,payments,staging,,
2026-03-28T08:20:00+00:00,process_cpu_usage,gauge,0.19971761586382974,terminal-handler-sim,terminal-handler-pod-0,container-main,payments,staging,,
2026-03-28T08:20:00+00:00,jvm_memory_used_bytes,gauge,464444444,terminal-handler-sim,terminal-handler-pod-0,container-main,payments,staging,,A3_LEAK
2026-03-28T08:20:00+00:00,jvm_gc_pause_seconds_sum,gauge,5.84,terminal-handler-sim,terminal-handler-pod-0,container-main,payments,staging,,A3_GC
2026-03-28T08:20:00+00:00,process_cpu_usage,gauge,0.36,terminal-handler-sim,terminal-handler-pod-0,container-main,payments,staging,,A3_CPU
2026-03-28T08:21:00+00:00,jvm_memory_used_bytes,gauge,299999727,terminal-handler-sim,terminal-handler-pod-0,container-main,payments,staging,,
2026-03-28T08:21:00+00:00,jvm_gc_pause_seconds_sum,gauge,0.10340630699893111,terminal-handler-sim,terminal-handler-pod-0,container-main,payments,staging,,
2026-03-28T08:21:00+00:00,process_cpu_usage,gauge,0.19633361614527708,terminal-handler-sim,terminal-handler-pod-0,container-main,payments,staging,,
2026-03-28T08:22:00+00:00,jvm_memory_used_bytes,gauge,300000978,terminal-handler-sim,terminal-handler-pod-0,container-main,payments,staging,,
2026-03-28T08:22:00+00:00,jvm_gc_pause_seconds_sum,gauge,0.09073625197654381,terminal-handler-sim,terminal-handler-pod-0,container-main,payments,staging,,
2026-03-28T08:22:00+00:00,process_cpu_usage,gauge,0.20302204614510805,terminal-handler-sim,terminal-handler-pod-0,container-main,payments,staging,,
2026-03-28T08:23:00+00:00,jvm_memory_used_bytes,gauge,299999174,terminal-handler-sim,terminal-handler-pod-0,container-main,payments,staging,,
2026-03-28T08:23:00+00:00,jvm_gc_pause_seconds_sum,gauge,0.09811876503929853,terminal-handler-sim,terminal-handler-pod-0,container-main,payments,staging,,
2026-03-28T08:23:00+00:00,process_cpu_usage,gauge,0.2039734523869338,terminal-handler-sim,terminal-handler-pod-0,container-main,payments,staging,,
2026-03-28T08:24:00+00:00,jvm_memory_used_bytes,gauge,300000498,terminal-handler-sim,terminal-handler-pod-0,container-main,payments,staging,,
2026-03-28T08:24:00+00:00,jvm_gc_pause_seconds_sum,gauge,0.10560005606005139,terminal-handler-sim,terminal-handler-pod-0,container-main,payments,staging,,
2026-03-28T08:24:00+00:00,process_cpu_usage,gauge,0.19787397773193963,terminal-handler-sim,terminal-handler-pod-0,container-main,payments,staging,,
2026-03-28T08:25:00+00:00,jvm_memory_used_bytes,gauge,300000862,terminal-handler-sim,terminal-handler-pod-0,container-main,payments,staging,,
2026-03-28T08:25:00+00:00,jvm_gc_pause_seconds_sum,gauge,0.10864088616901676,terminal-handler-sim,terminal-handler-pod-0,container-main,payments,staging,,
2026-03-28T08:25:00+00:00,process_cpu_usage,gauge,0.1985262080281057,terminal-handler-sim,terminal-handler-pod-0,container-main,payments,staging,,
2026-03-28T08:26:00+00:00,jvm_memory_used_bytes,gauge,300000602,terminal-handler-sim,terminal-handler-pod-0,container-main,payments,staging,,
2026-03-28T08:26:00+00:00,jvm_gc_pause_seconds_sum,gauge,0.10876604431487116,terminal-handler-sim,terminal-handler-pod-0,container-main,payments,staging,,
2026-03-28T08:26:00+00:00,process_cpu_usage,gauge,0.20939418616731212,terminal-handler-sim,terminal-handler-pod-0,container-main,payments,staging,,
2026-03-28T08:27:00+00:00,jvm_memory_used_bytes,gauge,300000780,terminal-handler-sim,terminal-handler-pod-0,container-main,payments,staging,,
2026-03-28T08:27:00+00:00,jvm_gc_pause_seconds_sum,gauge,0.10161131282786769,terminal-handler-sim,terminal-handler-pod-0,container-main,payments,staging,,
2026-03-28T08:27:00+00:00,process_cpu_usage,gauge,0.20596203335630808,terminal-handler-sim,terminal-handler-pod-0,container-main,payments,staging,,
2026-03-28T08:28:00+00:00,jvm_memory_used_bytes,gauge,300000498,terminal-handler-sim,terminal-handler-pod-0,container-main,payments,staging,,
2026-03-28T08:28:00+00:00,jvm_gc_pause_seconds_sum,gauge,0.10805526969904414,terminal-handler-sim,terminal-handler-pod-0,container-main,payments,staging,,
2026-03-28T08:28:00+00:00,process_cpu_usage,gauge,0.20256229454353425,terminal-handler-sim,terminal-handler-pod-0,container-main,payments,staging,,
2026-03-28T08:29:00+00:00,jvm_memory_used_bytes,gauge,299999923,terminal-handler-sim,terminal-handler-pod-0,container-main,payments,staging,,
2026-03-28T08:29:00+00:00,jvm_gc_pause_seconds_sum,gauge,0.10747022198629785,terminal-handler-sim,terminal-handler-pod-0,container-main,payments,staging,,
2026-03-28T08:29:00+00:00,process_cpu_usage,gauge,0.19244336311149476,terminal-handler-sim,terminal-handler-pod-0,container-main,payments,staging,,
2026-03-28T08:30:00+00:00,jvm_memory_used_bytes,gauge,299999104,terminal-handler-sim,terminal-handler-pod-0,container-main,payments,staging,,
2026-03-28T08:30:00+00:00,jvm_gc_pause_seconds_sum,gauge,0.10765213720841915,terminal-handler-sim,terminal-handler-pod-0,container-main,payments,staging,,
2026-03-28T08:30:00+00:00,process_cpu_usage,gauge,0.2073370851956047,terminal-handler-sim,terminal-handler-pod-0,container-main,payments,staging,,
2026-03-28T08:30:00+00:00,jvm_memory_used_bytes,gauge,546666666,terminal-handler-sim,terminal-handler-pod-0,container-main,payments,staging,,A3_LEAK
2026-03-28T08:30:00+00:00,jvm_gc_pause_seconds_sum,gauge,8.53,terminal-handler-sim,terminal-handler-pod-0,container-main,payments,staging,,A3_GC
2026-03-28T08:30:00+00:00,process_cpu_usage,gauge,0.45,terminal-handler-sim,terminal-handler-pod-0,container-main,payments,staging,,A3_CPU
2026-03-28T08:31:00+00:00,jvm_memory_used_bytes,gauge,299999295,terminal-handler-sim,terminal-handler-pod-0,container-main,payments,staging,,
2026-03-28T08:31:00+00:00,jvm_gc_pause_seconds_sum,gauge,0.1035441042699479,terminal-handler-sim,terminal-handler-pod-0,container-main,payments,staging,,
2026-03-28T08:31:00+00:00,process_cpu_usage,gauge,0.20552640479592402,terminal-handler-sim,terminal-handler-pod-0,container-main,payments,staging,,
2026-03-28T08:32:00+00:00,jvm_memory_used_bytes,gauge,299999527,terminal-handler-sim,terminal-handler-pod-0,container-main,payments,staging,,
2026-03-28T08:32:00+00:00,jvm_gc_pause_seconds_sum,gauge,0.10394631506105483,terminal-handler-sim,terminal-handler-pod-0,container-main,payments,staging,,
2026-03-28T08:32:00+00:00,process_cpu_usage,gauge,0.20459329003721918,terminal-handler-sim,terminal-handler-pod-0,container-main,payments,staging,,
2026-03-28T08:33:00+00:00,jvm_memory_used_bytes,gauge,299999976,terminal-handler-sim,terminal-handler-pod-0,container-main,payments,staging,,
2026-03-28T08:33:00+00:00,jvm_gc_pause_seconds_sum,gauge,0.09767779579326516,terminal-handler-sim,terminal-handler-pod-0,container-main,payments,staging,,
2026-03-28T08:33:00+00:00,process_cpu_usage,gauge,0.20938790450966935,terminal-handler-sim,terminal-handler-pod-0,container-main,payments,staging,,
2026-03-28T08:34:00+00:00,jvm_memory_used_bytes,gauge,299999757,terminal-handler-sim,terminal-handler-pod-0,container-main,payments,staging,,
2026-03-28T08:34:00+00:00,jvm_gc_pause_seconds_sum,gauge,0.10121163651563483,terminal-handler-sim,terminal-handler-pod-0,container-main,payments,staging,,
2026-03-28T08:34:00+00:00,process_cpu_usage,gauge,0.1930439007264585,terminal-handler-sim,terminal-handler-pod-0,container-main,payments,staging,,
2026-03-28T08:35:00+00:00,jvm_memory_used_bytes,gauge,300000835,terminal-handler-sim,terminal-handler-pod-0,container-main,payments,staging,,
2026-03-28T08:35:00+00:00,jvm_gc_pause_seconds_sum,gauge,0.1006445245193365,terminal-handler-sim,terminal-handler-pod-0,container-main,payments,staging,,
2026-03-28T08:35:00+00:00,process_cpu_usage,gauge,0.20813275864483147,terminal-handler-sim,terminal-handler-pod-0,container-main,payments,staging,,
2026-03-28T08:36:00+00:00,jvm_memory_used_bytes,gauge,300000128,terminal-handler-sim,terminal-handler-pod-0,container-main,payments,staging,,
2026-03-28T08:36:00+00:00,jvm_gc_pause_seconds_sum,gauge,0.09824663900816119,terminal-handler-sim,terminal-handler-pod-0,container-main,payments,staging,,
2026-03-28T08:36:00+00:00,process_cpu_usage,gauge,0.20976280745487821,terminal-handler-sim,terminal-handler-pod-0,container-main,payments,staging,,
2026-03-28T08:37:00+00:00,jvm_memory_used_bytes,gauge,299999205,terminal-handler-sim,terminal-handler-pod-0,container-main,payments,staging,,
2026-03-28T08:37:00+00:00,jvm_gc_pause_seconds_sum,gauge,0.10876526845678149,terminal-handler-sim,terminal-handler-pod-0,container-main,payments,staging,,
2026-03-28T08:37:00+00:00,process_cpu_usage,gauge,0.19416469882924436,terminal-handler-sim,terminal-handler-pod-0,container-main,payments,staging,,
2026-03-28T08:38:00+00:00,jvm_memory_used_bytes,gauge,300000961,terminal-handler-sim,terminal-handler-pod-0,container-main,payments,staging,,
2026-03-28T08:38:00+00:00,jvm_gc_pause_seconds_sum,gauge,0.10049210808690037,terminal-handler-sim,terminal-handler-pod-0,container-main,payments,staging,,
2026-03-28T08:38:00+00:00,process_cpu_usage,gauge,0.20709423612012404,terminal-handler-sim,terminal-handler-pod-0,container-main,payments,staging,,
2026-03-28T08:39:00+00:00,jvm_memory_used_bytes,gauge,300000526,terminal-handler-sim,terminal-handler-pod-0,container-main,payments,staging,,
2026-03-28T08:39:00+00:00,jvm_gc_pause_seconds_sum,gauge,0.09821401829275371,terminal-handler-sim,terminal-handler-pod-0,container-main,payments,staging,,
2026-03-28T08:39:00+00:00,process_cpu_usage,gauge,0.19042116889089186,terminal-handler-sim,terminal-handler-pod-0,container-main,payments,staging,,
2026-03-28T08:40:00+00:00,jvm_memory_used_bytes,gauge,299999071,terminal-handler-sim,terminal-handler-pod-0,container-main,payments,staging,,
2026-03-28T08:40:00+00:00,jvm_gc_pause_seconds_sum,gauge,0.09106448562323488,terminal-handler-sim,terminal-handler-pod-0,container-main,payments,staging,,
2026-03-28T08:40:00+00:00,process_cpu_usage,gauge,0.19262229894797003,terminal-handler-sim,terminal-handler-pod-0,container-main,payments,staging,,
2026-03-28T08:40:00+00:00,jvm_memory_used_bytes,gauge,628888888,terminal-handler-sim,terminal-handler-pod-0,container-main,payments,staging,,A3_LEAK
2026-03-28T08:40:00+00:00,jvm_gc_pause_seconds_sum,gauge,11.23,terminal-handler-sim,terminal-handler-pod-0,container-main,payments,staging,,A3_GC
2026-03-28T08:40:00+00:00,process_cpu_usage,gauge,0.53,terminal-handler-sim,terminal-handler-pod-0,container-main,payments,staging,,A3_CPU
2026-03-28T08:41:00+00:00,jvm_memory_used_bytes,gauge,299999658,terminal-handler-sim,terminal-handler-pod-0,container-main,payments,staging,,
2026-03-28T08:41:00+00:00,jvm_gc_pause_seconds_sum,gauge,0.10788944998459032,terminal-handler-sim,terminal-handler-pod-0,container-main,payments,staging,,
2026-03-28T08:41:00+00:00,process_cpu_usage,gauge,0.19742785091809734,terminal-handler-sim,terminal-handler-pod-0,container-main,payments,staging,,
2026-03-28T08:42:00+00:00,jvm_memory_used_bytes,gauge,299999527,terminal-handler-sim,terminal-handler-pod-0,container-main,payments,staging,,
2026-03-28T08:42:00+00:00,jvm_gc_pause_seconds_sum,gauge,0.09032885383530137,terminal-handler-sim,terminal-handler-pod-0,container-main,payments,staging,,
2026-03-28T08:42:00+00:00,process_cpu_usage,gauge,0.2022423939745345,terminal-handler-sim,terminal-handler-pod-0,container-main,payments,staging,,
2026-03-28T08:43:00+00:00,jvm_memory_used_bytes,gauge,300000553,terminal-handler-sim,terminal-handler-pod-0,container-main,payments,staging,,
2026-03-28T08:43:00+00:00,jvm_gc_pause_seconds_sum,gauge,0.09990164185739632,terminal-handler-sim,terminal-handler-pod-0,container-main,payments,staging,,
2026-03-28T08:43:00+00:00,process_cpu_usage,gauge,0.19413216925771362,terminal-handler-sim,terminal-handler-pod-0,container-main,payments,staging,,
2026-03-28T08:44:00+00:00,jvm_memory_used_bytes,gauge,300000809,terminal-handler-sim,terminal-handler-pod-0,container-main,payments,staging,,
2026-03-28T08:44:00+00:00,jvm_gc_pause_seconds_sum,gauge,0.09696079567639854,terminal-handler-sim,terminal-handler-pod-0,container-main,payments,staging,,
2026-03-28T08:44:00+00:00,process_cpu_usage,gauge,0.2090181794950792,terminal-handler-sim,terminal-handler-pod-0,container-main,payments,staging,,
2026-03-28T08:45:00+00:00,jvm_memory_used_bytes,gauge,299999404,terminal-handler-sim,terminal-handler-pod-0,container-main,payments,staging,,
2026-03-28T08:45:00+00:00,jvm_gc_pause_seconds_sum,gauge,0.10959175113824421,terminal-handler-sim,terminal-handler-pod-0,container-main,payments,staging,,
2026-03-28T08:45:00+00:00,process_cpu_usage,gauge,0.19936615954080636,terminal-handler-sim,terminal-handler-pod-0,container-main,payments,staging,,
2026-03-28T08:46:00+00:00,jvm_memory_used_bytes,gauge,299999486,terminal-handler-sim,terminal-handler-pod-0,container-main,payments,staging,,
2026-03-28T08:46:00+00:00,jvm_gc_pause_seconds_sum,gauge,0.10651127970698272,terminal-handler-sim,terminal-handler-pod-0,container-main,payments,staging,,
2026-03-28T08:46:00+00:00,process_cpu_usage,gauge,0.19105401989908585,terminal-handler-sim,terminal-handler-pod-0,container-main,payments,staging,,
2026-03-28T08:47:00+00:00,jvm_memory_used_bytes,gauge,300000911,terminal-handler-sim,terminal-handler-pod-0,container-main,payments,staging,,
2026-03-28T08:47:00+00:00,jvm_gc_pause_seconds_sum,gauge,0.09971883878427537,terminal-handler-sim,terminal-handler-pod-0,container-main,payments,staging,,
2026-03-28T08:47:00+00:00,process_cpu_usage,gauge,0.19658714663107663,terminal-handler-sim,terminal-handler-pod-0,container-main,payments,staging,,
2026-03-28T08:48:00+00:00,jvm_memory_used_bytes,gauge,300000972,terminal-handler-sim,terminal-handler-pod-0,container-main,payments,staging,,
2026-03-28T08:48:00+00:00,jvm_gc_pause_seconds_sum,gauge,0.10103542956805897,terminal-handler-sim,terminal-handler-pod-0,container-main,payments,staging,,
2026-03-28T08:48:00+00:00,process_cpu_usage,gauge,0.19712616863581978,terminal-handler-sim,terminal-handler-pod-0,container-main,payments,staging,,
2026-03-28T08:49:00+00:00,jvm_memory_used_bytes,gauge,299999482,terminal-handler-sim,terminal-handler-pod-0,container-main,payments,staging,,
2026-03-28T08:49:00+00:00,jvm_gc_pause_seconds_sum,gauge,0.10522013035458236,terminal-handler-sim,terminal-handler-pod-0,container-main,payments,staging,,
2026-03-28T08:49:00+00:00,process_cpu_usage,gauge,0.20662490889610313,terminal-handler-sim,terminal-handler-pod-0,container-main,payments,staging,,
2026-03-28T08:50:00+00:00,jvm_memory_used_bytes,gauge,300000442,terminal-handler-sim,terminal-handler-pod-0,container-main,payments,staging,,
2026-03-28T08:50:00+00:00,jvm_gc_pause_seconds_sum,gauge,0.10668163200387092,terminal-handler-sim,terminal-handler-pod-0,container-main,payments,staging,,
2026-03-28T08:50:00+00:00,process_cpu_usage,gauge,0.19937198475303664,terminal-handler-sim,terminal-handler-pod-0,container-main,payments,staging,,
2026-03-28T08:50:00+00:00,jvm_memory_used_bytes,gauge,711111111,terminal-handler-sim,terminal-handler-pod-0,container-main,payments,staging,,A3_LEAK
2026-03-28T08:50:00+00:00,jvm_gc_pause_seconds_sum,gauge,13.92,terminal-handler-sim,terminal-handler-pod-0,container-main,payments,staging,,A3_GC
2026-03-28T08:50:00+00:00,process_cpu_usage,gauge,0.61,terminal-handler-sim,terminal-handler-pod-0,container-main,payments,staging,,A3_CPU
2026-03-28T08:51:00+00:00,jvm_memory_used_bytes,gauge,300000201,terminal-handler-sim,terminal-handler-pod-0,container-main,payments,staging,,
2026-03-28T08:51:00+00:00,jvm_gc_pause_seconds_sum,gauge,0.1099640568944048,terminal-handler-sim,terminal-handler-pod-0,container-main,payments,staging,,
2026-03-28T08:51:00+00:00,process_cpu_usage,gauge,0.1941428453149501,terminal-handler-sim,terminal-handler-pod-0,container-main,payments,staging,,
2026-03-28T08:52:00+00:00,jvm_memory_used_bytes,gauge,300000428,terminal-handler-sim,terminal-handler-pod-0,container-main,payments,staging,,
2026-03-28T08:52:00+00:00,jvm_gc_pause_seconds_sum,gauge,0.10044164542057428,terminal-handler-sim,terminal-handler-pod-0,container-main,payments,staging,,
2026-03-28T08:52:00+00:00,process_cpu_usage,gauge,0.20133182483632953,terminal-handler-sim,terminal-handler-pod-0,container-main,payments,staging,,
2026-03-28T08:53:00+00:00,jvm_memory_used_bytes,gauge,300000646,terminal-handler-sim,terminal-handler-pod-0,container-main,payments,staging,,
2026-03-28T08:53:00+00:00,jvm_gc_pause_seconds_sum,gauge,0.09993254740152915,terminal-handler-sim,terminal-handler-pod-0,container-main,payments,staging,,
2026-03-28T08:53:00+00:00,process_cpu_usage,gauge,0.20935162414271952,terminal-handler-sim,terminal-handler-pod-0,container-main,payments,staging,,
2026-03-28T08:54:00+00:00,jvm_memory_used_bytes,gauge,300000227,terminal-handler-sim,terminal-handler-pod-0,container-main,payments,staging,,
2026-03-28T08:54:00+00:00,jvm_gc_pause_seconds_sum,gauge,0.09699618560800673,terminal-handler-sim,terminal-handler-pod-0,container-main,payments,staging,,
2026-03-28T08:54:00+00:00,process_cpu_usage,gauge,0.19878068843702087,terminal-handler-sim,terminal-handler-pod-0,container-main,payments,staging,,
2026-03-28T08:55:00+00:00,jvm_memory_used_bytes,gauge,299999112,terminal-handler-sim,terminal-handler-pod-0,container-main,payments,staging,,
2026-03-28T08:55:00+00:00,jvm_gc_pause_seconds_sum,gauge,0.09665254573367428,terminal-handler-sim,terminal-handler-pod-0,container-main,payments,staging,,
2026-03-28T08:55:00+00:00,process_cpu_usage,gauge,0.19661696133313283,terminal-handler-sim,terminal-handler-pod-0,container-main,payments,staging,,
2026-03-28T08:56:00+00:00,jvm_memory_used_bytes,gauge,299999663,terminal-handler-sim,terminal-handler-pod-0,container-main,payments,staging,,
2026-03-28T08:56:00+00:00,jvm_gc_pause_seconds_sum,gauge,0.10615049850540283,terminal-handler-sim,terminal-handler-pod-0,container-main,payments,staging,,
2026-03-28T08:56:00+00:00,process_cpu_usage,gauge,0.19313139673934443,terminal-handler-sim,terminal-handler-pod-0,container-main,payments,staging,,
2026-03-28T08:57:00+00:00,jvm_memory_used_bytes,gauge,299999057,terminal-handler-sim,terminal-handler-pod-0,container-main,payments,staging,,
2026-03-28T08:57:00+00:00,jvm_gc_pause_seconds_sum,gauge,0.10329611133827972,terminal-handler-sim,terminal-handler-pod-0,container-main,payments,staging,,
2026-03-28T08:57:00+00:00,process_cpu_usage,gauge,0.2065649983792165,terminal-handler-sim,terminal-handler-pod-0,container-main,payments,staging,,
2026-03-28T08:58:00+00:00,jvm_memory_used_bytes,gauge,299999565,terminal-handler-sim,terminal-handler-pod-0,container-main,payments,staging,,
2026-03-28T08:58:00+00:00,jvm_gc_pause_seconds_sum,gauge,0.09222331371533779,terminal-handler-sim,terminal-handler-pod-0,container-main,payments,staging,,
2026-03-28T08:58:00+00:00,process_cpu_usage,gauge,0.20382248691492863,terminal-handler-sim,terminal-handler-pod-0,container-main,payments,staging,,
2026-03-28T08:59:00+00:00,jvm_memory_used_bytes,gauge,300000512,terminal-handler-sim,terminal-handler-pod-0,container-main,payments,staging,,
2026-03-28T08:59:00+00:00,jvm_gc_pause_seconds_sum,gauge,0.09506323544659291,terminal-handler-sim,terminal-handler-pod-0,container-main,payments,staging,,
2026-03-28T08:59:00+00:00,process_cpu_usage,gauge,0.19973614021845704,terminal-handler-sim,terminal-handler-pod-0,container-main,payments,staging,,
2026-03-28T09:00:00+00:00,jvm_memory_used_bytes,gauge,300000581,terminal-handler-sim,terminal-handler-pod-0,container-main,payments,staging,,
2026-03-28T09:00:00+00:00,jvm_gc_pause_seconds_sum,gauge,0.09926335469161446,terminal-handler-sim,terminal-handler-pod-0,container-main,payments,staging,,
2026-03-28T09:00:00+00:00,process_cpu_usage,gauge,0.19775372551902545,terminal-handler-sim,terminal-handler-pod-0,container-main,payments,staging,,
2026-03-28T09:00:00+00:00,jvm_memory_used_bytes,gauge,793333333,terminal-handler-sim,terminal-handler-pod-0,container-main,payments,staging,,A3_LEAK
2026-03-28T09:00:00+00:00,jvm_gc_pause_seconds_sum,gauge,16.62,terminal-handler-sim,terminal-handler-pod-0,container-main,payments,staging,,A3_GC
2026-03-28T09:00:00+00:00,process_cpu_usage,gauge,0.69,terminal-handler-sim,terminal-handler-pod-0,container-main,payments,staging,,A3_CPU
2026-03-28T09:01:00+00:00,jvm_memory_used_bytes,gauge,299999042,terminal-handler-sim,terminal-handler-pod-0,container-main,payments,staging,,
2026-03-28T09:01:00+00:00,jvm_gc_pause_seconds_sum,gauge,0.10577900846089411,terminal-handler-sim,terminal-handler-pod-0,container-main,payments,staging,,
2026-03-28T09:01:00+00:00,process_cpu_usage,gauge,0.206543144260149,terminal-handler-sim,terminal-handler-pod-0,container-main,payments,staging,,
2026-03-28T09:02:00+00:00,jvm_memory_used_bytes,gauge,299999264,terminal-handler-sim,terminal-handler-pod-0,container-main,payments,staging,,
2026-03-28T09:02:00+00:00,jvm_gc_pause_seconds_sum,gauge,0.10461310120363679,terminal-handler-sim,terminal-handler-pod-0,container-main,payments,staging,,
2026-03-28T09:02:00+00:00,process_cpu_usage,gauge,0.1981960224250596,terminal-handler-sim,terminal-handler-pod-0,container-main,payments,staging,,
2026-03-28T09:03:00+00:00,jvm_memory_used_bytes,gauge,299999963,terminal-handler-sim,terminal-handler-pod-0,container-main,payments,staging,,
2026-03-28T09:03:00+00:00,jvm_gc_pause_seconds_sum,gauge,0.0995230180377992,terminal-handler-sim,terminal-handler-pod-0,container-main,payments,staging,,
2026-03-28T09:03:00+00:00,process_cpu_usage,gauge,0.19015901257193168,terminal-handler-sim,terminal-handler-pod-0,container-main,payments,staging,,
2026-03-28T09:04:00+00:00,jvm_memory_used_bytes,gauge,299999990,terminal-handler-sim,terminal-handler-pod-0,container-main,payments,staging,,
2026-03-28T09:04:00+00:00,jvm_gc_pause_seconds_sum,gauge,0.09896107476902288,terminal-handler-sim,terminal-handler-pod-0,container-main,payments,staging,,
2026-03-28T09:04:00+00:00,process_cpu_usage,gauge,0.19086251947406774,terminal-handler-sim,terminal-handler-pod-0,container-main,payments,staging,,
2026-03-28T09:05:00+00:00,jvm_memory_used_bytes,gauge,299999192,terminal-handler-sim,terminal-handler-pod-0,container-main,payments,staging,,
2026-03-28T09:05:00+00:00,jvm_gc_pause_seconds_sum,gauge,0.10349493669411836,terminal-handler-sim,terminal-handler-pod-0,container-main,payments,staging,,
2026-03-28T09:05:00+00:00,process_cpu_usage,gauge,0.19028180093471106,terminal-handler-sim,terminal-handler-pod-0,container-main,payments,staging,,
2026-03-28T09:06:00+00:00,jvm_memory_used_bytes,gauge,299999818,terminal-handler-sim,terminal-handler-pod-0,container-main,payments,staging,,
2026-03-28T09:06:00+00:00,jvm_gc_pause_seconds_sum,gauge,0.10968298336282337,terminal-handler-sim,terminal-handler-pod-0,container-main,payments,staging,,
2026-03-28T09:06:00+00:00,process_cpu_usage,gauge,0.20292454205448338,terminal-handler-sim,terminal-handler-pod-0,container-main,payments,staging,,
2026-03-28T09:07:00+00:00,jvm_memory_used_bytes,gauge,299999066,terminal-handler-sim,terminal-handler-pod-0,container-main,payments,staging,,
2026-03-28T09:07:00+00:00,jvm_gc_pause_seconds_sum,gauge,0.10720022688538153,terminal-handler-sim,terminal-handler-pod-0,container-main,payments,staging,,
2026-03-28T09:07:00+00:00,process_cpu_usage,gauge,0.1915141887715143,terminal-handler-sim,terminal-handler-pod-0,container-main,payments,staging,,
2026-03-28T09:08:00+00:00,jvm_memory_used_bytes,gauge,299999345,terminal-handler-sim,terminal-handler-pod-0,container-main,payments,staging,,
2026-03-28T09:08:00+00:00,jvm_gc_pause_seconds_sum,gauge,0.10155610028119688,terminal-handler-sim,terminal-handler-pod-0,container-main,payments,staging,,
2026-03-28T09:08:00+00:00,process_cpu_usage,gauge,0.19493602818437808,terminal-handler-sim,terminal-handler-pod-0,container-main,payments,staging,,
2026-03-28T09:09:00+00:00,jvm_memory_used_bytes,gauge,299999152,terminal-handler-sim,terminal-handler-pod-0,container-main,payments,staging,,
2026-03-28T09:09:00+00:00,jvm_gc_pause_seconds_sum,gauge,0.10280918092196822,terminal-handler-sim,terminal-handler-pod-0,container-main,payments,staging,,
2026-03-28T09:09:00+00:00,process_cpu_usage,gauge,0.20757001195282568,terminal-handler-sim,terminal-handler-pod-0,container-main,payments,staging,,
2026-03-28T09:10:00+00:00,jvm_memory_used_bytes,gauge,299999769,terminal-handler-sim,terminal-handler-pod-0,container-main,payments,staging,,
2026-03-28T09:10:00+00:00,jvm_gc_pause_seconds_sum,gauge,0.10837545557014813,terminal-handler-sim,terminal-handler-pod-0,container-main,payments,staging,,
2026-03-28T09:10:00+00:00,process_cpu_usage,gauge,0.1905786443847642,terminal-handler-sim,terminal-handler-pod-0,container-main,payments,staging,,
2026-03-28T09:10:00+00:00,jvm_memory_used_bytes,gauge,875555555,terminal-handler-sim,terminal-handler-pod-0,container-main,payments,staging,,A3_LEAK
2026-03-28T09:10:00+00:00,jvm_gc_pause_seconds_sum,gauge,19.31,terminal-handler-sim,terminal-handler-pod-0,container-main,payments,staging,,A3_GC
2026-03-28T09:10:00+00:00,process_cpu_usage,gauge,0.78,terminal-handler-sim,terminal-handler-pod-0,container-main,payments,staging,,A3_CPU
2026-03-28T09:11:00+00:00,jvm_memory_used_bytes,gauge,299999101,terminal-handler-sim,terminal-handler-pod-0,container-main,payments,staging,,
2026-03-28T09:11:00+00:00,jvm_gc_pause_seconds_sum,gauge,0.09979020373174487,terminal-handler-sim,terminal-handler-pod-0,container-main,payments,staging,,
2026-03-28T09:11:00+00:00,process_cpu_usage,gauge,0.2044937312357713,terminal-handler-sim,terminal-handler-pod-0,container-main,payments,staging,,
2026-03-28T09:12:00+00:00,jvm_memory_used_bytes,gauge,299999917,terminal-handler-sim,terminal-handler-pod-0,container-main,payments,staging,,
2026-03-28T09:12:00+00:00,jvm_gc_pause_seconds_sum,gauge,0.10429119037250041,terminal-handler-sim,terminal-handler-pod-0,container-main,payments,staging,,
2026-03-28T09:12:00+00:00,process_cpu_usage,gauge,0.2085307329554314,terminal-handler-sim,terminal-handler-pod-0,container-main,payments,staging,,
2026-03-28T09:13:00+00:00,jvm_memory_used_bytes,gauge,299999655,terminal-handler-sim,terminal-handler-pod-0,container-main,payments,staging,,
2026-03-28T09:13:00+00:00,jvm_gc_pause_seconds_sum,gauge,0.09271631989125528,terminal-handler-sim,terminal-handler-pod-0,container-main,payments,staging,,
2026-03-28T09:13:00+00:00,process_cpu_usage,gauge,0.20245123787062422,terminal-handler-sim,terminal-handler-pod-0,container-main,payments,staging,,
2026-03-28T09:14:00+00:00,jvm_memory_used_bytes,gauge,299999995,terminal-handler-sim,terminal-handler-pod-0,container-main,payments,staging,,
2026-03-28T09:14:00+00:00,jvm_gc_pause_seconds_sum,gauge,0.10154118522651955,terminal-handler-sim,terminal-handler-pod-0,container-main,payments,staging,,
2026-03-28T09:14:00+00:00,process_cpu_usage,gauge,0.19776611701644992,terminal-handler-sim,terminal-handler-pod-0,container-main,payments,staging,,
2026-03-28T09:15:00+00:00,jvm_memory_used_bytes,gauge,299999668,terminal-handler-sim,terminal-handler-pod-0,container-main,payments,staging,,
2026-03-28T09:15:00+00:00,jvm_gc_pause_seconds_sum,gauge,0.10952862221792756,terminal-handler-sim,terminal-handler-pod-0,container-main,payments,staging,,
2026-03-28T09:15:00+00:00,process_cpu_usage,gauge,0.20542492237125667,terminal-handler-sim,terminal-handler-pod-0,container-main,payments,staging,,
2026-03-28T09:16:00+00:00,jvm_memory_used_bytes,gauge,300000776,terminal-handler-sim,terminal-handler-pod-0,container-main,payments,staging,,
2026-03-28T09:16:00+00:00,jvm_gc_pause_seconds_sum,gauge,0.10100779144091156,terminal-handler-sim,terminal-handler-pod-0,container-main,payments,staging,,
2026-03-28T09:16:00+00:00,process_cpu_usage,gauge,0.19908043273123396,terminal-handler-sim,terminal-handler-pod-0,container-main,payments,staging,,
2026-03-28T09:17:00+00:00,jvm_memory_used_bytes,gauge,299999156,terminal-handler-sim,terminal-handler-pod-0,container-main,payments,staging,,
2026-03-28T09:17:00+00:00,jvm_gc_pause_seconds_sum,gauge,0.09932484525453808,terminal-handler-sim,terminal-handler-pod-0,container-main,payments,staging,,
2026-03-28T09:17:00+00:00,process_cpu_usage,gauge,0.2012825292830494,terminal-handler-sim,terminal-handler-pod-0,container-main,payments,staging,,
2026-03-28T09:18:00+00:00,jvm_memory_used_bytes,gauge,299999620,terminal-handler-sim,terminal-handler-pod-0,container-main,payments,staging,,
2026-03-28T09:18:00+00:00,jvm_gc_pause_seconds_sum,gauge,0.10568761042551393,terminal-handler-sim,terminal-handler-pod-0,container-main,payments,staging,,
2026-03-28T09:18:00+00:00,process_cpu_usage,gauge,0.20972207359176856,terminal-handler-sim,terminal-handler-pod-0,container-main,payments,staging,,
2026-03-28T09:19:00+00:00,jvm_memory_used_bytes,gauge,300000441,terminal-handler-sim,terminal-handler-pod-0,container-main,payments,staging,,
2026-03-28T09:19:00+00:00,jvm_gc_pause_seconds_sum,gauge,0.10280416542716413,terminal-handler-sim,terminal-handler-pod-0,container-main,payments,staging,,
2026-03-28T09:19:00+00:00,process_cpu_usage,gauge,0.19825870234983764,terminal-handler-sim,terminal-handler-pod-0,container-main,payments,staging,,
2026-03-28T09:20:00+00:00,jvm_memory_used_bytes,gauge,300000844,terminal-handler-sim,terminal-handler-pod-0,container-main,payments,staging,,
2026-03-28T09:20:00+00:00,jvm_gc_pause_seconds_sum,gauge,0.10649683445101499,terminal-handler-sim,terminal-handler-pod-0,container-main,payments,staging,,
2026-03-28T09:20:00+00:00,process_cpu_usage,gauge,0.2025092323207508,terminal-handler-sim,terminal-handler-pod-0,container-main,payments,staging,,
2026-03-28T09:20:00+00:00,jvm_memory_used_bytes,gauge,957777777,terminal-handler-sim,terminal-handler-pod-0,container-main,payments,staging,,A3_LEAK
2026-03-28T09:20:00+00:00,jvm_gc_pause_seconds_sum,gauge,22.01,terminal-handler-sim,terminal-handler-pod-0,container-main,payments,staging,,A3_GC
2026-03-28T09:20:00+00:00,process_cpu_usage,gauge,0.86,terminal-handler-sim,terminal-handler-pod-0,container-main,payments,staging,,A3_CPU
2026-03-28T09:21:00+00:00,jvm_memory_used_bytes,gauge,300000918,terminal-handler-sim,terminal-handler-pod-0,container-main,payments,staging,,
2026-03-28T09:21:00+00:00,jvm_gc_pause_seconds_sum,gauge,0.09158547555086642,terminal-handler-sim,terminal-handler-pod-0,container-main,payments,staging,,
2026-03-28T09:21:00+00:00,process_cpu_usage,gauge,0.20123914425417594,terminal-handler-sim,terminal-handler-pod-0,container-main,payments,staging,,
2026-03-28T09:22:00+00:00,jvm_memory_used_bytes,gauge,299999833,terminal-handler-sim,terminal-handler-pod-0,container-main,payments,staging,,
2026-03-28T09:22:00+00:00,jvm_gc_pause_seconds_sum,gauge,0.107588047435928,terminal-handler-sim,terminal-handler-pod-0,container-main,payments,staging,,
2026-03-28T09:22:00+00:00,process_cpu_usage,gauge,0.1957151718248617,terminal-handler-sim,terminal-handler-pod-0,container-main,payments,staging,,
2026-03-28T09:23:00+00:00,jvm_memory_used_bytes,gauge,299999161,terminal-handler-sim,terminal-handler-pod-0,container-main,payments,staging,,
2026-03-28T09:23:00+00:00,jvm_gc_pause_seconds_sum,gauge,0.0965474399904909,terminal-handler-sim,terminal-handler-pod-0,container-main,payments,staging,,
2026-03-28T09:23:00+00:00,process_cpu_usage,gauge,0.1986879276810156,terminal-handler-sim,terminal-handler-pod-0,container-main,payments,staging,,
2026-03-28T09:24:00+00:00,jvm_memory_used_bytes,gauge,299999386,terminal-handler-sim,terminal-handler-pod-0,container-main,payments,staging,,
2026-03-28T09:24:00+00:00,jvm_gc_pause_seconds_sum,gauge,0.10028931791028142,terminal-handler-sim,terminal-handler-pod-0,container-main,payments,staging,,
2026-03-28T09:24:00+00:00,process_cpu_usage,gauge,0.19912921956671453,terminal-handler-sim,terminal-handler-pod-0,container-main,payments,staging,,
2026-03-28T09:25:00+00:00,jvm_memory_used_bytes,gauge,300000511,terminal-handler-sim,terminal-handler-pod-0,container-main,payments,staging,,
2026-03-28T09:25:00+00:00,jvm_gc_pause_seconds_sum,gauge,0.1075925775372495,terminal-handler-sim,terminal-handler-pod-0,container-main,payments,staging,,
2026-03-28T09:25:00+00:00,process_cpu_usage,gauge,0.20180524430804722,terminal-handler-sim,terminal-handler-pod-0,container-main,payments,staging,,
2026-03-28T09:26:00+00:00,jvm_memory_used_bytes,gauge,299999473,terminal-handler-sim,terminal-handler-pod-0,container-main,payments,staging,,
2026-03-28T09:26:00+00:00,jvm_gc_pause_seconds_sum,gauge,0.09758408554633675,terminal-handler-sim,terminal-handler-pod-0,container-main,payments,staging,,
2026-03-28T09:26:00+00:00,process_cpu_usage,gauge,0.2032675587727638,terminal-handler-sim,terminal-handler-pod-0,container-main,payments,staging,,
2026-03-28T09:27:00+00:00,jvm_memory_used_bytes,gauge,300000114,terminal-handler-sim,terminal-handler-pod-0,container-main,payments,staging,,
2026-03-28T09:27:00+00:00,jvm_gc_pause_seconds_sum,gauge,0.10941835913930734,terminal-handler-sim,terminal-handler-pod-0,container-main,payments,staging,,
2026-03-28T09:27:00+00:00,process_cpu_usage,gauge,0.20209529677311935,terminal-handler-sim,terminal-handler-pod-0,container-main,payments,staging,,
2026-03-28T09:28:00+00:00,jvm_memory_used_bytes,gauge,299999099,terminal-handler-sim,terminal-handler-pod-0,container-main,payments,staging,,
2026-03-28T09:28:00+00:00,jvm_gc_pause_seconds_sum,gauge,0.09510306642963588,terminal-handler-sim,terminal-handler-pod-0,container-main,payments,staging,,
2026-03-28T09:28:00+00:00,process_cpu_usage,gauge,0.20168438934549043,terminal-handler-sim,terminal-handler-pod-0,container-main,payments,staging,,
2026-03-28T09:29:00+00:00,jvm_memory_used_bytes,gauge,300000870,terminal-handler-sim,terminal-handler-pod-0,container-main,payments,staging,,
2026-03-28T09:29:00+00:00,jvm_gc_pause_seconds_sum,gauge,0.10255588901684537,terminal-handler-sim,terminal-handler-pod-0,container-main,payments,staging,,
2026-03-28T09:29:00+00:00,process_cpu_usage,gauge,0.20402121525057199,terminal-handler-sim,terminal-handler-pod-0,container-main,payments,staging,,
2026-03-28T09:30:00+00:00,jvm_memory_used_bytes,gauge,299999128,terminal-handler-sim,terminal-handler-pod-0,container-main,payments,staging,,
2026-03-28T09:30:00+00:00,jvm_gc_pause_seconds_sum,gauge,0.09546330248356857,terminal-handler-sim,terminal-handler-pod-0,container-main,payments,staging,,
2026-03-28T09:30:00+00:00,process_cpu_usage,gauge,0.20792656660422296,terminal-handler-sim,terminal-handler-pod-0,container-main,payments,staging,,
2026-03-28T09:30:00+00:00,jvm_memory_used_bytes,gauge,1040000000,terminal-handler-sim,terminal-handler-pod-0,container-main,payments,staging,,A3_LEAK
2026-03-28T09:30:00+00:00,jvm_gc_pause_seconds_sum,gauge,24.7,terminal-handler-sim,terminal-handler-pod-0,container-main,payments,staging,,A3_GC
2026-03-28T09:30:00+00:00,process_cpu_usage,gauge,0.94,terminal-handler-sim,terminal-handler-pod-0,container-main,payments,staging,,A3_CPU
2026-03-28T09:31:00+00:00,jvm_memory_used_bytes,gauge,300000735,terminal-handler-sim,terminal-handler-pod-0,container-main,payments,staging,,
2026-03-28T09:31:00+00:00,jvm_gc_pause_seconds_sum,gauge,0.0900323294939341,terminal-handler-sim,terminal-handler-pod-0,container-main,payments,staging,,
2026-03-28T09:31:00+00:00,process_cpu_usage,gauge,0.20950838784604295,terminal-handler-sim,terminal-handler-pod-0,container-main,payments,staging,,
2026-03-28T09:32:00+00:00,jvm_memory_used_bytes,gauge,300000173,terminal-handler-sim,terminal-handler-pod-0,container-main,payments,staging,,
2026-03-28T09:32:00+00:00,jvm_gc_pause_seconds_sum,gauge,0.0997035323147496,terminal-handler-sim,terminal-handler-pod-0,container-main,payments,staging,,
2026-03-28T09:32:00+00:00,process_cpu_usage,gauge,0.19135286736253324,terminal-handler-sim,terminal-handler-pod-0,container-main,payments,staging,,
2026-03-28T09:33:00+00:00,jvm_memory_used_bytes,gauge,299999377,terminal-handler-sim,terminal-handler-pod-0,container-main,payments,staging,,
2026-03-28T09:33:00+00:00,jvm_gc_pause_seconds_sum,gauge,0.10120922572316918,terminal-handler-sim,terminal-handler-pod-0,container-main,payments,staging,,
2026-03-28T09:33:00+00:00,process_cpu_usage,gauge,0.19943617714608977,terminal-handler-sim,terminal-handler-pod-0,container-main,payments,staging,,
2026-03-28T09:33:00+00:00,jvm_memory_used_bytes,,890iembre,,terminal-handler-pod-0,,,,,A7_MALFORMED_PROM
2026-03-28T09:34:00+00:00,jvm_memory_used_bytes,gauge,300000974,terminal-handler-sim,terminal-handler-pod-0,container-main,payments,staging,,
2026-03-28T09:34:00+00:00,jvm_gc_pause_seconds_sum,gauge,0.10760819031611862,terminal-handler-sim,terminal-handler-pod-0,container-main,payments,staging,,
2026-03-28T09:34:00+00:00,process_cpu_usage,gauge,0.20213822777057847,terminal-handler-sim,terminal-handler-pod-0,container-main,payments,staging,,
2026-03-28T09:35:00+00:00,jvm_memory_used_bytes,gauge,299999621,terminal-handler-sim,terminal-handler-pod-0,container-main,payments,staging,,
2026-03-28T09:35:00+00:00,jvm_gc_pause_seconds_sum,gauge,0.09260734489331024,terminal-handler-sim,terminal-handler-pod-0,container-main,payments,staging,,
2026-03-28T09:35:00+00:00,process_cpu_usage,gauge,0.1976678846901407,terminal-handler-sim,terminal-handler-pod-0,container-main,payments,staging,,
2026-03-28T09:36:00+00:00,jvm_memory_used_bytes,gauge,300000274,terminal-handler-sim,terminal-handler-pod-0,container-main,payments,staging,,
2026-03-28T09:36:00+00:00,jvm_gc_pause_seconds_sum,gauge,0.10170154949679333,terminal-handler-sim,terminal-handler-pod-0,container-main,payments,staging,,
2026-03-28T09:36:00+00:00,process_cpu_usage,gauge,0.19764468066331262,terminal-handler-sim,terminal-handler-pod-0,container-main,payments,staging,,
2026-03-28T09:37:00+00:00,jvm_memory_used_bytes,gauge,300000164,terminal-handler-sim,terminal-handler-pod-0,container-main,payments,staging,,
2026-03-28T09:37:00+00:00,jvm_gc_pause_seconds_sum,gauge,0.10333934041964504,terminal-handler-sim,terminal-handler-pod-0,container-main,payments,staging,,
2026-03-28T09:37:00+00:00,process_cpu_usage,gauge,0.1956952470208748,terminal-handler-sim,terminal-handler-pod-0,container-main,payments,staging,,
2026-03-28T09:38:00+00:00,jvm_memory_used_bytes,gauge,299999311,terminal-handler-sim,terminal-handler-pod-0,container-main,payments,staging,,
2026-03-28T09:38:00+00:00,jvm_gc_pause_seconds_sum,gauge,0.10402951122950503,terminal-handler-sim,terminal-handler-pod-0,container-main,payments,staging,,
2026-03-28T09:38:00+00:00,process_cpu_usage,gauge,0.2000071421457289,terminal-handler-sim,terminal-handler-pod-0,container-main,payments,staging,,
2026-03-28T09:39:00+00:00,jvm_memory_used_bytes,gauge,300000598,terminal-handler-sim,terminal-handler-pod-0,container-main,payments,staging,,
2026-03-28T09:39:00+00:00,jvm_gc_pause_seconds_sum,gauge,0.10438038288758887,terminal-handler-sim,terminal-handler-pod-0,container-main,payments,staging,,
2026-03-28T09:39:00+00:00,process_cpu_usage,gauge,0.2006531677045056,terminal-handler-sim,terminal-handler-pod-0,container-main,payments,staging,,
2026-03-28T09:40:00+00:00,jvm_memory_used_bytes,gauge,300000401,terminal-handler-sim,terminal-handler-pod-0,container-main,payments,staging,,
2026-03-28T09:40:00+00:00,jvm_gc_pause_seconds_sum,gauge,0.10913782341354342,terminal-handler-sim,terminal-handler-pod-0,container-main,payments,staging,,
2026-03-28T09:40:00+00:00,process_cpu_usage,gauge,0.2087195990666049,terminal-handler-sim,terminal-handler-pod-0,container-main,payments,staging,,
2026-03-28T09:41:00+00:00,jvm_memory_used_bytes,gauge,300000910,terminal-handler-sim,terminal-handler-pod-0,container-main,payments,staging,,
2026-03-28T09:41:00+00:00,jvm_gc_pause_seconds_sum,gauge,0.10874242654389846,terminal-handler-sim,terminal-handler-pod-0,container-main,payments,staging,,
2026-03-28T09:41:00+00:00,process_cpu_usage,gauge,0.19933188699230373,terminal-handler-sim,terminal-handler-pod-0,container-main,payments,staging,,
2026-03-28T09:42:00+00:00,jvm_memory_used_bytes,gauge,300000820,terminal-handler-sim,terminal-handler-pod-0,container-main,payments,staging,,
2026-03-28T09:42:00+00:00,jvm_gc_pause_seconds_sum,gauge,0.09045493611870793,terminal-handler-sim,terminal-handler-pod-0,container-main,payments,staging,,
2026-03-28T09:42:00+00:00,process_cpu_usage,gauge,0.20146126510966486,terminal-handler-sim,terminal-handler-pod-0,container-main,payments,staging,,
2026-03-28T09:43:00+00:00,jvm_memory_used_bytes,gauge,299999781,terminal-handler-sim,terminal-handler-pod-0,container-main,payments,staging,,
2026-03-28T09:43:00+00:00,jvm_gc_pause_seconds_sum,gauge,0.10544264125781085,terminal-handler-sim,terminal-handler-pod-0,container-main,payments,staging,,
2026-03-28T09:43:00+00:00,process_cpu_usage,gauge,0.196464016752203,terminal-handler-sim,terminal-handler-pod-0,container-main,payments,staging,,
2026-03-28T09:44:00+00:00,jvm_memory_used_bytes,gauge,300000258,terminal-handler-sim,terminal-handler-pod-0,container-main,payments,staging,,
2026-03-28T09:44:00+00:00,jvm_gc_pause_seconds_sum,gauge,0.10341938027219758,terminal-handler-sim,terminal-handler-pod-0,container-main,payments,staging,,
2026-03-28T09:44:00+00:00,process_cpu_usage,gauge,0.2060742715173342,terminal-handler-sim,terminal-handler-pod-0,container-main,payments,staging,,
2026-03-28T09:45:00+00:00,jvm_memory_used_bytes,gauge,299999772,terminal-handler-sim,terminal-handler-pod-0,container-main,payments,staging,,
2026-03-28T09:45:00+00:00,jvm_gc_pause_seconds_sum,gauge,0.09321858121372917,terminal-handler-sim,terminal-handler-pod-0,container-main,payments,staging,,
2026-03-28T09:45:00+00:00,process_cpu_usage,gauge,0.2006337786641558,terminal-handler-sim,terminal-handler-pod-0,container-main,payments,staging,,
2026-03-28T09:46:00+00:00,jvm_memory_used_bytes,gauge,300000117,terminal-handler-sim,terminal-handler-pod-0,container-main,payments,staging,,
2026-03-28T09:46:00+00:00,jvm_gc_pause_seconds_sum,gauge,0.098625116110337,terminal-handler-sim,terminal-handler-pod-0,container-main,payments,staging,,
2026-03-28T09:46:00+00:00,process_cpu_usage,gauge,0.1935372929165613,terminal-handler-sim,terminal-handler-pod-0,container-main,payments,staging,,
2026-03-28T09:47:00+00:00,jvm_memory_used_bytes,gauge,299999266,terminal-handler-sim,terminal-handler-pod-0,container-main,payments,staging,,
2026-03-28T09:47:00+00:00,jvm_gc_pause_seconds_sum,gauge,0.10456367980991069,terminal-handler-sim,terminal-handler-pod-0,container-main,payments,staging,,
2026-03-28T09:47:00+00:00,process_cpu_usage,gauge,0.2063192437619775,terminal-handler-sim,terminal-handler-pod-0,container-main,payments,staging,,
2026-03-28T09:48:00+00:00,jvm_memory_used_bytes,gauge,300000181,terminal-handler-sim,terminal-handler-pod-0,container-main,payments,staging,,
2026-03-28T09:48:00+00:00,jvm_gc_pause_seconds_sum,gauge,0.10950130566434046,terminal-handler-sim,terminal-handler-pod-0,container-main,payments,staging,,
2026-03-28T09:48:00+00:00,process_cpu_usage,gauge,0.1990801547173353,terminal-handler-sim,terminal-handler-pod-0,container-main,payments,staging,,
2026-03-28T09:49:00+00:00,jvm_memory_used_bytes,gauge,300000049,terminal-handler-sim,terminal-handler-pod-0,container-main,payments,staging,,
2026-03-28T09:49:00+00:00,jvm_gc_pause_seconds_sum,gauge,0.09500818700574219,terminal-handler-sim,terminal-handler-pod-0,container-main,payments,staging,,
2026-03-28T09:49:00+00:00,process_cpu_usage,gauge,0.20507526504266865,terminal-handler-sim,terminal-handler-pod-0,container-main,payments,staging,,
2026-03-28T09:50:00+00:00,jvm_memory_used_bytes,gauge,300000767,terminal-handler-sim,terminal-handler-pod-0,container-main,payments,staging,,
2026-03-28T09:50:00+00:00,jvm_gc_pause_seconds_sum,gauge,0.1021773937717615,terminal-handler-sim,terminal-handler-pod-0,container-main,payments,staging,,
2026-03-28T09:50:00+00:00,process_cpu_usage,gauge,0.1994494542952271,terminal-handler-sim,terminal-handler-pod-0,container-main,payments,staging,,
2026-03-28T09:51:00+00:00,jvm_memory_used_bytes,gauge,299999798,terminal-handler-sim,terminal-handler-pod-0,container-main,payments,staging,,
2026-03-28T09:51:00+00:00,jvm_gc_pause_seconds_sum,gauge,0.09791692440485625,terminal-handler-sim,terminal-handler-pod-0,container-main,payments,staging,,
2026-03-28T09:51:00+00:00,process_cpu_usage,gauge,0.20941827489752618,terminal-handler-sim,terminal-handler-pod-0,container-main,payments,staging,,
2026-03-28T09:52:00+00:00,jvm_memory_used_bytes,gauge,300000492,terminal-handler-sim,terminal-handler-pod-0,container-main,payments,staging,,
2026-03-28T09:52:00+00:00,jvm_gc_pause_seconds_sum,gauge,0.09674322749387992,terminal-handler-sim,terminal-handler-pod-0,container-main,payments,staging,,
2026-03-28T09:52:00+00:00,process_cpu_usage,gauge,0.19489121188623423,terminal-handler-sim,terminal-handler-pod-0,container-main,payments,staging,,
2026-03-28T09:53:00+00:00,jvm_memory_used_bytes,gauge,300000346,terminal-handler-sim,terminal-handler-pod-0,container-main,payments,staging,,
2026-03-28T09:53:00+00:00,jvm_gc_pause_seconds_sum,gauge,0.09091770829202915,terminal-handler-sim,terminal-handler-pod-0,container-main,payments,staging,,
2026-03-28T09:53:00+00:00,process_cpu_usage,gauge,0.19853242995326864,terminal-handler-sim,terminal-handler-pod-0,container-main,payments,staging,,
2026-03-28T09:54:00+00:00,jvm_memory_used_bytes,gauge,299999186,terminal-handler-sim,terminal-handler-pod-0,container-main,payments,staging,,
2026-03-28T09:54:00+00:00,jvm_gc_pause_seconds_sum,gauge,0.10580213739326956,terminal-handler-sim,terminal-handler-pod-0,container-main,payments,staging,,
2026-03-28T09:54:00+00:00,process_cpu_usage,gauge,0.19258213470280738,terminal-handler-sim,terminal-handler-pod-0,container-main,payments,staging,,
2026-03-28T09:55:00+00:00,jvm_memory_used_bytes,gauge,299999085,terminal-handler-sim,terminal-handler-pod-0,container-main,payments,staging,,
2026-03-28T09:55:00+00:00,jvm_gc_pause_seconds_sum,gauge,0.09149382224073531,terminal-handler-sim,terminal-handler-pod-0,container-main,payments,staging,,
2026-03-28T09:55:00+00:00,process_cpu_usage,gauge,0.19757243630090077,terminal-handler-sim,terminal-handler-pod-0,container-main,payments,staging,,
2026-03-28T09:56:00+00:00,jvm_memory_used_bytes,gauge,300000560,terminal-handler-sim,terminal-handler-pod-0,container-main,payments,staging,,
2026-03-28T09:56:00+00:00,jvm_gc_pause_seconds_sum,gauge,0.09522468843905033,terminal-handler-sim,terminal-handler-pod-0,container-main,payments,staging,,
2026-03-28T09:56:00+00:00,process_cpu_usage,gauge,0.19612254487185235,terminal-handler-sim,terminal-handler-pod-0,container-main,payments,staging,,
2026-03-28T09:57:00+00:00,jvm_memory_used_bytes,gauge,299999524,terminal-handler-sim,terminal-handler-pod-0,container-main,payments,staging,,
2026-03-28T09:57:00+00:00,jvm_gc_pause_seconds_sum,gauge,0.10387981096936148,terminal-handler-sim,terminal-handler-pod-0,container-main,payments,staging,,
2026-03-28T09:57:00+00:00,process_cpu_usage,gauge,0.20805965188993814,terminal-handler-sim,terminal-handler-pod-0,container-main,payments,staging,,
2026-03-28T09:58:00+00:00,jvm_memory_used_bytes,gauge,300000306,terminal-handler-sim,terminal-handler-pod-0,container-main,payments,staging,,
2026-03-28T09:58:00+00:00,jvm_gc_pause_seconds_sum,gauge,0.10140618842523447,terminal-handler-sim,terminal-handler-pod-0,container-main,payments,staging,,
2026-03-28T09:58:00+00:00,process_cpu_usage,gauge,0.20141388933756632,terminal-handler-sim,terminal-handler-pod-0,container-main,payments,staging,,
2026-03-28T09:59:00+00:00,jvm_memory_used_bytes,gauge,300000378,terminal-handler-sim,terminal-handler-pod-0,container-main,payments,staging,,
2026-03-28T09:59:00+00:00,jvm_gc_pause_seconds_sum,gauge,0.09612437310184846,terminal-handler-sim,terminal-handler-pod-0,container-main,payments,staging,,
2026-03-28T09:59:00+00:00,process_cpu_usage,gauge,0.1960384870950279,terminal-handler-sim,terminal-handler-pod-0,container-main,payments,staging,,
2026-03-28T10:00:00+00:00,jvm_memory_used_bytes,gauge,300000684,terminal-handler-sim,terminal-handler-pod-0,container-main,payments,staging,,
2026-03-28T10:00:00+00:00,jvm_gc_pause_seconds_sum,gauge,0.10936353282460942,terminal-handler-sim,terminal-handler-pod-0,container-main,payments,staging,,
2026-03-28T10:00:00+00:00,process_cpu_usage,gauge,0.20370116929279178,terminal-handler-sim,terminal-handler-pod-0,container-main,payments,staging,,
2026-03-28T10:01:00+00:00,jvm_memory_used_bytes,gauge,299999540,terminal-handler-sim,terminal-handler-pod-0,container-main,payments,staging,,
2026-03-28T10:01:00+00:00,jvm_gc_pause_seconds_sum,gauge,0.09770403906276968,terminal-handler-sim,terminal-handler-pod-0,container-main,payments,staging,,
2026-03-28T10:01:00+00:00,process_cpu_usage,gauge,0.20673076774443647,terminal-handler-sim,terminal-handler-pod-0,container-main,payments,staging,,
2026-03-28T10:02:00+00:00,jvm_memory_used_bytes,gauge,300000205,terminal-handler-sim,terminal-handler-pod-0,container-main,payments,staging,,
2026-03-28T10:02:00+00:00,jvm_gc_pause_seconds_sum,gauge,0.10043670704051248,terminal-handler-sim,terminal-handler-pod-0,container-main,payments,staging,,
2026-03-28T10:02:00+00:00,process_cpu_usage,gauge,0.20404050908117338,terminal-handler-sim,terminal-handler-pod-0,container-main,payments,staging,,
2026-03-28T10:03:00+00:00,jvm_memory_used_bytes,gauge,299999026,terminal-handler-sim,terminal-handler-pod-0,container-main,payments,staging,,
2026-03-28T10:03:00+00:00,jvm_gc_pause_seconds_sum,gauge,0.09183481650287863,terminal-handler-sim,terminal-handler-pod-0,container-main,payments,staging,,
2026-03-28T10:03:00+00:00,process_cpu_usage,gauge,0.19808224007251787,terminal-handler-sim,terminal-handler-pod-0,container-main,payments,staging,,
2026-03-28T10:04:00+00:00,jvm_memory_used_bytes,gauge,299999297,terminal-handler-sim,terminal-handler-pod-0,container-main,payments,staging,,
2026-03-28T10:04:00+00:00,jvm_gc_pause_seconds_sum,gauge,0.10161057008023852,terminal-handler-sim,terminal-handler-pod-0,container-main,payments,staging,,
2026-03-28T10:04:00+00:00,process_cpu_usage,gauge,0.20282802658860022,terminal-handler-sim,terminal-handler-pod-0,container-main,payments,staging,,
2026-03-28T10:05:00+00:00,jvm_memory_used_bytes,gauge,300000867,terminal-handler-sim,terminal-handler-pod-0,container-main,payments,staging,,
2026-03-28T10:05:00+00:00,jvm_gc_pause_seconds_sum,gauge,0.1097081453299124,terminal-handler-sim,terminal-handler-pod-0,container-main,payments,staging,,
2026-03-28T10:05:00+00:00,process_cpu_usage,gauge,0.19711474963331174,terminal-handler-sim,terminal-handler-pod-0,container-main,payments,staging,,
2026-03-28T10:06:00+00:00,jvm_memory_used_bytes,gauge,300000859,terminal-handler-sim,terminal-handler-pod-0,container-main,payments,staging,,
2026-03-28T10:06:00+00:00,jvm_gc_pause_seconds_sum,gauge,0.09767356278532699,terminal-handler-sim,terminal-handler-pod-0,container-main,payments,staging,,
2026-03-28T10:06:00+00:00,process_cpu_usage,gauge,0.1963931700858606,terminal-handler-sim,terminal-handler-pod-0,container-main,payments,staging,,
2026-03-28T10:07:00+00:00,jvm_memory_used_bytes,gauge,299999327,terminal-handler-sim,terminal-handler-pod-0,container-main,payments,staging,,
2026-03-28T10:07:00+00:00,jvm_gc_pause_seconds_sum,gauge,0.1089154959233158,terminal-handler-sim,terminal-handler-pod-0,container-main,payments,staging,,
2026-03-28T10:07:00+00:00,process_cpu_usage,gauge,0.19303758055654618,terminal-handler-sim,terminal-handler-pod-0,container-main,payments,staging,,
2026-03-28T10:08:00+00:00,jvm_memory_used_bytes,gauge,300000843,terminal-handler-sim,terminal-handler-pod-0,container-main,payments,staging,,
2026-03-28T10:08:00+00:00,jvm_gc_pause_seconds_sum,gauge,0.10886458517708415,terminal-handler-sim,terminal-handler-pod-0,container-main,payments,staging,,
2026-03-28T10:08:00+00:00,process_cpu_usage,gauge,0.20835020090494116,terminal-handler-sim,terminal-handler-pod-0,container-main,payments,staging,,
2026-03-28T10:09:00+00:00,jvm_memory_used_bytes,gauge,300000205,terminal-handler-sim,terminal-handler-pod-0,container-main,payments,staging,,
2026-03-28T10:09:00+00:00,jvm_gc_pause_seconds_sum,gauge,0.10229979428446258,terminal-handler-sim,terminal-handler-pod-0,container-main,payments,staging,,
2026-03-28T10:09:00+00:00,process_cpu_usage,gauge,0.20115168646849954,terminal-handler-sim,terminal-handler-pod-0,container-main,payments,staging,,
2026-03-28T10:10:00+00:00,jvm_memory_used_bytes,gauge,300000390,terminal-handler-sim,terminal-handler-pod-0,container-main,payments,staging,,
2026-03-28T10:10:00+00:00,jvm_gc_pause_seconds_sum,gauge,0.09946662455412998,terminal-handler-sim,terminal-handler-pod-0,container-main,payments,staging,,
2026-03-28T10:10:00+00:00,process_cpu_usage,gauge,0.1905506654469676,terminal-handler-sim,terminal-handler-pod-0,container-main,payments,staging,,
2026-03-28T10:11:00+00:00,jvm_memory_used_bytes,gauge,300000732,terminal-handler-sim,terminal-handler-pod-0,container-main,payments,staging,,
2026-03-28T10:11:00+00:00,jvm_gc_pause_seconds_sum,gauge,0.09589069652108048,terminal-handler-sim,terminal-handler-pod-0,container-main,payments,staging,,
2026-03-28T10:11:00+00:00,process_cpu_usage,gauge,0.19800820205939287,terminal-handler-sim,terminal-handler-pod-0,container-main,payments,staging,,
2026-03-28T10:12:00+00:00,jvm_memory_used_bytes,gauge,299999539,terminal-handler-sim,terminal-handler-pod-0,container-main,payments,staging,,
2026-03-28T10:12:00+00:00,jvm_gc_pause_seconds_sum,gauge,0.09501716180560282,terminal-handler-sim,terminal-handler-pod-0,container-main,payments,staging,,
2026-03-28T10:12:00+00:00,process_cpu_usage,gauge,0.194429413299781,terminal-handler-sim,terminal-handler-pod-0,container-main,payments,staging,,
2026-03-28T10:13:00+00:00,jvm_memory_used_bytes,gauge,300000515,terminal-handler-sim,terminal-handler-pod-0,container-main,payments,staging,,
2026-03-28T10:13:00+00:00,jvm_gc_pause_seconds_sum,gauge,0.09770159250261215,terminal-handler-sim,terminal-handler-pod-0,container-main,payments,staging,,
2026-03-28T10:13:00+00:00,process_cpu_usage,gauge,0.1955859223182315,terminal-handler-sim,terminal-handler-pod-0,container-main,payments,staging,,
2026-03-28T10:14:00+00:00,jvm_memory_used_bytes,gauge,300000795,terminal-handler-sim,terminal-handler-pod-0,container-main,payments,staging,,
2026-03-28T10:14:00+00:00,jvm_gc_pause_seconds_sum,gauge,0.09121378202177649,terminal-handler-sim,terminal-handler-pod-0,container-main,payments,staging,,
2026-03-28T10:14:00+00:00,process_cpu_usage,gauge,0.2028676978836241,terminal-handler-sim,terminal-handler-pod-0,container-main,payments,staging,,
2026-03-28T10:15:00+00:00,jvm_memory_used_bytes,gauge,299999928,terminal-handler-sim,terminal-handler-pod-0,container-main,payments,staging,,
2026-03-28T10:15:00+00:00,jvm_gc_pause_seconds_sum,gauge,0.10101340079430858,terminal-handler-sim,terminal-handler-pod-0,container-main,payments,staging,,
2026-03-28T10:15:00+00:00,process_cpu_usage,gauge,0.1947027882618441,terminal-handler-sim,terminal-handler-pod-0,container-main,payments,staging,,
2026-03-28T10:16:00+00:00,jvm_memory_used_bytes,gauge,300000496,terminal-handler-sim,terminal-handler-pod-0,container-main,payments,staging,,
2026-03-28T10:16:00+00:00,jvm_gc_pause_seconds_sum,gauge,0.109019314566071,terminal-handler-sim,terminal-handler-pod-0,container-main,payments,staging,,
2026-03-28T10:16:00+00:00,process_cpu_usage,gauge,0.20656355829449505,terminal-handler-sim,terminal-handler-pod-0,container-main,payments,staging,,
2026-03-28T10:17:00+00:00,jvm_memory_used_bytes,gauge,300000367,terminal-handler-sim,terminal-handler-pod-0,container-main,payments,staging,,
2026-03-28T10:17:00+00:00,jvm_gc_pause_seconds_sum,gauge,0.09032894551572741,terminal-handler-sim,terminal-handler-pod-0,container-main,payments,staging,,
2026-03-28T10:17:00+00:00,process_cpu_usage,gauge,0.1954525619975132,terminal-handler-sim,terminal-handler-pod-0,container-main,payments,staging,,
2026-03-28T10:18:00+00:00,jvm_memory_used_bytes,gauge,299999859,terminal-handler-sim,terminal-handler-pod-0,container-main,payments,staging,,
2026-03-28T10:18:00+00:00,jvm_gc_pause_seconds_sum,gauge,0.09892173397591836,terminal-handler-sim,terminal-handler-pod-0,container-main,payments,staging,,
2026-03-28T10:18:00+00:00,process_cpu_usage,gauge,0.20013307018114573,terminal-handler-sim,terminal-handler-pod-0,container-main,payments,staging,,
2026-03-28T10:19:00+00:00,jvm_memory_used_bytes,gauge,300000367,terminal-handler-sim,terminal-handler-pod-0,container-main,payments,staging,,
2026-03-28T10:19:00+00:00,jvm_gc_pause_seconds_sum,gauge,0.10129656571503579,terminal-handler-sim,terminal-handler-pod-0,container-main,payments,staging,,
2026-03-28T10:19:00+00:00,process_cpu_usage,gauge,0.19188220680859674,terminal-handler-sim,terminal-handler-pod-0,container-main,payments,staging,,
2026-03-28T10:20:00+00:00,jvm_memory_used_bytes,gauge,299999212,terminal-handler-sim,terminal-handler-pod-0,container-main,payments,staging,,
2026-03-28T10:20:00+00:00,jvm_gc_pause_seconds_sum,gauge,0.10994913407312405,terminal-handler-sim,terminal-handler-pod-0,container-main,payments,staging,,
2026-03-28T10:20:00+00:00,process_cpu_usage,gauge,0.1998077024469944,terminal-handler-sim,terminal-handler-pod-0,container-main,payments,staging,,
2026-03-28T10:21:00+00:00,jvm_memory_used_bytes,gauge,300000042,terminal-handler-sim,terminal-handler-pod-0,container-main,payments,staging,,
2026-03-28T10:21:00+00:00,jvm_gc_pause_seconds_sum,gauge,0.1093757733486417,terminal-handler-sim,terminal-handler-pod-0,container-main,payments,staging,,
2026-03-28T10:21:00+00:00,process_cpu_usage,gauge,0.20574721306581104,terminal-handler-sim,terminal-handler-pod-0,container-main,payments,staging,,
2026-03-28T10:22:00+00:00,jvm_memory_used_bytes,gauge,300000589,terminal-handler-sim,terminal-handler-pod-0,container-main,payments,staging,,
2026-03-28T10:22:00+00:00,jvm_gc_pause_seconds_sum,gauge,0.09978865812023582,terminal-handler-sim,terminal-handler-pod-0,container-main,payments,staging,,
2026-03-28T10:22:00+00:00,process_cpu_usage,gauge,0.1920128732118938,terminal-handler-sim,terminal-handler-pod-0,container-main,payments,staging,,
2026-03-28T10:23:00+00:00,jvm_memory_used_bytes,gauge,299999259,terminal-handler-sim,terminal-handler-pod-0,container-main,payments,staging,,
2026-03-28T10:23:00+00:00,jvm_gc_pause_seconds_sum,gauge,0.09628569648492752,terminal-handler-sim,terminal-handler-pod-0,container-main,payments,staging,,
2026-03-28T10:23:00+00:00,process_cpu_usage,gauge,0.19486706645895793,terminal-handler-sim,terminal-handler-pod-0,container-main,payments,staging,,
2026-03-28T10:24:00+00:00,jvm_memory_used_bytes,gauge,300000288,terminal-handler-sim,terminal-handler-pod-0,container-main,payments,staging,,
2026-03-28T10:24:00+00:00,jvm_gc_pause_seconds_sum,gauge,0.09982452566400181,terminal-handler-sim,terminal-handler-pod-0,container-main,payments,staging,,
2026-03-28T10:24:00+00:00,process_cpu_usage,gauge,0.20552941803300023,terminal-handler-sim,terminal-handler-pod-0,container-main,payments,staging,,
2026-03-28T10:25:00+00:00,jvm_memory_used_bytes,gauge,300000006,terminal-handler-sim,terminal-handler-pod-0,container-main,payments,staging,,
2026-03-28T10:25:00+00:00,jvm_gc_pause_seconds_sum,gauge,0.10807622788622019,terminal-handler-sim,terminal-handler-pod-0,container-main,payments,staging,,
2026-03-28T10:25:00+00:00,process_cpu_usage,gauge,0.20598875191568972,terminal-handler-sim,terminal-handler-pod-0,container-main,payments,staging,,
2026-03-28T10:26:00+00:00,jvm_memory_used_bytes,gauge,299999115,terminal-handler-sim,terminal-handler-pod-0,container-main,payments,staging,,
2026-03-28T10:26:00+00:00,jvm_gc_pause_seconds_sum,gauge,0.09069837022805788,terminal-handler-sim,terminal-handler-pod-0,container-main,payments,staging,,
2026-03-28T10:26:00+00:00,process_cpu_usage,gauge,0.19356359402060966,terminal-handler-sim,terminal-handler-pod-0,container-main,payments,staging,,
2026-03-28T10:27:00+00:00,jvm_memory_used_bytes,gauge,300000422,terminal-handler-sim,terminal-handler-pod-0,container-main,payments,staging,,
2026-03-28T10:27:00+00:00,jvm_gc_pause_seconds_sum,gauge,0.10234139730014181,terminal-handler-sim,terminal-handler-pod-0,container-main,payments,staging,,
2026-03-28T10:27:00+00:00,process_cpu_usage,gauge,0.20868990152524092,terminal-handler-sim,terminal-handler-pod-0,container-main,payments,staging,,
2026-03-28T10:28:00+00:00,jvm_memory_used_bytes,gauge,300000608,terminal-handler-sim,terminal-handler-pod-0,container-main,payments,staging,,
2026-03-28T10:28:00+00:00,jvm_gc_pause_seconds_sum,gauge,0.09586812047636765,terminal-handler-sim,terminal-handler-pod-0,container-main,payments,staging,,
2026-03-28T10:28:00+00:00,process_cpu_usage,gauge,0.19309168712522742,terminal-handler-sim,terminal-handler-pod-0,container-main,payments,staging,,
2026-03-28T10:29:00+00:00,jvm_memory_used_bytes,gauge,299999434,terminal-handler-sim,terminal-handler-pod-0,container-main,payments,staging,,
2026-03-28T10:29:00+00:00,jvm_gc_pause_seconds_sum,gauge,0.09666187583181977,terminal-handler-sim,terminal-handler-pod-0,container-main,payments,staging,,
2026-03-28T10:29:00+00:00,process_cpu_usage,gauge,0.20119803711758827,terminal-handler-sim,terminal-handler-pod-0,container-main,payments,staging,,
2026-03-28T10:30:00+00:00,jvm_memory_used_bytes,gauge,299999793,terminal-handler-sim,terminal-handler-pod-0,container-main,payments,staging,,
2026-03-28T10:30:00+00:00,jvm_gc_pause_seconds_sum,gauge,0.09550921230203162,terminal-handler-sim,terminal-handler-pod-0,container-main,payments,staging,,
2026-03-28T10:30:00+00:00,process_cpu_usage,gauge,0.20020436365352084,terminal-handler-sim,terminal-handler-pod-0,container-main,payments,staging,,
2026-03-28T10:31:00+00:00,jvm_memory_used_bytes,gauge,299999670,terminal-handler-sim,terminal-handler-pod-0,container-main,payments,staging,,
2026-03-28T10:31:00+00:00,jvm_gc_pause_seconds_sum,gauge,0.10996557326027352,terminal-handler-sim,terminal-handler-pod-0,container-main,payments,staging,,
2026-03-28T10:31:00+00:00,process_cpu_usage,gauge,0.20125135043612644,terminal-handler-sim,terminal-handler-pod-0,container-main,payments,staging,,
2026-03-28T10:32:00+00:00,jvm_memory_used_bytes,gauge,299999400,terminal-handler-sim,terminal-handler-pod-0,container-main,payments,staging,,
2026-03-28T10:32:00+00:00,jvm_gc_pause_seconds_sum,gauge,0.09551618457943876,terminal-handler-sim,terminal-handler-pod-0,container-main,payments,staging,,
2026-03-28T10:32:00+00:00,process_cpu_usage,gauge,0.1941923984872642,terminal-handler-sim,terminal-handler-pod-0,container-main,payments,staging,,
2026-03-28T10:33:00+00:00,jvm_memory_used_bytes,gauge,300000625,terminal-handler-sim,terminal-handler-pod-0,container-main,payments,staging,,
2026-03-28T10:33:00+00:00,jvm_gc_pause_seconds_sum,gauge,0.10350636749375255,terminal-handler-sim,terminal-handler-pod-0,container-main,payments,staging,,
2026-03-28T10:33:00+00:00,process_cpu_usage,gauge,0.20327023652537313,terminal-handler-sim,terminal-handler-pod-0,container-main,payments,staging,,
2026-03-28T10:34:00+00:00,jvm_memory_used_bytes,gauge,300000451,terminal-handler-sim,terminal-handler-pod-0,container-main,payments,staging,,
2026-03-28T10:34:00+00:00,jvm_gc_pause_seconds_sum,gauge,0.09342427245994592,terminal-handler-sim,terminal-handler-pod-0,container-main,payments,staging,,
2026-03-28T10:34:00+00:00,process_cpu_usage,gauge,0.203654944232939,terminal-handler-sim,terminal-handler-pod-0,container-main,payments,staging,,
2026-03-28T10:35:00+00:00,jvm_memory_used_bytes,gauge,300000165,terminal-handler-sim,terminal-handler-pod-0,container-main,payments,staging,,
2026-03-28T10:35:00+00:00,jvm_gc_pause_seconds_sum,gauge,0.09086003876553721,terminal-handler-sim,terminal-handler-pod-0,container-main,payments,staging,,
2026-03-28T10:35:00+00:00,process_cpu_usage,gauge,0.2089480028771058,terminal-handler-sim,terminal-handler-pod-0,container-main,payments,staging,,
2026-03-28T10:36:00+00:00,jvm_memory_used_bytes,gauge,299999963,terminal-handler-sim,terminal-handler-pod-0,container-main,payments,staging,,
2026-03-28T10:36:00+00:00,jvm_gc_pause_seconds_sum,gauge,0.09672158615729437,terminal-handler-sim,terminal-handler-pod-0,container-main,payments,staging,,
2026-03-28T10:36:00+00:00,process_cpu_usage,gauge,0.20875578315521834,terminal-handler-sim,terminal-handler-pod-0,container-main,payments,staging,,
2026-03-28T10:37:00+00:00,jvm_memory_used_bytes,gauge,300000556,terminal-handler-sim,terminal-handler-pod-0,container-main,payments,staging,,
2026-03-28T10:37:00+00:00,jvm_gc_pause_seconds_sum,gauge,0.09475511462665681,terminal-handler-sim,terminal-handler-pod-0,container-main,payments,staging,,
2026-03-28T10:37:00+00:00,process_cpu_usage,gauge,0.20814303043323004,terminal-handler-sim,terminal-handler-pod-0,container-main,payments,staging,,
2026-03-28T10:38:00+00:00,jvm_memory_used_bytes,gauge,299999695,terminal-handler-sim,terminal-handler-pod-0,container-main,payments,staging,,
2026-03-28T10:38:00+00:00,jvm_gc_pause_seconds_sum,gauge,0.09568042984860418,terminal-handler-sim,terminal-handler-pod-0,container-main,payments,staging,,
2026-03-28T10:38:00+00:00,process_cpu_usage,gauge,0.2008605967637015,terminal-handler-sim,terminal-handler-pod-0,container-main,payments,staging,,
2026-03-28T10:39:00+00:00,jvm_memory_used_bytes,gauge,299999448,terminal-handler-sim,terminal-handler-pod-0,container-main,payments,staging,,
2026-03-28T10:39:00+00:00,jvm_gc_pause_seconds_sum,gauge,0.09633916254174012,terminal-handler-sim,terminal-handler-pod-0,container-main,payments,staging,,
2026-03-28T10:39:00+00:00,process_cpu_usage,gauge,0.19788778376733815,terminal-handler-sim,terminal-handler-pod-0,container-main,payments,staging,,
2026-03-28T10:40:00+00:00,jvm_memory_used_bytes,gauge,300000863,terminal-handler-sim,terminal-handler-pod-0,container-main,payments,staging,,
2026-03-28T10:40:00+00:00,jvm_gc_pause_seconds_sum,gauge,0.10744241731989898,terminal-handler-sim,terminal-handler-pod-0,container-main,payments,staging,,
2026-03-28T10:40:00+00:00,process_cpu_usage,gauge,0.19867147732451768,terminal-handler-sim,terminal-handler-pod-0,container-main,payments,staging,,
2026-03-28T10:41:00+00:00,jvm_memory_used_bytes,gauge,299999833,terminal-handler-sim,terminal-handler-pod-0,container-main,payments,staging,,
2026-03-28T10:41:00+00:00,jvm_gc_pause_seconds_sum,gauge,0.09915508148793045,terminal-handler-sim,terminal-handler-pod-0,container-main,payments,staging,,
2026-03-28T10:41:00+00:00,process_cpu_usage,gauge,0.19718680264884067,terminal-handler-sim,terminal-handler-pod-0,container-main,payments,staging,,
2026-03-28T10:42:00+00:00,jvm_memory_used_bytes,gauge,299999875,terminal-handler-sim,terminal-handler-pod-0,container-main,payments,staging,,
2026-03-28T10:42:00+00:00,jvm_gc_pause_seconds_sum,gauge,0.10020748988291649,terminal-handler-sim,terminal-handler-pod-0,container-main,payments,staging,,
2026-03-28T10:42:00+00:00,process_cpu_usage,gauge,0.19346750452611713,terminal-handler-sim,terminal-handler-pod-0,container-main,payments,staging,,
2026-03-28T10:43:00+00:00,jvm_memory_used_bytes,gauge,299999785,terminal-handler-sim,terminal-handler-pod-0,container-main,payments,staging,,
2026-03-28T10:43:00+00:00,jvm_gc_pause_seconds_sum,gauge,0.09986346612449545,terminal-handler-sim,terminal-handler-pod-0,container-main,payments,staging,,
2026-03-28T10:43:00+00:00,process_cpu_usage,gauge,0.20846489374150357,terminal-handler-sim,terminal-handler-pod-0,container-main,payments,staging,,
2026-03-28T10:44:00+00:00,jvm_memory_used_bytes,gauge,300000548,terminal-handler-sim,terminal-handler-pod-0,container-main,payments,staging,,
2026-03-28T10:44:00+00:00,jvm_gc_pause_seconds_sum,gauge,0.10810393422958901,terminal-handler-sim,terminal-handler-pod-0,container-main,payments,staging,,
2026-03-28T10:44:00+00:00,process_cpu_usage,gauge,0.20458754099798335,terminal-handler-sim,terminal-handler-pod-0,container-main,payments,staging,,
2026-03-28T10:45:00+00:00,jvm_memory_used_bytes,gauge,300000323,terminal-handler-sim,terminal-handler-pod-0,container-main,payments,staging,,
2026-03-28T10:45:00+00:00,jvm_gc_pause_seconds_sum,gauge,0.09015114797539393,terminal-handler-sim,terminal-handler-pod-0,container-main,payments,staging,,
2026-03-28T10:45:00+00:00,process_cpu_usage,gauge,0.20793291268880762,terminal-handler-sim,terminal-handler-pod-0,container-main,payments,staging,,
2026-03-28T10:46:00+00:00,jvm_memory_used_bytes,gauge,299999629,terminal-handler-sim,terminal-handler-pod-0,container-main,payments,staging,,
2026-03-28T10:46:00+00:00,jvm_gc_pause_seconds_sum,gauge,0.10050349613860354,terminal-handler-sim,terminal-handler-pod-0,container-main,payments,staging,,
2026-03-28T10:46:00+00:00,process_cpu_usage,gauge,0.20432969943666376,terminal-handler-sim,terminal-handler-pod-0,container-main,payments,staging,,
2026-03-28T10:47:00+00:00,jvm_memory_used_bytes,gauge,300000973,terminal-handler-sim,terminal-handler-pod-0,container-main,payments,staging,,
2026-03-28T10:47:00+00:00,jvm_gc_pause_seconds_sum,gauge,0.09875913083312099,terminal-handler-sim,terminal-handler-pod-0,container-main,payments,staging,,
2026-03-28T10:47:00+00:00,process_cpu_usage,gauge,0.20065017460365497,terminal-handler-sim,terminal-handler-pod-0,container-main,payments,staging,,
2026-03-28T10:48:00+00:00,jvm_memory_used_bytes,gauge,299999479,terminal-handler-sim,terminal-handler-pod-0,container-main,payments,staging,,
2026-03-28T10:48:00+00:00,jvm_gc_pause_seconds_sum,gauge,0.10662441482144258,terminal-handler-sim,terminal-handler-pod-0,container-main,payments,staging,,
2026-03-28T10:48:00+00:00,process_cpu_usage,gauge,0.19956333585609431,terminal-handler-sim,terminal-handler-pod-0,container-main,payments,staging,,
2026-03-28T10:49:00+00:00,jvm_memory_used_bytes,gauge,299999678,terminal-handler-sim,terminal-handler-pod-0,container-main,payments,staging,,
2026-03-28T10:49:00+00:00,jvm_gc_pause_seconds_sum,gauge,0.10181979228394561,terminal-handler-sim,terminal-handler-pod-0,container-main,payments,staging,,
2026-03-28T10:49:00+00:00,process_cpu_usage,gauge,0.1934599739124705,terminal-handler-sim,terminal-handler-pod-0,container-main,payments,staging,,
2026-03-28T10:50:00+00:00,jvm_memory_used_bytes,gauge,299999027,terminal-handler-sim,terminal-handler-pod-0,container-main,payments,staging,,
2026-03-28T10:50:00+00:00,jvm_gc_pause_seconds_sum,gauge,0.10681731405579822,terminal-handler-sim,terminal-handler-pod-0,container-main,payments,staging,,
2026-03-28T10:50:00+00:00,process_cpu_usage,gauge,0.19638942688981748,terminal-handler-sim,terminal-handler-pod-0,container-main,payments,staging,,
2026-03-28T10:51:00+00:00,jvm_memory_used_bytes,gauge,299999269,terminal-handler-sim,terminal-handler-pod-0,container-main,payments,staging,,
2026-03-28T10:51:00+00:00,jvm_gc_pause_seconds_sum,gauge,0.09064945380029461,terminal-handler-sim,terminal-handler-pod-0,container-main,payments,staging,,
2026-03-28T10:51:00+00:00,process_cpu_usage,gauge,0.1928931486339508,terminal-handler-sim,terminal-handler-pod-0,container-main,payments,staging,,
2026-03-28T10:52:00+00:00,jvm_memory_used_bytes,gauge,300000760,terminal-handler-sim,terminal-handler-pod-0,container-main,payments,staging,,
2026-03-28T10:52:00+00:00,jvm_gc_pause_seconds_sum,gauge,0.10874760814540602,terminal-handler-sim,terminal-handler-pod-0,container-main,payments,staging,,
2026-03-28T10:52:00+00:00,process_cpu_usage,gauge,0.20040858152674204,terminal-handler-sim,terminal-handler-pod-0,container-main,payments,staging,,
2026-03-28T10:53:00+00:00,jvm_memory_used_bytes,gauge,299999142,terminal-handler-sim,terminal-handler-pod-0,container-main,payments,staging,,
2026-03-28T10:53:00+00:00,jvm_gc_pause_seconds_sum,gauge,0.09949033726941214,terminal-handler-sim,terminal-handler-pod-0,container-main,payments,staging,,
2026-03-28T10:53:00+00:00,process_cpu_usage,gauge,0.1950023944909531,terminal-handler-sim,terminal-handler-pod-0,container-main,payments,staging,,
2026-03-28T10:54:00+00:00,jvm_memory_used_bytes,gauge,299999239,terminal-handler-sim,terminal-handler-pod-0,container-main,payments,staging,,
2026-03-28T10:54:00+00:00,jvm_gc_pause_seconds_sum,gauge,0.10838687223602238,terminal-handler-sim,terminal-handler-pod-0,container-main,payments,staging,,
2026-03-28T10:54:00+00:00,process_cpu_usage,gauge,0.20769431611505013,terminal-handler-sim,terminal-handler-pod-0,container-main,payments,staging,,
2026-03-28T10:55:00+00:00,jvm_memory_used_bytes,gauge,299999327,terminal-handler-sim,terminal-handler-pod-0,container-main,payments,staging,,
2026-03-28T10:55:00+00:00,jvm_gc_pause_seconds_sum,gauge,0.1027472455436724,terminal-handler-sim,terminal-handler-pod-0,container-main,payments,staging,,
2026-03-28T10:55:00+00:00,process_cpu_usage,gauge,0.20925430360704733,terminal-handler-sim,terminal-handler-pod-0,container-main,payments,staging,,
2026-03-28T10:56:00+00:00,jvm_memory_used_bytes,gauge,299999922,terminal-handler-sim,terminal-handler-pod-0,container-main,payments,staging,,
2026-03-28T10:56:00+00:00,jvm_gc_pause_seconds_sum,gauge,0.10292876236523749,terminal-handler-sim,terminal-handler-pod-0,container-main,payments,staging,,
2026-03-28T10:56:00+00:00,process_cpu_usage,gauge,0.20034820330686376,terminal-handler-sim,terminal-handler-pod-0,container-main,payments,staging,,
2026-03-28T10:57:00+00:00,jvm_memory_used_bytes,gauge,300000387,terminal-handler-sim,terminal-handler-pod-0,container-main,payments,staging,,
2026-03-28T10:57:00+00:00,jvm_gc_pause_seconds_sum,gauge,0.09573647278950878,terminal-handler-sim,terminal-handler-pod-0,container-main,payments,staging,,
2026-03-28T10:57:00+00:00,process_cpu_usage,gauge,0.1922256009830774,terminal-handler-sim,terminal-handler-pod-0,container-main,payments,staging,,
2026-03-28T10:58:00+00:00,jvm_memory_used_bytes,gauge,300000398,terminal-handler-sim,terminal-handler-pod-0,container-main,payments,staging,,
2026-03-28T10:58:00+00:00,jvm_gc_pause_seconds_sum,gauge,0.09954698397810637,terminal-handler-sim,terminal-handler-pod-0,container-main,payments,staging,,
2026-03-28T10:58:00+00:00,process_cpu_usage,gauge,0.20004752606594992,terminal-handler-sim,terminal-handler-pod-0,container-main,payments,staging,,
2026-03-28T10:59:00+00:00,jvm_memory_used_bytes,gauge,300000050,terminal-handler-sim,terminal-handler-pod-0,container-main,payments,staging,,
2026-03-28T10:59:00+00:00,jvm_gc_pause_seconds_sum,gauge,0.10800629729645797,terminal-handler-sim,terminal-handler-pod-0,container-main,payments,staging,,
2026-03-28T10:59:00+00:00,process_cpu_usage,gauge,0.20157583480991267,terminal-handler-sim,terminal-handler-pod-0,container-main,payments,staging,,
2026-03-28T11:00:00+00:00,jvm_memory_used_bytes,gauge,299999010,terminal-handler-sim,terminal-handler-pod-0,container-main,payments,staging,,
2026-03-28T11:00:00+00:00,jvm_gc_pause_seconds_sum,gauge,0.1010683407081236,terminal-handler-sim,terminal-handler-pod-0,container-main,payments,staging,,
2026-03-28T11:00:00+00:00,process_cpu_usage,gauge,0.2036768534162665,terminal-handler-sim,terminal-handler-pod-0,container-main,payments,staging,,
2026-03-28T11:01:00+00:00,jvm_memory_used_bytes,gauge,299999115,terminal-handler-sim,terminal-handler-pod-0,container-main,payments,staging,,
2026-03-28T11:01:00+00:00,jvm_gc_pause_seconds_sum,gauge,0.10330548756068299,terminal-handler-sim,terminal-handler-pod-0,container-main,payments,staging,,
2026-03-28T11:01:00+00:00,process_cpu_usage,gauge,0.2066224347997277,terminal-handler-sim,terminal-handler-pod-0,container-main,payments,staging,,
2026-03-28T11:02:00+00:00,jvm_memory_used_bytes,gauge,300000438,terminal-handler-sim,terminal-handler-pod-0,container-main,payments,staging,,
2026-03-28T11:02:00+00:00,jvm_gc_pause_seconds_sum,gauge,0.09281982859576052,terminal-handler-sim,terminal-handler-pod-0,container-main,payments,staging,,
2026-03-28T11:02:00+00:00,process_cpu_usage,gauge,0.20607050947906091,terminal-handler-sim,terminal-handler-pod-0,container-main,payments,staging,,
2026-03-28T11:03:00+00:00,jvm_memory_used_bytes,gauge,300000885,terminal-handler-sim,terminal-handler-pod-0,container-main,payments,staging,,
2026-03-28T11:03:00+00:00,jvm_gc_pause_seconds_sum,gauge,0.10799332046101746,terminal-handler-sim,terminal-handler-pod-0,container-main,payments,staging,,
2026-03-28T11:03:00+00:00,process_cpu_usage,gauge,0.20687246851409186,terminal-handler-sim,terminal-handler-pod-0,container-main,payments,staging,,
2026-03-28T11:04:00+00:00,jvm_memory_used_bytes,gauge,300000800,terminal-handler-sim,terminal-handler-pod-0,container-main,payments,staging,,
2026-03-28T11:04:00+00:00,jvm_gc_pause_seconds_sum,gauge,0.10795266467333867,terminal-handler-sim,terminal-handler-pod-0,container-main,payments,staging,,
2026-03-28T11:04:00+00:00,process_cpu_usage,gauge,0.19589259011274224,terminal-handler-sim,terminal-handler-pod-0,container-main,payments,staging,,
2026-03-28T11:05:00+00:00,jvm_memory_used_bytes,gauge,300000778,terminal-handler-sim,terminal-handler-pod-0,container-main,payments,staging,,
2026-03-28T11:05:00+00:00,jvm_gc_pause_seconds_sum,gauge,0.09388653828640682,terminal-handler-sim,terminal-handler-pod-0,container-main,payments,staging,,
2026-03-28T11:05:00+00:00,process_cpu_usage,gauge,0.1957306676457669,terminal-handler-sim,terminal-handler-pod-0,container-main,payments,staging,,
2026-03-28T11:06:00+00:00,jvm_memory_used_bytes,gauge,299999748,terminal-handler-sim,terminal-handler-pod-0,container-main,payments,staging,,
2026-03-28T11:06:00+00:00,jvm_gc_pause_seconds_sum,gauge,0.10225047339358996,terminal-handler-sim,terminal-handler-pod-0,container-main,payments,staging,,
2026-03-28T11:06:00+00:00,process_cpu_usage,gauge,0.19345829898768702,terminal-handler-sim,terminal-handler-pod-0,container-main,payments,staging,,
2026-03-28T11:07:00+00:00,jvm_memory_used_bytes,gauge,300000491,terminal-handler-sim,terminal-handler-pod-0,container-main,payments,staging,,
2026-03-28T11:07:00+00:00,jvm_gc_pause_seconds_sum,gauge,0.09125425592138389,terminal-handler-sim,terminal-handler-pod-0,container-main,payments,staging,,
2026-03-28T11:07:00+00:00,process_cpu_usage,gauge,0.19906415001828964,terminal-handler-sim,terminal-handler-pod-0,container-main,payments,staging,,
2026-03-28T11:08:00+00:00,jvm_memory_used_bytes,gauge,300000989,terminal-handler-sim,terminal-handler-pod-0,container-main,payments,staging,,
2026-03-28T11:08:00+00:00,jvm_gc_pause_seconds_sum,gauge,0.10722194699021094,terminal-handler-sim,terminal-handler-pod-0,container-main,payments,staging,,
2026-03-28T11:08:00+00:00,process_cpu_usage,gauge,0.19172922843115642,terminal-handler-sim,terminal-handler-pod-0,container-main,payments,staging,,
2026-03-28T11:09:00+00:00,jvm_memory_used_bytes,gauge,299999307,terminal-handler-sim,terminal-handler-pod-0,container-main,payments,staging,,
2026-03-28T11:09:00+00:00,jvm_gc_pause_seconds_sum,gauge,0.10037349956533785,terminal-handler-sim,terminal-handler-pod-0,container-main,payments,staging,,
2026-03-28T11:09:00+00:00,process_cpu_usage,gauge,0.2002652938374161,terminal-handler-sim,terminal-handler-pod-0,container-main,payments,staging,,
2026-03-28T11:10:00+00:00,jvm_memory_used_bytes,gauge,299999200,terminal-handler-sim,terminal-handler-pod-0,container-main,payments,staging,,
2026-03-28T11:10:00+00:00,jvm_gc_pause_seconds_sum,gauge,0.10570026468608267,terminal-handler-sim,terminal-handler-pod-0,container-main,payments,staging,,
2026-03-28T11:10:00+00:00,process_cpu_usage,gauge,0.20335684522710454,terminal-handler-sim,terminal-handler-pod-0,container-main,payments,staging,,
2026-03-28T11:11:00+00:00,jvm_memory_used_bytes,gauge,300000411,terminal-handler-sim,terminal-handler-pod-0,container-main,payments,staging,,
2026-03-28T11:11:00+00:00,jvm_gc_pause_seconds_sum,gauge,0.09233685310789419,terminal-handler-sim,terminal-handler-pod-0,container-main,payments,staging,,
2026-03-28T11:11:00+00:00,process_cpu_usage,gauge,0.20052087546638303,terminal-handler-sim,terminal-handler-pod-0,container-main,payments,staging,,
2026-03-28T11:12:00+00:00,jvm_memory_used_bytes,gauge,299999109,terminal-handler-sim,terminal-handler-pod-0,container-main,payments,staging,,
2026-03-28T11:12:00+00:00,jvm_gc_pause_seconds_sum,gauge,0.09785238554979792,terminal-handler-sim,terminal-handler-pod-0,container-main,payments,staging,,
2026-03-28T11:12:00+00:00,process_cpu_usage,gauge,0.1970335981065379,terminal-handler-sim,terminal-handler-pod-0,container-main,payments,staging,,
2026-03-28T11:13:00+00:00,jvm_memory_used_bytes,gauge,299999915,terminal-handler-sim,terminal-handler-pod-0,container-main,payments,staging,,
2026-03-28T11:13:00+00:00,jvm_gc_pause_seconds_sum,gauge,0.10957295893009578,terminal-handler-sim,terminal-handler-pod-0,container-main,payments,staging,,
2026-03-28T11:13:00+00:00,process_cpu_usage,gauge,0.1927693874134855,terminal-handler-sim,terminal-handler-pod-0,container-main,payments,staging,,
2026-03-28T11:14:00+00:00,jvm_memory_used_bytes,gauge,300000591,terminal-handler-sim,terminal-handler-pod-0,container-main,payments,staging,,
2026-03-28T11:14:00+00:00,jvm_gc_pause_seconds_sum,gauge,0.10924991188123154,terminal-handler-sim,terminal-handler-pod-0,container-main,payments,staging,,
2026-03-28T11:14:00+00:00,process_cpu_usage,gauge,0.19863475305238765,terminal-handler-sim,terminal-handler-pod-0,container-main,payments,staging,,
2026-03-28T11:15:00+00:00,jvm_memory_used_bytes,gauge,299999055,terminal-handler-sim,terminal-handler-pod-0,container-main,payments,staging,,
2026-03-28T11:15:00+00:00,jvm_gc_pause_seconds_sum,gauge,0.10860651119269181,terminal-handler-sim,terminal-handler-pod-0,container-main,payments,staging,,
2026-03-28T11:15:00+00:00,process_cpu_usage,gauge,0.19310626237605164,terminal-handler-sim,terminal-handler-pod-0,container-main,payments,staging,,
2026-03-28T11:16:00+00:00,jvm_memory_used_bytes,gauge,299999453,terminal-handler-sim,terminal-handler-pod-0,container-main,payments,staging,,
2026-03-28T11:16:00+00:00,jvm_gc_pause_seconds_sum,gauge,0.09611211662836128,terminal-handler-sim,terminal-handler-pod-0,container-main,payments,staging,,
2026-03-28T11:16:00+00:00,process_cpu_usage,gauge,0.20028837166813718,terminal-handler-sim,terminal-handler-pod-0,container-main,payments,staging,,
2026-03-28T11:17:00+00:00,jvm_memory_used_bytes,gauge,300000894,terminal-handler-sim,terminal-handler-pod-0,container-main,payments,staging,,
2026-03-28T11:17:00+00:00,jvm_gc_pause_seconds_sum,gauge,0.09097176266087727,terminal-handler-sim,terminal-handler-pod-0,container-main,payments,staging,,
2026-03-28T11:17:00+00:00,process_cpu_usage,gauge,0.19018893768010875,terminal-handler-sim,terminal-handler-pod-0,container-main,payments,staging,,
2026-03-28T11:18:00+00:00,jvm_memory_used_bytes,gauge,300000750,terminal-handler-sim,terminal-handler-pod-0,container-main,payments,staging,,
2026-03-28T11:18:00+00:00,jvm_gc_pause_seconds_sum,gauge,0.09044361958517814,terminal-handler-sim,terminal-handler-pod-0,container-main,payments,staging,,
2026-03-28T11:18:00+00:00,process_cpu_usage,gauge,0.20162650474274516,terminal-handler-sim,terminal-handler-pod-0,container-main,payments,staging,,
2026-03-28T11:19:00+00:00,jvm_memory_used_bytes,gauge,300000975,terminal-handler-sim,terminal-handler-pod-0,container-main,payments,staging,,
2026-03-28T11:19:00+00:00,jvm_gc_pause_seconds_sum,gauge,0.10006093981533686,terminal-handler-sim,terminal-handler-pod-0,container-main,payments,staging,,
2026-03-28T11:19:00+00:00,process_cpu_usage,gauge,0.19522770332413625,terminal-handler-sim,terminal-handler-pod-0,container-main,payments,staging,,
2026-03-28T11:20:00+00:00,jvm_memory_used_bytes,gauge,299999196,terminal-handler-sim,terminal-handler-pod-0,container-main,payments,staging,,
2026-03-28T11:20:00+00:00,jvm_gc_pause_seconds_sum,gauge,0.10416120631186525,terminal-handler-sim,terminal-handler-pod-0,container-main,payments,staging,,
2026-03-28T11:20:00+00:00,process_cpu_usage,gauge,0.20909380695127003,terminal-handler-sim,terminal-handler-pod-0,container-main,payments,staging,,
2026-03-28T11:21:00+00:00,jvm_memory_used_bytes,gauge,300000936,terminal-handler-sim,terminal-handler-pod-0,container-main,payments,staging,,
2026-03-28T11:21:00+00:00,jvm_gc_pause_seconds_sum,gauge,0.09575332115283978,terminal-handler-sim,terminal-handler-pod-0,container-main,payments,staging,,
2026-03-28T11:21:00+00:00,process_cpu_usage,gauge,0.20976705959614425,terminal-handler-sim,terminal-handler-pod-0,container-main,payments,staging,,
2026-03-28T11:22:00+00:00,jvm_memory_used_bytes,gauge,300000547,terminal-handler-sim,terminal-handler-pod-0,container-main,payments,staging,,
2026-03-28T11:22:00+00:00,jvm_gc_pause_seconds_sum,gauge,0.09163359798509063,terminal-handler-sim,terminal-handler-pod-0,container-main,payments,staging,,
2026-03-28T11:22:00+00:00,process_cpu_usage,gauge,0.1955198957615966,terminal-handler-sim,terminal-handler-pod-0,container-main,payments,staging,,
2026-03-28T11:23:00+00:00,jvm_memory_used_bytes,gauge,299999524,terminal-handler-sim,terminal-handler-pod-0,container-main,payments,staging,,
2026-03-28T11:23:00+00:00,jvm_gc_pause_seconds_sum,gauge,0.09506328918231655,terminal-handler-sim,terminal-handler-pod-0,container-main,payments,staging,,
2026-03-28T11:23:00+00:00,process_cpu_usage,gauge,0.20122484732600499,terminal-handler-sim,terminal-handler-pod-0,container-main,payments,staging,,
2026-03-28T11:24:00+00:00,jvm_memory_used_bytes,gauge,299999543,terminal-handler-sim,terminal-handler-pod-0,container-main,payments,staging,,
2026-03-28T11:24:00+00:00,jvm_gc_pause_seconds_sum,gauge,0.10213154031147856,terminal-handler-sim,terminal-handler-pod-0,container-main,payments,staging,,
2026-03-28T11:24:00+00:00,process_cpu_usage,gauge,0.20783500211721975,terminal-handler-sim,terminal-handler-pod-0,container-main,payments,staging,,
2026-03-28T11:25:00+00:00,jvm_memory_used_bytes,gauge,299999129,terminal-handler-sim,terminal-handler-pod-0,container-main,payments,staging,,
2026-03-28T11:25:00+00:00,jvm_gc_pause_seconds_sum,gauge,0.0972327014396898,terminal-handler-sim,terminal-handler-pod-0,container-main,payments,staging,,
2026-03-28T11:25:00+00:00,process_cpu_usage,gauge,0.20213346221948844,terminal-handler-sim,terminal-handler-pod-0,container-main,payments,staging,,
2026-03-28T11:26:00+00:00,jvm_memory_used_bytes,gauge,300000624,terminal-handler-sim,terminal-handler-pod-0,container-main,payments,staging,,
2026-03-28T11:26:00+00:00,jvm_gc_pause_seconds_sum,gauge,0.10838856813207791,terminal-handler-sim,terminal-handler-pod-0,container-main,payments,staging,,
2026-03-28T11:26:00+00:00,process_cpu_usage,gauge,0.19408243434409145,terminal-handler-sim,terminal-handler-pod-0,container-main,payments,staging,,
2026-03-28T11:27:00+00:00,jvm_memory_used_bytes,gauge,300000510,terminal-handler-sim,terminal-handler-pod-0,container-main,payments,staging,,
2026-03-28T11:27:00+00:00,jvm_gc_pause_seconds_sum,gauge,0.10283635077818416,terminal-handler-sim,terminal-handler-pod-0,container-main,payments,staging,,
2026-03-28T11:27:00+00:00,process_cpu_usage,gauge,0.20158374844819468,terminal-handler-sim,terminal-handler-pod-0,container-main,payments,staging,,
2026-03-28T11:28:00+00:00,jvm_memory_used_bytes,gauge,300000859,terminal-handler-sim,terminal-handler-pod-0,container-main,payments,staging,,
2026-03-28T11:28:00+00:00,jvm_gc_pause_seconds_sum,gauge,0.09327219753787468,terminal-handler-sim,terminal-handler-pod-0,container-main,payments,staging,,
2026-03-28T11:28:00+00:00,process_cpu_usage,gauge,0.19313579645224727,terminal-handler-sim,terminal-handler-pod-0,container-main,payments,staging,,
2026-03-28T11:29:00+00:00,jvm_memory_used_bytes,gauge,299999261,terminal-handler-sim,terminal-handler-pod-0,container-main,payments,staging,,
2026-03-28T11:29:00+00:00,jvm_gc_pause_seconds_sum,gauge,0.09926603498159225,terminal-handler-sim,terminal-handler-pod-0,container-main,payments,staging,,
2026-03-28T11:29:00+00:00,process_cpu_usage,gauge,0.1984326903121072,terminal-handler-sim,terminal-handler-pod-0,container-main,payments,staging,,
2026-03-28T11:30:00+00:00,jvm_memory_used_bytes,gauge,300000875,terminal-handler-sim,terminal-handler-pod-0,container-main,payments,staging,,
2026-03-28T11:30:00+00:00,jvm_gc_pause_seconds_sum,gauge,0.09899481538520609,terminal-handler-sim,terminal-handler-pod-0,container-main,payments,staging,,
2026-03-28T11:30:00+00:00,process_cpu_usage,gauge,0.19254823659294462,terminal-handler-sim,terminal-handler-pod-0,container-main,payments,staging,,
2026-03-28T11:31:00+00:00,jvm_memory_used_bytes,gauge,300000307,terminal-handler-sim,terminal-handler-pod-0,container-main,payments,staging,,
2026-03-28T11:31:00+00:00,jvm_gc_pause_seconds_sum,gauge,0.10101178115394296,terminal-handler-sim,terminal-handler-pod-0,container-main,payments,staging,,
2026-03-28T11:31:00+00:00,process_cpu_usage,gauge,0.2031420523633544,terminal-handler-sim,terminal-handler-pod-0,container-main,payments,staging,,
2026-03-28T11:32:00+00:00,jvm_memory_used_bytes,gauge,299999134,terminal-handler-sim,terminal-handler-pod-0,container-main,payments,staging,,
2026-03-28T11:32:00+00:00,jvm_gc_pause_seconds_sum,gauge,0.10037751052897012,terminal-handler-sim,terminal-handler-pod-0,container-main,payments,staging,,
2026-03-28T11:32:00+00:00,process_cpu_usage,gauge,0.19994722940498055,terminal-handler-sim,terminal-handler-pod-0,container-main,payments,staging,,
2026-03-28T11:33:00+00:00,jvm_memory_used_bytes,gauge,299999372,terminal-handler-sim,terminal-handler-pod-0,container-main,payments,staging,,
2026-03-28T11:33:00+00:00,jvm_gc_pause_seconds_sum,gauge,0.10159938964837428,terminal-handler-sim,terminal-handler-pod-0,container-main,payments,staging,,
2026-03-28T11:33:00+00:00,process_cpu_usage,gauge,0.19932209753408847,terminal-handler-sim,terminal-handler-pod-0,container-main,payments,staging,,
2026-03-28T11:34:00+00:00,jvm_memory_used_bytes,gauge,300000161,terminal-handler-sim,terminal-handler-pod-0,container-main,payments,staging,,
2026-03-28T11:34:00+00:00,jvm_gc_pause_seconds_sum,gauge,0.1003745891560164,terminal-handler-sim,terminal-handler-pod-0,container-main,payments,staging,,
2026-03-28T11:34:00+00:00,process_cpu_usage,gauge,0.1903692239344936,terminal-handler-sim,terminal-handler-pod-0,container-main,payments,staging,,
2026-03-28T11:35:00+00:00,jvm_memory_used_bytes,gauge,300000870,terminal-handler-sim,terminal-handler-pod-0,container-main,payments,staging,,
2026-03-28T11:35:00+00:00,jvm_gc_pause_seconds_sum,gauge,0.09935313219750451,terminal-handler-sim,terminal-handler-pod-0,container-main,payments,staging,,
2026-03-28T11:35:00+00:00,process_cpu_usage,gauge,0.19372646132881574,terminal-handler-sim,terminal-handler-pod-0,container-main,payments,staging,,
2026-03-28T11:36:00+00:00,jvm_memory_used_bytes,gauge,299999458,terminal-handler-sim,terminal-handler-pod-0,container-main,payments,staging,,
2026-03-28T11:36:00+00:00,jvm_gc_pause_seconds_sum,gauge,0.10392246577111516,terminal-handler-sim,terminal-handler-pod-0,container-main,payments,staging,,
2026-03-28T11:36:00+00:00,process_cpu_usage,gauge,0.20560951567628816,terminal-handler-sim,terminal-handler-pod-0,container-main,payments,staging,,
2026-03-28T11:37:00+00:00,jvm_memory_used_bytes,gauge,300000164,terminal-handler-sim,terminal-handler-pod-0,container-main,payments,staging,,
2026-03-28T11:37:00+00:00,jvm_gc_pause_seconds_sum,gauge,0.09182602118456601,terminal-handler-sim,terminal-handler-pod-0,container-main,payments,staging,,
2026-03-28T11:37:00+00:00,process_cpu_usage,gauge,0.19624190974794853,terminal-handler-sim,terminal-handler-pod-0,container-main,payments,staging,,
2026-03-28T11:38:00+00:00,jvm_memory_used_bytes,gauge,300000081,terminal-handler-sim,terminal-handler-pod-0,container-main,payments,staging,,
2026-03-28T11:38:00+00:00,jvm_gc_pause_seconds_sum,gauge,0.09612787584299941,terminal-handler-sim,terminal-handler-pod-0,container-main,payments,staging,,
2026-03-28T11:38:00+00:00,process_cpu_usage,gauge,0.19636736990376508,terminal-handler-sim,terminal-handler-pod-0,container-main,payments,staging,,
2026-03-28T11:39:00+00:00,jvm_memory_used_bytes,gauge,299999011,terminal-handler-sim,terminal-handler-pod-0,container-main,payments,staging,,
2026-03-28T11:39:00+00:00,jvm_gc_pause_seconds_sum,gauge,0.09606051687619493,terminal-handler-sim,terminal-handler-pod-0,container-main,payments,staging,,
2026-03-28T11:39:00+00:00,process_cpu_usage,gauge,0.20549374248902194,terminal-handler-sim,terminal-handler-pod-0,container-main,payments,staging,,
2026-03-28T11:40:00+00:00,jvm_memory_used_bytes,gauge,299999913,terminal-handler-sim,terminal-handler-pod-0,container-main,payments,staging,,
2026-03-28T11:40:00+00:00,jvm_gc_pause_seconds_sum,gauge,0.10917129841771658,terminal-handler-sim,terminal-handler-pod-0,container-main,payments,staging,,
2026-03-28T11:40:00+00:00,process_cpu_usage,gauge,0.1923517933051114,terminal-handler-sim,terminal-handler-pod-0,container-main,payments,staging,,
2026-03-28T11:41:00+00:00,jvm_memory_used_bytes,gauge,300000350,terminal-handler-sim,terminal-handler-pod-0,container-main,payments,staging,,
2026-03-28T11:41:00+00:00,jvm_gc_pause_seconds_sum,gauge,0.10863269184267317,terminal-handler-sim,terminal-handler-pod-0,container-main,payments,staging,,
2026-03-28T11:41:00+00:00,process_cpu_usage,gauge,0.20055824941433611,terminal-handler-sim,terminal-handler-pod-0,container-main,payments,staging,,
2026-03-28T11:42:00+00:00,jvm_memory_used_bytes,gauge,299999733,terminal-handler-sim,terminal-handler-pod-0,container-main,payments,staging,,
2026-03-28T11:42:00+00:00,jvm_gc_pause_seconds_sum,gauge,0.10838413626796027,terminal-handler-sim,terminal-handler-pod-0,container-main,payments,staging,,
2026-03-28T11:42:00+00:00,process_cpu_usage,gauge,0.20368765383872472,terminal-handler-sim,terminal-handler-pod-0,container-main,payments,staging,,
2026-03-28T11:43:00+00:00,jvm_memory_used_bytes,gauge,299999649,terminal-handler-sim,terminal-handler-pod-0,container-main,payments,staging,,
2026-03-28T11:43:00+00:00,jvm_gc_pause_seconds_sum,gauge,0.1013475401584027,terminal-handler-sim,terminal-handler-pod-0,container-main,payments,staging,,
2026-03-28T11:43:00+00:00,process_cpu_usage,gauge,0.19696529338833993,terminal-handler-sim,terminal-handler-pod-0,container-main,payments,staging,,
2026-03-28T11:44:00+00:00,jvm_memory_used_bytes,gauge,299999323,terminal-handler-sim,terminal-handler-pod-0,container-main,payments,staging,,
2026-03-28T11:44:00+00:00,jvm_gc_pause_seconds_sum,gauge,0.10615338813918701,terminal-handler-sim,terminal-handler-pod-0,container-main,payments,staging,,
2026-03-28T11:44:00+00:00,process_cpu_usage,gauge,0.20022452380611702,terminal-handler-sim,terminal-handler-pod-0,container-main,payments,staging,,
2026-03-28T11:45:00+00:00,jvm_memory_used_bytes,gauge,300000744,terminal-handler-sim,terminal-handler-pod-0,container-main,payments,staging,,
2026-03-28T11:45:00+00:00,jvm_gc_pause_seconds_sum,gauge,0.09389888806380757,terminal-handler-sim,terminal-handler-pod-0,container-main,payments,staging,,
2026-03-28T11:45:00+00:00,process_cpu_usage,gauge,0.2022396328486521,terminal-handler-sim,terminal-handler-pod-0,container-main,payments,staging,,
2026-03-28T11:46:00+00:00,jvm_memory_used_bytes,gauge,300000804,terminal-handler-sim,terminal-handler-pod-0,container-main,payments,staging,,
2026-03-28T11:46:00+00:00,jvm_gc_pause_seconds_sum,gauge,0.10726298846835408,terminal-handler-sim,terminal-handler-pod-0,container-main,payments,staging,,
2026-03-28T11:46:00+00:00,process_cpu_usage,gauge,0.20982993123672877,terminal-handler-sim,terminal-handler-pod-0,container-main,payments,staging,,
2026-03-28T11:47:00+00:00,jvm_memory_used_bytes,gauge,300000540,terminal-handler-sim,terminal-handler-pod-0,container-main,payments,staging,,
2026-03-28T11:47:00+00:00,jvm_gc_pause_seconds_sum,gauge,0.10625597176542255,terminal-handler-sim,terminal-handler-pod-0,container-main,payments,staging,,
2026-03-28T11:47:00+00:00,process_cpu_usage,gauge,0.19294649724049434,terminal-handler-sim,terminal-handler-pod-0,container-main,payments,staging,,
2026-03-28T11:48:00+00:00,jvm_memory_used_bytes,gauge,300000714,terminal-handler-sim,terminal-handler-pod-0,container-main,payments,staging,,
2026-03-28T11:48:00+00:00,jvm_gc_pause_seconds_sum,gauge,0.1082804443690731,terminal-handler-sim,terminal-handler-pod-0,container-main,payments,staging,,
2026-03-28T11:48:00+00:00,process_cpu_usage,gauge,0.20775973541896456,terminal-handler-sim,terminal-handler-pod-0,container-main,payments,staging,,
2026-03-28T11:49:00+00:00,jvm_memory_used_bytes,gauge,299999911,terminal-handler-sim,terminal-handler-pod-0,container-main,payments,staging,,
2026-03-28T11:49:00+00:00,jvm_gc_pause_seconds_sum,gauge,0.10222099081027636,terminal-handler-sim,terminal-handler-pod-0,container-main,payments,staging,,
2026-03-28T11:49:00+00:00,process_cpu_usage,gauge,0.20040439671795265,terminal-handler-sim,terminal-handler-pod-0,container-main,payments,staging,,
2026-03-28T11:50:00+00:00,jvm_memory_used_bytes,gauge,300000089,terminal-handler-sim,terminal-handler-pod-0,container-main,payments,staging,,
2026-03-28T11:50:00+00:00,jvm_gc_pause_seconds_sum,gauge,0.10961578972534078,terminal-handler-sim,terminal-handler-pod-0,container-main,payments,staging,,
2026-03-28T11:50:00+00:00,process_cpu_usage,gauge,0.20253883736006775,terminal-handler-sim,terminal-handler-pod-0,container-main,payments,staging,,
2026-03-28T11:51:00+00:00,jvm_memory_used_bytes,gauge,299999582,terminal-handler-sim,terminal-handler-pod-0,container-main,payments,staging,,
2026-03-28T11:51:00+00:00,jvm_gc_pause_seconds_sum,gauge,0.10601910528617793,terminal-handler-sim,terminal-handler-pod-0,container-main,payments,staging,,
2026-03-28T11:51:00+00:00,process_cpu_usage,gauge,0.20907855398104092,terminal-handler-sim,terminal-handler-pod-0,container-main,payments,staging,,
2026-03-28T11:52:00+00:00,jvm_memory_used_bytes,gauge,299999164,terminal-handler-sim,terminal-handler-pod-0,container-main,payments,staging,,
2026-03-28T11:52:00+00:00,jvm_gc_pause_seconds_sum,gauge,0.09655987243338801,terminal-handler-sim,terminal-handler-pod-0,container-main,payments,staging,,
2026-03-28T11:52:00+00:00,process_cpu_usage,gauge,0.20484204943984305,terminal-handler-sim,terminal-handler-pod-0,container-main,payments,staging,,
2026-03-28T11:53:00+00:00,jvm_memory_used_bytes,gauge,299999026,terminal-handler-sim,terminal-handler-pod-0,container-main,payments,staging,,
2026-03-28T11:53:00+00:00,jvm_gc_pause_seconds_sum,gauge,0.10232824356587286,terminal-handler-sim,terminal-handler-pod-0,container-main,payments,staging,,
2026-03-28T11:53:00+00:00,process_cpu_usage,gauge,0.20499797539168307,terminal-handler-sim,terminal-handler-pod-0,container-main,payments,staging,,
2026-03-28T11:54:00+00:00,jvm_memory_used_bytes,gauge,300000190,terminal-handler-sim,terminal-handler-pod-0,container-main,payments,staging,,
2026-03-28T11:54:00+00:00,jvm_gc_pause_seconds_sum,gauge,0.10183857145838557,terminal-handler-sim,terminal-handler-pod-0,container-main,payments,staging,,
2026-03-28T11:54:00+00:00,process_cpu_usage,gauge,0.1964813010359426,terminal-handler-sim,terminal-handler-pod-0,container-main,payments,staging,,
2026-03-28T11:55:00+00:00,jvm_memory_used_bytes,gauge,300000215,terminal-handler-sim,terminal-handler-pod-0,container-main,payments,staging,,
2026-03-28T11:55:00+00:00,jvm_gc_pause_seconds_sum,gauge,0.094716968631242,terminal-handler-sim,terminal-handler-pod-0,container-main,payments,staging,,
2026-03-28T11:55:00+00:00,process_cpu_usage,gauge,0.19200595894088868,terminal-handler-sim,terminal-handler-pod-0,container-main,payments,staging,,
2026-03-28T11:56:00+00:00,jvm_memory_used_bytes,gauge,300000607,terminal-handler-sim,terminal-handler-pod-0,container-main,payments,staging,,
2026-03-28T11:56:00+00:00,jvm_gc_pause_seconds_sum,gauge,0.09742744623260899,terminal-handler-sim,terminal-handler-pod-0,container-main,payments,staging,,
2026-03-28T11:56:00+00:00,process_cpu_usage,gauge,0.1961994971398377,terminal-handler-sim,terminal-handler-pod-0,container-main,payments,staging,,
2026-03-28T11:57:00+00:00,jvm_memory_used_bytes,gauge,300000401,terminal-handler-sim,terminal-handler-pod-0,container-main,payments,staging,,
2026-03-28T11:57:00+00:00,jvm_gc_pause_seconds_sum,gauge,0.09892772166894348,terminal-handler-sim,terminal-handler-pod-0,container-main,payments,staging,,
2026-03-28T11:57:00+00:00,process_cpu_usage,gauge,0.19701600771931654,terminal-handler-sim,terminal-handler-pod-0,container-main,payments,staging,,
2026-03-28T11:58:00+00:00,jvm_memory_used_bytes,gauge,299999632,terminal-handler-sim,terminal-handler-pod-0,container-main,payments,staging,,
2026-03-28T11:58:00+00:00,jvm_gc_pause_seconds_sum,gauge,0.10761594150871331,terminal-handler-sim,terminal-handler-pod-0,container-main,payments,staging,,
2026-03-28T11:58:00+00:00,process_cpu_usage,gauge,0.20788779384481118,terminal-handler-sim,terminal-handler-pod-0,container-main,payments,staging,,
2026-03-28T11:59:00+00:00,jvm_memory_used_bytes,gauge,299999981,terminal-handler-sim,terminal-handler-pod-0,container-main,payments,staging,,
2026-03-28T11:59:00+00:00,jvm_gc_pause_seconds_sum,gauge,0.10497474643096505,terminal-handler-sim,terminal-handler-pod-0,container-main,payments,staging,,
2026-03-28T11:59:00+00:00,process_cpu_usage,gauge,0.20948999256521586,terminal-handler-sim,terminal-handler-pod-0,container-main,payments,staging,,
2026-03-28T12:00:00+00:00,jvm_memory_used_bytes,gauge,300000871,terminal-handler-sim,terminal-handler-pod-0,container-main,payments,staging,,
2026-03-28T12:00:00+00:00,jvm_gc_pause_seconds_sum,gauge,0.0984197830332619,terminal-handler-sim,terminal-handler-pod-0,container-main,payments,staging,,
2026-03-28T12:00:00+00:00,process_cpu_usage,gauge,0.2019794477646134,terminal-handler-sim,terminal-handler-pod-0,container-main,payments,staging,,
2026-03-28T12:01:00+00:00,jvm_memory_used_bytes,gauge,300000967,terminal-handler-sim,terminal-handler-pod-0,container-main,payments,staging,,
2026-03-28T12:01:00+00:00,jvm_gc_pause_seconds_sum,gauge,0.10569344114122538,terminal-handler-sim,terminal-handler-pod-0,container-main,payments,staging,,
2026-03-28T12:01:00+00:00,process_cpu_usage,gauge,0.20298684078543464,terminal-handler-sim,terminal-handler-pod-0,container-main,payments,staging,,
2026-03-28T12:02:00+00:00,jvm_memory_used_bytes,gauge,300000336,terminal-handler-sim,terminal-handler-pod-0,container-main,payments,staging,,
2026-03-28T12:02:00+00:00,jvm_gc_pause_seconds_sum,gauge,0.10445104882396732,terminal-handler-sim,terminal-handler-pod-0,container-main,payments,staging,,
2026-03-28T12:02:00+00:00,process_cpu_usage,gauge,0.20166130149605382,terminal-handler-sim,terminal-handler-pod-0,container-main,payments,staging,,
2026-03-28T12:03:00+00:00,jvm_memory_used_bytes,gauge,300000834,terminal-handler-sim,terminal-handler-pod-0,container-main,payments,staging,,
2026-03-28T12:03:00+00:00,jvm_gc_pause_seconds_sum,gauge,0.10601366103273058,terminal-handler-sim,terminal-handler-pod-0,container-main,payments,staging,,
2026-03-28T12:03:00+00:00,process_cpu_usage,gauge,0.19987835499306894,terminal-handler-sim,terminal-handler-pod-0,container-main,payments,staging,,
2026-03-28T12:04:00+00:00,jvm_memory_used_bytes,gauge,300000210,terminal-handler-sim,terminal-handler-pod-0,container-main,payments,staging,,
2026-03-28T12:04:00+00:00,jvm_gc_pause_seconds_sum,gauge,0.0978439285091521,terminal-handler-sim,terminal-handler-pod-0,container-main,payments,staging,,
2026-03-28T12:04:00+00:00,process_cpu_usage,gauge,0.20146530015084932,terminal-handler-sim,terminal-handler-pod-0,container-main,payments,staging,,
2026-03-28T12:05:00+00:00,jvm_memory_used_bytes,gauge,300000651,terminal-handler-sim,terminal-handler-pod-0,container-main,payments,staging,,
2026-03-28T12:05:00+00:00,jvm_gc_pause_seconds_sum,gauge,0.10879912284281193,terminal-handler-sim,terminal-handler-pod-0,container-main,payments,staging,,
2026-03-28T12:05:00+00:00,process_cpu_usage,gauge,0.19749295281256593,terminal-handler-sim,terminal-handler-pod-0,container-main,payments,staging,,
2026-03-28T12:06:00+00:00,jvm_memory_used_bytes,gauge,300000698,terminal-handler-sim,terminal-handler-pod-0,container-main,payments,staging,,
2026-03-28T12:06:00+00:00,jvm_gc_pause_seconds_sum,gauge,0.10402273192794054,terminal-handler-sim,terminal-handler-pod-0,container-main,payments,staging,,
2026-03-28T12:06:00+00:00,process_cpu_usage,gauge,0.1993256703631921,terminal-handler-sim,terminal-handler-pod-0,container-main,payments,staging,,
2026-03-28T12:07:00+00:00,jvm_memory_used_bytes,gauge,300000655,terminal-handler-sim,terminal-handler-pod-0,container-main,payments,staging,,
2026-03-28T12:07:00+00:00,jvm_gc_pause_seconds_sum,gauge,0.09317343667795167,terminal-handler-sim,terminal-handler-pod-0,container-main,payments,staging,,
2026-03-28T12:07:00+00:00,process_cpu_usage,gauge,0.20715040514323124,terminal-handler-sim,terminal-handler-pod-0,container-main,payments,staging,,
2026-03-28T12:08:00+00:00,jvm_memory_used_bytes,gauge,300000801,terminal-handler-sim,terminal-handler-pod-0,container-main,payments,staging,,
2026-03-28T12:08:00+00:00,jvm_gc_pause_seconds_sum,gauge,0.1046294795539852,terminal-handler-sim,terminal-handler-pod-0,container-main,payments,staging,,
2026-03-28T12:08:00+00:00,process_cpu_usage,gauge,0.19214952557788334,terminal-handler-sim,terminal-handler-pod-0,container-main,payments,staging,,
2026-03-28T12:09:00+00:00,jvm_memory_used_bytes,gauge,299999341,terminal-handler-sim,terminal-handler-pod-0,container-main,payments,staging,,
2026-03-28T12:09:00+00:00,jvm_gc_pause_seconds_sum,gauge,0.1005698079828453,terminal-handler-sim,terminal-handler-pod-0,container-main,payments,staging,,
2026-03-28T12:09:00+00:00,process_cpu_usage,gauge,0.1998407049895179,terminal-handler-sim,terminal-handler-pod-0,container-main,payments,staging,,
2026-03-28T12:10:00+00:00,jvm_memory_used_bytes,gauge,300000904,terminal-handler-sim,terminal-handler-pod-0,container-main,payments,staging,,
2026-03-28T12:10:00+00:00,jvm_gc_pause_seconds_sum,gauge,0.09746645787700797,terminal-handler-sim,terminal-handler-pod-0,container-main,payments,staging,,
2026-03-28T12:10:00+00:00,process_cpu_usage,gauge,0.197106196546823,terminal-handler-sim,terminal-handler-pod-0,container-main,payments,staging,,
2026-03-28T12:11:00+00:00,jvm_memory_used_bytes,gauge,299999275,terminal-handler-sim,terminal-handler-pod-0,container-main,payments,staging,,
2026-03-28T12:11:00+00:00,jvm_gc_pause_seconds_sum,gauge,0.104868596306708,terminal-handler-sim,terminal-handler-pod-0,container-main,payments,staging,,
2026-03-28T12:11:00+00:00,process_cpu_usage,gauge,0.1924670980628563,terminal-handler-sim,terminal-handler-pod-0,container-main,payments,staging,,
2026-03-28T12:12:00+00:00,jvm_memory_used_bytes,gauge,299999217,terminal-handler-sim,terminal-handler-pod-0,container-main,payments,staging,,
2026-03-28T12:12:00+00:00,jvm_gc_pause_seconds_sum,gauge,0.09131271547209972,terminal-handler-sim,terminal-handler-pod-0,container-main,payments,staging,,
2026-03-28T12:12:00+00:00,process_cpu_usage,gauge,0.204451535230335,terminal-handler-sim,terminal-handler-pod-0,container-main,payments,staging,,
2026-03-28T12:13:00+00:00,jvm_memory_used_bytes,gauge,300000979,terminal-handler-sim,terminal-handler-pod-0,container-main,payments,staging,,
2026-03-28T12:13:00+00:00,jvm_gc_pause_seconds_sum,gauge,0.09513527406641029,terminal-handler-sim,terminal-handler-pod-0,container-main,payments,staging,,
2026-03-28T12:13:00+00:00,process_cpu_usage,gauge,0.19572187353467133,terminal-handler-sim,terminal-handler-pod-0,container-main,payments,staging,,
2026-03-28T12:14:00+00:00,jvm_memory_used_bytes,gauge,300000842,terminal-handler-sim,terminal-handler-pod-0,container-main,payments,staging,,
2026-03-28T12:14:00+00:00,jvm_gc_pause_seconds_sum,gauge,0.09617455797731109,terminal-handler-sim,terminal-handler-pod-0,container-main,payments,staging,,
2026-03-28T12:14:00+00:00,process_cpu_usage,gauge,0.19940645926313014,terminal-handler-sim,terminal-handler-pod-0,container-main,payments,staging,,
2026-03-28T12:15:00+00:00,jvm_memory_used_bytes,gauge,299999208,terminal-handler-sim,terminal-handler-pod-0,container-main,payments,staging,,
2026-03-28T12:15:00+00:00,jvm_gc_pause_seconds_sum,gauge,0.1025828383869281,terminal-handler-sim,terminal-handler-pod-0,container-main,payments,staging,,
2026-03-28T12:15:00+00:00,process_cpu_usage,gauge,0.19837357807292355,terminal-handler-sim,terminal-handler-pod-0,container-main,payments,staging,,
2026-03-28T12:16:00+00:00,jvm_memory_used_bytes,gauge,299999145,terminal-handler-sim,terminal-handler-pod-0,container-main,payments,staging,,
2026-03-28T12:16:00+00:00,jvm_gc_pause_seconds_sum,gauge,0.10732113584962132,terminal-handler-sim,terminal-handler-pod-0,container-main,payments,staging,,
2026-03-28T12:16:00+00:00,process_cpu_usage,gauge,0.19751056776282339,terminal-handler-sim,terminal-handler-pod-0,container-main,payments,staging,,
2026-03-28T12:17:00+00:00,jvm_memory_used_bytes,gauge,300000221,terminal-handler-sim,terminal-handler-pod-0,container-main,payments,staging,,
2026-03-28T12:17:00+00:00,jvm_gc_pause_seconds_sum,gauge,0.10121038402597977,terminal-handler-sim,terminal-handler-pod-0,container-main,payments,staging,,
2026-03-28T12:17:00+00:00,process_cpu_usage,gauge,0.19076132759503936,terminal-handler-sim,terminal-handler-pod-0,container-main,payments,staging,,
2026-03-28T12:18:00+00:00,jvm_memory_used_bytes,gauge,300000311,terminal-handler-sim,terminal-handler-pod-0,container-main,payments,staging,,
2026-03-28T12:18:00+00:00,jvm_gc_pause_seconds_sum,gauge,0.09860639244258951,terminal-handler-sim,terminal-handler-pod-0,container-main,payments,staging,,
2026-03-28T12:18:00+00:00,process_cpu_usage,gauge,0.19211246349365962,terminal-handler-sim,terminal-handler-pod-0,container-main,payments,staging,,
2026-03-28T12:19:00+00:00,jvm_memory_used_bytes,gauge,300000185,terminal-handler-sim,terminal-handler-pod-0,container-main,payments,staging,,
2026-03-28T12:19:00+00:00,jvm_gc_pause_seconds_sum,gauge,0.10862034483080465,terminal-handler-sim,terminal-handler-pod-0,container-main,payments,staging,,
2026-03-28T12:19:00+00:00,process_cpu_usage,gauge,0.19439768987255515,terminal-handler-sim,terminal-handler-pod-0,container-main,payments,staging,,
2026-03-28T12:20:00+00:00,jvm_memory_used_bytes,gauge,300000819,terminal-handler-sim,terminal-handler-pod-0,container-main,payments,staging,,
2026-03-28T12:20:00+00:00,jvm_gc_pause_seconds_sum,gauge,0.09435401467553953,terminal-handler-sim,terminal-handler-pod-0,container-main,payments,staging,,
2026-03-28T12:20:00+00:00,process_cpu_usage,gauge,0.1979536244186573,terminal-handler-sim,terminal-handler-pod-0,container-main,payments,staging,,
2026-03-28T12:21:00+00:00,jvm_memory_used_bytes,gauge,299999692,terminal-handler-sim,terminal-handler-pod-0,container-main,payments,staging,,
2026-03-28T12:21:00+00:00,jvm_gc_pause_seconds_sum,gauge,0.10989419911009407,terminal-handler-sim,terminal-handler-pod-0,container-main,payments,staging,,
2026-03-28T12:21:00+00:00,process_cpu_usage,gauge,0.20709629215621408,terminal-handler-sim,terminal-handler-pod-0,container-main,payments,staging,,
2026-03-28T12:22:00+00:00,jvm_memory_used_bytes,gauge,299999363,terminal-handler-sim,terminal-handler-pod-0,container-main,payments,staging,,
2026-03-28T12:22:00+00:00,jvm_gc_pause_seconds_sum,gauge,0.10287399848695855,terminal-handler-sim,terminal-handler-pod-0,container-main,payments,staging,,
2026-03-28T12:22:00+00:00,process_cpu_usage,gauge,0.20864378244986317,terminal-handler-sim,terminal-handler-pod-0,container-main,payments,staging,,
2026-03-28T12:23:00+00:00,jvm_memory_used_bytes,gauge,300000313,terminal-handler-sim,terminal-handler-pod-0,container-main,payments,staging,,
2026-03-28T12:23:00+00:00,jvm_gc_pause_seconds_sum,gauge,0.10542474443694119,terminal-handler-sim,terminal-handler-pod-0,container-main,payments,staging,,
2026-03-28T12:23:00+00:00,process_cpu_usage,gauge,0.209277444446759,terminal-handler-sim,terminal-handler-pod-0,container-main,payments,staging,,
2026-03-28T12:24:00+00:00,jvm_memory_used_bytes,gauge,299999150,terminal-handler-sim,terminal-handler-pod-0,container-main,payments,staging,,
2026-03-28T12:24:00+00:00,jvm_gc_pause_seconds_sum,gauge,0.09350853734209298,terminal-handler-sim,terminal-handler-pod-0,container-main,payments,staging,,
2026-03-28T12:24:00+00:00,process_cpu_usage,gauge,0.20350775410271685,terminal-handler-sim,terminal-handler-pod-0,container-main,payments,staging,,
2026-03-28T12:25:00+00:00,jvm_memory_used_bytes,gauge,300000163,terminal-handler-sim,terminal-handler-pod-0,container-main,payments,staging,,
2026-03-28T12:25:00+00:00,jvm_gc_pause_seconds_sum,gauge,0.10520936966485064,terminal-handler-sim,terminal-handler-pod-0,container-main,payments,staging,,
2026-03-28T12:25:00+00:00,process_cpu_usage,gauge,0.20339208869703101,terminal-handler-sim,terminal-handler-pod-0,container-main,payments,staging,,
2026-03-28T12:26:00+00:00,jvm_memory_used_bytes,gauge,300000291,terminal-handler-sim,terminal-handler-pod-0,container-main,payments,staging,,
2026-03-28T12:26:00+00:00,jvm_gc_pause_seconds_sum,gauge,0.09773631071949002,terminal-handler-sim,terminal-handler-pod-0,container-main,payments,staging,,
2026-03-28T12:26:00+00:00,process_cpu_usage,gauge,0.20489776253783096,terminal-handler-sim,terminal-handler-pod-0,container-main,payments,staging,,
2026-03-28T12:27:00+00:00,jvm_memory_used_bytes,gauge,299999421,terminal-handler-sim,terminal-handler-pod-0,container-main,payments,staging,,
2026-03-28T12:27:00+00:00,jvm_gc_pause_seconds_sum,gauge,0.09040558795954935,terminal-handler-sim,terminal-handler-pod-0,container-main,payments,staging,,
2026-03-28T12:27:00+00:00,process_cpu_usage,gauge,0.19491197116383133,terminal-handler-sim,terminal-handler-pod-0,container-main,payments,staging,,
2026-03-28T12:28:00+00:00,jvm_memory_used_bytes,gauge,300000767,terminal-handler-sim,terminal-handler-pod-0,container-main,payments,staging,,
2026-03-28T12:28:00+00:00,jvm_gc_pause_seconds_sum,gauge,0.10880658008027115,terminal-handler-sim,terminal-handler-pod-0,container-main,payments,staging,,
2026-03-28T12:28:00+00:00,process_cpu_usage,gauge,0.19498817226923193,terminal-handler-sim,terminal-handler-pod-0,container-main,payments,staging,,
2026-03-28T12:29:00+00:00,jvm_memory_used_bytes,gauge,300000582,terminal-handler-sim,terminal-handler-pod-0,container-main,payments,staging,,
2026-03-28T12:29:00+00:00,jvm_gc_pause_seconds_sum,gauge,0.10858813516769905,terminal-handler-sim,terminal-handler-pod-0,container-main,payments,staging,,
2026-03-28T12:29:00+00:00,process_cpu_usage,gauge,0.2008127151469841,terminal-handler-sim,terminal-handler-pod-0,container-main,payments,staging,,
2026-03-28T12:30:00+00:00,jvm_memory_used_bytes,gauge,300000645,terminal-handler-sim,terminal-handler-pod-0,container-main,payments,staging,,
2026-03-28T12:30:00+00:00,jvm_gc_pause_seconds_sum,gauge,0.0902825532970928,terminal-handler-sim,terminal-handler-pod-0,container-main,payments,staging,,
2026-03-28T12:30:00+00:00,process_cpu_usage,gauge,0.20675803204777954,terminal-handler-sim,terminal-handler-pod-0,container-main,payments,staging,,
2026-03-28T12:31:00+00:00,jvm_memory_used_bytes,gauge,300000075,terminal-handler-sim,terminal-handler-pod-0,container-main,payments,staging,,
2026-03-28T12:31:00+00:00,jvm_gc_pause_seconds_sum,gauge,0.10782463187413972,terminal-handler-sim,terminal-handler-pod-0,container-main,payments,staging,,
2026-03-28T12:31:00+00:00,process_cpu_usage,gauge,0.19469515190603587,terminal-handler-sim,terminal-handler-pod-0,container-main,payments,staging,,
2026-03-28T12:32:00+00:00,jvm_memory_used_bytes,gauge,300000448,terminal-handler-sim,terminal-handler-pod-0,container-main,payments,staging,,
2026-03-28T12:32:00+00:00,jvm_gc_pause_seconds_sum,gauge,0.10752428877457332,terminal-handler-sim,terminal-handler-pod-0,container-main,payments,staging,,
2026-03-28T12:32:00+00:00,process_cpu_usage,gauge,0.197697707008654,terminal-handler-sim,terminal-handler-pod-0,container-main,payments,staging,,
2026-03-28T12:33:00+00:00,jvm_memory_used_bytes,gauge,299999485,terminal-handler-sim,terminal-handler-pod-0,container-main,payments,staging,,
2026-03-28T12:33:00+00:00,jvm_gc_pause_seconds_sum,gauge,0.09346452202029104,terminal-handler-sim,terminal-handler-pod-0,container-main,payments,staging,,
2026-03-28T12:33:00+00:00,process_cpu_usage,gauge,0.19979608386765146,terminal-handler-sim,terminal-handler-pod-0,container-main,payments,staging,,
2026-03-28T12:34:00+00:00,jvm_memory_used_bytes,gauge,300000491,terminal-handler-sim,terminal-handler-pod-0,container-main,payments,staging,,
2026-03-28T12:34:00+00:00,jvm_gc_pause_seconds_sum,gauge,0.10244251257584308,terminal-handler-sim,terminal-handler-pod-0,container-main,payments,staging,,
2026-03-28T12:34:00+00:00,process_cpu_usage,gauge,0.19565507547416155,terminal-handler-sim,terminal-handler-pod-0,container-main,payments,staging,,
2026-03-28T12:35:00+00:00,jvm_memory_used_bytes,gauge,300000484,terminal-handler-sim,terminal-handler-pod-0,container-main,payments,staging,,
2026-03-28T12:35:00+00:00,jvm_gc_pause_seconds_sum,gauge,0.10781068127173501,terminal-handler-sim,terminal-handler-pod-0,container-main,payments,staging,,
2026-03-28T12:35:00+00:00,process_cpu_usage,gauge,0.19217228755859594,terminal-handler-sim,terminal-handler-pod-0,container-main,payments,staging,,
2026-03-28T12:36:00+00:00,jvm_memory_used_bytes,gauge,300000236,terminal-handler-sim,terminal-handler-pod-0,container-main,payments,staging,,
2026-03-28T12:36:00+00:00,jvm_gc_pause_seconds_sum,gauge,0.09993328866009839,terminal-handler-sim,terminal-handler-pod-0,container-main,payments,staging,,
2026-03-28T12:36:00+00:00,process_cpu_usage,gauge,0.19763087702784307,terminal-handler-sim,terminal-handler-pod-0,container-main,payments,staging,,
2026-03-28T12:37:00+00:00,jvm_memory_used_bytes,gauge,300000315,terminal-handler-sim,terminal-handler-pod-0,container-main,payments,staging,,
2026-03-28T12:37:00+00:00,jvm_gc_pause_seconds_sum,gauge,0.0902973915410429,terminal-handler-sim,terminal-handler-pod-0,container-main,payments,staging,,
2026-03-28T12:37:00+00:00,process_cpu_usage,gauge,0.20564089410995068,terminal-handler-sim,terminal-handler-pod-0,container-main,payments,staging,,
2026-03-28T12:38:00+00:00,jvm_memory_used_bytes,gauge,299999013,terminal-handler-sim,terminal-handler-pod-0,container-main,payments,staging,,
2026-03-28T12:38:00+00:00,jvm_gc_pause_seconds_sum,gauge,0.10860236523352404,terminal-handler-sim,terminal-handler-pod-0,container-main,payments,staging,,
2026-03-28T12:38:00+00:00,process_cpu_usage,gauge,0.20598137200654912,terminal-handler-sim,terminal-handler-pod-0,container-main,payments,staging,,
2026-03-28T12:39:00+00:00,jvm_memory_used_bytes,gauge,299999698,terminal-handler-sim,terminal-handler-pod-0,container-main,payments,staging,,
2026-03-28T12:39:00+00:00,jvm_gc_pause_seconds_sum,gauge,0.09309406965603637,terminal-handler-sim,terminal-handler-pod-0,container-main,payments,staging,,
2026-03-28T12:39:00+00:00,process_cpu_usage,gauge,0.20776137649714388,terminal-handler-sim,terminal-handler-pod-0,container-main,payments,staging,,
2026-03-28T12:40:00+00:00,jvm_memory_used_bytes,gauge,299999544,terminal-handler-sim,terminal-handler-pod-0,container-main,payments,staging,,
2026-03-28T12:40:00+00:00,jvm_gc_pause_seconds_sum,gauge,0.10159562754559237,terminal-handler-sim,terminal-handler-pod-0,container-main,payments,staging,,
2026-03-28T12:40:00+00:00,process_cpu_usage,gauge,0.19873076396193845,terminal-handler-sim,terminal-handler-pod-0,container-main,payments,staging,,
2026-03-28T12:41:00+00:00,jvm_memory_used_bytes,gauge,300000768,terminal-handler-sim,terminal-handler-pod-0,container-main,payments,staging,,
2026-03-28T12:41:00+00:00,jvm_gc_pause_seconds_sum,gauge,0.09658838538141476,terminal-handler-sim,terminal-handler-pod-0,container-main,payments,staging,,
2026-03-28T12:41:00+00:00,process_cpu_usage,gauge,0.2026219072632654,terminal-handler-sim,terminal-handler-pod-0,container-main,payments,staging,,
2026-03-28T12:42:00+00:00,jvm_memory_used_bytes,gauge,299999148,terminal-handler-sim,terminal-handler-pod-0,container-main,payments,staging,,
2026-03-28T12:42:00+00:00,jvm_gc_pause_seconds_sum,gauge,0.09139803718727371,terminal-handler-sim,terminal-handler-pod-0,container-main,payments,staging,,
2026-03-28T12:42:00+00:00,process_cpu_usage,gauge,0.2070956583466745,terminal-handler-sim,terminal-handler-pod-0,container-main,payments,staging,,
2026-03-28T12:43:00+00:00,jvm_memory_used_bytes,gauge,299999650,terminal-handler-sim,terminal-handler-pod-0,container-main,payments,staging,,
2026-03-28T12:43:00+00:00,jvm_gc_pause_seconds_sum,gauge,0.0966909204402864,terminal-handler-sim,terminal-handler-pod-0,container-main,payments,staging,,
2026-03-28T12:43:00+00:00,process_cpu_usage,gauge,0.20314948891918858,terminal-handler-sim,terminal-handler-pod-0,container-main,payments,staging,,
2026-03-28T12:44:00+00:00,jvm_memory_used_bytes,gauge,300000036,terminal-handler-sim,terminal-handler-pod-0,container-main,payments,staging,,
2026-03-28T12:44:00+00:00,jvm_gc_pause_seconds_sum,gauge,0.09643721001659998,terminal-handler-sim,terminal-handler-pod-0,container-main,payments,staging,,
2026-03-28T12:44:00+00:00,process_cpu_usage,gauge,0.20704318567577115,terminal-handler-sim,terminal-handler-pod-0,container-main,payments,staging,,
2026-03-28T12:45:00+00:00,jvm_memory_used_bytes,gauge,300000380,terminal-handler-sim,terminal-handler-pod-0,container-main,payments,staging,,
2026-03-28T12:45:00+00:00,jvm_gc_pause_seconds_sum,gauge,0.10993873683560333,terminal-handler-sim,terminal-handler-pod-0,container-main,payments,staging,,
2026-03-28T12:45:00+00:00,process_cpu_usage,gauge,0.20426946121052109,terminal-handler-sim,terminal-handler-pod-0,container-main,payments,staging,,
2026-03-28T12:46:00+00:00,jvm_memory_used_bytes,gauge,300000159,terminal-handler-sim,terminal-handler-pod-0,container-main,payments,staging,,
2026-03-28T12:46:00+00:00,jvm_gc_pause_seconds_sum,gauge,0.10260609983622246,terminal-handler-sim,terminal-handler-pod-0,container-main,payments,staging,,
2026-03-28T12:46:00+00:00,process_cpu_usage,gauge,0.19168979681966028,terminal-handler-sim,terminal-handler-pod-0,container-main,payments,staging,,
2026-03-28T12:47:00+00:00,jvm_memory_used_bytes,gauge,299999821,terminal-handler-sim,terminal-handler-pod-0,container-main,payments,staging,,
2026-03-28T12:47:00+00:00,jvm_gc_pause_seconds_sum,gauge,0.10802148604441518,terminal-handler-sim,terminal-handler-pod-0,container-main,payments,staging,,
2026-03-28T12:47:00+00:00,process_cpu_usage,gauge,0.20453479771774047,terminal-handler-sim,terminal-handler-pod-0,container-main,payments,staging,,
2026-03-28T12:48:00+00:00,jvm_memory_used_bytes,gauge,299999981,terminal-handler-sim,terminal-handler-pod-0,container-main,payments,staging,,
2026-03-28T12:48:00+00:00,jvm_gc_pause_seconds_sum,gauge,0.10382525932908884,terminal-handler-sim,terminal-handler-pod-0,container-main,payments,staging,,
2026-03-28T12:48:00+00:00,process_cpu_usage,gauge,0.20823646294713033,terminal-handler-sim,terminal-handler-pod-0,container-main,payments,staging,,
2026-03-28T12:49:00+00:00,jvm_memory_used_bytes,gauge,299999126,terminal-handler-sim,terminal-handler-pod-0,container-main,payments,staging,,
2026-03-28T12:49:00+00:00,jvm_gc_pause_seconds_sum,gauge,0.09507338055513527,terminal-handler-sim,terminal-handler-pod-0,container-main,payments,staging,,
2026-03-28T12:49:00+00:00,process_cpu_usage,gauge,0.19310546862817807,terminal-handler-sim,terminal-handler-pod-0,container-main,payments,staging,,
2026-03-28T12:50:00+00:00,jvm_memory_used_bytes,gauge,299999839,terminal-handler-sim,terminal-handler-pod-0,container-main,payments,staging,,
2026-03-28T12:50:00+00:00,jvm_gc_pause_seconds_sum,gauge,0.1042678695065982,terminal-handler-sim,terminal-handler-pod-0,container-main,payments,staging,,
2026-03-28T12:50:00+00:00,process_cpu_usage,gauge,0.19615899026061667,terminal-handler-sim,terminal-handler-pod-0,container-main,payments,staging,,
2026-03-28T12:51:00+00:00,jvm_memory_used_bytes,gauge,300000128,terminal-handler-sim,terminal-handler-pod-0,container-main,payments,staging,,
2026-03-28T12:51:00+00:00,jvm_gc_pause_seconds_sum,gauge,0.1073156889165918,terminal-handler-sim,terminal-handler-pod-0,container-main,payments,staging,,
2026-03-28T12:51:00+00:00,process_cpu_usage,gauge,0.19792793729083333,terminal-handler-sim,terminal-handler-pod-0,container-main,payments,staging,,
2026-03-28T12:52:00+00:00,jvm_memory_used_bytes,gauge,300000165,terminal-handler-sim,terminal-handler-pod-0,container-main,payments,staging,,
2026-03-28T12:52:00+00:00,jvm_gc_pause_seconds_sum,gauge,0.10711777711196818,terminal-handler-sim,terminal-handler-pod-0,container-main,payments,staging,,
2026-03-28T12:52:00+00:00,process_cpu_usage,gauge,0.20942335872008322,terminal-handler-sim,terminal-handler-pod-0,container-main,payments,staging,,
2026-03-28T12:53:00+00:00,jvm_memory_used_bytes,gauge,300000385,terminal-handler-sim,terminal-handler-pod-0,container-main,payments,staging,,
2026-03-28T12:53:00+00:00,jvm_gc_pause_seconds_sum,gauge,0.10735385971464188,terminal-handler-sim,terminal-handler-pod-0,container-main,payments,staging,,
2026-03-28T12:53:00+00:00,process_cpu_usage,gauge,0.19479048878320768,terminal-handler-sim,terminal-handler-pod-0,container-main,payments,staging,,
2026-03-28T12:54:00+00:00,jvm_memory_used_bytes,gauge,300000440,terminal-handler-sim,terminal-handler-pod-0,container-main,payments,staging,,
2026-03-28T12:54:00+00:00,jvm_gc_pause_seconds_sum,gauge,0.09001542093411558,terminal-handler-sim,terminal-handler-pod-0,container-main,payments,staging,,
2026-03-28T12:54:00+00:00,process_cpu_usage,gauge,0.20133539279981094,terminal-handler-sim,terminal-handler-pod-0,container-main,payments,staging,,
2026-03-28T12:55:00+00:00,jvm_memory_used_bytes,gauge,300000299,terminal-handler-sim,terminal-handler-pod-0,container-main,payments,staging,,
2026-03-28T12:55:00+00:00,jvm_gc_pause_seconds_sum,gauge,0.09420292931195588,terminal-handler-sim,terminal-handler-pod-0,container-main,payments,staging,,
2026-03-28T12:55:00+00:00,process_cpu_usage,gauge,0.19649341334738935,terminal-handler-sim,terminal-handler-pod-0,container-main,payments,staging,,
2026-03-28T12:56:00+00:00,jvm_memory_used_bytes,gauge,300000018,terminal-handler-sim,terminal-handler-pod-0,container-main,payments,staging,,
2026-03-28T12:56:00+00:00,jvm_gc_pause_seconds_sum,gauge,0.09472655629258357,terminal-handler-sim,terminal-handler-pod-0,container-main,payments,staging,,
2026-03-28T12:56:00+00:00,process_cpu_usage,gauge,0.20820534008581434,terminal-handler-sim,terminal-handler-pod-0,container-main,payments,staging,,
2026-03-28T12:57:00+00:00,jvm_memory_used_bytes,gauge,300000071,terminal-handler-sim,terminal-handler-pod-0,container-main,payments,staging,,
2026-03-28T12:57:00+00:00,jvm_gc_pause_seconds_sum,gauge,0.10601388694220319,terminal-handler-sim,terminal-handler-pod-0,container-main,payments,staging,,
2026-03-28T12:57:00+00:00,process_cpu_usage,gauge,0.20122735830428115,terminal-handler-sim,terminal-handler-pod-0,container-main,payments,staging,,
2026-03-28T12:58:00+00:00,jvm_memory_used_bytes,gauge,299999715,terminal-handler-sim,terminal-handler-pod-0,container-main,payments,staging,,
2026-03-28T12:58:00+00:00,jvm_gc_pause_seconds_sum,gauge,0.0910612398386924,terminal-handler-sim,terminal-handler-pod-0,container-main,payments,staging,,
2026-03-28T12:58:00+00:00,process_cpu_usage,gauge,0.20282076422510262,terminal-handler-sim,terminal-handler-pod-0,container-main,payments,staging,,
2026-03-28T12:59:00+00:00,jvm_memory_used_bytes,gauge,299999139,terminal-handler-sim,terminal-handler-pod-0,container-main,payments,staging,,
2026-03-28T12:59:00+00:00,jvm_gc_pause_seconds_sum,gauge,0.09174929617720183,terminal-handler-sim,terminal-handler-pod-0,container-main,payments,staging,,
2026-03-28T12:59:00+00:00,process_cpu_usage,gauge,0.20784142449160342,terminal-handler-sim,terminal-handler-pod-0,container-main,payments,staging,,
2026-03-28T13:00:00+00:00,jvm_memory_used_bytes,gauge,300000863,terminal-handler-sim,terminal-handler-pod-0,container-main,payments,staging,,
2026-03-28T13:00:00+00:00,jvm_gc_pause_seconds_sum,gauge,0.10314729826695657,terminal-handler-sim,terminal-handler-pod-0,container-main,payments,staging,,
2026-03-28T13:00:00+00:00,process_cpu_usage,gauge,0.2056546682053169,terminal-handler-sim,terminal-handler-pod-0,container-main,payments,staging,,
2026-03-28T13:01:00+00:00,jvm_memory_used_bytes,gauge,300000473,terminal-handler-sim,terminal-handler-pod-0,container-main,payments,staging,,
2026-03-28T13:01:00+00:00,jvm_gc_pause_seconds_sum,gauge,0.100716237754694,terminal-handler-sim,terminal-handler-pod-0,container-main,payments,staging,,
2026-03-28T13:01:00+00:00,process_cpu_usage,gauge,0.19264220079490732,terminal-handler-sim,terminal-handler-pod-0,container-main,payments,staging,,
2026-03-28T13:02:00+00:00,jvm_memory_used_bytes,gauge,300000342,terminal-handler-sim,terminal-handler-pod-0,container-main,payments,staging,,
2026-03-28T13:02:00+00:00,jvm_gc_pause_seconds_sum,gauge,0.10461794390562315,terminal-handler-sim,terminal-handler-pod-0,container-main,payments,staging,,
2026-03-28T13:02:00+00:00,process_cpu_usage,gauge,0.20753389277432652,terminal-handler-sim,terminal-handler-pod-0,container-main,payments,staging,,
2026-03-28T13:03:00+00:00,jvm_memory_used_bytes,gauge,300000064,terminal-handler-sim,terminal-handler-pod-0,container-main,payments,staging,,
2026-03-28T13:03:00+00:00,jvm_gc_pause_seconds_sum,gauge,0.09858845730605587,terminal-handler-sim,terminal-handler-pod-0,container-main,payments,staging,,
2026-03-28T13:03:00+00:00,process_cpu_usage,gauge,0.1993781002174174,terminal-handler-sim,terminal-handler-pod-0,container-main,payments,staging,,
2026-03-28T13:04:00+00:00,jvm_memory_used_bytes,gauge,300000917,terminal-handler-sim,terminal-handler-pod-0,container-main,payments,staging,,
2026-03-28T13:04:00+00:00,jvm_gc_pause_seconds_sum,gauge,0.10923695116037666,terminal-handler-sim,terminal-handler-pod-0,container-main,payments,staging,,
2026-03-28T13:04:00+00:00,process_cpu_usage,gauge,0.20625393303325365,terminal-handler-sim,terminal-handler-pod-0,container-main,payments,staging,,
2026-03-28T13:05:00+00:00,jvm_memory_used_bytes,gauge,300000850,terminal-handler-sim,terminal-handler-pod-0,container-main,payments,staging,,
2026-03-28T13:05:00+00:00,jvm_gc_pause_seconds_sum,gauge,0.0954574797262926,terminal-handler-sim,terminal-handler-pod-0,container-main,payments,staging,,
2026-03-28T13:05:00+00:00,process_cpu_usage,gauge,0.20802701770156476,terminal-handler-sim,terminal-handler-pod-0,container-main,payments,staging,,
2026-03-28T13:06:00+00:00,jvm_memory_used_bytes,gauge,300000304,terminal-handler-sim,terminal-handler-pod-0,container-main,payments,staging,,
2026-03-28T13:06:00+00:00,jvm_gc_pause_seconds_sum,gauge,0.10660184326017594,terminal-handler-sim,terminal-handler-pod-0,container-main,payments,staging,,
2026-03-28T13:06:00+00:00,process_cpu_usage,gauge,0.19006696429448316,terminal-handler-sim,terminal-handler-pod-0,container-main,payments,staging,,
2026-03-28T13:07:00+00:00,jvm_memory_used_bytes,gauge,299999207,terminal-handler-sim,terminal-handler-pod-0,container-main,payments,staging,,
2026-03-28T13:07:00+00:00,jvm_gc_pause_seconds_sum,gauge,0.10433302431326869,terminal-handler-sim,terminal-handler-pod-0,container-main,payments,staging,,
2026-03-28T13:07:00+00:00,process_cpu_usage,gauge,0.20300383126059995,terminal-handler-sim,terminal-handler-pod-0,container-main,payments,staging,,
2026-03-28T13:08:00+00:00,jvm_memory_used_bytes,gauge,300000737,terminal-handler-sim,terminal-handler-pod-0,container-main,payments,staging,,
2026-03-28T13:08:00+00:00,jvm_gc_pause_seconds_sum,gauge,0.10137681146177338,terminal-handler-sim,terminal-handler-pod-0,container-main,payments,staging,,
2026-03-28T13:08:00+00:00,process_cpu_usage,gauge,0.1986969039101909,terminal-handler-sim,terminal-handler-pod-0,container-main,payments,staging,,
2026-03-28T13:09:00+00:00,jvm_memory_used_bytes,gauge,300000223,terminal-handler-sim,terminal-handler-pod-0,container-main,payments,staging,,
2026-03-28T13:09:00+00:00,jvm_gc_pause_seconds_sum,gauge,0.09701726735212611,terminal-handler-sim,terminal-handler-pod-0,container-main,payments,staging,,
2026-03-28T13:09:00+00:00,process_cpu_usage,gauge,0.20873238215585713,terminal-handler-sim,terminal-handler-pod-0,container-main,payments,staging,,
2026-03-28T13:10:00+00:00,jvm_memory_used_bytes,gauge,300000182,terminal-handler-sim,terminal-handler-pod-0,container-main,payments,staging,,
2026-03-28T13:10:00+00:00,jvm_gc_pause_seconds_sum,gauge,0.10218746531129615,terminal-handler-sim,terminal-handler-pod-0,container-main,payments,staging,,
2026-03-28T13:10:00+00:00,process_cpu_usage,gauge,0.208515737538114,terminal-handler-sim,terminal-handler-pod-0,container-main,payments,staging,,
2026-03-28T13:11:00+00:00,jvm_memory_used_bytes,gauge,299999235,terminal-handler-sim,terminal-handler-pod-0,container-main,payments,staging,,
2026-03-28T13:11:00+00:00,jvm_gc_pause_seconds_sum,gauge,0.10373243984600286,terminal-handler-sim,terminal-handler-pod-0,container-main,payments,staging,,
2026-03-28T13:11:00+00:00,process_cpu_usage,gauge,0.20937138127574806,terminal-handler-sim,terminal-handler-pod-0,container-main,payments,staging,,
2026-03-28T13:12:00+00:00,jvm_memory_used_bytes,gauge,299999991,terminal-handler-sim,terminal-handler-pod-0,container-main,payments,staging,,
2026-03-28T13:12:00+00:00,jvm_gc_pause_seconds_sum,gauge,0.10055710549441252,terminal-handler-sim,terminal-handler-pod-0,container-main,payments,staging,,
2026-03-28T13:12:00+00:00,process_cpu_usage,gauge,0.19118132046233458,terminal-handler-sim,terminal-handler-pod-0,container-main,payments,staging,,
2026-03-28T13:13:00+00:00,jvm_memory_used_bytes,gauge,300000892,terminal-handler-sim,terminal-handler-pod-0,container-main,payments,staging,,
2026-03-28T13:13:00+00:00,jvm_gc_pause_seconds_sum,gauge,0.10027300461682921,terminal-handler-sim,terminal-handler-pod-0,container-main,payments,staging,,
2026-03-28T13:13:00+00:00,process_cpu_usage,gauge,0.2080438671421754,terminal-handler-sim,terminal-handler-pod-0,container-main,payments,staging,,
2026-03-28T13:14:00+00:00,jvm_memory_used_bytes,gauge,299999115,terminal-handler-sim,terminal-handler-pod-0,container-main,payments,staging,,
2026-03-28T13:14:00+00:00,jvm_gc_pause_seconds_sum,gauge,0.09605663008756846,terminal-handler-sim,terminal-handler-pod-0,container-main,payments,staging,,
2026-03-28T13:14:00+00:00,process_cpu_usage,gauge,0.19190694234249103,terminal-handler-sim,terminal-handler-pod-0,container-main,payments,staging,,
2026-03-28T13:15:00+00:00,jvm_memory_used_bytes,gauge,300000679,terminal-handler-sim,terminal-handler-pod-0,container-main,payments,staging,,
2026-03-28T13:15:00+00:00,jvm_gc_pause_seconds_sum,gauge,0.10418260549312858,terminal-handler-sim,terminal-handler-pod-0,container-main,payments,staging,,
2026-03-28T13:15:00+00:00,process_cpu_usage,gauge,0.20094512438336312,terminal-handler-sim,terminal-handler-pod-0,container-main,payments,staging,,
2026-03-28T13:16:00+00:00,jvm_memory_used_bytes,gauge,299999437,terminal-handler-sim,terminal-handler-pod-0,container-main,payments,staging,,
2026-03-28T13:16:00+00:00,jvm_gc_pause_seconds_sum,gauge,0.1051097593637747,terminal-handler-sim,terminal-handler-pod-0,container-main,payments,staging,,
2026-03-28T13:16:00+00:00,process_cpu_usage,gauge,0.19405588830761494,terminal-handler-sim,terminal-handler-pod-0,container-main,payments,staging,,
2026-03-28T13:17:00+00:00,jvm_memory_used_bytes,gauge,299999166,terminal-handler-sim,terminal-handler-pod-0,container-main,payments,staging,,
2026-03-28T13:17:00+00:00,jvm_gc_pause_seconds_sum,gauge,0.10787518223575053,terminal-handler-sim,terminal-handler-pod-0,container-main,payments,staging,,
2026-03-28T13:17:00+00:00,process_cpu_usage,gauge,0.20690087995969011,terminal-handler-sim,terminal-handler-pod-0,container-main,payments,staging,,
2026-03-28T13:18:00+00:00,jvm_memory_used_bytes,gauge,300000000,terminal-handler-sim,terminal-handler-pod-0,container-main,payments,staging,,
2026-03-28T13:18:00+00:00,jvm_gc_pause_seconds_sum,gauge,0.09918273835069782,terminal-handler-sim,terminal-handler-pod-0,container-main,payments,staging,,
2026-03-28T13:18:00+00:00,process_cpu_usage,gauge,0.19832527143769127,terminal-handler-sim,terminal-handler-pod-0,container-main,payments,staging,,
2026-03-28T13:19:00+00:00,jvm_memory_used_bytes,gauge,299999855,terminal-handler-sim,terminal-handler-pod-0,container-main,payments,staging,,
2026-03-28T13:19:00+00:00,jvm_gc_pause_seconds_sum,gauge,0.09020038277619628,terminal-handler-sim,terminal-handler-pod-0,container-main,payments,staging,,
2026-03-28T13:19:00+00:00,process_cpu_usage,gauge,0.19315825939134562,terminal-handler-sim,terminal-handler-pod-0,container-main,payments,staging,,
2026-03-28T13:20:00+00:00,jvm_memory_used_bytes,gauge,299999707,terminal-handler-sim,terminal-handler-pod-0,container-main,payments,staging,,
2026-03-28T13:20:00+00:00,jvm_gc_pause_seconds_sum,gauge,0.09882315000096169,terminal-handler-sim,terminal-handler-pod-0,container-main,payments,staging,,
2026-03-28T13:20:00+00:00,process_cpu_usage,gauge,0.19484805781988287,terminal-handler-sim,terminal-handler-pod-0,container-main,payments,staging,,
2026-03-28T13:21:00+00:00,jvm_memory_used_bytes,gauge,299999914,terminal-handler-sim,terminal-handler-pod-0,container-main,payments,staging,,
2026-03-28T13:21:00+00:00,jvm_gc_pause_seconds_sum,gauge,0.09612199803828154,terminal-handler-sim,terminal-handler-pod-0,container-main,payments,staging,,
2026-03-28T13:21:00+00:00,process_cpu_usage,gauge,0.20870194725722957,terminal-handler-sim,terminal-handler-pod-0,container-main,payments,staging,,
2026-03-28T13:22:00+00:00,jvm_memory_used_bytes,gauge,299999144,terminal-handler-sim,terminal-handler-pod-0,container-main,payments,staging,,
2026-03-28T13:22:00+00:00,jvm_gc_pause_seconds_sum,gauge,0.10483975335834064,terminal-handler-sim,terminal-handler-pod-0,container-main,payments,staging,,
2026-03-28T13:22:00+00:00,process_cpu_usage,gauge,0.19209517349141975,terminal-handler-sim,terminal-handler-pod-0,container-main,payments,staging,,
2026-03-28T13:23:00+00:00,jvm_memory_used_bytes,gauge,299999395,terminal-handler-sim,terminal-handler-pod-0,container-main,payments,staging,,
2026-03-28T13:23:00+00:00,jvm_gc_pause_seconds_sum,gauge,0.09898530664138326,terminal-handler-sim,terminal-handler-pod-0,container-main,payments,staging,,
2026-03-28T13:23:00+00:00,process_cpu_usage,gauge,0.19600876723199015,terminal-handler-sim,terminal-handler-pod-0,container-main,payments,staging,,
2026-03-28T13:24:00+00:00,jvm_memory_used_bytes,gauge,299999582,terminal-handler-sim,terminal-handler-pod-0,container-main,payments,staging,,
2026-03-28T13:24:00+00:00,jvm_gc_pause_seconds_sum,gauge,0.09853107770833494,terminal-handler-sim,terminal-handler-pod-0,container-main,payments,staging,,
2026-03-28T13:24:00+00:00,process_cpu_usage,gauge,0.20831459944715564,terminal-handler-sim,terminal-handler-pod-0,container-main,payments,staging,,
2026-03-28T13:25:00+00:00,jvm_memory_used_bytes,gauge,300000482,terminal-handler-sim,terminal-handler-pod-0,container-main,payments,staging,,
2026-03-28T13:25:00+00:00,jvm_gc_pause_seconds_sum,gauge,0.0909139616745781,terminal-handler-sim,terminal-handler-pod-0,container-main,payments,staging,,
2026-03-28T13:25:00+00:00,process_cpu_usage,gauge,0.19416112458759027,terminal-handler-sim,terminal-handler-pod-0,container-main,payments,staging,,
2026-03-28T13:26:00+00:00,jvm_memory_used_bytes,gauge,299999228,terminal-handler-sim,terminal-handler-pod-0,container-main,payments,staging,,
2026-03-28T13:26:00+00:00,jvm_gc_pause_seconds_sum,gauge,0.10490854955706985,terminal-handler-sim,terminal-handler-pod-0,container-main,payments,staging,,
2026-03-28T13:26:00+00:00,process_cpu_usage,gauge,0.2017903300768288,terminal-handler-sim,terminal-handler-pod-0,container-main,payments,staging,,
2026-03-28T13:27:00+00:00,jvm_memory_used_bytes,gauge,300000776,terminal-handler-sim,terminal-handler-pod-0,container-main,payments,staging,,
2026-03-28T13:27:00+00:00,jvm_gc_pause_seconds_sum,gauge,0.10976700002607084,terminal-handler-sim,terminal-handler-pod-0,container-main,payments,staging,,
2026-03-28T13:27:00+00:00,process_cpu_usage,gauge,0.19899810858879619,terminal-handler-sim,terminal-handler-pod-0,container-main,payments,staging,,
2026-03-28T13:28:00+00:00,jvm_memory_used_bytes,gauge,299999722,terminal-handler-sim,terminal-handler-pod-0,container-main,payments,staging,,
2026-03-28T13:28:00+00:00,jvm_gc_pause_seconds_sum,gauge,0.10967300799659079,terminal-handler-sim,terminal-handler-pod-0,container-main,payments,staging,,
2026-03-28T13:28:00+00:00,process_cpu_usage,gauge,0.20624379037542023,terminal-handler-sim,terminal-handler-pod-0,container-main,payments,staging,,
2026-03-28T13:29:00+00:00,jvm_memory_used_bytes,gauge,299999214,terminal-handler-sim,terminal-handler-pod-0,container-main,payments,staging,,
2026-03-28T13:29:00+00:00,jvm_gc_pause_seconds_sum,gauge,0.09391373748511439,terminal-handler-sim,terminal-handler-pod-0,container-main,payments,staging,,
2026-03-28T13:29:00+00:00,process_cpu_usage,gauge,0.20193178736600373,terminal-handler-sim,terminal-handler-pod-0,container-main,payments,staging,,
2026-03-28T13:30:00+00:00,jvm_memory_used_bytes,gauge,299999306,terminal-handler-sim,terminal-handler-pod-0,container-main,payments,staging,,
2026-03-28T13:30:00+00:00,jvm_gc_pause_seconds_sum,gauge,0.09425777003517123,terminal-handler-sim,terminal-handler-pod-0,container-main,payments,staging,,
2026-03-28T13:30:00+00:00,process_cpu_usage,gauge,0.20518601912093204,terminal-handler-sim,terminal-handler-pod-0,container-main,payments,staging,,
2026-03-28T13:31:00+00:00,jvm_memory_used_bytes,gauge,300000901,terminal-handler-sim,terminal-handler-pod-0,container-main,payments,staging,,
2026-03-28T13:31:00+00:00,jvm_gc_pause_seconds_sum,gauge,0.0951378660749873,terminal-handler-sim,terminal-handler-pod-0,container-main,payments,staging,,
2026-03-28T13:31:00+00:00,process_cpu_usage,gauge,0.1996901161241933,terminal-handler-sim,terminal-handler-pod-0,container-main,payments,staging,,
2026-03-28T13:32:00+00:00,jvm_memory_used_bytes,gauge,299999119,terminal-handler-sim,terminal-handler-pod-0,container-main,payments,staging,,
2026-03-28T13:32:00+00:00,jvm_gc_pause_seconds_sum,gauge,0.10924341833746493,terminal-handler-sim,terminal-handler-pod-0,container-main,payments,staging,,
2026-03-28T13:32:00+00:00,process_cpu_usage,gauge,0.2045932655644919,terminal-handler-sim,terminal-handler-pod-0,container-main,payments,staging,,
2026-03-28T13:33:00+00:00,jvm_memory_used_bytes,gauge,300000650,terminal-handler-sim,terminal-handler-pod-0,container-main,payments,staging,,
2026-03-28T13:33:00+00:00,jvm_gc_pause_seconds_sum,gauge,0.10661798815697143,terminal-handler-sim,terminal-handler-pod-0,container-main,payments,staging,,
2026-03-28T13:33:00+00:00,process_cpu_usage,gauge,0.2064138364479094,terminal-handler-sim,terminal-handler-pod-0,container-main,payments,staging,,
2026-03-28T13:34:00+00:00,jvm_memory_used_bytes,gauge,300000933,terminal-handler-sim,terminal-handler-pod-0,container-main,payments,staging,,
2026-03-28T13:34:00+00:00,jvm_gc_pause_seconds_sum,gauge,0.10134555914353065,terminal-handler-sim,terminal-handler-pod-0,container-main,payments,staging,,
2026-03-28T13:34:00+00:00,process_cpu_usage,gauge,0.20658951443441675,terminal-handler-sim,terminal-handler-pod-0,container-main,payments,staging,,
2026-03-28T13:35:00+00:00,jvm_memory_used_bytes,gauge,299999080,terminal-handler-sim,terminal-handler-pod-0,container-main,payments,staging,,
2026-03-28T13:35:00+00:00,jvm_gc_pause_seconds_sum,gauge,0.09199928861761192,terminal-handler-sim,terminal-handler-pod-0,container-main,payments,staging,,
2026-03-28T13:35:00+00:00,process_cpu_usage,gauge,0.19253551317967096,terminal-handler-sim,terminal-handler-pod-0,container-main,payments,staging,,
2026-03-28T13:36:00+00:00,jvm_memory_used_bytes,gauge,300000234,terminal-handler-sim,terminal-handler-pod-0,container-main,payments,staging,,
2026-03-28T13:36:00+00:00,jvm_gc_pause_seconds_sum,gauge,0.1043232054702468,terminal-handler-sim,terminal-handler-pod-0,container-main,payments,staging,,
2026-03-28T13:36:00+00:00,process_cpu_usage,gauge,0.2005032404461811,terminal-handler-sim,terminal-handler-pod-0,container-main,payments,staging,,
2026-03-28T13:37:00+00:00,jvm_memory_used_bytes,gauge,300000156,terminal-handler-sim,terminal-handler-pod-0,container-main,payments,staging,,
2026-03-28T13:37:00+00:00,jvm_gc_pause_seconds_sum,gauge,0.095469015300056,terminal-handler-sim,terminal-handler-pod-0,container-main,payments,staging,,
2026-03-28T13:37:00+00:00,process_cpu_usage,gauge,0.20261968849862316,terminal-handler-sim,terminal-handler-pod-0,container-main,payments,staging,,
2026-03-28T13:38:00+00:00,jvm_memory_used_bytes,gauge,299999287,terminal-handler-sim,terminal-handler-pod-0,container-main,payments,staging,,
2026-03-28T13:38:00+00:00,jvm_gc_pause_seconds_sum,gauge,0.10693493651363933,terminal-handler-sim,terminal-handler-pod-0,container-main,payments,staging,,
2026-03-28T13:38:00+00:00,process_cpu_usage,gauge,0.2050799908006456,terminal-handler-sim,terminal-handler-pod-0,container-main,payments,staging,,
2026-03-28T13:39:00+00:00,jvm_memory_used_bytes,gauge,299999757,terminal-handler-sim,terminal-handler-pod-0,container-main,payments,staging,,
2026-03-28T13:39:00+00:00,jvm_gc_pause_seconds_sum,gauge,0.09915778227660874,terminal-handler-sim,terminal-handler-pod-0,container-main,payments,staging,,
2026-03-28T13:39:00+00:00,process_cpu_usage,gauge,0.20856589166972236,terminal-handler-sim,terminal-handler-pod-0,container-main,payments,staging,,
2026-03-28T13:40:00+00:00,jvm_memory_used_bytes,gauge,299999272,terminal-handler-sim,terminal-handler-pod-0,container-main,payments,staging,,
2026-03-28T13:40:00+00:00,jvm_gc_pause_seconds_sum,gauge,0.09006342807030139,terminal-handler-sim,terminal-handler-pod-0,container-main,payments,staging,,
2026-03-28T13:40:00+00:00,process_cpu_usage,gauge,0.20793141637262316,terminal-handler-sim,terminal-handler-pod-0,container-main,payments,staging,,
2026-03-28T13:41:00+00:00,jvm_memory_used_bytes,gauge,300000299,terminal-handler-sim,terminal-handler-pod-0,container-main,payments,staging,,
2026-03-28T13:41:00+00:00,jvm_gc_pause_seconds_sum,gauge,0.107675054289448,terminal-handler-sim,terminal-handler-pod-0,container-main,payments,staging,,
2026-03-28T13:41:00+00:00,process_cpu_usage,gauge,0.201377815348563,terminal-handler-sim,terminal-handler-pod-0,container-main,payments,staging,,
2026-03-28T13:42:00+00:00,jvm_memory_used_bytes,gauge,300000708,terminal-handler-sim,terminal-handler-pod-0,container-main,payments,staging,,
2026-03-28T13:42:00+00:00,jvm_gc_pause_seconds_sum,gauge,0.10193526141679972,terminal-handler-sim,terminal-handler-pod-0,container-main,payments,staging,,
2026-03-28T13:42:00+00:00,process_cpu_usage,gauge,0.19974060465339039,terminal-handler-sim,terminal-handler-pod-0,container-main,payments,staging,,
2026-03-28T13:43:00+00:00,jvm_memory_used_bytes,gauge,300000446,terminal-handler-sim,terminal-handler-pod-0,container-main,payments,staging,,
2026-03-28T13:43:00+00:00,jvm_gc_pause_seconds_sum,gauge,0.09738082917384082,terminal-handler-sim,terminal-handler-pod-0,container-main,payments,staging,,
2026-03-28T13:43:00+00:00,process_cpu_usage,gauge,0.20519613644893261,terminal-handler-sim,terminal-handler-pod-0,container-main,payments,staging,,
2026-03-28T13:44:00+00:00,jvm_memory_used_bytes,gauge,300000201,terminal-handler-sim,terminal-handler-pod-0,container-main,payments,staging,,
2026-03-28T13:44:00+00:00,jvm_gc_pause_seconds_sum,gauge,0.10701748421148491,terminal-handler-sim,terminal-handler-pod-0,container-main,payments,staging,,
2026-03-28T13:44:00+00:00,process_cpu_usage,gauge,0.20909144494606782,terminal-handler-sim,terminal-handler-pod-0,container-main,payments,staging,,
2026-03-28T13:45:00+00:00,jvm_memory_used_bytes,gauge,299999153,terminal-handler-sim,terminal-handler-pod-0,container-main,payments,staging,,
2026-03-28T13:45:00+00:00,jvm_gc_pause_seconds_sum,gauge,0.09321491934717958,terminal-handler-sim,terminal-handler-pod-0,container-main,payments,staging,,
2026-03-28T13:45:00+00:00,process_cpu_usage,gauge,0.19650679827007617,terminal-handler-sim,terminal-handler-pod-0,container-main,payments,staging,,
2026-03-28T13:46:00+00:00,jvm_memory_used_bytes,gauge,300000263,terminal-handler-sim,terminal-handler-pod-0,container-main,payments,staging,,
2026-03-28T13:46:00+00:00,jvm_gc_pause_seconds_sum,gauge,0.09039185912825164,terminal-handler-sim,terminal-handler-pod-0,container-main,payments,staging,,
2026-03-28T13:46:00+00:00,process_cpu_usage,gauge,0.19692750361419525,terminal-handler-sim,terminal-handler-pod-0,container-main,payments,staging,,
2026-03-28T13:47:00+00:00,jvm_memory_used_bytes,gauge,300000092,terminal-handler-sim,terminal-handler-pod-0,container-main,payments,staging,,
2026-03-28T13:47:00+00:00,jvm_gc_pause_seconds_sum,gauge,0.10678962895427624,terminal-handler-sim,terminal-handler-pod-0,container-main,payments,staging,,
2026-03-28T13:47:00+00:00,process_cpu_usage,gauge,0.20733339949479257,terminal-handler-sim,terminal-handler-pod-0,container-main,payments,staging,,
2026-03-28T13:48:00+00:00,jvm_memory_used_bytes,gauge,300000321,terminal-handler-sim,terminal-handler-pod-0,container-main,payments,staging,,
2026-03-28T13:48:00+00:00,jvm_gc_pause_seconds_sum,gauge,0.10172509850817903,terminal-handler-sim,terminal-handler-pod-0,container-main,payments,staging,,
2026-03-28T13:48:00+00:00,process_cpu_usage,gauge,0.2049406373728082,terminal-handler-sim,terminal-handler-pod-0,container-main,payments,staging,,
2026-03-28T13:49:00+00:00,jvm_memory_used_bytes,gauge,300000537,terminal-handler-sim,terminal-handler-pod-0,container-main,payments,staging,,
2026-03-28T13:49:00+00:00,jvm_gc_pause_seconds_sum,gauge,0.10465619349015684,terminal-handler-sim,terminal-handler-pod-0,container-main,payments,staging,,
2026-03-28T13:49:00+00:00,process_cpu_usage,gauge,0.19718674213583307,terminal-handler-sim,terminal-handler-pod-0,container-main,payments,staging,,
2026-03-28T13:50:00+00:00,jvm_memory_used_bytes,gauge,300000831,terminal-handler-sim,terminal-handler-pod-0,container-main,payments,staging,,
2026-03-28T13:50:00+00:00,jvm_gc_pause_seconds_sum,gauge,0.09186764371991347,terminal-handler-sim,terminal-handler-pod-0,container-main,payments,staging,,
2026-03-28T13:50:00+00:00,process_cpu_usage,gauge,0.2058175219278504,terminal-handler-sim,terminal-handler-pod-0,container-main,payments,staging,,
2026-03-28T13:51:00+00:00,jvm_memory_used_bytes,gauge,300000850,terminal-handler-sim,terminal-handler-pod-0,container-main,payments,staging,,
2026-03-28T13:51:00+00:00,jvm_gc_pause_seconds_sum,gauge,0.10799318952504264,terminal-handler-sim,terminal-handler-pod-0,container-main,payments,staging,,
2026-03-28T13:51:00+00:00,process_cpu_usage,gauge,0.20688641323780155,terminal-handler-sim,terminal-handler-pod-0,container-main,payments,staging,,
2026-03-28T13:52:00+00:00,jvm_memory_used_bytes,gauge,299999818,terminal-handler-sim,terminal-handler-pod-0,container-main,payments,staging,,
2026-03-28T13:52:00+00:00,jvm_gc_pause_seconds_sum,gauge,0.10860904675858254,terminal-handler-sim,terminal-handler-pod-0,container-main,payments,staging,,
2026-03-28T13:52:00+00:00,process_cpu_usage,gauge,0.20937838269366985,terminal-handler-sim,terminal-handler-pod-0,container-main,payments,staging,,
2026-03-28T13:53:00+00:00,jvm_memory_used_bytes,gauge,299999156,terminal-handler-sim,terminal-handler-pod-0,container-main,payments,staging,,
2026-03-28T13:53:00+00:00,jvm_gc_pause_seconds_sum,gauge,0.10342417197838977,terminal-handler-sim,terminal-handler-pod-0,container-main,payments,staging,,
2026-03-28T13:53:00+00:00,process_cpu_usage,gauge,0.20371308111833739,terminal-handler-sim,terminal-handler-pod-0,container-main,payments,staging,,
2026-03-28T13:54:00+00:00,jvm_memory_used_bytes,gauge,299999687,terminal-handler-sim,terminal-handler-pod-0,container-main,payments,staging,,
2026-03-28T13:54:00+00:00,jvm_gc_pause_seconds_sum,gauge,0.10798108132283459,terminal-handler-sim,terminal-handler-pod-0,container-main,payments,staging,,
2026-03-28T13:54:00+00:00,process_cpu_usage,gauge,0.20626431168695103,terminal-handler-sim,terminal-handler-pod-0,container-main,payments,staging,,
2026-03-28T13:55:00+00:00,jvm_memory_used_bytes,gauge,300000689,terminal-handler-sim,terminal-handler-pod-0,container-main,payments,staging,,
2026-03-28T13:55:00+00:00,jvm_gc_pause_seconds_sum,gauge,0.09990206780270164,terminal-handler-sim,terminal-handler-pod-0,container-main,payments,staging,,
2026-03-28T13:55:00+00:00,process_cpu_usage,gauge,0.19866317358009303,terminal-handler-sim,terminal-handler-pod-0,container-main,payments,staging,,
2026-03-28T13:56:00+00:00,jvm_memory_used_bytes,gauge,299999753,terminal-handler-sim,terminal-handler-pod-0,container-main,payments,staging,,
2026-03-28T13:56:00+00:00,jvm_gc_pause_seconds_sum,gauge,0.09749487638939708,terminal-handler-sim,terminal-handler-pod-0,container-main,payments,staging,,
2026-03-28T13:56:00+00:00,process_cpu_usage,gauge,0.19673565961088213,terminal-handler-sim,terminal-handler-pod-0,container-main,payments,staging,,
2026-03-28T13:57:00+00:00,jvm_memory_used_bytes,gauge,299999138,terminal-handler-sim,terminal-handler-pod-0,container-main,payments,staging,,
2026-03-28T13:57:00+00:00,jvm_gc_pause_seconds_sum,gauge,0.09021613959568184,terminal-handler-sim,terminal-handler-pod-0,container-main,payments,staging,,
2026-03-28T13:57:00+00:00,process_cpu_usage,gauge,0.1903398739597818,terminal-handler-sim,terminal-handler-pod-0,container-main,payments,staging,,
2026-03-28T13:58:00+00:00,jvm_memory_used_bytes,gauge,299999141,terminal-handler-sim,terminal-handler-pod-0,container-main,payments,staging,,
2026-03-28T13:58:00+00:00,jvm_gc_pause_seconds_sum,gauge,0.10987499078636213,terminal-handler-sim,terminal-handler-pod-0,container-main,payments,staging,,
2026-03-28T13:58:00+00:00,process_cpu_usage,gauge,0.20051721039402065,terminal-handler-sim,terminal-handler-pod-0,container-main,payments,staging,,
2026-03-28T13:59:00+00:00,jvm_memory_used_bytes,gauge,299999008,terminal-handler-sim,terminal-handler-pod-0,container-main,payments,staging,,
2026-03-28T13:59:00+00:00,jvm_gc_pause_seconds_sum,gauge,0.09413451514589073,terminal-handler-sim,terminal-handler-pod-0,container-main,payments,staging,,
2026-03-28T13:59:00+00:00,process_cpu_usage,gauge,0.2071174665758605,terminal-handler-sim,terminal-handler-pod-0,container-main,payments,staging,,
2026-03-28T14:00:00+00:00,jvm_memory_used_bytes,gauge,299999231,terminal-handler-sim,terminal-handler-pod-0,container-main,payments,staging,,
2026-03-28T14:00:00+00:00,jvm_gc_pause_seconds_sum,gauge,0.09059760312817326,terminal-handler-sim,terminal-handler-pod-0,container-main,payments,staging,,
2026-03-28T14:00:00+00:00,process_cpu_usage,gauge,0.19739763987274808,terminal-handler-sim,terminal-handler-pod-0,container-main,payments,staging,,
2026-03-28T14:01:00+00:00,jvm_memory_used_bytes,gauge,299999711,terminal-handler-sim,terminal-handler-pod-0,container-main,payments,staging,,
2026-03-28T14:01:00+00:00,jvm_gc_pause_seconds_sum,gauge,0.10341649395870808,terminal-handler-sim,terminal-handler-pod-0,container-main,payments,staging,,
2026-03-28T14:01:00+00:00,process_cpu_usage,gauge,0.20805148489340752,terminal-handler-sim,terminal-handler-pod-0,container-main,payments,staging,,
2026-03-28T14:02:00+00:00,jvm_memory_used_bytes,gauge,300000051,terminal-handler-sim,terminal-handler-pod-0,container-main,payments,staging,,
2026-03-28T14:02:00+00:00,jvm_gc_pause_seconds_sum,gauge,0.10558340907804976,terminal-handler-sim,terminal-handler-pod-0,container-main,payments,staging,,
2026-03-28T14:02:00+00:00,process_cpu_usage,gauge,0.1901539870079148,terminal-handler-sim,terminal-handler-pod-0,container-main,payments,staging,,
2026-03-28T14:03:00+00:00,jvm_memory_used_bytes,gauge,300000012,terminal-handler-sim,terminal-handler-pod-0,container-main,payments,staging,,
2026-03-28T14:03:00+00:00,jvm_gc_pause_seconds_sum,gauge,0.09652070731179871,terminal-handler-sim,terminal-handler-pod-0,container-main,payments,staging,,
2026-03-28T14:03:00+00:00,process_cpu_usage,gauge,0.19830642444845087,terminal-handler-sim,terminal-handler-pod-0,container-main,payments,staging,,
2026-03-28T14:04:00+00:00,jvm_memory_used_bytes,gauge,299999927,terminal-handler-sim,terminal-handler-pod-0,container-main,payments,staging,,
2026-03-28T14:04:00+00:00,jvm_gc_pause_seconds_sum,gauge,0.0952705399970614,terminal-handler-sim,terminal-handler-pod-0,container-main,payments,staging,,
2026-03-28T14:04:00+00:00,process_cpu_usage,gauge,0.20787319820436656,terminal-handler-sim,terminal-handler-pod-0,container-main,payments,staging,,
2026-03-28T14:05:00+00:00,jvm_memory_used_bytes,gauge,300000536,terminal-handler-sim,terminal-handler-pod-0,container-main,payments,staging,,
2026-03-28T14:05:00+00:00,jvm_gc_pause_seconds_sum,gauge,0.10145220150855704,terminal-handler-sim,terminal-handler-pod-0,container-main,payments,staging,,
2026-03-28T14:05:00+00:00,process_cpu_usage,gauge,0.2091764642060366,terminal-handler-sim,terminal-handler-pod-0,container-main,payments,staging,,
2026-03-28T14:06:00+00:00,jvm_memory_used_bytes,gauge,300000096,terminal-handler-sim,terminal-handler-pod-0,container-main,payments,staging,,
2026-03-28T14:06:00+00:00,jvm_gc_pause_seconds_sum,gauge,0.09621127044821703,terminal-handler-sim,terminal-handler-pod-0,container-main,payments,staging,,
2026-03-28T14:06:00+00:00,process_cpu_usage,gauge,0.1938225987144926,terminal-handler-sim,terminal-handler-pod-0,container-main,payments,staging,,
2026-03-28T14:07:00+00:00,jvm_memory_used_bytes,gauge,300000390,terminal-handler-sim,terminal-handler-pod-0,container-main,payments,staging,,
2026-03-28T14:07:00+00:00,jvm_gc_pause_seconds_sum,gauge,0.10039836974002994,terminal-handler-sim,terminal-handler-pod-0,container-main,payments,staging,,
2026-03-28T14:07:00+00:00,process_cpu_usage,gauge,0.2088947404016426,terminal-handler-sim,terminal-handler-pod-0,container-main,payments,staging,,
2026-03-28T14:08:00+00:00,jvm_memory_used_bytes,gauge,300000591,terminal-handler-sim,terminal-handler-pod-0,container-main,payments,staging,,
2026-03-28T14:08:00+00:00,jvm_gc_pause_seconds_sum,gauge,0.09755429258127059,terminal-handler-sim,terminal-handler-pod-0,container-main,payments,staging,,
2026-03-28T14:08:00+00:00,process_cpu_usage,gauge,0.19818972247953365,terminal-handler-sim,terminal-handler-pod-0,container-main,payments,staging,,
2026-03-28T14:09:00+00:00,jvm_memory_used_bytes,gauge,299999424,terminal-handler-sim,terminal-handler-pod-0,container-main,payments,staging,,
2026-03-28T14:09:00+00:00,jvm_gc_pause_seconds_sum,gauge,0.10471532553381775,terminal-handler-sim,terminal-handler-pod-0,container-main,payments,staging,,
2026-03-28T14:09:00+00:00,process_cpu_usage,gauge,0.19791035345249156,terminal-handler-sim,terminal-handler-pod-0,container-main,payments,staging,,
2026-03-28T14:10:00+00:00,jvm_memory_used_bytes,gauge,300000058,terminal-handler-sim,terminal-handler-pod-0,container-main,payments,staging,,
2026-03-28T14:10:00+00:00,jvm_gc_pause_seconds_sum,gauge,0.10135954744585893,terminal-handler-sim,terminal-handler-pod-0,container-main,payments,staging,,
2026-03-28T14:10:00+00:00,process_cpu_usage,gauge,0.19726625574633716,terminal-handler-sim,terminal-handler-pod-0,container-main,payments,staging,,
2026-03-28T14:11:00+00:00,jvm_memory_used_bytes,gauge,300000324,terminal-handler-sim,terminal-handler-pod-0,container-main,payments,staging,,
2026-03-28T14:11:00+00:00,jvm_gc_pause_seconds_sum,gauge,0.10570899311612537,terminal-handler-sim,terminal-handler-pod-0,container-main,payments,staging,,
2026-03-28T14:11:00+00:00,process_cpu_usage,gauge,0.19349814653553551,terminal-handler-sim,terminal-handler-pod-0,container-main,payments,staging,,
2026-03-28T14:12:00+00:00,jvm_memory_used_bytes,gauge,300000779,terminal-handler-sim,terminal-handler-pod-0,container-main,payments,staging,,
2026-03-28T14:12:00+00:00,jvm_gc_pause_seconds_sum,gauge,0.10981528540612914,terminal-handler-sim,terminal-handler-pod-0,container-main,payments,staging,,
2026-03-28T14:12:00+00:00,process_cpu_usage,gauge,0.19219532385688234,terminal-handler-sim,terminal-handler-pod-0,container-main,payments,staging,,
2026-03-28T14:13:00+00:00,jvm_memory_used_bytes,gauge,300000094,terminal-handler-sim,terminal-handler-pod-0,container-main,payments,staging,,
2026-03-28T14:13:00+00:00,jvm_gc_pause_seconds_sum,gauge,0.10780964594957414,terminal-handler-sim,terminal-handler-pod-0,container-main,payments,staging,,
2026-03-28T14:13:00+00:00,process_cpu_usage,gauge,0.20735558713509888,terminal-handler-sim,terminal-handler-pod-0,container-main,payments,staging,,
2026-03-28T14:14:00+00:00,jvm_memory_used_bytes,gauge,300000571,terminal-handler-sim,terminal-handler-pod-0,container-main,payments,staging,,
2026-03-28T14:14:00+00:00,jvm_gc_pause_seconds_sum,gauge,0.09891693077567172,terminal-handler-sim,terminal-handler-pod-0,container-main,payments,staging,,
2026-03-28T14:14:00+00:00,process_cpu_usage,gauge,0.1952231363794163,terminal-handler-sim,terminal-handler-pod-0,container-main,payments,staging,,
2026-03-28T14:15:00+00:00,jvm_memory_used_bytes,gauge,300000551,terminal-handler-sim,terminal-handler-pod-0,container-main,payments,staging,,
2026-03-28T14:15:00+00:00,jvm_gc_pause_seconds_sum,gauge,0.10848984335704917,terminal-handler-sim,terminal-handler-pod-0,container-main,payments,staging,,
2026-03-28T14:15:00+00:00,process_cpu_usage,gauge,0.19563202098761595,terminal-handler-sim,terminal-handler-pod-0,container-main,payments,staging,,
2026-03-28T14:16:00+00:00,jvm_memory_used_bytes,gauge,300000475,terminal-handler-sim,terminal-handler-pod-0,container-main,payments,staging,,
2026-03-28T14:16:00+00:00,jvm_gc_pause_seconds_sum,gauge,0.10463891085041921,terminal-handler-sim,terminal-handler-pod-0,container-main,payments,staging,,
2026-03-28T14:16:00+00:00,process_cpu_usage,gauge,0.19826061690663604,terminal-handler-sim,terminal-handler-pod-0,container-main,payments,staging,,
2026-03-28T14:17:00+00:00,jvm_memory_used_bytes,gauge,300000274,terminal-handler-sim,terminal-handler-pod-0,container-main,payments,staging,,
2026-03-28T14:17:00+00:00,jvm_gc_pause_seconds_sum,gauge,0.10888549631946355,terminal-handler-sim,terminal-handler-pod-0,container-main,payments,staging,,
2026-03-28T14:17:00+00:00,process_cpu_usage,gauge,0.19889365086725147,terminal-handler-sim,terminal-handler-pod-0,container-main,payments,staging,,
2026-03-28T14:18:00+00:00,jvm_memory_used_bytes,gauge,300000750,terminal-handler-sim,terminal-handler-pod-0,container-main,payments,staging,,
2026-03-28T14:18:00+00:00,jvm_gc_pause_seconds_sum,gauge,0.10583297828366232,terminal-handler-sim,terminal-handler-pod-0,container-main,payments,staging,,
2026-03-28T14:18:00+00:00,process_cpu_usage,gauge,0.20434453483659368,terminal-handler-sim,terminal-handler-pod-0,container-main,payments,staging,,
2026-03-28T14:19:00+00:00,jvm_memory_used_bytes,gauge,299999062,terminal-handler-sim,terminal-handler-pod-0,container-main,payments,staging,,
2026-03-28T14:19:00+00:00,jvm_gc_pause_seconds_sum,gauge,0.10625989266592625,terminal-handler-sim,terminal-handler-pod-0,container-main,payments,staging,,
2026-03-28T14:19:00+00:00,process_cpu_usage,gauge,0.19807520999929476,terminal-handler-sim,terminal-handler-pod-0,container-main,payments,staging,,
2026-03-28T14:20:00+00:00,jvm_memory_used_bytes,gauge,299999432,terminal-handler-sim,terminal-handler-pod-0,container-main,payments,staging,,
2026-03-28T14:20:00+00:00,jvm_gc_pause_seconds_sum,gauge,0.09323569084139986,terminal-handler-sim,terminal-handler-pod-0,container-main,payments,staging,,
2026-03-28T14:20:00+00:00,process_cpu_usage,gauge,0.20090652085752228,terminal-handler-sim,terminal-handler-pod-0,container-main,payments,staging,,
2026-03-28T14:21:00+00:00,jvm_memory_used_bytes,gauge,299999525,terminal-handler-sim,terminal-handler-pod-0,container-main,payments,staging,,
2026-03-28T14:21:00+00:00,jvm_gc_pause_seconds_sum,gauge,0.10495050528023296,terminal-handler-sim,terminal-handler-pod-0,container-main,payments,staging,,
2026-03-28T14:21:00+00:00,process_cpu_usage,gauge,0.2067091942985843,terminal-handler-sim,terminal-handler-pod-0,container-main,payments,staging,,
2026-03-28T14:22:00+00:00,jvm_memory_used_bytes,gauge,300000087,terminal-handler-sim,terminal-handler-pod-0,container-main,payments,staging,,
2026-03-28T14:22:00+00:00,jvm_gc_pause_seconds_sum,gauge,0.1094796062130869,terminal-handler-sim,terminal-handler-pod-0,container-main,payments,staging,,
2026-03-28T14:22:00+00:00,process_cpu_usage,gauge,0.19014969933510414,terminal-handler-sim,terminal-handler-pod-0,container-main,payments,staging,,
2026-03-28T14:23:00+00:00,jvm_memory_used_bytes,gauge,299999894,terminal-handler-sim,terminal-handler-pod-0,container-main,payments,staging,,
2026-03-28T14:23:00+00:00,jvm_gc_pause_seconds_sum,gauge,0.10386716720454613,terminal-handler-sim,terminal-handler-pod-0,container-main,payments,staging,,
2026-03-28T14:23:00+00:00,process_cpu_usage,gauge,0.19757990800484054,terminal-handler-sim,terminal-handler-pod-0,container-main,payments,staging,,
2026-03-28T14:24:00+00:00,jvm_memory_used_bytes,gauge,299999868,terminal-handler-sim,terminal-handler-pod-0,container-main,payments,staging,,
2026-03-28T14:24:00+00:00,jvm_gc_pause_seconds_sum,gauge,0.09417698825906941,terminal-handler-sim,terminal-handler-pod-0,container-main,payments,staging,,
2026-03-28T14:24:00+00:00,process_cpu_usage,gauge,0.2068752657241427,terminal-handler-sim,terminal-handler-pod-0,container-main,payments,staging,,
2026-03-28T14:25:00+00:00,jvm_memory_used_bytes,gauge,299999419,terminal-handler-sim,terminal-handler-pod-0,container-main,payments,staging,,
2026-03-28T14:25:00+00:00,jvm_gc_pause_seconds_sum,gauge,0.09715192121620445,terminal-handler-sim,terminal-handler-pod-0,container-main,payments,staging,,
2026-03-28T14:25:00+00:00,process_cpu_usage,gauge,0.2082621117970591,terminal-handler-sim,terminal-handler-pod-0,container-main,payments,staging,,
2026-03-28T14:26:00+00:00,jvm_memory_used_bytes,gauge,299999738,terminal-handler-sim,terminal-handler-pod-0,container-main,payments,staging,,
2026-03-28T14:26:00+00:00,jvm_gc_pause_seconds_sum,gauge,0.09556833996227233,terminal-handler-sim,terminal-handler-pod-0,container-main,payments,staging,,
2026-03-28T14:26:00+00:00,process_cpu_usage,gauge,0.19211523820963172,terminal-handler-sim,terminal-handler-pod-0,container-main,payments,staging,,
2026-03-28T14:27:00+00:00,jvm_memory_used_bytes,gauge,300000471,terminal-handler-sim,terminal-handler-pod-0,container-main,payments,staging,,
2026-03-28T14:27:00+00:00,jvm_gc_pause_seconds_sum,gauge,0.09629342048493324,terminal-handler-sim,terminal-handler-pod-0,container-main,payments,staging,,
2026-03-28T14:27:00+00:00,process_cpu_usage,gauge,0.2056477032195735,terminal-handler-sim,terminal-handler-pod-0,container-main,payments,staging,,
2026-03-28T14:28:00+00:00,jvm_memory_used_bytes,gauge,299999113,terminal-handler-sim,terminal-handler-pod-0,container-main,payments,staging,,
2026-03-28T14:28:00+00:00,jvm_gc_pause_seconds_sum,gauge,0.10208943167905996,terminal-handler-sim,terminal-handler-pod-0,container-main,payments,staging,,
2026-03-28T14:28:00+00:00,process_cpu_usage,gauge,0.19800498186784335,terminal-handler-sim,terminal-handler-pod-0,container-main,payments,staging,,
2026-03-28T14:29:00+00:00,jvm_memory_used_bytes,gauge,300000429,terminal-handler-sim,terminal-handler-pod-0,container-main,payments,staging,,
2026-03-28T14:29:00+00:00,jvm_gc_pause_seconds_sum,gauge,0.09051925031709393,terminal-handler-sim,terminal-handler-pod-0,container-main,payments,staging,,
2026-03-28T14:29:00+00:00,process_cpu_usage,gauge,0.19292381616727625,terminal-handler-sim,terminal-handler-pod-0,container-main,payments,staging,,
2026-03-28T14:30:00+00:00,jvm_memory_used_bytes,gauge,299999888,terminal-handler-sim,terminal-handler-pod-0,container-main,payments,staging,,
2026-03-28T14:30:00+00:00,jvm_gc_pause_seconds_sum,gauge,0.10315251264263843,terminal-handler-sim,terminal-handler-pod-0,container-main,payments,staging,,
2026-03-28T14:30:00+00:00,process_cpu_usage,gauge,0.20130286740870643,terminal-handler-sim,terminal-handler-pod-0,container-main,payments,staging,,
2026-03-28T14:31:00+00:00,jvm_memory_used_bytes,gauge,299999446,terminal-handler-sim,terminal-handler-pod-0,container-main,payments,staging,,
2026-03-28T14:31:00+00:00,jvm_gc_pause_seconds_sum,gauge,0.09645146995611134,terminal-handler-sim,terminal-handler-pod-0,container-main,payments,staging,,
2026-03-28T14:31:00+00:00,process_cpu_usage,gauge,0.2063234635556922,terminal-handler-sim,terminal-handler-pod-0,container-main,payments,staging,,
2026-03-28T14:32:00+00:00,jvm_memory_used_bytes,gauge,300000296,terminal-handler-sim,terminal-handler-pod-0,container-main,payments,staging,,
2026-03-28T14:32:00+00:00,jvm_gc_pause_seconds_sum,gauge,0.10498677539623819,terminal-handler-sim,terminal-handler-pod-0,container-main,payments,staging,,
2026-03-28T14:32:00+00:00,process_cpu_usage,gauge,0.19698151412028028,terminal-handler-sim,terminal-handler-pod-0,container-main,payments,staging,,
2026-03-28T14:33:00+00:00,jvm_memory_used_bytes,gauge,299999718,terminal-handler-sim,terminal-handler-pod-0,container-main,payments,staging,,
2026-03-28T14:33:00+00:00,jvm_gc_pause_seconds_sum,gauge,0.10594999389965895,terminal-handler-sim,terminal-handler-pod-0,container-main,payments,staging,,
2026-03-28T14:33:00+00:00,process_cpu_usage,gauge,0.19160092508823093,terminal-handler-sim,terminal-handler-pod-0,container-main,payments,staging,,
2026-03-28T14:34:00+00:00,jvm_memory_used_bytes,gauge,300000720,terminal-handler-sim,terminal-handler-pod-0,container-main,payments,staging,,
2026-03-28T14:34:00+00:00,jvm_gc_pause_seconds_sum,gauge,0.10773233749885149,terminal-handler-sim,terminal-handler-pod-0,container-main,payments,staging,,
2026-03-28T14:34:00+00:00,process_cpu_usage,gauge,0.20179424063009663,terminal-handler-sim,terminal-handler-pod-0,container-main,payments,staging,,
2026-03-28T14:35:00+00:00,jvm_memory_used_bytes,gauge,300000457,terminal-handler-sim,terminal-handler-pod-0,container-main,payments,staging,,
2026-03-28T14:35:00+00:00,jvm_gc_pause_seconds_sum,gauge,0.09824227001936905,terminal-handler-sim,terminal-handler-pod-0,container-main,payments,staging,,
2026-03-28T14:35:00+00:00,process_cpu_usage,gauge,0.19384011457211545,terminal-handler-sim,terminal-handler-pod-0,container-main,payments,staging,,
2026-03-28T14:36:00+00:00,jvm_memory_used_bytes,gauge,299999519,terminal-handler-sim,terminal-handler-pod-0,container-main,payments,staging,,
2026-03-28T14:36:00+00:00,jvm_gc_pause_seconds_sum,gauge,0.09001337407648675,terminal-handler-sim,terminal-handler-pod-0,container-main,payments,staging,,
2026-03-28T14:36:00+00:00,process_cpu_usage,gauge,0.19032097838402406,terminal-handler-sim,terminal-handler-pod-0,container-main,payments,staging,,
2026-03-28T14:37:00+00:00,jvm_memory_used_bytes,gauge,299999402,terminal-handler-sim,terminal-handler-pod-0,container-main,payments,staging,,
2026-03-28T14:37:00+00:00,jvm_gc_pause_seconds_sum,gauge,0.0997834982749296,terminal-handler-sim,terminal-handler-pod-0,container-main,payments,staging,,
2026-03-28T14:37:00+00:00,process_cpu_usage,gauge,0.20143301214396062,terminal-handler-sim,terminal-handler-pod-0,container-main,payments,staging,,
2026-03-28T14:38:00+00:00,jvm_memory_used_bytes,gauge,299999215,terminal-handler-sim,terminal-handler-pod-0,container-main,payments,staging,,
2026-03-28T14:38:00+00:00,jvm_gc_pause_seconds_sum,gauge,0.09732753931567921,terminal-handler-sim,terminal-handler-pod-0,container-main,payments,staging,,
2026-03-28T14:38:00+00:00,process_cpu_usage,gauge,0.20385293249264533,terminal-handler-sim,terminal-handler-pod-0,container-main,payments,staging,,
2026-03-28T14:39:00+00:00,jvm_memory_used_bytes,gauge,300000609,terminal-handler-sim,terminal-handler-pod-0,container-main,payments,staging,,
2026-03-28T14:39:00+00:00,jvm_gc_pause_seconds_sum,gauge,0.10891633054089758,terminal-handler-sim,terminal-handler-pod-0,container-main,payments,staging,,
2026-03-28T14:39:00+00:00,process_cpu_usage,gauge,0.19438702390023738,terminal-handler-sim,terminal-handler-pod-0,container-main,payments,staging,,
2026-03-28T14:40:00+00:00,jvm_memory_used_bytes,gauge,299999871,terminal-handler-sim,terminal-handler-pod-0,container-main,payments,staging,,
2026-03-28T14:40:00+00:00,jvm_gc_pause_seconds_sum,gauge,0.1076907522505007,terminal-handler-sim,terminal-handler-pod-0,container-main,payments,staging,,
2026-03-28T14:40:00+00:00,process_cpu_usage,gauge,0.19979503001093796,terminal-handler-sim,terminal-handler-pod-0,container-main,payments,staging,,
2026-03-28T14:41:00+00:00,jvm_memory_used_bytes,gauge,299999319,terminal-handler-sim,terminal-handler-pod-0,container-main,payments,staging,,
2026-03-28T14:41:00+00:00,jvm_gc_pause_seconds_sum,gauge,0.09552881584385209,terminal-handler-sim,terminal-handler-pod-0,container-main,payments,staging,,
2026-03-28T14:41:00+00:00,process_cpu_usage,gauge,0.2048172421602096,terminal-handler-sim,terminal-handler-pod-0,container-main,payments,staging,,
2026-03-28T14:42:00+00:00,jvm_memory_used_bytes,gauge,300000457,terminal-handler-sim,terminal-handler-pod-0,container-main,payments,staging,,
2026-03-28T14:42:00+00:00,jvm_gc_pause_seconds_sum,gauge,0.09052754742722377,terminal-handler-sim,terminal-handler-pod-0,container-main,payments,staging,,
2026-03-28T14:42:00+00:00,process_cpu_usage,gauge,0.20425653920148534,terminal-handler-sim,terminal-handler-pod-0,container-main,payments,staging,,
2026-03-28T14:43:00+00:00,jvm_memory_used_bytes,gauge,300000172,terminal-handler-sim,terminal-handler-pod-0,container-main,payments,staging,,
2026-03-28T14:43:00+00:00,jvm_gc_pause_seconds_sum,gauge,0.09709220899856573,terminal-handler-sim,terminal-handler-pod-0,container-main,payments,staging,,
2026-03-28T14:43:00+00:00,process_cpu_usage,gauge,0.19230684252753902,terminal-handler-sim,terminal-handler-pod-0,container-main,payments,staging,,
2026-03-28T14:44:00+00:00,jvm_memory_used_bytes,gauge,300000851,terminal-handler-sim,terminal-handler-pod-0,container-main,payments,staging,,
2026-03-28T14:44:00+00:00,jvm_gc_pause_seconds_sum,gauge,0.10010972215720929,terminal-handler-sim,terminal-handler-pod-0,container-main,payments,staging,,
2026-03-28T14:44:00+00:00,process_cpu_usage,gauge,0.1990232033559118,terminal-handler-sim,terminal-handler-pod-0,container-main,payments,staging,,
2026-03-28T14:45:00+00:00,jvm_memory_used_bytes,gauge,300000673,terminal-handler-sim,terminal-handler-pod-0,container-main,payments,staging,,
2026-03-28T14:45:00+00:00,jvm_gc_pause_seconds_sum,gauge,0.096904101973435,terminal-handler-sim,terminal-handler-pod-0,container-main,payments,staging,,
2026-03-28T14:45:00+00:00,process_cpu_usage,gauge,0.19864532511037503,terminal-handler-sim,terminal-handler-pod-0,container-main,payments,staging,,
2026-03-28T14:46:00+00:00,jvm_memory_used_bytes,gauge,299999507,terminal-handler-sim,terminal-handler-pod-0,container-main,payments,staging,,
2026-03-28T14:46:00+00:00,jvm_gc_pause_seconds_sum,gauge,0.09041788152258207,terminal-handler-sim,terminal-handler-pod-0,container-main,payments,staging,,
2026-03-28T14:46:00+00:00,process_cpu_usage,gauge,0.20776708743690028,terminal-handler-sim,terminal-handler-pod-0,container-main,payments,staging,,
2026-03-28T14:47:00+00:00,jvm_memory_used_bytes,gauge,300000318,terminal-handler-sim,terminal-handler-pod-0,container-main,payments,staging,,
2026-03-28T14:47:00+00:00,jvm_gc_pause_seconds_sum,gauge,0.10616827632426375,terminal-handler-sim,terminal-handler-pod-0,container-main,payments,staging,,
2026-03-28T14:47:00+00:00,process_cpu_usage,gauge,0.2043593023195955,terminal-handler-sim,terminal-handler-pod-0,container-main,payments,staging,,
2026-03-28T14:48:00+00:00,jvm_memory_used_bytes,gauge,299999698,terminal-handler-sim,terminal-handler-pod-0,container-main,payments,staging,,
2026-03-28T14:48:00+00:00,jvm_gc_pause_seconds_sum,gauge,0.09683559168268821,terminal-handler-sim,terminal-handler-pod-0,container-main,payments,staging,,
2026-03-28T14:48:00+00:00,process_cpu_usage,gauge,0.19278466916436895,terminal-handler-sim,terminal-handler-pod-0,container-main,payments,staging,,
2026-03-28T14:49:00+00:00,jvm_memory_used_bytes,gauge,300000923,terminal-handler-sim,terminal-handler-pod-0,container-main,payments,staging,,
2026-03-28T14:49:00+00:00,jvm_gc_pause_seconds_sum,gauge,0.10057454933363773,terminal-handler-sim,terminal-handler-pod-0,container-main,payments,staging,,
2026-03-28T14:49:00+00:00,process_cpu_usage,gauge,0.20706305667529,terminal-handler-sim,terminal-handler-pod-0,container-main,payments,staging,,
2026-03-28T14:50:00+00:00,jvm_memory_used_bytes,gauge,300000652,terminal-handler-sim,terminal-handler-pod-0,container-main,payments,staging,,
2026-03-28T14:50:00+00:00,jvm_gc_pause_seconds_sum,gauge,0.09095958187735183,terminal-handler-sim,terminal-handler-pod-0,container-main,payments,staging,,
2026-03-28T14:50:00+00:00,process_cpu_usage,gauge,0.2081445967165235,terminal-handler-sim,terminal-handler-pod-0,container-main,payments,staging,,
2026-03-28T14:51:00+00:00,jvm_memory_used_bytes,gauge,300000869,terminal-handler-sim,terminal-handler-pod-0,container-main,payments,staging,,
2026-03-28T14:51:00+00:00,jvm_gc_pause_seconds_sum,gauge,0.096200870562618,terminal-handler-sim,terminal-handler-pod-0,container-main,payments,staging,,
2026-03-28T14:51:00+00:00,process_cpu_usage,gauge,0.20193083759512956,terminal-handler-sim,terminal-handler-pod-0,container-main,payments,staging,,
2026-03-28T14:52:00+00:00,jvm_memory_used_bytes,gauge,300000240,terminal-handler-sim,terminal-handler-pod-0,container-main,payments,staging,,
2026-03-28T14:52:00+00:00,jvm_gc_pause_seconds_sum,gauge,0.10521575693634184,terminal-handler-sim,terminal-handler-pod-0,container-main,payments,staging,,
2026-03-28T14:52:00+00:00,process_cpu_usage,gauge,0.19822580933046827,terminal-handler-sim,terminal-handler-pod-0,container-main,payments,staging,,
2026-03-28T14:53:00+00:00,jvm_memory_used_bytes,gauge,300000944,terminal-handler-sim,terminal-handler-pod-0,container-main,payments,staging,,
2026-03-28T14:53:00+00:00,jvm_gc_pause_seconds_sum,gauge,0.10126833763894605,terminal-handler-sim,terminal-handler-pod-0,container-main,payments,staging,,
2026-03-28T14:53:00+00:00,process_cpu_usage,gauge,0.1907679516887486,terminal-handler-sim,terminal-handler-pod-0,container-main,payments,staging,,
2026-03-28T14:54:00+00:00,jvm_memory_used_bytes,gauge,300000070,terminal-handler-sim,terminal-handler-pod-0,container-main,payments,staging,,
2026-03-28T14:54:00+00:00,jvm_gc_pause_seconds_sum,gauge,0.09873930214048902,terminal-handler-sim,terminal-handler-pod-0,container-main,payments,staging,,
2026-03-28T14:54:00+00:00,process_cpu_usage,gauge,0.1993555877576261,terminal-handler-sim,terminal-handler-pod-0,container-main,payments,staging,,
2026-03-28T14:55:00+00:00,jvm_memory_used_bytes,gauge,299999831,terminal-handler-sim,terminal-handler-pod-0,container-main,payments,staging,,
2026-03-28T14:55:00+00:00,jvm_gc_pause_seconds_sum,gauge,0.10891676423676974,terminal-handler-sim,terminal-handler-pod-0,container-main,payments,staging,,
2026-03-28T14:55:00+00:00,process_cpu_usage,gauge,0.19631121249030398,terminal-handler-sim,terminal-handler-pod-0,container-main,payments,staging,,
2026-03-28T14:56:00+00:00,jvm_memory_used_bytes,gauge,300000057,terminal-handler-sim,terminal-handler-pod-0,container-main,payments,staging,,
2026-03-28T14:56:00+00:00,jvm_gc_pause_seconds_sum,gauge,0.10046114761529533,terminal-handler-sim,terminal-handler-pod-0,container-main,payments,staging,,
2026-03-28T14:56:00+00:00,process_cpu_usage,gauge,0.2054223682451814,terminal-handler-sim,terminal-handler-pod-0,container-main,payments,staging,,
2026-03-28T14:57:00+00:00,jvm_memory_used_bytes,gauge,300000183,terminal-handler-sim,terminal-handler-pod-0,container-main,payments,staging,,
2026-03-28T14:57:00+00:00,jvm_gc_pause_seconds_sum,gauge,0.1063566693834606,terminal-handler-sim,terminal-handler-pod-0,container-main,payments,staging,,
2026-03-28T14:57:00+00:00,process_cpu_usage,gauge,0.1931669756163316,terminal-handler-sim,terminal-handler-pod-0,container-main,payments,staging,,
2026-03-28T14:58:00+00:00,jvm_memory_used_bytes,gauge,300000195,terminal-handler-sim,terminal-handler-pod-0,container-main,payments,staging,,
2026-03-28T14:58:00+00:00,jvm_gc_pause_seconds_sum,gauge,0.0942088701573096,terminal-handler-sim,terminal-handler-pod-0,container-main,payments,staging,,
2026-03-28T14:58:00+00:00,process_cpu_usage,gauge,0.2009626038057125,terminal-handler-sim,terminal-handler-pod-0,container-main,payments,staging,,
2026-03-28T14:59:00+00:00,jvm_memory_used_bytes,gauge,300000848,terminal-handler-sim,terminal-handler-pod-0,container-main,payments,staging,,
2026-03-28T14:59:00+00:00,jvm_gc_pause_seconds_sum,gauge,0.10638184535976443,terminal-handler-sim,terminal-handler-pod-0,container-main,payments,staging,,
2026-03-28T14:59:00+00:00,process_cpu_usage,gauge,0.1951741165945257,terminal-handler-sim,terminal-handler-pod-0,container-main,payments,staging,,
2026-03-28T15:00:00+00:00,jvm_memory_used_bytes,gauge,299999873,terminal-handler-sim,terminal-handler-pod-0,container-main,payments,staging,,
2026-03-28T15:00:00+00:00,jvm_gc_pause_seconds_sum,gauge,0.09817798618610771,terminal-handler-sim,terminal-handler-pod-0,container-main,payments,staging,,
2026-03-28T15:00:00+00:00,process_cpu_usage,gauge,0.1994004669465777,terminal-handler-sim,terminal-handler-pod-0,container-main,payments,staging,,
2026-03-28T15:01:00+00:00,jvm_memory_used_bytes,gauge,300000909,terminal-handler-sim,terminal-handler-pod-0,container-main,payments,staging,,
2026-03-28T15:01:00+00:00,jvm_gc_pause_seconds_sum,gauge,0.10592742835818703,terminal-handler-sim,terminal-handler-pod-0,container-main,payments,staging,,
2026-03-28T15:01:00+00:00,process_cpu_usage,gauge,0.20891105545893712,terminal-handler-sim,terminal-handler-pod-0,container-main,payments,staging,,
2026-03-28T15:02:00+00:00,jvm_memory_used_bytes,gauge,300000301,terminal-handler-sim,terminal-handler-pod-0,container-main,payments,staging,,
2026-03-28T15:02:00+00:00,jvm_gc_pause_seconds_sum,gauge,0.1041293457996331,terminal-handler-sim,terminal-handler-pod-0,container-main,payments,staging,,
2026-03-28T15:02:00+00:00,process_cpu_usage,gauge,0.191071987777211,terminal-handler-sim,terminal-handler-pod-0,container-main,payments,staging,,
2026-03-28T15:03:00+00:00,jvm_memory_used_bytes,gauge,300000619,terminal-handler-sim,terminal-handler-pod-0,container-main,payments,staging,,
2026-03-28T15:03:00+00:00,jvm_gc_pause_seconds_sum,gauge,0.09385877430295825,terminal-handler-sim,terminal-handler-pod-0,container-main,payments,staging,,
2026-03-28T15:03:00+00:00,process_cpu_usage,gauge,0.19562633255298828,terminal-handler-sim,terminal-handler-pod-0,container-main,payments,staging,,
2026-03-28T15:04:00+00:00,jvm_memory_used_bytes,gauge,300000877,terminal-handler-sim,terminal-handler-pod-0,container-main,payments,staging,,
2026-03-28T15:04:00+00:00,jvm_gc_pause_seconds_sum,gauge,0.09741905425367547,terminal-handler-sim,terminal-handler-pod-0,container-main,payments,staging,,
2026-03-28T15:04:00+00:00,process_cpu_usage,gauge,0.19697606922209987,terminal-handler-sim,terminal-handler-pod-0,container-main,payments,staging,,
2026-03-28T15:05:00+00:00,jvm_memory_used_bytes,gauge,299999693,terminal-handler-sim,terminal-handler-pod-0,container-main,payments,staging,,
2026-03-28T15:05:00+00:00,jvm_gc_pause_seconds_sum,gauge,0.10006451752305198,terminal-handler-sim,terminal-handler-pod-0,container-main,payments,staging,,
2026-03-28T15:05:00+00:00,process_cpu_usage,gauge,0.20597893832623226,terminal-handler-sim,terminal-handler-pod-0,container-main,payments,staging,,
2026-03-28T15:06:00+00:00,jvm_memory_used_bytes,gauge,299999570,terminal-handler-sim,terminal-handler-pod-0,container-main,payments,staging,,
2026-03-28T15:06:00+00:00,jvm_gc_pause_seconds_sum,gauge,0.10025149047552961,terminal-handler-sim,terminal-handler-pod-0,container-main,payments,staging,,
2026-03-28T15:06:00+00:00,process_cpu_usage,gauge,0.19467528926480626,terminal-handler-sim,terminal-handler-pod-0,container-main,payments,staging,,
2026-03-28T15:07:00+00:00,jvm_memory_used_bytes,gauge,299999562,terminal-handler-sim,terminal-handler-pod-0,container-main,payments,staging,,
2026-03-28T15:07:00+00:00,jvm_gc_pause_seconds_sum,gauge,0.09017091616338717,terminal-handler-sim,terminal-handler-pod-0,container-main,payments,staging,,
2026-03-28T15:07:00+00:00,process_cpu_usage,gauge,0.20817677088110367,terminal-handler-sim,terminal-handler-pod-0,container-main,payments,staging,,
2026-03-28T15:08:00+00:00,jvm_memory_used_bytes,gauge,300000268,terminal-handler-sim,terminal-handler-pod-0,container-main,payments,staging,,
2026-03-28T15:08:00+00:00,jvm_gc_pause_seconds_sum,gauge,0.09459545929095069,terminal-handler-sim,terminal-handler-pod-0,container-main,payments,staging,,
2026-03-28T15:08:00+00:00,process_cpu_usage,gauge,0.19003003368942042,terminal-handler-sim,terminal-handler-pod-0,container-main,payments,staging,,
2026-03-28T15:09:00+00:00,jvm_memory_used_bytes,gauge,300000278,terminal-handler-sim,terminal-handler-pod-0,container-main,payments,staging,,
2026-03-28T15:09:00+00:00,jvm_gc_pause_seconds_sum,gauge,0.09318547133726313,terminal-handler-sim,terminal-handler-pod-0,container-main,payments,staging,,
2026-03-28T15:09:00+00:00,process_cpu_usage,gauge,0.20675688454782884,terminal-handler-sim,terminal-handler-pod-0,container-main,payments,staging,,
2026-03-28T15:10:00+00:00,jvm_memory_used_bytes,gauge,300000268,terminal-handler-sim,terminal-handler-pod-0,container-main,payments,staging,,
2026-03-28T15:10:00+00:00,jvm_gc_pause_seconds_sum,gauge,0.09416945410747676,terminal-handler-sim,terminal-handler-pod-0,container-main,payments,staging,,
2026-03-28T15:10:00+00:00,process_cpu_usage,gauge,0.19442127368514206,terminal-handler-sim,terminal-handler-pod-0,container-main,payments,staging,,
2026-03-28T15:11:00+00:00,jvm_memory_used_bytes,gauge,299999625,terminal-handler-sim,terminal-handler-pod-0,container-main,payments,staging,,
2026-03-28T15:11:00+00:00,jvm_gc_pause_seconds_sum,gauge,0.09068114882578447,terminal-handler-sim,terminal-handler-pod-0,container-main,payments,staging,,
2026-03-28T15:11:00+00:00,process_cpu_usage,gauge,0.20612372749120825,terminal-handler-sim,terminal-handler-pod-0,container-main,payments,staging,,
2026-03-28T15:12:00+00:00,jvm_memory_used_bytes,gauge,299999562,terminal-handler-sim,terminal-handler-pod-0,container-main,payments,staging,,
2026-03-28T15:12:00+00:00,jvm_gc_pause_seconds_sum,gauge,0.10615914993667813,terminal-handler-sim,terminal-handler-pod-0,container-main,payments,staging,,
2026-03-28T15:12:00+00:00,process_cpu_usage,gauge,0.1970653052790795,terminal-handler-sim,terminal-handler-pod-0,container-main,payments,staging,,
2026-03-28T15:13:00+00:00,jvm_memory_used_bytes,gauge,300000256,terminal-handler-sim,terminal-handler-pod-0,container-main,payments,staging,,
2026-03-28T15:13:00+00:00,jvm_gc_pause_seconds_sum,gauge,0.10256098510997563,terminal-handler-sim,terminal-handler-pod-0,container-main,payments,staging,,
2026-03-28T15:13:00+00:00,process_cpu_usage,gauge,0.2092978221168494,terminal-handler-sim,terminal-handler-pod-0,container-main,payments,staging,,
2026-03-28T15:14:00+00:00,jvm_memory_used_bytes,gauge,299999865,terminal-handler-sim,terminal-handler-pod-0,container-main,payments,staging,,
2026-03-28T15:14:00+00:00,jvm_gc_pause_seconds_sum,gauge,0.10305355903421663,terminal-handler-sim,terminal-handler-pod-0,container-main,payments,staging,,
2026-03-28T15:14:00+00:00,process_cpu_usage,gauge,0.19185347861903107,terminal-handler-sim,terminal-handler-pod-0,container-main,payments,staging,,
2026-03-28T15:15:00+00:00,jvm_memory_used_bytes,gauge,299999187,terminal-handler-sim,terminal-handler-pod-0,container-main,payments,staging,,
2026-03-28T15:15:00+00:00,jvm_gc_pause_seconds_sum,gauge,0.09209347201893352,terminal-handler-sim,terminal-handler-pod-0,container-main,payments,staging,,
2026-03-28T15:15:00+00:00,process_cpu_usage,gauge,0.19447161529616336,terminal-handler-sim,terminal-handler-pod-0,container-main,payments,staging,,
2026-03-28T15:16:00+00:00,jvm_memory_used_bytes,gauge,300000456,terminal-handler-sim,terminal-handler-pod-0,container-main,payments,staging,,
2026-03-28T15:16:00+00:00,jvm_gc_pause_seconds_sum,gauge,0.09868933395119114,terminal-handler-sim,terminal-handler-pod-0,container-main,payments,staging,,
2026-03-28T15:16:00+00:00,process_cpu_usage,gauge,0.20411989005374756,terminal-handler-sim,terminal-handler-pod-0,container-main,payments,staging,,
2026-03-28T15:17:00+00:00,jvm_memory_used_bytes,gauge,299999733,terminal-handler-sim,terminal-handler-pod-0,container-main,payments,staging,,
2026-03-28T15:17:00+00:00,jvm_gc_pause_seconds_sum,gauge,0.09150984796455142,terminal-handler-sim,terminal-handler-pod-0,container-main,payments,staging,,
2026-03-28T15:17:00+00:00,process_cpu_usage,gauge,0.19597317074809956,terminal-handler-sim,terminal-handler-pod-0,container-main,payments,staging,,
2026-03-28T15:18:00+00:00,jvm_memory_used_bytes,gauge,300000787,terminal-handler-sim,terminal-handler-pod-0,container-main,payments,staging,,
2026-03-28T15:18:00+00:00,jvm_gc_pause_seconds_sum,gauge,0.1049041863739961,terminal-handler-sim,terminal-handler-pod-0,container-main,payments,staging,,
2026-03-28T15:18:00+00:00,process_cpu_usage,gauge,0.19601975404536326,terminal-handler-sim,terminal-handler-pod-0,container-main,payments,staging,,
2026-03-28T15:19:00+00:00,jvm_memory_used_bytes,gauge,299999173,terminal-handler-sim,terminal-handler-pod-0,container-main,payments,staging,,
2026-03-28T15:19:00+00:00,jvm_gc_pause_seconds_sum,gauge,0.0969801885578295,terminal-handler-sim,terminal-handler-pod-0,container-main,payments,staging,,
2026-03-28T15:19:00+00:00,process_cpu_usage,gauge,0.20573332504373026,terminal-handler-sim,terminal-handler-pod-0,container-main,payments,staging,,
2026-03-28T15:20:00+00:00,jvm_memory_used_bytes,gauge,299999977,terminal-handler-sim,terminal-handler-pod-0,container-main,payments,staging,,
2026-03-28T15:20:00+00:00,jvm_gc_pause_seconds_sum,gauge,0.10271080269875596,terminal-handler-sim,terminal-handler-pod-0,container-main,payments,staging,,
2026-03-28T15:20:00+00:00,process_cpu_usage,gauge,0.19583511470302156,terminal-handler-sim,terminal-handler-pod-0,container-main,payments,staging,,
2026-03-28T15:21:00+00:00,jvm_memory_used_bytes,gauge,300000906,terminal-handler-sim,terminal-handler-pod-0,container-main,payments,staging,,
2026-03-28T15:21:00+00:00,jvm_gc_pause_seconds_sum,gauge,0.10242253103931413,terminal-handler-sim,terminal-handler-pod-0,container-main,payments,staging,,
2026-03-28T15:21:00+00:00,process_cpu_usage,gauge,0.1922998573352468,terminal-handler-sim,terminal-handler-pod-0,container-main,payments,staging,,
2026-03-28T15:22:00+00:00,jvm_memory_used_bytes,gauge,299999938,terminal-handler-sim,terminal-handler-pod-0,container-main,payments,staging,,
2026-03-28T15:22:00+00:00,jvm_gc_pause_seconds_sum,gauge,0.1052376954881777,terminal-handler-sim,terminal-handler-pod-0,container-main,payments,staging,,
2026-03-28T15:22:00+00:00,process_cpu_usage,gauge,0.20656651936330536,terminal-handler-sim,terminal-handler-pod-0,container-main,payments,staging,,
2026-03-28T15:23:00+00:00,jvm_memory_used_bytes,gauge,299999132,terminal-handler-sim,terminal-handler-pod-0,container-main,payments,staging,,
2026-03-28T15:23:00+00:00,jvm_gc_pause_seconds_sum,gauge,0.09887359252102701,terminal-handler-sim,terminal-handler-pod-0,container-main,payments,staging,,
2026-03-28T15:23:00+00:00,process_cpu_usage,gauge,0.19053138068697203,terminal-handler-sim,terminal-handler-pod-0,container-main,payments,staging,,
2026-03-28T15:24:00+00:00,jvm_memory_used_bytes,gauge,300000837,terminal-handler-sim,terminal-handler-pod-0,container-main,payments,staging,,
2026-03-28T15:24:00+00:00,jvm_gc_pause_seconds_sum,gauge,0.10382761534411845,terminal-handler-sim,terminal-handler-pod-0,container-main,payments,staging,,
2026-03-28T15:24:00+00:00,process_cpu_usage,gauge,0.20479892688025847,terminal-handler-sim,terminal-handler-pod-0,container-main,payments,staging,,
2026-03-28T15:25:00+00:00,jvm_memory_used_bytes,gauge,299999402,terminal-handler-sim,terminal-handler-pod-0,container-main,payments,staging,,
2026-03-28T15:25:00+00:00,jvm_gc_pause_seconds_sum,gauge,0.09603063480990179,terminal-handler-sim,terminal-handler-pod-0,container-main,payments,staging,,
2026-03-28T15:25:00+00:00,process_cpu_usage,gauge,0.201635752563744,terminal-handler-sim,terminal-handler-pod-0,container-main,payments,staging,,
2026-03-28T15:26:00+00:00,jvm_memory_used_bytes,gauge,300000084,terminal-handler-sim,terminal-handler-pod-0,container-main,payments,staging,,
2026-03-28T15:26:00+00:00,jvm_gc_pause_seconds_sum,gauge,0.09192276088929567,terminal-handler-sim,terminal-handler-pod-0,container-main,payments,staging,,
2026-03-28T15:26:00+00:00,process_cpu_usage,gauge,0.20759448174927317,terminal-handler-sim,terminal-handler-pod-0,container-main,payments,staging,,
2026-03-28T15:27:00+00:00,jvm_memory_used_bytes,gauge,299999886,terminal-handler-sim,terminal-handler-pod-0,container-main,payments,staging,,
2026-03-28T15:27:00+00:00,jvm_gc_pause_seconds_sum,gauge,0.10331541189038113,terminal-handler-sim,terminal-handler-pod-0,container-main,payments,staging,,
2026-03-28T15:27:00+00:00,process_cpu_usage,gauge,0.19218980107933728,terminal-handler-sim,terminal-handler-pod-0,container-main,payments,staging,,
2026-03-28T15:28:00+00:00,jvm_memory_used_bytes,gauge,300000173,terminal-handler-sim,terminal-handler-pod-0,container-main,payments,staging,,
2026-03-28T15:28:00+00:00,jvm_gc_pause_seconds_sum,gauge,0.10187976730725666,terminal-handler-sim,terminal-handler-pod-0,container-main,payments,staging,,
2026-03-28T15:28:00+00:00,process_cpu_usage,gauge,0.20629434850468614,terminal-handler-sim,terminal-handler-pod-0,container-main,payments,staging,,
2026-03-28T15:29:00+00:00,jvm_memory_used_bytes,gauge,299999061,terminal-handler-sim,terminal-handler-pod-0,container-main,payments,staging,,
2026-03-28T15:29:00+00:00,jvm_gc_pause_seconds_sum,gauge,0.09549129297858809,terminal-handler-sim,terminal-handler-pod-0,container-main,payments,staging,,
2026-03-28T15:29:00+00:00,process_cpu_usage,gauge,0.19339001598638147,terminal-handler-sim,terminal-handler-pod-0,container-main,payments,staging,,
2026-03-28T15:30:00+00:00,jvm_memory_used_bytes,gauge,299999415,terminal-handler-sim,terminal-handler-pod-0,container-main,payments,staging,,
2026-03-28T15:30:00+00:00,jvm_gc_pause_seconds_sum,gauge,0.1088981283432179,terminal-handler-sim,terminal-handler-pod-0,container-main,payments,staging,,
2026-03-28T15:30:00+00:00,process_cpu_usage,gauge,0.19152782328657308,terminal-handler-sim,terminal-handler-pod-0,container-main,payments,staging,,
2026-03-28T15:31:00+00:00,jvm_memory_used_bytes,gauge,299999251,terminal-handler-sim,terminal-handler-pod-0,container-main,payments,staging,,
2026-03-28T15:31:00+00:00,jvm_gc_pause_seconds_sum,gauge,0.09265970602043382,terminal-handler-sim,terminal-handler-pod-0,container-main,payments,staging,,
2026-03-28T15:31:00+00:00,process_cpu_usage,gauge,0.20823823916267495,terminal-handler-sim,terminal-handler-pod-0,container-main,payments,staging,,
2026-03-28T15:32:00+00:00,jvm_memory_used_bytes,gauge,300000977,terminal-handler-sim,terminal-handler-pod-0,container-main,payments,staging,,
2026-03-28T15:32:00+00:00,jvm_gc_pause_seconds_sum,gauge,0.09807031324764899,terminal-handler-sim,terminal-handler-pod-0,container-main,payments,staging,,
2026-03-28T15:32:00+00:00,process_cpu_usage,gauge,0.19356910830148066,terminal-handler-sim,terminal-handler-pod-0,container-main,payments,staging,,
2026-03-28T15:33:00+00:00,jvm_memory_used_bytes,gauge,299999365,terminal-handler-sim,terminal-handler-pod-0,container-main,payments,staging,,
2026-03-28T15:33:00+00:00,jvm_gc_pause_seconds_sum,gauge,0.10542267691714105,terminal-handler-sim,terminal-handler-pod-0,container-main,payments,staging,,
2026-03-28T15:33:00+00:00,process_cpu_usage,gauge,0.198808051430167,terminal-handler-sim,terminal-handler-pod-0,container-main,payments,staging,,
2026-03-28T15:34:00+00:00,jvm_memory_used_bytes,gauge,300000860,terminal-handler-sim,terminal-handler-pod-0,container-main,payments,staging,,
2026-03-28T15:34:00+00:00,jvm_gc_pause_seconds_sum,gauge,0.10427906228441579,terminal-handler-sim,terminal-handler-pod-0,container-main,payments,staging,,
2026-03-28T15:34:00+00:00,process_cpu_usage,gauge,0.19202624685442007,terminal-handler-sim,terminal-handler-pod-0,container-main,payments,staging,,
2026-03-28T15:35:00+00:00,jvm_memory_used_bytes,gauge,299999391,terminal-handler-sim,terminal-handler-pod-0,container-main,payments,staging,,
2026-03-28T15:35:00+00:00,jvm_gc_pause_seconds_sum,gauge,0.09337519508877294,terminal-handler-sim,terminal-handler-pod-0,container-main,payments,staging,,
2026-03-28T15:35:00+00:00,process_cpu_usage,gauge,0.20304837996436395,terminal-handler-sim,terminal-handler-pod-0,container-main,payments,staging,,
2026-03-28T15:36:00+00:00,jvm_memory_used_bytes,gauge,299999080,terminal-handler-sim,terminal-handler-pod-0,container-main,payments,staging,,
2026-03-28T15:36:00+00:00,jvm_gc_pause_seconds_sum,gauge,0.10741993291167024,terminal-handler-sim,terminal-handler-pod-0,container-main,payments,staging,,
2026-03-28T15:36:00+00:00,process_cpu_usage,gauge,0.19902390460700095,terminal-handler-sim,terminal-handler-pod-0,container-main,payments,staging,,
2026-03-28T15:37:00+00:00,jvm_memory_used_bytes,gauge,300000925,terminal-handler-sim,terminal-handler-pod-0,container-main,payments,staging,,
2026-03-28T15:37:00+00:00,jvm_gc_pause_seconds_sum,gauge,0.10212673757953883,terminal-handler-sim,terminal-handler-pod-0,container-main,payments,staging,,
2026-03-28T15:37:00+00:00,process_cpu_usage,gauge,0.19616718657878568,terminal-handler-sim,terminal-handler-pod-0,container-main,payments,staging,,
2026-03-28T15:38:00+00:00,jvm_memory_used_bytes,gauge,300000758,terminal-handler-sim,terminal-handler-pod-0,container-main,payments,staging,,
2026-03-28T15:38:00+00:00,jvm_gc_pause_seconds_sum,gauge,0.10775611999808986,terminal-handler-sim,terminal-handler-pod-0,container-main,payments,staging,,
2026-03-28T15:38:00+00:00,process_cpu_usage,gauge,0.1929820202957492,terminal-handler-sim,terminal-handler-pod-0,container-main,payments,staging,,
2026-03-28T15:39:00+00:00,jvm_memory_used_bytes,gauge,299999453,terminal-handler-sim,terminal-handler-pod-0,container-main,payments,staging,,
2026-03-28T15:39:00+00:00,jvm_gc_pause_seconds_sum,gauge,0.10151966550861649,terminal-handler-sim,terminal-handler-pod-0,container-main,payments,staging,,
2026-03-28T15:39:00+00:00,process_cpu_usage,gauge,0.2029266643239423,terminal-handler-sim,terminal-handler-pod-0,container-main,payments,staging,,
2026-03-28T15:40:00+00:00,jvm_memory_used_bytes,gauge,299999389,terminal-handler-sim,terminal-handler-pod-0,container-main,payments,staging,,
2026-03-28T15:40:00+00:00,jvm_gc_pause_seconds_sum,gauge,0.10900159255984501,terminal-handler-sim,terminal-handler-pod-0,container-main,payments,staging,,
2026-03-28T15:40:00+00:00,process_cpu_usage,gauge,0.19002012362013063,terminal-handler-sim,terminal-handler-pod-0,container-main,payments,staging,,
2026-03-28T15:41:00+00:00,jvm_memory_used_bytes,gauge,300000264,terminal-handler-sim,terminal-handler-pod-0,container-main,payments,staging,,
2026-03-28T15:41:00+00:00,jvm_gc_pause_seconds_sum,gauge,0.10528077432102936,terminal-handler-sim,terminal-handler-pod-0,container-main,payments,staging,,
2026-03-28T15:41:00+00:00,process_cpu_usage,gauge,0.19918720206410234,terminal-handler-sim,terminal-handler-pod-0,container-main,payments,staging,,
2026-03-28T15:42:00+00:00,jvm_memory_used_bytes,gauge,300000645,terminal-handler-sim,terminal-handler-pod-0,container-main,payments,staging,,
2026-03-28T15:42:00+00:00,jvm_gc_pause_seconds_sum,gauge,0.09451732796541684,terminal-handler-sim,terminal-handler-pod-0,container-main,payments,staging,,
2026-03-28T15:42:00+00:00,process_cpu_usage,gauge,0.19837359226298068,terminal-handler-sim,terminal-handler-pod-0,container-main,payments,staging,,
2026-03-28T15:43:00+00:00,jvm_memory_used_bytes,gauge,299999257,terminal-handler-sim,terminal-handler-pod-0,container-main,payments,staging,,
2026-03-28T15:43:00+00:00,jvm_gc_pause_seconds_sum,gauge,0.1070853283638489,terminal-handler-sim,terminal-handler-pod-0,container-main,payments,staging,,
2026-03-28T15:43:00+00:00,process_cpu_usage,gauge,0.1995949958275522,terminal-handler-sim,terminal-handler-pod-0,container-main,payments,staging,,
2026-03-28T15:44:00+00:00,jvm_memory_used_bytes,gauge,299999237,terminal-handler-sim,terminal-handler-pod-0,container-main,payments,staging,,
2026-03-28T15:44:00+00:00,jvm_gc_pause_seconds_sum,gauge,0.1050217332308027,terminal-handler-sim,terminal-handler-pod-0,container-main,payments,staging,,
2026-03-28T15:44:00+00:00,process_cpu_usage,gauge,0.1980955180386714,terminal-handler-sim,terminal-handler-pod-0,container-main,payments,staging,,
2026-03-28T15:45:00+00:00,jvm_memory_used_bytes,gauge,300000084,terminal-handler-sim,terminal-handler-pod-0,container-main,payments,staging,,
2026-03-28T15:45:00+00:00,jvm_gc_pause_seconds_sum,gauge,0.10462790844721934,terminal-handler-sim,terminal-handler-pod-0,container-main,payments,staging,,
2026-03-28T15:45:00+00:00,process_cpu_usage,gauge,0.20103377932677446,terminal-handler-sim,terminal-handler-pod-0,container-main,payments,staging,,
2026-03-28T15:46:00+00:00,jvm_memory_used_bytes,gauge,300000365,terminal-handler-sim,terminal-handler-pod-0,container-main,payments,staging,,
2026-03-28T15:46:00+00:00,jvm_gc_pause_seconds_sum,gauge,0.09760734083795236,terminal-handler-sim,terminal-handler-pod-0,container-main,payments,staging,,
2026-03-28T15:46:00+00:00,process_cpu_usage,gauge,0.19476601033384866,terminal-handler-sim,terminal-handler-pod-0,container-main,payments,staging,,
2026-03-28T15:47:00+00:00,jvm_memory_used_bytes,gauge,300000081,terminal-handler-sim,terminal-handler-pod-0,container-main,payments,staging,,
2026-03-28T15:47:00+00:00,jvm_gc_pause_seconds_sum,gauge,0.10618816349790382,terminal-handler-sim,terminal-handler-pod-0,container-main,payments,staging,,
2026-03-28T15:47:00+00:00,process_cpu_usage,gauge,0.19190970000542312,terminal-handler-sim,terminal-handler-pod-0,container-main,payments,staging,,
2026-03-28T15:48:00+00:00,jvm_memory_used_bytes,gauge,300000807,terminal-handler-sim,terminal-handler-pod-0,container-main,payments,staging,,
2026-03-28T15:48:00+00:00,jvm_gc_pause_seconds_sum,gauge,0.10265013637319789,terminal-handler-sim,terminal-handler-pod-0,container-main,payments,staging,,
2026-03-28T15:48:00+00:00,process_cpu_usage,gauge,0.19464285777812568,terminal-handler-sim,terminal-handler-pod-0,container-main,payments,staging,,
2026-03-28T15:49:00+00:00,jvm_memory_used_bytes,gauge,300000689,terminal-handler-sim,terminal-handler-pod-0,container-main,payments,staging,,
2026-03-28T15:49:00+00:00,jvm_gc_pause_seconds_sum,gauge,0.10437219297651307,terminal-handler-sim,terminal-handler-pod-0,container-main,payments,staging,,
2026-03-28T15:49:00+00:00,process_cpu_usage,gauge,0.19204083496413876,terminal-handler-sim,terminal-handler-pod-0,container-main,payments,staging,,
2026-03-28T15:50:00+00:00,jvm_memory_used_bytes,gauge,299999179,terminal-handler-sim,terminal-handler-pod-0,container-main,payments,staging,,
2026-03-28T15:50:00+00:00,jvm_gc_pause_seconds_sum,gauge,0.09467058614639615,terminal-handler-sim,terminal-handler-pod-0,container-main,payments,staging,,
2026-03-28T15:50:00+00:00,process_cpu_usage,gauge,0.20005941888645287,terminal-handler-sim,terminal-handler-pod-0,container-main,payments,staging,,
2026-03-28T15:51:00+00:00,jvm_memory_used_bytes,gauge,299999243,terminal-handler-sim,terminal-handler-pod-0,container-main,payments,staging,,
2026-03-28T15:51:00+00:00,jvm_gc_pause_seconds_sum,gauge,0.10791018759562057,terminal-handler-sim,terminal-handler-pod-0,container-main,payments,staging,,
2026-03-28T15:51:00+00:00,process_cpu_usage,gauge,0.19590999209420684,terminal-handler-sim,terminal-handler-pod-0,container-main,payments,staging,,
2026-03-28T15:52:00+00:00,jvm_memory_used_bytes,gauge,300000753,terminal-handler-sim,terminal-handler-pod-0,container-main,payments,staging,,
2026-03-28T15:52:00+00:00,jvm_gc_pause_seconds_sum,gauge,0.09682534492155771,terminal-handler-sim,terminal-handler-pod-0,container-main,payments,staging,,
2026-03-28T15:52:00+00:00,process_cpu_usage,gauge,0.2045553714914575,terminal-handler-sim,terminal-handler-pod-0,container-main,payments,staging,,
2026-03-28T15:53:00+00:00,jvm_memory_used_bytes,gauge,300000774,terminal-handler-sim,terminal-handler-pod-0,container-main,payments,staging,,
2026-03-28T15:53:00+00:00,jvm_gc_pause_seconds_sum,gauge,0.10176789587126978,terminal-handler-sim,terminal-handler-pod-0,container-main,payments,staging,,
2026-03-28T15:53:00+00:00,process_cpu_usage,gauge,0.1915061928079114,terminal-handler-sim,terminal-handler-pod-0,container-main,payments,staging,,
2026-03-28T15:54:00+00:00,jvm_memory_used_bytes,gauge,300000299,terminal-handler-sim,terminal-handler-pod-0,container-main,payments,staging,,
2026-03-28T15:54:00+00:00,jvm_gc_pause_seconds_sum,gauge,0.10564396651982191,terminal-handler-sim,terminal-handler-pod-0,container-main,payments,staging,,
2026-03-28T15:54:00+00:00,process_cpu_usage,gauge,0.20121760359704838,terminal-handler-sim,terminal-handler-pod-0,container-main,payments,staging,,
2026-03-28T15:55:00+00:00,jvm_memory_used_bytes,gauge,299999562,terminal-handler-sim,terminal-handler-pod-0,container-main,payments,staging,,
2026-03-28T15:55:00+00:00,jvm_gc_pause_seconds_sum,gauge,0.09475174878990333,terminal-handler-sim,terminal-handler-pod-0,container-main,payments,staging,,
2026-03-28T15:55:00+00:00,process_cpu_usage,gauge,0.1901248210417481,terminal-handler-sim,terminal-handler-pod-0,container-main,payments,staging,,
2026-03-28T15:56:00+00:00,jvm_memory_used_bytes,gauge,300000444,terminal-handler-sim,terminal-handler-pod-0,container-main,payments,staging,,
2026-03-28T15:56:00+00:00,jvm_gc_pause_seconds_sum,gauge,0.10561896850834214,terminal-handler-sim,terminal-handler-pod-0,container-main,payments,staging,,
2026-03-28T15:56:00+00:00,process_cpu_usage,gauge,0.1906927473109285,terminal-handler-sim,terminal-handler-pod-0,container-main,payments,staging,,
2026-03-28T15:57:00+00:00,jvm_memory_used_bytes,gauge,299999588,terminal-handler-sim,terminal-handler-pod-0,container-main,payments,staging,,
2026-03-28T15:57:00+00:00,jvm_gc_pause_seconds_sum,gauge,0.1053057373370668,terminal-handler-sim,terminal-handler-pod-0,container-main,payments,staging,,
2026-03-28T15:57:00+00:00,process_cpu_usage,gauge,0.20543843110914486,terminal-handler-sim,terminal-handler-pod-0,container-main,payments,staging,,
2026-03-28T15:58:00+00:00,jvm_memory_used_bytes,gauge,299999195,terminal-handler-sim,terminal-handler-pod-0,container-main,payments,staging,,
2026-03-28T15:58:00+00:00,jvm_gc_pause_seconds_sum,gauge,0.09476060586697271,terminal-handler-sim,terminal-handler-pod-0,container-main,payments,staging,,
2026-03-28T15:58:00+00:00,process_cpu_usage,gauge,0.19974611829521793,terminal-handler-sim,terminal-handler-pod-0,container-main,payments,staging,,
2026-03-28T15:59:00+00:00,jvm_memory_used_bytes,gauge,300000235,terminal-handler-sim,terminal-handler-pod-0,container-main,payments,staging,,
2026-03-28T15:59:00+00:00,jvm_gc_pause_seconds_sum,gauge,0.10449315463829845,terminal-handler-sim,terminal-handler-pod-0,container-main,payments,staging,,
2026-03-28T15:59:00+00:00,process_cpu_usage,gauge,0.19404764801359278,terminal-handler-sim,terminal-handler-pod-0,container-main,payments,staging,,
2026-03-28T16:00:00+00:00,jvm_memory_used_bytes,gauge,299999097,terminal-handler-sim,terminal-handler-pod-0,container-main,payments,staging,,
2026-03-28T16:00:00+00:00,jvm_gc_pause_seconds_sum,gauge,0.10654334622235637,terminal-handler-sim,terminal-handler-pod-0,container-main,payments,staging,,
2026-03-28T16:00:00+00:00,process_cpu_usage,gauge,0.1922017293009747,terminal-handler-sim,terminal-handler-pod-0,container-main,payments,staging,,
2026-03-28T16:01:00+00:00,jvm_memory_used_bytes,gauge,299999532,terminal-handler-sim,terminal-handler-pod-0,container-main,payments,staging,,
2026-03-28T16:01:00+00:00,jvm_gc_pause_seconds_sum,gauge,0.09017134904731201,terminal-handler-sim,terminal-handler-pod-0,container-main,payments,staging,,
2026-03-28T16:01:00+00:00,process_cpu_usage,gauge,0.1935386566550627,terminal-handler-sim,terminal-handler-pod-0,container-main,payments,staging,,
2026-03-28T16:02:00+00:00,jvm_memory_used_bytes,gauge,299999961,terminal-handler-sim,terminal-handler-pod-0,container-main,payments,staging,,
2026-03-28T16:02:00+00:00,jvm_gc_pause_seconds_sum,gauge,0.09487636070153407,terminal-handler-sim,terminal-handler-pod-0,container-main,payments,staging,,
2026-03-28T16:02:00+00:00,process_cpu_usage,gauge,0.20869702204904406,terminal-handler-sim,terminal-handler-pod-0,container-main,payments,staging,,
2026-03-28T16:03:00+00:00,jvm_memory_used_bytes,gauge,300000414,terminal-handler-sim,terminal-handler-pod-0,container-main,payments,staging,,
2026-03-28T16:03:00+00:00,jvm_gc_pause_seconds_sum,gauge,0.10698838598404757,terminal-handler-sim,terminal-handler-pod-0,container-main,payments,staging,,
2026-03-28T16:03:00+00:00,process_cpu_usage,gauge,0.20442819166377427,terminal-handler-sim,terminal-handler-pod-0,container-main,payments,staging,,
2026-03-28T16:04:00+00:00,jvm_memory_used_bytes,gauge,300000143,terminal-handler-sim,terminal-handler-pod-0,container-main,payments,staging,,
2026-03-28T16:04:00+00:00,jvm_gc_pause_seconds_sum,gauge,0.10873848783017571,terminal-handler-sim,terminal-handler-pod-0,container-main,payments,staging,,
2026-03-28T16:04:00+00:00,process_cpu_usage,gauge,0.19173547615885034,terminal-handler-sim,terminal-handler-pod-0,container-main,payments,staging,,
2026-03-28T16:05:00+00:00,jvm_memory_used_bytes,gauge,299999088,terminal-handler-sim,terminal-handler-pod-0,container-main,payments,staging,,
2026-03-28T16:05:00+00:00,jvm_gc_pause_seconds_sum,gauge,0.1060283344384388,terminal-handler-sim,terminal-handler-pod-0,container-main,payments,staging,,
2026-03-28T16:05:00+00:00,process_cpu_usage,gauge,0.20856023438459326,terminal-handler-sim,terminal-handler-pod-0,container-main,payments,staging,,
2026-03-28T16:06:00+00:00,jvm_memory_used_bytes,gauge,300000044,terminal-handler-sim,terminal-handler-pod-0,container-main,payments,staging,,
2026-03-28T16:06:00+00:00,jvm_gc_pause_seconds_sum,gauge,0.10444811532753145,terminal-handler-sim,terminal-handler-pod-0,container-main,payments,staging,,
2026-03-28T16:06:00+00:00,process_cpu_usage,gauge,0.1940691364672979,terminal-handler-sim,terminal-handler-pod-0,container-main,payments,staging,,
2026-03-28T16:07:00+00:00,jvm_memory_used_bytes,gauge,299999151,terminal-handler-sim,terminal-handler-pod-0,container-main,payments,staging,,
2026-03-28T16:07:00+00:00,jvm_gc_pause_seconds_sum,gauge,0.10677580173640518,terminal-handler-sim,terminal-handler-pod-0,container-main,payments,staging,,
2026-03-28T16:07:00+00:00,process_cpu_usage,gauge,0.20450620919522325,terminal-handler-sim,terminal-handler-pod-0,container-main,payments,staging,,
2026-03-28T16:08:00+00:00,jvm_memory_used_bytes,gauge,299999261,terminal-handler-sim,terminal-handler-pod-0,container-main,payments,staging,,
2026-03-28T16:08:00+00:00,jvm_gc_pause_seconds_sum,gauge,0.1067152415314579,terminal-handler-sim,terminal-handler-pod-0,container-main,payments,staging,,
2026-03-28T16:08:00+00:00,process_cpu_usage,gauge,0.1928562300280167,terminal-handler-sim,terminal-handler-pod-0,container-main,payments,staging,,
2026-03-28T16:09:00+00:00,jvm_memory_used_bytes,gauge,300000969,terminal-handler-sim,terminal-handler-pod-0,container-main,payments,staging,,
2026-03-28T16:09:00+00:00,jvm_gc_pause_seconds_sum,gauge,0.1085955740020161,terminal-handler-sim,terminal-handler-pod-0,container-main,payments,staging,,
2026-03-28T16:09:00+00:00,process_cpu_usage,gauge,0.1986495950772902,terminal-handler-sim,terminal-handler-pod-0,container-main,payments,staging,,
2026-03-28T16:10:00+00:00,jvm_memory_used_bytes,gauge,300000183,terminal-handler-sim,terminal-handler-pod-0,container-main,payments,staging,,
2026-03-28T16:10:00+00:00,jvm_gc_pause_seconds_sum,gauge,0.10004944295789367,terminal-handler-sim,terminal-handler-pod-0,container-main,payments,staging,,
2026-03-28T16:10:00+00:00,process_cpu_usage,gauge,0.20430016409527163,terminal-handler-sim,terminal-handler-pod-0,container-main,payments,staging,,
2026-03-28T16:11:00+00:00,jvm_memory_used_bytes,gauge,299999314,terminal-handler-sim,terminal-handler-pod-0,container-main,payments,staging,,
2026-03-28T16:11:00+00:00,jvm_gc_pause_seconds_sum,gauge,0.0925902014609036,terminal-handler-sim,terminal-handler-pod-0,container-main,payments,staging,,
2026-03-28T16:11:00+00:00,process_cpu_usage,gauge,0.20053917885234868,terminal-handler-sim,terminal-handler-pod-0,container-main,payments,staging,,
2026-03-28T16:12:00+00:00,jvm_memory_used_bytes,gauge,300000985,terminal-handler-sim,terminal-handler-pod-0,container-main,payments,staging,,
2026-03-28T16:12:00+00:00,jvm_gc_pause_seconds_sum,gauge,0.0946728183637026,terminal-handler-sim,terminal-handler-pod-0,container-main,payments,staging,,
2026-03-28T16:12:00+00:00,process_cpu_usage,gauge,0.19813564225503222,terminal-handler-sim,terminal-handler-pod-0,container-main,payments,staging,,
2026-03-28T16:13:00+00:00,jvm_memory_used_bytes,gauge,300000140,terminal-handler-sim,terminal-handler-pod-0,container-main,payments,staging,,
2026-03-28T16:13:00+00:00,jvm_gc_pause_seconds_sum,gauge,0.09398362129609013,terminal-handler-sim,terminal-handler-pod-0,container-main,payments,staging,,
2026-03-28T16:13:00+00:00,process_cpu_usage,gauge,0.20924304108927966,terminal-handler-sim,terminal-handler-pod-0,container-main,payments,staging,,
2026-03-28T16:14:00+00:00,jvm_memory_used_bytes,gauge,300000795,terminal-handler-sim,terminal-handler-pod-0,container-main,payments,staging,,
2026-03-28T16:14:00+00:00,jvm_gc_pause_seconds_sum,gauge,0.09278569975450783,terminal-handler-sim,terminal-handler-pod-0,container-main,payments,staging,,
2026-03-28T16:14:00+00:00,process_cpu_usage,gauge,0.19035739152995337,terminal-handler-sim,terminal-handler-pod-0,container-main,payments,staging,,
2026-03-28T16:15:00+00:00,jvm_memory_used_bytes,gauge,299999578,terminal-handler-sim,terminal-handler-pod-0,container-main,payments,staging,,
2026-03-28T16:15:00+00:00,jvm_gc_pause_seconds_sum,gauge,0.09383249127182106,terminal-handler-sim,terminal-handler-pod-0,container-main,payments,staging,,
2026-03-28T16:15:00+00:00,process_cpu_usage,gauge,0.20152208169813876,terminal-handler-sim,terminal-handler-pod-0,container-main,payments,staging,,
2026-03-28T16:16:00+00:00,jvm_memory_used_bytes,gauge,300000391,terminal-handler-sim,terminal-handler-pod-0,container-main,payments,staging,,
2026-03-28T16:16:00+00:00,jvm_gc_pause_seconds_sum,gauge,0.09387104767850019,terminal-handler-sim,terminal-handler-pod-0,container-main,payments,staging,,
2026-03-28T16:16:00+00:00,process_cpu_usage,gauge,0.20427759737295206,terminal-handler-sim,terminal-handler-pod-0,container-main,payments,staging,,
2026-03-28T16:17:00+00:00,jvm_memory_used_bytes,gauge,299999254,terminal-handler-sim,terminal-handler-pod-0,container-main,payments,staging,,
2026-03-28T16:17:00+00:00,jvm_gc_pause_seconds_sum,gauge,0.1041753286417889,terminal-handler-sim,terminal-handler-pod-0,container-main,payments,staging,,
2026-03-28T16:17:00+00:00,process_cpu_usage,gauge,0.1980979234966817,terminal-handler-sim,terminal-handler-pod-0,container-main,payments,staging,,
2026-03-28T16:18:00+00:00,jvm_memory_used_bytes,gauge,299999476,terminal-handler-sim,terminal-handler-pod-0,container-main,payments,staging,,
2026-03-28T16:18:00+00:00,jvm_gc_pause_seconds_sum,gauge,0.10359945914476111,terminal-handler-sim,terminal-handler-pod-0,container-main,payments,staging,,
2026-03-28T16:18:00+00:00,process_cpu_usage,gauge,0.1980322361343632,terminal-handler-sim,terminal-handler-pod-0,container-main,payments,staging,,
2026-03-28T16:19:00+00:00,jvm_memory_used_bytes,gauge,299999094,terminal-handler-sim,terminal-handler-pod-0,container-main,payments,staging,,
2026-03-28T16:19:00+00:00,jvm_gc_pause_seconds_sum,gauge,0.10654452697573191,terminal-handler-sim,terminal-handler-pod-0,container-main,payments,staging,,
2026-03-28T16:19:00+00:00,process_cpu_usage,gauge,0.20924068782184718,terminal-handler-sim,terminal-handler-pod-0,container-main,payments,staging,,
2026-03-28T16:20:00+00:00,jvm_memory_used_bytes,gauge,299999631,terminal-handler-sim,terminal-handler-pod-0,container-main,payments,staging,,
2026-03-28T16:20:00+00:00,jvm_gc_pause_seconds_sum,gauge,0.09600110536672912,terminal-handler-sim,terminal-handler-pod-0,container-main,payments,staging,,
2026-03-28T16:20:00+00:00,process_cpu_usage,gauge,0.20517306943585706,terminal-handler-sim,terminal-handler-pod-0,container-main,payments,staging,,
2026-03-28T16:21:00+00:00,jvm_memory_used_bytes,gauge,299999834,terminal-handler-sim,terminal-handler-pod-0,container-main,payments,staging,,
2026-03-28T16:21:00+00:00,jvm_gc_pause_seconds_sum,gauge,0.1093973990737132,terminal-handler-sim,terminal-handler-pod-0,container-main,payments,staging,,
2026-03-28T16:21:00+00:00,process_cpu_usage,gauge,0.19153520298165944,terminal-handler-sim,terminal-handler-pod-0,container-main,payments,staging,,
2026-03-28T16:22:00+00:00,jvm_memory_used_bytes,gauge,299999200,terminal-handler-sim,terminal-handler-pod-0,container-main,payments,staging,,
2026-03-28T16:22:00+00:00,jvm_gc_pause_seconds_sum,gauge,0.10345845001150186,terminal-handler-sim,terminal-handler-pod-0,container-main,payments,staging,,
2026-03-28T16:22:00+00:00,process_cpu_usage,gauge,0.20658549077621038,terminal-handler-sim,terminal-handler-pod-0,container-main,payments,staging,,
2026-03-28T16:23:00+00:00,jvm_memory_used_bytes,gauge,299999224,terminal-handler-sim,terminal-handler-pod-0,container-main,payments,staging,,
2026-03-28T16:23:00+00:00,jvm_gc_pause_seconds_sum,gauge,0.10094996747258667,terminal-handler-sim,terminal-handler-pod-0,container-main,payments,staging,,
2026-03-28T16:23:00+00:00,process_cpu_usage,gauge,0.20282312131007924,terminal-handler-sim,terminal-handler-pod-0,container-main,payments,staging,,
2026-03-28T16:24:00+00:00,jvm_memory_used_bytes,gauge,300000964,terminal-handler-sim,terminal-handler-pod-0,container-main,payments,staging,,
2026-03-28T16:24:00+00:00,jvm_gc_pause_seconds_sum,gauge,0.10017173949848339,terminal-handler-sim,terminal-handler-pod-0,container-main,payments,staging,,
2026-03-28T16:24:00+00:00,process_cpu_usage,gauge,0.20936812479892963,terminal-handler-sim,terminal-handler-pod-0,container-main,payments,staging,,
2026-03-28T16:25:00+00:00,jvm_memory_used_bytes,gauge,300000130,terminal-handler-sim,terminal-handler-pod-0,container-main,payments,staging,,
2026-03-28T16:25:00+00:00,jvm_gc_pause_seconds_sum,gauge,0.10501421798430681,terminal-handler-sim,terminal-handler-pod-0,container-main,payments,staging,,
2026-03-28T16:25:00+00:00,process_cpu_usage,gauge,0.2096772519340236,terminal-handler-sim,terminal-handler-pod-0,container-main,payments,staging,,
2026-03-28T16:26:00+00:00,jvm_memory_used_bytes,gauge,300000943,terminal-handler-sim,terminal-handler-pod-0,container-main,payments,staging,,
2026-03-28T16:26:00+00:00,jvm_gc_pause_seconds_sum,gauge,0.0928378895674725,terminal-handler-sim,terminal-handler-pod-0,container-main,payments,staging,,
2026-03-28T16:26:00+00:00,process_cpu_usage,gauge,0.1915620284949607,terminal-handler-sim,terminal-handler-pod-0,container-main,payments,staging,,
2026-03-28T16:27:00+00:00,jvm_memory_used_bytes,gauge,300000557,terminal-handler-sim,terminal-handler-pod-0,container-main,payments,staging,,
2026-03-28T16:27:00+00:00,jvm_gc_pause_seconds_sum,gauge,0.09529399195301422,terminal-handler-sim,terminal-handler-pod-0,container-main,payments,staging,,
2026-03-28T16:27:00+00:00,process_cpu_usage,gauge,0.19318334717077348,terminal-handler-sim,terminal-handler-pod-0,container-main,payments,staging,,
2026-03-28T16:28:00+00:00,jvm_memory_used_bytes,gauge,300000133,terminal-handler-sim,terminal-handler-pod-0,container-main,payments,staging,,
2026-03-28T16:28:00+00:00,jvm_gc_pause_seconds_sum,gauge,0.09493739809328255,terminal-handler-sim,terminal-handler-pod-0,container-main,payments,staging,,
2026-03-28T16:28:00+00:00,process_cpu_usage,gauge,0.20180710646942332,terminal-handler-sim,terminal-handler-pod-0,container-main,payments,staging,,
2026-03-28T16:29:00+00:00,jvm_memory_used_bytes,gauge,300000232,terminal-handler-sim,terminal-handler-pod-0,container-main,payments,staging,,
2026-03-28T16:29:00+00:00,jvm_gc_pause_seconds_sum,gauge,0.10532105361335432,terminal-handler-sim,terminal-handler-pod-0,container-main,payments,staging,,
2026-03-28T16:29:00+00:00,process_cpu_usage,gauge,0.1949763148838957,terminal-handler-sim,terminal-handler-pod-0,container-main,payments,staging,,
2026-03-28T16:30:00+00:00,jvm_memory_used_bytes,gauge,299999355,terminal-handler-sim,terminal-handler-pod-0,container-main,payments,staging,,
2026-03-28T16:30:00+00:00,jvm_gc_pause_seconds_sum,gauge,0.092848233356398,terminal-handler-sim,terminal-handler-pod-0,container-main,payments,staging,,
2026-03-28T16:30:00+00:00,process_cpu_usage,gauge,0.2033682810899763,terminal-handler-sim,terminal-handler-pod-0,container-main,payments,staging,,
2026-03-28T16:31:00+00:00,jvm_memory_used_bytes,gauge,300000488,terminal-handler-sim,terminal-handler-pod-0,container-main,payments,staging,,
2026-03-28T16:31:00+00:00,jvm_gc_pause_seconds_sum,gauge,0.10842702012888893,terminal-handler-sim,terminal-handler-pod-0,container-main,payments,staging,,
2026-03-28T16:31:00+00:00,process_cpu_usage,gauge,0.19225424777721759,terminal-handler-sim,terminal-handler-pod-0,container-main,payments,staging,,
2026-03-28T16:32:00+00:00,jvm_memory_used_bytes,gauge,300000371,terminal-handler-sim,terminal-handler-pod-0,container-main,payments,staging,,
2026-03-28T16:32:00+00:00,jvm_gc_pause_seconds_sum,gauge,0.1004551440490872,terminal-handler-sim,terminal-handler-pod-0,container-main,payments,staging,,
2026-03-28T16:32:00+00:00,process_cpu_usage,gauge,0.20981269724581916,terminal-handler-sim,terminal-handler-pod-0,container-main,payments,staging,,
2026-03-28T16:33:00+00:00,jvm_memory_used_bytes,gauge,299999211,terminal-handler-sim,terminal-handler-pod-0,container-main,payments,staging,,
2026-03-28T16:33:00+00:00,jvm_gc_pause_seconds_sum,gauge,0.10609299943453801,terminal-handler-sim,terminal-handler-pod-0,container-main,payments,staging,,
2026-03-28T16:33:00+00:00,process_cpu_usage,gauge,0.19056732018401198,terminal-handler-sim,terminal-handler-pod-0,container-main,payments,staging,,
2026-03-28T16:34:00+00:00,jvm_memory_used_bytes,gauge,300000255,terminal-handler-sim,terminal-handler-pod-0,container-main,payments,staging,,
2026-03-28T16:34:00+00:00,jvm_gc_pause_seconds_sum,gauge,0.10069679427571897,terminal-handler-sim,terminal-handler-pod-0,container-main,payments,staging,,
2026-03-28T16:34:00+00:00,process_cpu_usage,gauge,0.1989829277173571,terminal-handler-sim,terminal-handler-pod-0,container-main,payments,staging,,
2026-03-28T16:35:00+00:00,jvm_memory_used_bytes,gauge,299999536,terminal-handler-sim,terminal-handler-pod-0,container-main,payments,staging,,
2026-03-28T16:35:00+00:00,jvm_gc_pause_seconds_sum,gauge,0.09603293793265365,terminal-handler-sim,terminal-handler-pod-0,container-main,payments,staging,,
2026-03-28T16:35:00+00:00,process_cpu_usage,gauge,0.19380602239917014,terminal-handler-sim,terminal-handler-pod-0,container-main,payments,staging,,
2026-03-28T16:36:00+00:00,jvm_memory_used_bytes,gauge,300000449,terminal-handler-sim,terminal-handler-pod-0,container-main,payments,staging,,
2026-03-28T16:36:00+00:00,jvm_gc_pause_seconds_sum,gauge,0.1077979167419805,terminal-handler-sim,terminal-handler-pod-0,container-main,payments,staging,,
2026-03-28T16:36:00+00:00,process_cpu_usage,gauge,0.19463420955921895,terminal-handler-sim,terminal-handler-pod-0,container-main,payments,staging,,
2026-03-28T16:37:00+00:00,jvm_memory_used_bytes,gauge,299999620,terminal-handler-sim,terminal-handler-pod-0,container-main,payments,staging,,
2026-03-28T16:37:00+00:00,jvm_gc_pause_seconds_sum,gauge,0.10155943288251741,terminal-handler-sim,terminal-handler-pod-0,container-main,payments,staging,,
2026-03-28T16:37:00+00:00,process_cpu_usage,gauge,0.20719651488499377,terminal-handler-sim,terminal-handler-pod-0,container-main,payments,staging,,
2026-03-28T16:38:00+00:00,jvm_memory_used_bytes,gauge,300000511,terminal-handler-sim,terminal-handler-pod-0,container-main,payments,staging,,
2026-03-28T16:38:00+00:00,jvm_gc_pause_seconds_sum,gauge,0.10196773923549989,terminal-handler-sim,terminal-handler-pod-0,container-main,payments,staging,,
2026-03-28T16:38:00+00:00,process_cpu_usage,gauge,0.2026687559191944,terminal-handler-sim,terminal-handler-pod-0,container-main,payments,staging,,
2026-03-28T16:39:00+00:00,jvm_memory_used_bytes,gauge,299999320,terminal-handler-sim,terminal-handler-pod-0,container-main,payments,staging,,
2026-03-28T16:39:00+00:00,jvm_gc_pause_seconds_sum,gauge,0.1078004143625172,terminal-handler-sim,terminal-handler-pod-0,container-main,payments,staging,,
2026-03-28T16:39:00+00:00,process_cpu_usage,gauge,0.19723412329309178,terminal-handler-sim,terminal-handler-pod-0,container-main,payments,staging,,
2026-03-28T16:40:00+00:00,jvm_memory_used_bytes,gauge,299999565,terminal-handler-sim,terminal-handler-pod-0,container-main,payments,staging,,
2026-03-28T16:40:00+00:00,jvm_gc_pause_seconds_sum,gauge,0.09841825208632586,terminal-handler-sim,terminal-handler-pod-0,container-main,payments,staging,,
2026-03-28T16:40:00+00:00,process_cpu_usage,gauge,0.19692187981328027,terminal-handler-sim,terminal-handler-pod-0,container-main,payments,staging,,
2026-03-28T16:41:00+00:00,jvm_memory_used_bytes,gauge,299999468,terminal-handler-sim,terminal-handler-pod-0,container-main,payments,staging,,
2026-03-28T16:41:00+00:00,jvm_gc_pause_seconds_sum,gauge,0.10232813123652873,terminal-handler-sim,terminal-handler-pod-0,container-main,payments,staging,,
2026-03-28T16:41:00+00:00,process_cpu_usage,gauge,0.19383378458755673,terminal-handler-sim,terminal-handler-pod-0,container-main,payments,staging,,
2026-03-28T16:42:00+00:00,jvm_memory_used_bytes,gauge,299999653,terminal-handler-sim,terminal-handler-pod-0,container-main,payments,staging,,
2026-03-28T16:42:00+00:00,jvm_gc_pause_seconds_sum,gauge,0.10214564922255186,terminal-handler-sim,terminal-handler-pod-0,container-main,payments,staging,,
2026-03-28T16:42:00+00:00,process_cpu_usage,gauge,0.20825912178749764,terminal-handler-sim,terminal-handler-pod-0,container-main,payments,staging,,
2026-03-28T16:43:00+00:00,jvm_memory_used_bytes,gauge,300000271,terminal-handler-sim,terminal-handler-pod-0,container-main,payments,staging,,
2026-03-28T16:43:00+00:00,jvm_gc_pause_seconds_sum,gauge,0.10282310738870717,terminal-handler-sim,terminal-handler-pod-0,container-main,payments,staging,,
2026-03-28T16:43:00+00:00,process_cpu_usage,gauge,0.20161682476888115,terminal-handler-sim,terminal-handler-pod-0,container-main,payments,staging,,
2026-03-28T16:44:00+00:00,jvm_memory_used_bytes,gauge,300000183,terminal-handler-sim,terminal-handler-pod-0,container-main,payments,staging,,
2026-03-28T16:44:00+00:00,jvm_gc_pause_seconds_sum,gauge,0.09671036049045341,terminal-handler-sim,terminal-handler-pod-0,container-main,payments,staging,,
2026-03-28T16:44:00+00:00,process_cpu_usage,gauge,0.1996363363641364,terminal-handler-sim,terminal-handler-pod-0,container-main,payments,staging,,
2026-03-28T16:45:00+00:00,jvm_memory_used_bytes,gauge,300000093,terminal-handler-sim,terminal-handler-pod-0,container-main,payments,staging,,
2026-03-28T16:45:00+00:00,jvm_gc_pause_seconds_sum,gauge,0.09159277078194605,terminal-handler-sim,terminal-handler-pod-0,container-main,payments,staging,,
2026-03-28T16:45:00+00:00,process_cpu_usage,gauge,0.2083315289141154,terminal-handler-sim,terminal-handler-pod-0,container-main,payments,staging,,
2026-03-28T16:46:00+00:00,jvm_memory_used_bytes,gauge,299999497,terminal-handler-sim,terminal-handler-pod-0,container-main,payments,staging,,
2026-03-28T16:46:00+00:00,jvm_gc_pause_seconds_sum,gauge,0.09214558419601337,terminal-handler-sim,terminal-handler-pod-0,container-main,payments,staging,,
2026-03-28T16:46:00+00:00,process_cpu_usage,gauge,0.19027898409974833,terminal-handler-sim,terminal-handler-pod-0,container-main,payments,staging,,
2026-03-28T16:47:00+00:00,jvm_memory_used_bytes,gauge,300000832,terminal-handler-sim,terminal-handler-pod-0,container-main,payments,staging,,
2026-03-28T16:47:00+00:00,jvm_gc_pause_seconds_sum,gauge,0.09073265139464741,terminal-handler-sim,terminal-handler-pod-0,container-main,payments,staging,,
2026-03-28T16:47:00+00:00,process_cpu_usage,gauge,0.2004821437331359,terminal-handler-sim,terminal-handler-pod-0,container-main,payments,staging,,
2026-03-28T16:48:00+00:00,jvm_memory_used_bytes,gauge,300000097,terminal-handler-sim,terminal-handler-pod-0,container-main,payments,staging,,
2026-03-28T16:48:00+00:00,jvm_gc_pause_seconds_sum,gauge,0.10827079878516382,terminal-handler-sim,terminal-handler-pod-0,container-main,payments,staging,,
2026-03-28T16:48:00+00:00,process_cpu_usage,gauge,0.20809416525106816,terminal-handler-sim,terminal-handler-pod-0,container-main,payments,staging,,
2026-03-28T16:49:00+00:00,jvm_memory_used_bytes,gauge,300000535,terminal-handler-sim,terminal-handler-pod-0,container-main,payments,staging,,
2026-03-28T16:49:00+00:00,jvm_gc_pause_seconds_sum,gauge,0.09008793120034865,terminal-handler-sim,terminal-handler-pod-0,container-main,payments,staging,,
2026-03-28T16:49:00+00:00,process_cpu_usage,gauge,0.19528323509744677,terminal-handler-sim,terminal-handler-pod-0,container-main,payments,staging,,
2026-03-28T16:50:00+00:00,jvm_memory_used_bytes,gauge,300000268,terminal-handler-sim,terminal-handler-pod-0,container-main,payments,staging,,
2026-03-28T16:50:00+00:00,jvm_gc_pause_seconds_sum,gauge,0.0969838878762341,terminal-handler-sim,terminal-handler-pod-0,container-main,payments,staging,,
2026-03-28T16:50:00+00:00,process_cpu_usage,gauge,0.201500255766397,terminal-handler-sim,terminal-handler-pod-0,container-main,payments,staging,,
2026-03-28T16:51:00+00:00,jvm_memory_used_bytes,gauge,299999668,terminal-handler-sim,terminal-handler-pod-0,container-main,payments,staging,,
2026-03-28T16:51:00+00:00,jvm_gc_pause_seconds_sum,gauge,0.10683768896344696,terminal-handler-sim,terminal-handler-pod-0,container-main,payments,staging,,
2026-03-28T16:51:00+00:00,process_cpu_usage,gauge,0.1922394639737638,terminal-handler-sim,terminal-handler-pod-0,container-main,payments,staging,,
2026-03-28T16:52:00+00:00,jvm_memory_used_bytes,gauge,299999150,terminal-handler-sim,terminal-handler-pod-0,container-main,payments,staging,,
2026-03-28T16:52:00+00:00,jvm_gc_pause_seconds_sum,gauge,0.09372034050882991,terminal-handler-sim,terminal-handler-pod-0,container-main,payments,staging,,
2026-03-28T16:52:00+00:00,process_cpu_usage,gauge,0.20658350611453943,terminal-handler-sim,terminal-handler-pod-0,container-main,payments,staging,,
2026-03-28T16:53:00+00:00,jvm_memory_used_bytes,gauge,299999336,terminal-handler-sim,terminal-handler-pod-0,container-main,payments,staging,,
2026-03-28T16:53:00+00:00,jvm_gc_pause_seconds_sum,gauge,0.09530969134075525,terminal-handler-sim,terminal-handler-pod-0,container-main,payments,staging,,
2026-03-28T16:53:00+00:00,process_cpu_usage,gauge,0.20725524793331132,terminal-handler-sim,terminal-handler-pod-0,container-main,payments,staging,,
2026-03-28T16:54:00+00:00,jvm_memory_used_bytes,gauge,300000987,terminal-handler-sim,terminal-handler-pod-0,container-main,payments,staging,,
2026-03-28T16:54:00+00:00,jvm_gc_pause_seconds_sum,gauge,0.10592154653562705,terminal-handler-sim,terminal-handler-pod-0,container-main,payments,staging,,
2026-03-28T16:54:00+00:00,process_cpu_usage,gauge,0.20257424856441442,terminal-handler-sim,terminal-handler-pod-0,container-main,payments,staging,,
2026-03-28T16:55:00+00:00,jvm_memory_used_bytes,gauge,300000976,terminal-handler-sim,terminal-handler-pod-0,container-main,payments,staging,,
2026-03-28T16:55:00+00:00,jvm_gc_pause_seconds_sum,gauge,0.09548674880948842,terminal-handler-sim,terminal-handler-pod-0,container-main,payments,staging,,
2026-03-28T16:55:00+00:00,process_cpu_usage,gauge,0.1956709544804497,terminal-handler-sim,terminal-handler-pod-0,container-main,payments,staging,,
2026-03-28T16:56:00+00:00,jvm_memory_used_bytes,gauge,299999083,terminal-handler-sim,terminal-handler-pod-0,container-main,payments,staging,,
2026-03-28T16:56:00+00:00,jvm_gc_pause_seconds_sum,gauge,0.10870470436949473,terminal-handler-sim,terminal-handler-pod-0,container-main,payments,staging,,
2026-03-28T16:56:00+00:00,process_cpu_usage,gauge,0.19211020318953564,terminal-handler-sim,terminal-handler-pod-0,container-main,payments,staging,,
2026-03-28T16:57:00+00:00,jvm_memory_used_bytes,gauge,299999595,terminal-handler-sim,terminal-handler-pod-0,container-main,payments,staging,,
2026-03-28T16:57:00+00:00,jvm_gc_pause_seconds_sum,gauge,0.1017794299834915,terminal-handler-sim,terminal-handler-pod-0,container-main,payments,staging,,
2026-03-28T16:57:00+00:00,process_cpu_usage,gauge,0.19790626541065615,terminal-handler-sim,terminal-handler-pod-0,container-main,payments,staging,,
2026-03-28T16:58:00+00:00,jvm_memory_used_bytes,gauge,299999101,terminal-handler-sim,terminal-handler-pod-0,container-main,payments,staging,,
2026-03-28T16:58:00+00:00,jvm_gc_pause_seconds_sum,gauge,0.09375672904277761,terminal-handler-sim,terminal-handler-pod-0,container-main,payments,staging,,
2026-03-28T16:58:00+00:00,process_cpu_usage,gauge,0.19103083240717922,terminal-handler-sim,terminal-handler-pod-0,container-main,payments,staging,,
2026-03-28T16:59:00+00:00,jvm_memory_used_bytes,gauge,300000069,terminal-handler-sim,terminal-handler-pod-0,container-main,payments,staging,,
2026-03-28T16:59:00+00:00,jvm_gc_pause_seconds_sum,gauge,0.10696667523209413,terminal-handler-sim,terminal-handler-pod-0,container-main,payments,staging,,
2026-03-28T16:59:00+00:00,process_cpu_usage,gauge,0.20548316850497078,terminal-handler-sim,terminal-handler-pod-0,container-main,payments,staging,,
2026-03-28T17:00:00+00:00,jvm_memory_used_bytes,gauge,300000912,terminal-handler-sim,terminal-handler-pod-0,container-main,payments,staging,,
2026-03-28T17:00:00+00:00,jvm_gc_pause_seconds_sum,gauge,0.10178515188163406,terminal-handler-sim,terminal-handler-pod-0,container-main,payments,staging,,
2026-03-28T17:00:00+00:00,process_cpu_usage,gauge,0.1919881240370293,terminal-handler-sim,terminal-handler-pod-0,container-main,payments,staging,,
2026-03-28T17:01:00+00:00,jvm_memory_used_bytes,gauge,299999214,terminal-handler-sim,terminal-handler-pod-0,container-main,payments,staging,,
2026-03-28T17:01:00+00:00,jvm_gc_pause_seconds_sum,gauge,0.09379125899887904,terminal-handler-sim,terminal-handler-pod-0,container-main,payments,staging,,
2026-03-28T17:01:00+00:00,process_cpu_usage,gauge,0.20755164820882754,terminal-handler-sim,terminal-handler-pod-0,container-main,payments,staging,,
2026-03-28T17:02:00+00:00,jvm_memory_used_bytes,gauge,299999444,terminal-handler-sim,terminal-handler-pod-0,container-main,payments,staging,,
2026-03-28T17:02:00+00:00,jvm_gc_pause_seconds_sum,gauge,0.10912830344986345,terminal-handler-sim,terminal-handler-pod-0,container-main,payments,staging,,
2026-03-28T17:02:00+00:00,process_cpu_usage,gauge,0.19612104813748454,terminal-handler-sim,terminal-handler-pod-0,container-main,payments,staging,,
2026-03-28T17:03:00+00:00,jvm_memory_used_bytes,gauge,300000356,terminal-handler-sim,terminal-handler-pod-0,container-main,payments,staging,,
2026-03-28T17:03:00+00:00,jvm_gc_pause_seconds_sum,gauge,0.1087102033284681,terminal-handler-sim,terminal-handler-pod-0,container-main,payments,staging,,
2026-03-28T17:03:00+00:00,process_cpu_usage,gauge,0.20358820837966882,terminal-handler-sim,terminal-handler-pod-0,container-main,payments,staging,,
2026-03-28T17:04:00+00:00,jvm_memory_used_bytes,gauge,299999743,terminal-handler-sim,terminal-handler-pod-0,container-main,payments,staging,,
2026-03-28T17:04:00+00:00,jvm_gc_pause_seconds_sum,gauge,0.10111298449226136,terminal-handler-sim,terminal-handler-pod-0,container-main,payments,staging,,
2026-03-28T17:04:00+00:00,process_cpu_usage,gauge,0.20012650191703232,terminal-handler-sim,terminal-handler-pod-0,container-main,payments,staging,,
2026-03-28T17:05:00+00:00,jvm_memory_used_bytes,gauge,299999738,terminal-handler-sim,terminal-handler-pod-0,container-main,payments,staging,,
2026-03-28T17:05:00+00:00,jvm_gc_pause_seconds_sum,gauge,0.09748921246624767,terminal-handler-sim,terminal-handler-pod-0,container-main,payments,staging,,
2026-03-28T17:05:00+00:00,process_cpu_usage,gauge,0.19855119499274157,terminal-handler-sim,terminal-handler-pod-0,container-main,payments,staging,,
2026-03-28T17:06:00+00:00,jvm_memory_used_bytes,gauge,299999070,terminal-handler-sim,terminal-handler-pod-0,container-main,payments,staging,,
2026-03-28T17:06:00+00:00,jvm_gc_pause_seconds_sum,gauge,0.10030484023404636,terminal-handler-sim,terminal-handler-pod-0,container-main,payments,staging,,
2026-03-28T17:06:00+00:00,process_cpu_usage,gauge,0.19640948778756803,terminal-handler-sim,terminal-handler-pod-0,container-main,payments,staging,,
2026-03-28T17:07:00+00:00,jvm_memory_used_bytes,gauge,299999042,terminal-handler-sim,terminal-handler-pod-0,container-main,payments,staging,,
2026-03-28T17:07:00+00:00,jvm_gc_pause_seconds_sum,gauge,0.09583164170182788,terminal-handler-sim,terminal-handler-pod-0,container-main,payments,staging,,
2026-03-28T17:07:00+00:00,process_cpu_usage,gauge,0.2034848404548296,terminal-handler-sim,terminal-handler-pod-0,container-main,payments,staging,,
2026-03-28T17:08:00+00:00,jvm_memory_used_bytes,gauge,300000488,terminal-handler-sim,terminal-handler-pod-0,container-main,payments,staging,,
2026-03-28T17:08:00+00:00,jvm_gc_pause_seconds_sum,gauge,0.10557053638969727,terminal-handler-sim,terminal-handler-pod-0,container-main,payments,staging,,
2026-03-28T17:08:00+00:00,process_cpu_usage,gauge,0.19836978954736756,terminal-handler-sim,terminal-handler-pod-0,container-main,payments,staging,,
2026-03-28T17:09:00+00:00,jvm_memory_used_bytes,gauge,300000208,terminal-handler-sim,terminal-handler-pod-0,container-main,payments,staging,,
2026-03-28T17:09:00+00:00,jvm_gc_pause_seconds_sum,gauge,0.0983501690626179,terminal-handler-sim,terminal-handler-pod-0,container-main,payments,staging,,
2026-03-28T17:09:00+00:00,process_cpu_usage,gauge,0.19482490077796896,terminal-handler-sim,terminal-handler-pod-0,container-main,payments,staging,,
2026-03-28T17:10:00+00:00,jvm_memory_used_bytes,gauge,300000398,terminal-handler-sim,terminal-handler-pod-0,container-main,payments,staging,,
2026-03-28T17:10:00+00:00,jvm_gc_pause_seconds_sum,gauge,0.1066663487528392,terminal-handler-sim,terminal-handler-pod-0,container-main,payments,staging,,
2026-03-28T17:10:00+00:00,process_cpu_usage,gauge,0.20181805175222647,terminal-handler-sim,terminal-handler-pod-0,container-main,payments,staging,,
2026-03-28T17:11:00+00:00,jvm_memory_used_bytes,gauge,300000066,terminal-handler-sim,terminal-handler-pod-0,container-main,payments,staging,,
2026-03-28T17:11:00+00:00,jvm_gc_pause_seconds_sum,gauge,0.10040382694338879,terminal-handler-sim,terminal-handler-pod-0,container-main,payments,staging,,
2026-03-28T17:11:00+00:00,process_cpu_usage,gauge,0.20293090568693606,terminal-handler-sim,terminal-handler-pod-0,container-main,payments,staging,,
2026-03-28T17:12:00+00:00,jvm_memory_used_bytes,gauge,300000764,terminal-handler-sim,terminal-handler-pod-0,container-main,payments,staging,,
2026-03-28T17:12:00+00:00,jvm_gc_pause_seconds_sum,gauge,0.10342609360965282,terminal-handler-sim,terminal-handler-pod-0,container-main,payments,staging,,
2026-03-28T17:12:00+00:00,process_cpu_usage,gauge,0.19361610751655572,terminal-handler-sim,terminal-handler-pod-0,container-main,payments,staging,,
2026-03-28T17:13:00+00:00,jvm_memory_used_bytes,gauge,300000530,terminal-handler-sim,terminal-handler-pod-0,container-main,payments,staging,,
2026-03-28T17:13:00+00:00,jvm_gc_pause_seconds_sum,gauge,0.09282075897639933,terminal-handler-sim,terminal-handler-pod-0,container-main,payments,staging,,
2026-03-28T17:13:00+00:00,process_cpu_usage,gauge,0.1930388990929502,terminal-handler-sim,terminal-handler-pod-0,container-main,payments,staging,,
2026-03-28T17:14:00+00:00,jvm_memory_used_bytes,gauge,299999273,terminal-handler-sim,terminal-handler-pod-0,container-main,payments,staging,,
2026-03-28T17:14:00+00:00,jvm_gc_pause_seconds_sum,gauge,0.09871954130268226,terminal-handler-sim,terminal-handler-pod-0,container-main,payments,staging,,
2026-03-28T17:14:00+00:00,process_cpu_usage,gauge,0.19807883872975052,terminal-handler-sim,terminal-handler-pod-0,container-main,payments,staging,,
2026-03-28T17:15:00+00:00,jvm_memory_used_bytes,gauge,299999729,terminal-handler-sim,terminal-handler-pod-0,container-main,payments,staging,,
2026-03-28T17:15:00+00:00,jvm_gc_pause_seconds_sum,gauge,0.1082881285367574,terminal-handler-sim,terminal-handler-pod-0,container-main,payments,staging,,
2026-03-28T17:15:00+00:00,process_cpu_usage,gauge,0.2029803330525661,terminal-handler-sim,terminal-handler-pod-0,container-main,payments,staging,,
2026-03-28T17:16:00+00:00,jvm_memory_used_bytes,gauge,299999607,terminal-handler-sim,terminal-handler-pod-0,container-main,payments,staging,,
2026-03-28T17:16:00+00:00,jvm_gc_pause_seconds_sum,gauge,0.09084683420765653,terminal-handler-sim,terminal-handler-pod-0,container-main,payments,staging,,
2026-03-28T17:16:00+00:00,process_cpu_usage,gauge,0.1918984478825296,terminal-handler-sim,terminal-handler-pod-0,container-main,payments,staging,,
2026-03-28T17:17:00+00:00,jvm_memory_used_bytes,gauge,299999047,terminal-handler-sim,terminal-handler-pod-0,container-main,payments,staging,,
2026-03-28T17:17:00+00:00,jvm_gc_pause_seconds_sum,gauge,0.09087555627123338,terminal-handler-sim,terminal-handler-pod-0,container-main,payments,staging,,
2026-03-28T17:17:00+00:00,process_cpu_usage,gauge,0.19953123756312913,terminal-handler-sim,terminal-handler-pod-0,container-main,payments,staging,,
2026-03-28T17:18:00+00:00,jvm_memory_used_bytes,gauge,299999366,terminal-handler-sim,terminal-handler-pod-0,container-main,payments,staging,,
2026-03-28T17:18:00+00:00,jvm_gc_pause_seconds_sum,gauge,0.09998160901415415,terminal-handler-sim,terminal-handler-pod-0,container-main,payments,staging,,
2026-03-28T17:18:00+00:00,process_cpu_usage,gauge,0.19904419008432625,terminal-handler-sim,terminal-handler-pod-0,container-main,payments,staging,,
2026-03-28T17:19:00+00:00,jvm_memory_used_bytes,gauge,300000621,terminal-handler-sim,terminal-handler-pod-0,container-main,payments,staging,,
2026-03-28T17:19:00+00:00,jvm_gc_pause_seconds_sum,gauge,0.10480015938091405,terminal-handler-sim,terminal-handler-pod-0,container-main,payments,staging,,
2026-03-28T17:19:00+00:00,process_cpu_usage,gauge,0.20892732956952365,terminal-handler-sim,terminal-handler-pod-0,container-main,payments,staging,,
2026-03-28T17:20:00+00:00,jvm_memory_used_bytes,gauge,299999448,terminal-handler-sim,terminal-handler-pod-0,container-main,payments,staging,,
2026-03-28T17:20:00+00:00,jvm_gc_pause_seconds_sum,gauge,0.09078563050521353,terminal-handler-sim,terminal-handler-pod-0,container-main,payments,staging,,
2026-03-28T17:20:00+00:00,process_cpu_usage,gauge,0.20195708244539504,terminal-handler-sim,terminal-handler-pod-0,container-main,payments,staging,,
2026-03-28T17:21:00+00:00,jvm_memory_used_bytes,gauge,300000704,terminal-handler-sim,terminal-handler-pod-0,container-main,payments,staging,,
2026-03-28T17:21:00+00:00,jvm_gc_pause_seconds_sum,gauge,0.1078296198662679,terminal-handler-sim,terminal-handler-pod-0,container-main,payments,staging,,
2026-03-28T17:21:00+00:00,process_cpu_usage,gauge,0.19992451637641992,terminal-handler-sim,terminal-handler-pod-0,container-main,payments,staging,,
2026-03-28T17:22:00+00:00,jvm_memory_used_bytes,gauge,299999869,terminal-handler-sim,terminal-handler-pod-0,container-main,payments,staging,,
2026-03-28T17:22:00+00:00,jvm_gc_pause_seconds_sum,gauge,0.10429683459339699,terminal-handler-sim,terminal-handler-pod-0,container-main,payments,staging,,
2026-03-28T17:22:00+00:00,process_cpu_usage,gauge,0.19328420707948135,terminal-handler-sim,terminal-handler-pod-0,container-main,payments,staging,,
2026-03-28T17:23:00+00:00,jvm_memory_used_bytes,gauge,300000769,terminal-handler-sim,terminal-handler-pod-0,container-main,payments,staging,,
2026-03-28T17:23:00+00:00,jvm_gc_pause_seconds_sum,gauge,0.10650653938937783,terminal-handler-sim,terminal-handler-pod-0,container-main,payments,staging,,
2026-03-28T17:23:00+00:00,process_cpu_usage,gauge,0.19723591228212986,terminal-handler-sim,terminal-handler-pod-0,container-main,payments,staging,,
2026-03-28T17:24:00+00:00,jvm_memory_used_bytes,gauge,299999714,terminal-handler-sim,terminal-handler-pod-0,container-main,payments,staging,,
2026-03-28T17:24:00+00:00,jvm_gc_pause_seconds_sum,gauge,0.09396591457404206,terminal-handler-sim,terminal-handler-pod-0,container-main,payments,staging,,
2026-03-28T17:24:00+00:00,process_cpu_usage,gauge,0.2043825591196266,terminal-handler-sim,terminal-handler-pod-0,container-main,payments,staging,,
2026-03-28T17:25:00+00:00,jvm_memory_used_bytes,gauge,299999360,terminal-handler-sim,terminal-handler-pod-0,container-main,payments,staging,,
2026-03-28T17:25:00+00:00,jvm_gc_pause_seconds_sum,gauge,0.09324316816892703,terminal-handler-sim,terminal-handler-pod-0,container-main,payments,staging,,
2026-03-28T17:25:00+00:00,process_cpu_usage,gauge,0.19385901724944204,terminal-handler-sim,terminal-handler-pod-0,container-main,payments,staging,,
2026-03-28T17:26:00+00:00,jvm_memory_used_bytes,gauge,300000009,terminal-handler-sim,terminal-handler-pod-0,container-main,payments,staging,,
2026-03-28T17:26:00+00:00,jvm_gc_pause_seconds_sum,gauge,0.10851224632503735,terminal-handler-sim,terminal-handler-pod-0,container-main,payments,staging,,
2026-03-28T17:26:00+00:00,process_cpu_usage,gauge,0.195655408136895,terminal-handler-sim,terminal-handler-pod-0,container-main,payments,staging,,
2026-03-28T17:27:00+00:00,jvm_memory_used_bytes,gauge,299999514,terminal-handler-sim,terminal-handler-pod-0,container-main,payments,staging,,
2026-03-28T17:27:00+00:00,jvm_gc_pause_seconds_sum,gauge,0.09001171908161629,terminal-handler-sim,terminal-handler-pod-0,container-main,payments,staging,,
2026-03-28T17:27:00+00:00,process_cpu_usage,gauge,0.19173084125605677,terminal-handler-sim,terminal-handler-pod-0,container-main,payments,staging,,
2026-03-28T17:28:00+00:00,jvm_memory_used_bytes,gauge,299999018,terminal-handler-sim,terminal-handler-pod-0,container-main,payments,staging,,
2026-03-28T17:28:00+00:00,jvm_gc_pause_seconds_sum,gauge,0.09900830741538563,terminal-handler-sim,terminal-handler-pod-0,container-main,payments,staging,,
2026-03-28T17:28:00+00:00,process_cpu_usage,gauge,0.19704477011558605,terminal-handler-sim,terminal-handler-pod-0,container-main,payments,staging,,
2026-03-28T17:29:00+00:00,jvm_memory_used_bytes,gauge,300000038,terminal-handler-sim,terminal-handler-pod-0,container-main,payments,staging,,
2026-03-28T17:29:00+00:00,jvm_gc_pause_seconds_sum,gauge,0.09617657032776367,terminal-handler-sim,terminal-handler-pod-0,container-main,payments,staging,,
2026-03-28T17:29:00+00:00,process_cpu_usage,gauge,0.2038915269675226,terminal-handler-sim,terminal-handler-pod-0,container-main,payments,staging,,
2026-03-28T17:30:00+00:00,jvm_memory_used_bytes,gauge,300000020,terminal-handler-sim,terminal-handler-pod-0,container-main,payments,staging,,
2026-03-28T17:30:00+00:00,jvm_gc_pause_seconds_sum,gauge,0.09721669818384654,terminal-handler-sim,terminal-handler-pod-0,container-main,payments,staging,,
2026-03-28T17:30:00+00:00,process_cpu_usage,gauge,0.19899646323557302,terminal-handler-sim,terminal-handler-pod-0,container-main,payments,staging,,
2026-03-28T17:31:00+00:00,jvm_memory_used_bytes,gauge,299999861,terminal-handler-sim,terminal-handler-pod-0,container-main,payments,staging,,
2026-03-28T17:31:00+00:00,jvm_gc_pause_seconds_sum,gauge,0.09152041766551296,terminal-handler-sim,terminal-handler-pod-0,container-main,payments,staging,,
2026-03-28T17:31:00+00:00,process_cpu_usage,gauge,0.19334728328520814,terminal-handler-sim,terminal-handler-pod-0,container-main,payments,staging,,
2026-03-28T17:32:00+00:00,jvm_memory_used_bytes,gauge,299999458,terminal-handler-sim,terminal-handler-pod-0,container-main,payments,staging,,
2026-03-28T17:32:00+00:00,jvm_gc_pause_seconds_sum,gauge,0.10801713639004372,terminal-handler-sim,terminal-handler-pod-0,container-main,payments,staging,,
2026-03-28T17:32:00+00:00,process_cpu_usage,gauge,0.2081326898869845,terminal-handler-sim,terminal-handler-pod-0,container-main,payments,staging,,
2026-03-28T17:33:00+00:00,jvm_memory_used_bytes,gauge,300000631,terminal-handler-sim,terminal-handler-pod-0,container-main,payments,staging,,
2026-03-28T17:33:00+00:00,jvm_gc_pause_seconds_sum,gauge,0.10388138729359135,terminal-handler-sim,terminal-handler-pod-0,container-main,payments,staging,,
2026-03-28T17:33:00+00:00,process_cpu_usage,gauge,0.19640576620613442,terminal-handler-sim,terminal-handler-pod-0,container-main,payments,staging,,
2026-03-28T17:34:00+00:00,jvm_memory_used_bytes,gauge,299999261,terminal-handler-sim,terminal-handler-pod-0,container-main,payments,staging,,
2026-03-28T17:34:00+00:00,jvm_gc_pause_seconds_sum,gauge,0.09861820952473371,terminal-handler-sim,terminal-handler-pod-0,container-main,payments,staging,,
2026-03-28T17:34:00+00:00,process_cpu_usage,gauge,0.2025971874363463,terminal-handler-sim,terminal-handler-pod-0,container-main,payments,staging,,
2026-03-28T17:35:00+00:00,jvm_memory_used_bytes,gauge,299999890,terminal-handler-sim,terminal-handler-pod-0,container-main,payments,staging,,
2026-03-28T17:35:00+00:00,jvm_gc_pause_seconds_sum,gauge,0.10375736651202906,terminal-handler-sim,terminal-handler-pod-0,container-main,payments,staging,,
2026-03-28T17:35:00+00:00,process_cpu_usage,gauge,0.19010495846071718,terminal-handler-sim,terminal-handler-pod-0,container-main,payments,staging,,
2026-03-28T17:36:00+00:00,jvm_memory_used_bytes,gauge,299999475,terminal-handler-sim,terminal-handler-pod-0,container-main,payments,staging,,
2026-03-28T17:36:00+00:00,jvm_gc_pause_seconds_sum,gauge,0.09026409416761443,terminal-handler-sim,terminal-handler-pod-0,container-main,payments,staging,,
2026-03-28T17:36:00+00:00,process_cpu_usage,gauge,0.19634450597091002,terminal-handler-sim,terminal-handler-pod-0,container-main,payments,staging,,
2026-03-28T17:37:00+00:00,jvm_memory_used_bytes,gauge,299999493,terminal-handler-sim,terminal-handler-pod-0,container-main,payments,staging,,
2026-03-28T17:37:00+00:00,jvm_gc_pause_seconds_sum,gauge,0.10423014590137038,terminal-handler-sim,terminal-handler-pod-0,container-main,payments,staging,,
2026-03-28T17:37:00+00:00,process_cpu_usage,gauge,0.2067725896451643,terminal-handler-sim,terminal-handler-pod-0,container-main,payments,staging,,
2026-03-28T17:38:00+00:00,jvm_memory_used_bytes,gauge,299999040,terminal-handler-sim,terminal-handler-pod-0,container-main,payments,staging,,
2026-03-28T17:38:00+00:00,jvm_gc_pause_seconds_sum,gauge,0.09496535223774831,terminal-handler-sim,terminal-handler-pod-0,container-main,payments,staging,,
2026-03-28T17:38:00+00:00,process_cpu_usage,gauge,0.20088987725716229,terminal-handler-sim,terminal-handler-pod-0,container-main,payments,staging,,
2026-03-28T17:39:00+00:00,jvm_memory_used_bytes,gauge,300000420,terminal-handler-sim,terminal-handler-pod-0,container-main,payments,staging,,
2026-03-28T17:39:00+00:00,jvm_gc_pause_seconds_sum,gauge,0.10181591753713369,terminal-handler-sim,terminal-handler-pod-0,container-main,payments,staging,,
2026-03-28T17:39:00+00:00,process_cpu_usage,gauge,0.20168875540427414,terminal-handler-sim,terminal-handler-pod-0,container-main,payments,staging,,
2026-03-28T17:40:00+00:00,jvm_memory_used_bytes,gauge,300000479,terminal-handler-sim,terminal-handler-pod-0,container-main,payments,staging,,
2026-03-28T17:40:00+00:00,jvm_gc_pause_seconds_sum,gauge,0.09270969631223354,terminal-handler-sim,terminal-handler-pod-0,container-main,payments,staging,,
2026-03-28T17:40:00+00:00,process_cpu_usage,gauge,0.20193448896143484,terminal-handler-sim,terminal-handler-pod-0,container-main,payments,staging,,
2026-03-28T17:41:00+00:00,jvm_memory_used_bytes,gauge,299999617,terminal-handler-sim,terminal-handler-pod-0,container-main,payments,staging,,
2026-03-28T17:41:00+00:00,jvm_gc_pause_seconds_sum,gauge,0.10741233537847909,terminal-handler-sim,terminal-handler-pod-0,container-main,payments,staging,,
2026-03-28T17:41:00+00:00,process_cpu_usage,gauge,0.20902034796859106,terminal-handler-sim,terminal-handler-pod-0,container-main,payments,staging,,
2026-03-28T17:42:00+00:00,jvm_memory_used_bytes,gauge,299999412,terminal-handler-sim,terminal-handler-pod-0,container-main,payments,staging,,
2026-03-28T17:42:00+00:00,jvm_gc_pause_seconds_sum,gauge,0.09369998466827946,terminal-handler-sim,terminal-handler-pod-0,container-main,payments,staging,,
2026-03-28T17:42:00+00:00,process_cpu_usage,gauge,0.20397862348855492,terminal-handler-sim,terminal-handler-pod-0,container-main,payments,staging,,
2026-03-28T17:43:00+00:00,jvm_memory_used_bytes,gauge,299999731,terminal-handler-sim,terminal-handler-pod-0,container-main,payments,staging,,
2026-03-28T17:43:00+00:00,jvm_gc_pause_seconds_sum,gauge,0.09573636204731185,terminal-handler-sim,terminal-handler-pod-0,container-main,payments,staging,,
2026-03-28T17:43:00+00:00,process_cpu_usage,gauge,0.20817728766191546,terminal-handler-sim,terminal-handler-pod-0,container-main,payments,staging,,
2026-03-28T17:44:00+00:00,jvm_memory_used_bytes,gauge,299999857,terminal-handler-sim,terminal-handler-pod-0,container-main,payments,staging,,
2026-03-28T17:44:00+00:00,jvm_gc_pause_seconds_sum,gauge,0.10053308858511162,terminal-handler-sim,terminal-handler-pod-0,container-main,payments,staging,,
2026-03-28T17:44:00+00:00,process_cpu_usage,gauge,0.1993815433604266,terminal-handler-sim,terminal-handler-pod-0,container-main,payments,staging,,
2026-03-28T17:45:00+00:00,jvm_memory_used_bytes,gauge,300000563,terminal-handler-sim,terminal-handler-pod-0,container-main,payments,staging,,
2026-03-28T17:45:00+00:00,jvm_gc_pause_seconds_sum,gauge,0.09371933122137256,terminal-handler-sim,terminal-handler-pod-0,container-main,payments,staging,,
2026-03-28T17:45:00+00:00,process_cpu_usage,gauge,0.19948784181835502,terminal-handler-sim,terminal-handler-pod-0,container-main,payments,staging,,
2026-03-28T17:46:00+00:00,jvm_memory_used_bytes,gauge,300000350,terminal-handler-sim,terminal-handler-pod-0,container-main,payments,staging,,
2026-03-28T17:46:00+00:00,jvm_gc_pause_seconds_sum,gauge,0.1099188766492852,terminal-handler-sim,terminal-handler-pod-0,container-main,payments,staging,,
2026-03-28T17:46:00+00:00,process_cpu_usage,gauge,0.20202413545183695,terminal-handler-sim,terminal-handler-pod-0,container-main,payments,staging,,
2026-03-28T17:47:00+00:00,jvm_memory_used_bytes,gauge,299999272,terminal-handler-sim,terminal-handler-pod-0,container-main,payments,staging,,
2026-03-28T17:47:00+00:00,jvm_gc_pause_seconds_sum,gauge,0.10099821192191553,terminal-handler-sim,terminal-handler-pod-0,container-main,payments,staging,,
2026-03-28T17:47:00+00:00,process_cpu_usage,gauge,0.19051380696087838,terminal-handler-sim,terminal-handler-pod-0,container-main,payments,staging,,
2026-03-28T17:48:00+00:00,jvm_memory_used_bytes,gauge,299999630,terminal-handler-sim,terminal-handler-pod-0,container-main,payments,staging,,
2026-03-28T17:48:00+00:00,jvm_gc_pause_seconds_sum,gauge,0.09517096575071185,terminal-handler-sim,terminal-handler-pod-0,container-main,payments,staging,,
2026-03-28T17:48:00+00:00,process_cpu_usage,gauge,0.20446546736545254,terminal-handler-sim,terminal-handler-pod-0,container-main,payments,staging,,
2026-03-28T17:49:00+00:00,jvm_memory_used_bytes,gauge,299999296,terminal-handler-sim,terminal-handler-pod-0,container-main,payments,staging,,
2026-03-28T17:49:00+00:00,jvm_gc_pause_seconds_sum,gauge,0.0971139313689943,terminal-handler-sim,terminal-handler-pod-0,container-main,payments,staging,,
2026-03-28T17:49:00+00:00,process_cpu_usage,gauge,0.20312614036559312,terminal-handler-sim,terminal-handler-pod-0,container-main,payments,staging,,
2026-03-28T17:50:00+00:00,jvm_memory_used_bytes,gauge,300000853,terminal-handler-sim,terminal-handler-pod-0,container-main,payments,staging,,
2026-03-28T17:50:00+00:00,jvm_gc_pause_seconds_sum,gauge,0.0977464670420476,terminal-handler-sim,terminal-handler-pod-0,container-main,payments,staging,,
2026-03-28T17:50:00+00:00,process_cpu_usage,gauge,0.1944150899952426,terminal-handler-sim,terminal-handler-pod-0,container-main,payments,staging,,
2026-03-28T17:51:00+00:00,jvm_memory_used_bytes,gauge,299999871,terminal-handler-sim,terminal-handler-pod-0,container-main,payments,staging,,
2026-03-28T17:51:00+00:00,jvm_gc_pause_seconds_sum,gauge,0.10966144640980756,terminal-handler-sim,terminal-handler-pod-0,container-main,payments,staging,,
2026-03-28T17:51:00+00:00,process_cpu_usage,gauge,0.19449199610430098,terminal-handler-sim,terminal-handler-pod-0,container-main,payments,staging,,
2026-03-28T17:52:00+00:00,jvm_memory_used_bytes,gauge,300000626,terminal-handler-sim,terminal-handler-pod-0,container-main,payments,staging,,
2026-03-28T17:52:00+00:00,jvm_gc_pause_seconds_sum,gauge,0.10596965339299491,terminal-handler-sim,terminal-handler-pod-0,container-main,payments,staging,,
2026-03-28T17:52:00+00:00,process_cpu_usage,gauge,0.19785236742432655,terminal-handler-sim,terminal-handler-pod-0,container-main,payments,staging,,
2026-03-28T17:53:00+00:00,jvm_memory_used_bytes,gauge,300000295,terminal-handler-sim,terminal-handler-pod-0,container-main,payments,staging,,
2026-03-28T17:53:00+00:00,jvm_gc_pause_seconds_sum,gauge,0.09533191172410484,terminal-handler-sim,terminal-handler-pod-0,container-main,payments,staging,,
2026-03-28T17:53:00+00:00,process_cpu_usage,gauge,0.20003746692703414,terminal-handler-sim,terminal-handler-pod-0,container-main,payments,staging,,
2026-03-28T17:54:00+00:00,jvm_memory_used_bytes,gauge,299999720,terminal-handler-sim,terminal-handler-pod-0,container-main,payments,staging,,
2026-03-28T17:54:00+00:00,jvm_gc_pause_seconds_sum,gauge,0.10986997032715734,terminal-handler-sim,terminal-handler-pod-0,container-main,payments,staging,,
2026-03-28T17:54:00+00:00,process_cpu_usage,gauge,0.19110590220924106,terminal-handler-sim,terminal-handler-pod-0,container-main,payments,staging,,
2026-03-28T17:55:00+00:00,jvm_memory_used_bytes,gauge,299999856,terminal-handler-sim,terminal-handler-pod-0,container-main,payments,staging,,
2026-03-28T17:55:00+00:00,jvm_gc_pause_seconds_sum,gauge,0.1031630698362209,terminal-handler-sim,terminal-handler-pod-0,container-main,payments,staging,,
2026-03-28T17:55:00+00:00,process_cpu_usage,gauge,0.20249394632450407,terminal-handler-sim,terminal-handler-pod-0,container-main,payments,staging,,
2026-03-28T17:56:00+00:00,jvm_memory_used_bytes,gauge,300000919,terminal-handler-sim,terminal-handler-pod-0,container-main,payments,staging,,
2026-03-28T17:56:00+00:00,jvm_gc_pause_seconds_sum,gauge,0.10401053344747435,terminal-handler-sim,terminal-handler-pod-0,container-main,payments,staging,,
2026-03-28T17:56:00+00:00,process_cpu_usage,gauge,0.19739947673010635,terminal-handler-sim,terminal-handler-pod-0,container-main,payments,staging,,
2026-03-28T17:57:00+00:00,jvm_memory_used_bytes,gauge,300000321,terminal-handler-sim,terminal-handler-pod-0,container-main,payments,staging,,
2026-03-28T17:57:00+00:00,jvm_gc_pause_seconds_sum,gauge,0.0974592647629971,terminal-handler-sim,terminal-handler-pod-0,container-main,payments,staging,,
2026-03-28T17:57:00+00:00,process_cpu_usage,gauge,0.19430533208295647,terminal-handler-sim,terminal-handler-pod-0,container-main,payments,staging,,
2026-03-28T17:58:00+00:00,jvm_memory_used_bytes,gauge,299999954,terminal-handler-sim,terminal-handler-pod-0,container-main,payments,staging,,
2026-03-28T17:58:00+00:00,jvm_gc_pause_seconds_sum,gauge,0.10535217718232934,terminal-handler-sim,terminal-handler-pod-0,container-main,payments,staging,,
2026-03-28T17:58:00+00:00,process_cpu_usage,gauge,0.194239189673569,terminal-handler-sim,terminal-handler-pod-0,container-main,payments,staging,,
2026-03-28T17:59:00+00:00,jvm_memory_used_bytes,gauge,299999062,terminal-handler-sim,terminal-handler-pod-0,container-main,payments,staging,,
2026-03-28T17:59:00+00:00,jvm_gc_pause_seconds_sum,gauge,0.10360954879086132,terminal-handler-sim,terminal-handler-pod-0,container-main,payments,staging,,
2026-03-28T17:59:00+00:00,process_cpu_usage,gauge,0.20486064164678963,terminal-handler-sim,terminal-handler-pod-0,container-main,payments,staging,,
2026-03-28T18:00:00+00:00,jvm_memory_used_bytes,gauge,300000491,terminal-handler-sim,terminal-handler-pod-0,container-main,payments,staging,,
2026-03-28T18:00:00+00:00,jvm_gc_pause_seconds_sum,gauge,0.0952238976011468,terminal-handler-sim,terminal-handler-pod-0,container-main,payments,staging,,
2026-03-28T18:00:00+00:00,process_cpu_usage,gauge,0.19164215910147273,terminal-handler-sim,terminal-handler-pod-0,container-main,payments,staging,,
2026-03-28T18:01:00+00:00,jvm_memory_used_bytes,gauge,300000556,terminal-handler-sim,terminal-handler-pod-0,container-main,payments,staging,,
2026-03-28T18:01:00+00:00,jvm_gc_pause_seconds_sum,gauge,0.10039076723765193,terminal-handler-sim,terminal-handler-pod-0,container-main,payments,staging,,
2026-03-28T18:01:00+00:00,process_cpu_usage,gauge,0.20263114470779725,terminal-handler-sim,terminal-handler-pod-0,container-main,payments,staging,,
2026-03-28T18:02:00+00:00,jvm_memory_used_bytes,gauge,300000496,terminal-handler-sim,terminal-handler-pod-0,container-main,payments,staging,,
2026-03-28T18:02:00+00:00,jvm_gc_pause_seconds_sum,gauge,0.0995368974907847,terminal-handler-sim,terminal-handler-pod-0,container-main,payments,staging,,
2026-03-28T18:02:00+00:00,process_cpu_usage,gauge,0.2086987847434704,terminal-handler-sim,terminal-handler-pod-0,container-main,payments,staging,,
2026-03-28T18:03:00+00:00,jvm_memory_used_bytes,gauge,299999813,terminal-handler-sim,terminal-handler-pod-0,container-main,payments,staging,,
2026-03-28T18:03:00+00:00,jvm_gc_pause_seconds_sum,gauge,0.09938967571993602,terminal-handler-sim,terminal-handler-pod-0,container-main,payments,staging,,
2026-03-28T18:03:00+00:00,process_cpu_usage,gauge,0.1906074292670489,terminal-handler-sim,terminal-handler-pod-0,container-main,payments,staging,,
2026-03-28T18:04:00+00:00,jvm_memory_used_bytes,gauge,299999786,terminal-handler-sim,terminal-handler-pod-0,container-main,payments,staging,,
2026-03-28T18:04:00+00:00,jvm_gc_pause_seconds_sum,gauge,0.10109045611435255,terminal-handler-sim,terminal-handler-pod-0,container-main,payments,staging,,
2026-03-28T18:04:00+00:00,process_cpu_usage,gauge,0.19582993068048232,terminal-handler-sim,terminal-handler-pod-0,container-main,payments,staging,,
2026-03-28T18:05:00+00:00,jvm_memory_used_bytes,gauge,300000305,terminal-handler-sim,terminal-handler-pod-0,container-main,payments,staging,,
2026-03-28T18:05:00+00:00,jvm_gc_pause_seconds_sum,gauge,0.10028509122381526,terminal-handler-sim,terminal-handler-pod-0,container-main,payments,staging,,
2026-03-28T18:05:00+00:00,process_cpu_usage,gauge,0.19977341476795138,terminal-handler-sim,terminal-handler-pod-0,container-main,payments,staging,,
2026-03-28T18:06:00+00:00,jvm_memory_used_bytes,gauge,300000809,terminal-handler-sim,terminal-handler-pod-0,container-main,payments,staging,,
2026-03-28T18:06:00+00:00,jvm_gc_pause_seconds_sum,gauge,0.10094099749171402,terminal-handler-sim,terminal-handler-pod-0,container-main,payments,staging,,
2026-03-28T18:06:00+00:00,process_cpu_usage,gauge,0.20597007376850285,terminal-handler-sim,terminal-handler-pod-0,container-main,payments,staging,,
2026-03-28T18:07:00+00:00,jvm_memory_used_bytes,gauge,300000363,terminal-handler-sim,terminal-handler-pod-0,container-main,payments,staging,,
2026-03-28T18:07:00+00:00,jvm_gc_pause_seconds_sum,gauge,0.09516152598396926,terminal-handler-sim,terminal-handler-pod-0,container-main,payments,staging,,
2026-03-28T18:07:00+00:00,process_cpu_usage,gauge,0.19159653783663677,terminal-handler-sim,terminal-handler-pod-0,container-main,payments,staging,,
2026-03-28T18:08:00+00:00,jvm_memory_used_bytes,gauge,300000738,terminal-handler-sim,terminal-handler-pod-0,container-main,payments,staging,,
2026-03-28T18:08:00+00:00,jvm_gc_pause_seconds_sum,gauge,0.10860729025699245,terminal-handler-sim,terminal-handler-pod-0,container-main,payments,staging,,
2026-03-28T18:08:00+00:00,process_cpu_usage,gauge,0.194040854430533,terminal-handler-sim,terminal-handler-pod-0,container-main,payments,staging,,
2026-03-28T18:09:00+00:00,jvm_memory_used_bytes,gauge,300000915,terminal-handler-sim,terminal-handler-pod-0,container-main,payments,staging,,
2026-03-28T18:09:00+00:00,jvm_gc_pause_seconds_sum,gauge,0.10900495366638129,terminal-handler-sim,terminal-handler-pod-0,container-main,payments,staging,,
2026-03-28T18:09:00+00:00,process_cpu_usage,gauge,0.2016587593091432,terminal-handler-sim,terminal-handler-pod-0,container-main,payments,staging,,
2026-03-28T18:10:00+00:00,jvm_memory_used_bytes,gauge,300000508,terminal-handler-sim,terminal-handler-pod-0,container-main,payments,staging,,
2026-03-28T18:10:00+00:00,jvm_gc_pause_seconds_sum,gauge,0.09149396274443236,terminal-handler-sim,terminal-handler-pod-0,container-main,payments,staging,,
2026-03-28T18:10:00+00:00,process_cpu_usage,gauge,0.19745841921984705,terminal-handler-sim,terminal-handler-pod-0,container-main,payments,staging,,
2026-03-28T18:11:00+00:00,jvm_memory_used_bytes,gauge,300000742,terminal-handler-sim,terminal-handler-pod-0,container-main,payments,staging,,
2026-03-28T18:11:00+00:00,jvm_gc_pause_seconds_sum,gauge,0.10861956160385168,terminal-handler-sim,terminal-handler-pod-0,container-main,payments,staging,,
2026-03-28T18:11:00+00:00,process_cpu_usage,gauge,0.20163641206278446,terminal-handler-sim,terminal-handler-pod-0,container-main,payments,staging,,
2026-03-28T18:12:00+00:00,jvm_memory_used_bytes,gauge,300000070,terminal-handler-sim,terminal-handler-pod-0,container-main,payments,staging,,
2026-03-28T18:12:00+00:00,jvm_gc_pause_seconds_sum,gauge,0.09994360816937542,terminal-handler-sim,terminal-handler-pod-0,container-main,payments,staging,,
2026-03-28T18:12:00+00:00,process_cpu_usage,gauge,0.195293361623009,terminal-handler-sim,terminal-handler-pod-0,container-main,payments,staging,,
2026-03-28T18:13:00+00:00,jvm_memory_used_bytes,gauge,300000281,terminal-handler-sim,terminal-handler-pod-0,container-main,payments,staging,,
2026-03-28T18:13:00+00:00,jvm_gc_pause_seconds_sum,gauge,0.09203629809623921,terminal-handler-sim,terminal-handler-pod-0,container-main,payments,staging,,
2026-03-28T18:13:00+00:00,process_cpu_usage,gauge,0.20768094437525378,terminal-handler-sim,terminal-handler-pod-0,container-main,payments,staging,,
2026-03-28T18:14:00+00:00,jvm_memory_used_bytes,gauge,299999023,terminal-handler-sim,terminal-handler-pod-0,container-main,payments,staging,,
2026-03-28T18:14:00+00:00,jvm_gc_pause_seconds_sum,gauge,0.09374266168920593,terminal-handler-sim,terminal-handler-pod-0,container-main,payments,staging,,
2026-03-28T18:14:00+00:00,process_cpu_usage,gauge,0.19952855067429257,terminal-handler-sim,terminal-handler-pod-0,container-main,payments,staging,,
2026-03-28T18:15:00+00:00,jvm_memory_used_bytes,gauge,300000184,terminal-handler-sim,terminal-handler-pod-0,container-main,payments,staging,,
2026-03-28T18:15:00+00:00,jvm_gc_pause_seconds_sum,gauge,0.09668884770345641,terminal-handler-sim,terminal-handler-pod-0,container-main,payments,staging,,
2026-03-28T18:15:00+00:00,process_cpu_usage,gauge,0.19564431774922542,terminal-handler-sim,terminal-handler-pod-0,container-main,payments,staging,,
2026-03-28T18:16:00+00:00,jvm_memory_used_bytes,gauge,300000142,terminal-handler-sim,terminal-handler-pod-0,container-main,payments,staging,,
2026-03-28T18:16:00+00:00,jvm_gc_pause_seconds_sum,gauge,0.09615204783674214,terminal-handler-sim,terminal-handler-pod-0,container-main,payments,staging,,
2026-03-28T18:16:00+00:00,process_cpu_usage,gauge,0.20228847261819385,terminal-handler-sim,terminal-handler-pod-0,container-main,payments,staging,,
2026-03-28T18:17:00+00:00,jvm_memory_used_bytes,gauge,299999281,terminal-handler-sim,terminal-handler-pod-0,container-main,payments,staging,,
2026-03-28T18:17:00+00:00,jvm_gc_pause_seconds_sum,gauge,0.10776592224621737,terminal-handler-sim,terminal-handler-pod-0,container-main,payments,staging,,
2026-03-28T18:17:00+00:00,process_cpu_usage,gauge,0.19932032657259363,terminal-handler-sim,terminal-handler-pod-0,container-main,payments,staging,,
2026-03-28T18:18:00+00:00,jvm_memory_used_bytes,gauge,299999746,terminal-handler-sim,terminal-handler-pod-0,container-main,payments,staging,,
2026-03-28T18:18:00+00:00,jvm_gc_pause_seconds_sum,gauge,0.09406148756609932,terminal-handler-sim,terminal-handler-pod-0,container-main,payments,staging,,
2026-03-28T18:18:00+00:00,process_cpu_usage,gauge,0.19506387940888234,terminal-handler-sim,terminal-handler-pod-0,container-main,payments,staging,,
2026-03-28T18:19:00+00:00,jvm_memory_used_bytes,gauge,299999528,terminal-handler-sim,terminal-handler-pod-0,container-main,payments,staging,,
2026-03-28T18:19:00+00:00,jvm_gc_pause_seconds_sum,gauge,0.10459465844871722,terminal-handler-sim,terminal-handler-pod-0,container-main,payments,staging,,
2026-03-28T18:19:00+00:00,process_cpu_usage,gauge,0.20520927983042814,terminal-handler-sim,terminal-handler-pod-0,container-main,payments,staging,,
2026-03-28T18:20:00+00:00,jvm_memory_used_bytes,gauge,299999541,terminal-handler-sim,terminal-handler-pod-0,container-main,payments,staging,,
2026-03-28T18:20:00+00:00,jvm_gc_pause_seconds_sum,gauge,0.09553203201773929,terminal-handler-sim,terminal-handler-pod-0,container-main,payments,staging,,
2026-03-28T18:20:00+00:00,process_cpu_usage,gauge,0.19840986423030516,terminal-handler-sim,terminal-handler-pod-0,container-main,payments,staging,,
2026-03-28T18:21:00+00:00,jvm_memory_used_bytes,gauge,300000548,terminal-handler-sim,terminal-handler-pod-0,container-main,payments,staging,,
2026-03-28T18:21:00+00:00,jvm_gc_pause_seconds_sum,gauge,0.09952236282563576,terminal-handler-sim,terminal-handler-pod-0,container-main,payments,staging,,
2026-03-28T18:21:00+00:00,process_cpu_usage,gauge,0.1963182638721175,terminal-handler-sim,terminal-handler-pod-0,container-main,payments,staging,,
2026-03-28T18:22:00+00:00,jvm_memory_used_bytes,gauge,299999203,terminal-handler-sim,terminal-handler-pod-0,container-main,payments,staging,,
2026-03-28T18:22:00+00:00,jvm_gc_pause_seconds_sum,gauge,0.09887856806559359,terminal-handler-sim,terminal-handler-pod-0,container-main,payments,staging,,
2026-03-28T18:22:00+00:00,process_cpu_usage,gauge,0.20612849634781097,terminal-handler-sim,terminal-handler-pod-0,container-main,payments,staging,,
2026-03-28T18:23:00+00:00,jvm_memory_used_bytes,gauge,299999527,terminal-handler-sim,terminal-handler-pod-0,container-main,payments,staging,,
2026-03-28T18:23:00+00:00,jvm_gc_pause_seconds_sum,gauge,0.09938527546871301,terminal-handler-sim,terminal-handler-pod-0,container-main,payments,staging,,
2026-03-28T18:23:00+00:00,process_cpu_usage,gauge,0.19924030606057194,terminal-handler-sim,terminal-handler-pod-0,container-main,payments,staging,,
2026-03-28T18:24:00+00:00,jvm_memory_used_bytes,gauge,300000313,terminal-handler-sim,terminal-handler-pod-0,container-main,payments,staging,,
2026-03-28T18:24:00+00:00,jvm_gc_pause_seconds_sum,gauge,0.09517727345331208,terminal-handler-sim,terminal-handler-pod-0,container-main,payments,staging,,
2026-03-28T18:24:00+00:00,process_cpu_usage,gauge,0.19777674693438912,terminal-handler-sim,terminal-handler-pod-0,container-main,payments,staging,,
2026-03-28T18:25:00+00:00,jvm_memory_used_bytes,gauge,299999617,terminal-handler-sim,terminal-handler-pod-0,container-main,payments,staging,,
2026-03-28T18:25:00+00:00,jvm_gc_pause_seconds_sum,gauge,0.1099291072537079,terminal-handler-sim,terminal-handler-pod-0,container-main,payments,staging,,
2026-03-28T18:25:00+00:00,process_cpu_usage,gauge,0.203491484058363,terminal-handler-sim,terminal-handler-pod-0,container-main,payments,staging,,
2026-03-28T18:26:00+00:00,jvm_memory_used_bytes,gauge,299999033,terminal-handler-sim,terminal-handler-pod-0,container-main,payments,staging,,
2026-03-28T18:26:00+00:00,jvm_gc_pause_seconds_sum,gauge,0.09764129959873437,terminal-handler-sim,terminal-handler-pod-0,container-main,payments,staging,,
2026-03-28T18:26:00+00:00,process_cpu_usage,gauge,0.20997123093269016,terminal-handler-sim,terminal-handler-pod-0,container-main,payments,staging,,
2026-03-28T18:27:00+00:00,jvm_memory_used_bytes,gauge,300000106,terminal-handler-sim,terminal-handler-pod-0,container-main,payments,staging,,
2026-03-28T18:27:00+00:00,jvm_gc_pause_seconds_sum,gauge,0.10690433576502889,terminal-handler-sim,terminal-handler-pod-0,container-main,payments,staging,,
2026-03-28T18:27:00+00:00,process_cpu_usage,gauge,0.19755035350912478,terminal-handler-sim,terminal-handler-pod-0,container-main,payments,staging,,
2026-03-28T18:28:00+00:00,jvm_memory_used_bytes,gauge,300000253,terminal-handler-sim,terminal-handler-pod-0,container-main,payments,staging,,
2026-03-28T18:28:00+00:00,jvm_gc_pause_seconds_sum,gauge,0.0924031181227145,terminal-handler-sim,terminal-handler-pod-0,container-main,payments,staging,,
2026-03-28T18:28:00+00:00,process_cpu_usage,gauge,0.19062720429938218,terminal-handler-sim,terminal-handler-pod-0,container-main,payments,staging,,
2026-03-28T18:29:00+00:00,jvm_memory_used_bytes,gauge,300000574,terminal-handler-sim,terminal-handler-pod-0,container-main,payments,staging,,
2026-03-28T18:29:00+00:00,jvm_gc_pause_seconds_sum,gauge,0.10528525866507103,terminal-handler-sim,terminal-handler-pod-0,container-main,payments,staging,,
2026-03-28T18:29:00+00:00,process_cpu_usage,gauge,0.20613753636091262,terminal-handler-sim,terminal-handler-pod-0,container-main,payments,staging,,
2026-03-28T18:30:00+00:00,jvm_memory_used_bytes,gauge,300000954,terminal-handler-sim,terminal-handler-pod-0,container-main,payments,staging,,
2026-03-28T18:30:00+00:00,jvm_gc_pause_seconds_sum,gauge,0.0968994086053259,terminal-handler-sim,terminal-handler-pod-0,container-main,payments,staging,,
2026-03-28T18:30:00+00:00,process_cpu_usage,gauge,0.20398272912386606,terminal-handler-sim,terminal-handler-pod-0,container-main,payments,staging,,
2026-03-28T18:31:00+00:00,jvm_memory_used_bytes,gauge,300000355,terminal-handler-sim,terminal-handler-pod-0,container-main,payments,staging,,
2026-03-28T18:31:00+00:00,jvm_gc_pause_seconds_sum,gauge,0.10007170636033587,terminal-handler-sim,terminal-handler-pod-0,container-main,payments,staging,,
2026-03-28T18:31:00+00:00,process_cpu_usage,gauge,0.20878401148680886,terminal-handler-sim,terminal-handler-pod-0,container-main,payments,staging,,
2026-03-28T18:32:00+00:00,jvm_memory_used_bytes,gauge,299999215,terminal-handler-sim,terminal-handler-pod-0,container-main,payments,staging,,
2026-03-28T18:32:00+00:00,jvm_gc_pause_seconds_sum,gauge,0.10339911210779187,terminal-handler-sim,terminal-handler-pod-0,container-main,payments,staging,,
2026-03-28T18:32:00+00:00,process_cpu_usage,gauge,0.20901777035668415,terminal-handler-sim,terminal-handler-pod-0,container-main,payments,staging,,
2026-03-28T18:33:00+00:00,jvm_memory_used_bytes,gauge,299999759,terminal-handler-sim,terminal-handler-pod-0,container-main,payments,staging,,
2026-03-28T18:33:00+00:00,jvm_gc_pause_seconds_sum,gauge,0.09140819689784263,terminal-handler-sim,terminal-handler-pod-0,container-main,payments,staging,,
2026-03-28T18:33:00+00:00,process_cpu_usage,gauge,0.20767154612179348,terminal-handler-sim,terminal-handler-pod-0,container-main,payments,staging,,
2026-03-28T18:34:00+00:00,jvm_memory_used_bytes,gauge,300000188,terminal-handler-sim,terminal-handler-pod-0,container-main,payments,staging,,
2026-03-28T18:34:00+00:00,jvm_gc_pause_seconds_sum,gauge,0.10313072428492161,terminal-handler-sim,terminal-handler-pod-0,container-main,payments,staging,,
2026-03-28T18:34:00+00:00,process_cpu_usage,gauge,0.19874681201955327,terminal-handler-sim,terminal-handler-pod-0,container-main,payments,staging,,
2026-03-28T18:35:00+00:00,jvm_memory_used_bytes,gauge,299999016,terminal-handler-sim,terminal-handler-pod-0,container-main,payments,staging,,
2026-03-28T18:35:00+00:00,jvm_gc_pause_seconds_sum,gauge,0.10218747039994659,terminal-handler-sim,terminal-handler-pod-0,container-main,payments,staging,,
2026-03-28T18:35:00+00:00,process_cpu_usage,gauge,0.20470572662273795,terminal-handler-sim,terminal-handler-pod-0,container-main,payments,staging,,
2026-03-28T18:36:00+00:00,jvm_memory_used_bytes,gauge,299999924,terminal-handler-sim,terminal-handler-pod-0,container-main,payments,staging,,
2026-03-28T18:36:00+00:00,jvm_gc_pause_seconds_sum,gauge,0.09360673457898185,terminal-handler-sim,terminal-handler-pod-0,container-main,payments,staging,,
2026-03-28T18:36:00+00:00,process_cpu_usage,gauge,0.19948960509447822,terminal-handler-sim,terminal-handler-pod-0,container-main,payments,staging,,
2026-03-28T18:37:00+00:00,jvm_memory_used_bytes,gauge,300000437,terminal-handler-sim,terminal-handler-pod-0,container-main,payments,staging,,
2026-03-28T18:37:00+00:00,jvm_gc_pause_seconds_sum,gauge,0.10560720715094714,terminal-handler-sim,terminal-handler-pod-0,container-main,payments,staging,,
2026-03-28T18:37:00+00:00,process_cpu_usage,gauge,0.19679348887865855,terminal-handler-sim,terminal-handler-pod-0,container-main,payments,staging,,
2026-03-28T18:38:00+00:00,jvm_memory_used_bytes,gauge,299999448,terminal-handler-sim,terminal-handler-pod-0,container-main,payments,staging,,
2026-03-28T18:38:00+00:00,jvm_gc_pause_seconds_sum,gauge,0.1060413794163268,terminal-handler-sim,terminal-handler-pod-0,container-main,payments,staging,,
2026-03-28T18:38:00+00:00,process_cpu_usage,gauge,0.20703385984854764,terminal-handler-sim,terminal-handler-pod-0,container-main,payments,staging,,
2026-03-28T18:39:00+00:00,jvm_memory_used_bytes,gauge,299999328,terminal-handler-sim,terminal-handler-pod-0,container-main,payments,staging,,
2026-03-28T18:39:00+00:00,jvm_gc_pause_seconds_sum,gauge,0.10949214850785897,terminal-handler-sim,terminal-handler-pod-0,container-main,payments,staging,,
2026-03-28T18:39:00+00:00,process_cpu_usage,gauge,0.1976722214292233,terminal-handler-sim,terminal-handler-pod-0,container-main,payments,staging,,
2026-03-28T18:40:00+00:00,jvm_memory_used_bytes,gauge,299999109,terminal-handler-sim,terminal-handler-pod-0,container-main,payments,staging,,
2026-03-28T18:40:00+00:00,jvm_gc_pause_seconds_sum,gauge,0.1050027548015203,terminal-handler-sim,terminal-handler-pod-0,container-main,payments,staging,,
2026-03-28T18:40:00+00:00,process_cpu_usage,gauge,0.1900462380747911,terminal-handler-sim,terminal-handler-pod-0,container-main,payments,staging,,
2026-03-28T18:41:00+00:00,jvm_memory_used_bytes,gauge,299999546,terminal-handler-sim,terminal-handler-pod-0,container-main,payments,staging,,
2026-03-28T18:41:00+00:00,jvm_gc_pause_seconds_sum,gauge,0.09581236278512394,terminal-handler-sim,terminal-handler-pod-0,container-main,payments,staging,,
2026-03-28T18:41:00+00:00,process_cpu_usage,gauge,0.20554175536029098,terminal-handler-sim,terminal-handler-pod-0,container-main,payments,staging,,
2026-03-28T18:42:00+00:00,jvm_memory_used_bytes,gauge,299999776,terminal-handler-sim,terminal-handler-pod-0,container-main,payments,staging,,
2026-03-28T18:42:00+00:00,jvm_gc_pause_seconds_sum,gauge,0.09235081992852226,terminal-handler-sim,terminal-handler-pod-0,container-main,payments,staging,,
2026-03-28T18:42:00+00:00,process_cpu_usage,gauge,0.20752808639638537,terminal-handler-sim,terminal-handler-pod-0,container-main,payments,staging,,
2026-03-28T18:43:00+00:00,jvm_memory_used_bytes,gauge,300000125,terminal-handler-sim,terminal-handler-pod-0,container-main,payments,staging,,
2026-03-28T18:43:00+00:00,jvm_gc_pause_seconds_sum,gauge,0.0967450886995556,terminal-handler-sim,terminal-handler-pod-0,container-main,payments,staging,,
2026-03-28T18:43:00+00:00,process_cpu_usage,gauge,0.20859210426090963,terminal-handler-sim,terminal-handler-pod-0,container-main,payments,staging,,
2026-03-28T18:44:00+00:00,jvm_memory_used_bytes,gauge,299999803,terminal-handler-sim,terminal-handler-pod-0,container-main,payments,staging,,
2026-03-28T18:44:00+00:00,jvm_gc_pause_seconds_sum,gauge,0.10970671948340198,terminal-handler-sim,terminal-handler-pod-0,container-main,payments,staging,,
2026-03-28T18:44:00+00:00,process_cpu_usage,gauge,0.19548706121664217,terminal-handler-sim,terminal-handler-pod-0,container-main,payments,staging,,
2026-03-28T18:45:00+00:00,jvm_memory_used_bytes,gauge,299999239,terminal-handler-sim,terminal-handler-pod-0,container-main,payments,staging,,
2026-03-28T18:45:00+00:00,jvm_gc_pause_seconds_sum,gauge,0.0977229659989214,terminal-handler-sim,terminal-handler-pod-0,container-main,payments,staging,,
2026-03-28T18:45:00+00:00,process_cpu_usage,gauge,0.19869953510203792,terminal-handler-sim,terminal-handler-pod-0,container-main,payments,staging,,
2026-03-28T18:46:00+00:00,jvm_memory_used_bytes,gauge,299999384,terminal-handler-sim,terminal-handler-pod-0,container-main,payments,staging,,
2026-03-28T18:46:00+00:00,jvm_gc_pause_seconds_sum,gauge,0.097520991512177,terminal-handler-sim,terminal-handler-pod-0,container-main,payments,staging,,
2026-03-28T18:46:00+00:00,process_cpu_usage,gauge,0.19963879221163153,terminal-handler-sim,terminal-handler-pod-0,container-main,payments,staging,,
2026-03-28T18:47:00+00:00,jvm_memory_used_bytes,gauge,299999405,terminal-handler-sim,terminal-handler-pod-0,container-main,payments,staging,,
2026-03-28T18:47:00+00:00,jvm_gc_pause_seconds_sum,gauge,0.10285082946440374,terminal-handler-sim,terminal-handler-pod-0,container-main,payments,staging,,
2026-03-28T18:47:00+00:00,process_cpu_usage,gauge,0.2086363839495913,terminal-handler-sim,terminal-handler-pod-0,container-main,payments,staging,,
2026-03-28T18:48:00+00:00,jvm_memory_used_bytes,gauge,299999238,terminal-handler-sim,terminal-handler-pod-0,container-main,payments,staging,,
2026-03-28T18:48:00+00:00,jvm_gc_pause_seconds_sum,gauge,0.1090629235486158,terminal-handler-sim,terminal-handler-pod-0,container-main,payments,staging,,
2026-03-28T18:48:00+00:00,process_cpu_usage,gauge,0.20011287216265497,terminal-handler-sim,terminal-handler-pod-0,container-main,payments,staging,,
2026-03-28T18:49:00+00:00,jvm_memory_used_bytes,gauge,299999477,terminal-handler-sim,terminal-handler-pod-0,container-main,payments,staging,,
2026-03-28T18:49:00+00:00,jvm_gc_pause_seconds_sum,gauge,0.09771226899508072,terminal-handler-sim,terminal-handler-pod-0,container-main,payments,staging,,
2026-03-28T18:49:00+00:00,process_cpu_usage,gauge,0.19529012595582249,terminal-handler-sim,terminal-handler-pod-0,container-main,payments,staging,,
2026-03-28T18:50:00+00:00,jvm_memory_used_bytes,gauge,300000476,terminal-handler-sim,terminal-handler-pod-0,container-main,payments,staging,,
2026-03-28T18:50:00+00:00,jvm_gc_pause_seconds_sum,gauge,0.10837182168063098,terminal-handler-sim,terminal-handler-pod-0,container-main,payments,staging,,
2026-03-28T18:50:00+00:00,process_cpu_usage,gauge,0.209548774256694,terminal-handler-sim,terminal-handler-pod-0,container-main,payments,staging,,
2026-03-28T18:51:00+00:00,jvm_memory_used_bytes,gauge,299999761,terminal-handler-sim,terminal-handler-pod-0,container-main,payments,staging,,
2026-03-28T18:51:00+00:00,jvm_gc_pause_seconds_sum,gauge,0.10121107543657187,terminal-handler-sim,terminal-handler-pod-0,container-main,payments,staging,,
2026-03-28T18:51:00+00:00,process_cpu_usage,gauge,0.19473083708664127,terminal-handler-sim,terminal-handler-pod-0,container-main,payments,staging,,
2026-03-28T18:52:00+00:00,jvm_memory_used_bytes,gauge,300000241,terminal-handler-sim,terminal-handler-pod-0,container-main,payments,staging,,
2026-03-28T18:52:00+00:00,jvm_gc_pause_seconds_sum,gauge,0.09079699450487727,terminal-handler-sim,terminal-handler-pod-0,container-main,payments,staging,,
2026-03-28T18:52:00+00:00,process_cpu_usage,gauge,0.1931349385087419,terminal-handler-sim,terminal-handler-pod-0,container-main,payments,staging,,
2026-03-28T18:53:00+00:00,jvm_memory_used_bytes,gauge,299999838,terminal-handler-sim,terminal-handler-pod-0,container-main,payments,staging,,
2026-03-28T18:53:00+00:00,jvm_gc_pause_seconds_sum,gauge,0.10726215744956856,terminal-handler-sim,terminal-handler-pod-0,container-main,payments,staging,,
2026-03-28T18:53:00+00:00,process_cpu_usage,gauge,0.19398403505371314,terminal-handler-sim,terminal-handler-pod-0,container-main,payments,staging,,
2026-03-28T18:54:00+00:00,jvm_memory_used_bytes,gauge,300000500,terminal-handler-sim,terminal-handler-pod-0,container-main,payments,staging,,
2026-03-28T18:54:00+00:00,jvm_gc_pause_seconds_sum,gauge,0.10261551632482054,terminal-handler-sim,terminal-handler-pod-0,container-main,payments,staging,,
2026-03-28T18:54:00+00:00,process_cpu_usage,gauge,0.20520037896465093,terminal-handler-sim,terminal-handler-pod-0,container-main,payments,staging,,
2026-03-28T18:55:00+00:00,jvm_memory_used_bytes,gauge,299999523,terminal-handler-sim,terminal-handler-pod-0,container-main,payments,staging,,
2026-03-28T18:55:00+00:00,jvm_gc_pause_seconds_sum,gauge,0.09930301574583919,terminal-handler-sim,terminal-handler-pod-0,container-main,payments,staging,,
2026-03-28T18:55:00+00:00,process_cpu_usage,gauge,0.19824494664285602,terminal-handler-sim,terminal-handler-pod-0,container-main,payments,staging,,
2026-03-28T18:56:00+00:00,jvm_memory_used_bytes,gauge,299999333,terminal-handler-sim,terminal-handler-pod-0,container-main,payments,staging,,
2026-03-28T18:56:00+00:00,jvm_gc_pause_seconds_sum,gauge,0.09857428633763465,terminal-handler-sim,terminal-handler-pod-0,container-main,payments,staging,,
2026-03-28T18:56:00+00:00,process_cpu_usage,gauge,0.20361506723417422,terminal-handler-sim,terminal-handler-pod-0,container-main,payments,staging,,
2026-03-28T18:57:00+00:00,jvm_memory_used_bytes,gauge,300000503,terminal-handler-sim,terminal-handler-pod-0,container-main,payments,staging,,
2026-03-28T18:57:00+00:00,jvm_gc_pause_seconds_sum,gauge,0.09557744004211104,terminal-handler-sim,terminal-handler-pod-0,container-main,payments,staging,,
2026-03-28T18:57:00+00:00,process_cpu_usage,gauge,0.20160696486858937,terminal-handler-sim,terminal-handler-pod-0,container-main,payments,staging,,
2026-03-28T18:58:00+00:00,jvm_memory_used_bytes,gauge,299999677,terminal-handler-sim,terminal-handler-pod-0,container-main,payments,staging,,
2026-03-28T18:58:00+00:00,jvm_gc_pause_seconds_sum,gauge,0.10486705006592051,terminal-handler-sim,terminal-handler-pod-0,container-main,payments,staging,,
2026-03-28T18:58:00+00:00,process_cpu_usage,gauge,0.19497887518136262,terminal-handler-sim,terminal-handler-pod-0,container-main,payments,staging,,
2026-03-28T18:59:00+00:00,jvm_memory_used_bytes,gauge,299999975,terminal-handler-sim,terminal-handler-pod-0,container-main,payments,staging,,
2026-03-28T18:59:00+00:00,jvm_gc_pause_seconds_sum,gauge,0.09403151018470932,terminal-handler-sim,terminal-handler-pod-0,container-main,payments,staging,,
2026-03-28T18:59:00+00:00,process_cpu_usage,gauge,0.19125506812182994,terminal-handler-sim,terminal-handler-pod-0,container-main,payments,staging,,
2026-03-28T19:00:00+00:00,jvm_memory_used_bytes,gauge,300000692,terminal-handler-sim,terminal-handler-pod-0,container-main,payments,staging,,
2026-03-28T19:00:00+00:00,jvm_gc_pause_seconds_sum,gauge,0.09210725627837081,terminal-handler-sim,terminal-handler-pod-0,container-main,payments,staging,,
2026-03-28T19:00:00+00:00,process_cpu_usage,gauge,0.19834440338090645,terminal-handler-sim,terminal-handler-pod-0,container-main,payments,staging,,
2026-03-28T19:01:00+00:00,jvm_memory_used_bytes,gauge,299999928,terminal-handler-sim,terminal-handler-pod-0,container-main,payments,staging,,
2026-03-28T19:01:00+00:00,jvm_gc_pause_seconds_sum,gauge,0.1053873326784281,terminal-handler-sim,terminal-handler-pod-0,container-main,payments,staging,,
2026-03-28T19:01:00+00:00,process_cpu_usage,gauge,0.19761998463184605,terminal-handler-sim,terminal-handler-pod-0,container-main,payments,staging,,
2026-03-28T19:02:00+00:00,jvm_memory_used_bytes,gauge,300000651,terminal-handler-sim,terminal-handler-pod-0,container-main,payments,staging,,
2026-03-28T19:02:00+00:00,jvm_gc_pause_seconds_sum,gauge,0.09096412923507723,terminal-handler-sim,terminal-handler-pod-0,container-main,payments,staging,,
2026-03-28T19:02:00+00:00,process_cpu_usage,gauge,0.19103450699701757,terminal-handler-sim,terminal-handler-pod-0,container-main,payments,staging,,
2026-03-28T19:03:00+00:00,jvm_memory_used_bytes,gauge,300000441,terminal-handler-sim,terminal-handler-pod-0,container-main,payments,staging,,
2026-03-28T19:03:00+00:00,jvm_gc_pause_seconds_sum,gauge,0.10992475359136665,terminal-handler-sim,terminal-handler-pod-0,container-main,payments,staging,,
2026-03-28T19:03:00+00:00,process_cpu_usage,gauge,0.1901863225458736,terminal-handler-sim,terminal-handler-pod-0,container-main,payments,staging,,
2026-03-28T19:04:00+00:00,jvm_memory_used_bytes,gauge,299999485,terminal-handler-sim,terminal-handler-pod-0,container-main,payments,staging,,
2026-03-28T19:04:00+00:00,jvm_gc_pause_seconds_sum,gauge,0.09674487965454541,terminal-handler-sim,terminal-handler-pod-0,container-main,payments,staging,,
2026-03-28T19:04:00+00:00,process_cpu_usage,gauge,0.19956704347116513,terminal-handler-sim,terminal-handler-pod-0,container-main,payments,staging,,
2026-03-28T19:05:00+00:00,jvm_memory_used_bytes,gauge,300000283,terminal-handler-sim,terminal-handler-pod-0,container-main,payments,staging,,
2026-03-28T19:05:00+00:00,jvm_gc_pause_seconds_sum,gauge,0.09800501099197574,terminal-handler-sim,terminal-handler-pod-0,container-main,payments,staging,,
2026-03-28T19:05:00+00:00,process_cpu_usage,gauge,0.1915302225500537,terminal-handler-sim,terminal-handler-pod-0,container-main,payments,staging,,
2026-03-28T19:06:00+00:00,jvm_memory_used_bytes,gauge,300000028,terminal-handler-sim,terminal-handler-pod-0,container-main,payments,staging,,
2026-03-28T19:06:00+00:00,jvm_gc_pause_seconds_sum,gauge,0.09112427846778463,terminal-handler-sim,terminal-handler-pod-0,container-main,payments,staging,,
2026-03-28T19:06:00+00:00,process_cpu_usage,gauge,0.20679825423471743,terminal-handler-sim,terminal-handler-pod-0,container-main,payments,staging,,
2026-03-28T19:07:00+00:00,jvm_memory_used_bytes,gauge,299999296,terminal-handler-sim,terminal-handler-pod-0,container-main,payments,staging,,
2026-03-28T19:07:00+00:00,jvm_gc_pause_seconds_sum,gauge,0.09130410240583652,terminal-handler-sim,terminal-handler-pod-0,container-main,payments,staging,,
2026-03-28T19:07:00+00:00,process_cpu_usage,gauge,0.1943941862593914,terminal-handler-sim,terminal-handler-pod-0,container-main,payments,staging,,
2026-03-28T19:08:00+00:00,jvm_memory_used_bytes,gauge,300000166,terminal-handler-sim,terminal-handler-pod-0,container-main,payments,staging,,
2026-03-28T19:08:00+00:00,jvm_gc_pause_seconds_sum,gauge,0.09707952059743029,terminal-handler-sim,terminal-handler-pod-0,container-main,payments,staging,,
2026-03-28T19:08:00+00:00,process_cpu_usage,gauge,0.19237545134555323,terminal-handler-sim,terminal-handler-pod-0,container-main,payments,staging,,
2026-03-28T19:09:00+00:00,jvm_memory_used_bytes,gauge,299999157,terminal-handler-sim,terminal-handler-pod-0,container-main,payments,staging,,
2026-03-28T19:09:00+00:00,jvm_gc_pause_seconds_sum,gauge,0.09465052578400349,terminal-handler-sim,terminal-handler-pod-0,container-main,payments,staging,,
2026-03-28T19:09:00+00:00,process_cpu_usage,gauge,0.1966681401551599,terminal-handler-sim,terminal-handler-pod-0,container-main,payments,staging,,
2026-03-28T19:10:00+00:00,jvm_memory_used_bytes,gauge,300000055,terminal-handler-sim,terminal-handler-pod-0,container-main,payments,staging,,
2026-03-28T19:10:00+00:00,jvm_gc_pause_seconds_sum,gauge,0.10467556312034312,terminal-handler-sim,terminal-handler-pod-0,container-main,payments,staging,,
2026-03-28T19:10:00+00:00,process_cpu_usage,gauge,0.202134084677554,terminal-handler-sim,terminal-handler-pod-0,container-main,payments,staging,,
2026-03-28T19:11:00+00:00,jvm_memory_used_bytes,gauge,299999818,terminal-handler-sim,terminal-handler-pod-0,container-main,payments,staging,,
2026-03-28T19:11:00+00:00,jvm_gc_pause_seconds_sum,gauge,0.10573028833307213,terminal-handler-sim,terminal-handler-pod-0,container-main,payments,staging,,
2026-03-28T19:11:00+00:00,process_cpu_usage,gauge,0.20405927921988995,terminal-handler-sim,terminal-handler-pod-0,container-main,payments,staging,,
2026-03-28T19:12:00+00:00,jvm_memory_used_bytes,gauge,299999505,terminal-handler-sim,terminal-handler-pod-0,container-main,payments,staging,,
2026-03-28T19:12:00+00:00,jvm_gc_pause_seconds_sum,gauge,0.10776876466286991,terminal-handler-sim,terminal-handler-pod-0,container-main,payments,staging,,
2026-03-28T19:12:00+00:00,process_cpu_usage,gauge,0.19861427084396316,terminal-handler-sim,terminal-handler-pod-0,container-main,payments,staging,,
2026-03-28T19:13:00+00:00,jvm_memory_used_bytes,gauge,299999006,terminal-handler-sim,terminal-handler-pod-0,container-main,payments,staging,,
2026-03-28T19:13:00+00:00,jvm_gc_pause_seconds_sum,gauge,0.10761048986670571,terminal-handler-sim,terminal-handler-pod-0,container-main,payments,staging,,
2026-03-28T19:13:00+00:00,process_cpu_usage,gauge,0.19329774046849613,terminal-handler-sim,terminal-handler-pod-0,container-main,payments,staging,,
2026-03-28T19:14:00+00:00,jvm_memory_used_bytes,gauge,300000763,terminal-handler-sim,terminal-handler-pod-0,container-main,payments,staging,,
2026-03-28T19:14:00+00:00,jvm_gc_pause_seconds_sum,gauge,0.0967031066835819,terminal-handler-sim,terminal-handler-pod-0,container-main,payments,staging,,
2026-03-28T19:14:00+00:00,process_cpu_usage,gauge,0.20808090448905894,terminal-handler-sim,terminal-handler-pod-0,container-main,payments,staging,,
2026-03-28T19:15:00+00:00,jvm_memory_used_bytes,gauge,300000106,terminal-handler-sim,terminal-handler-pod-0,container-main,payments,staging,,
2026-03-28T19:15:00+00:00,jvm_gc_pause_seconds_sum,gauge,0.10754824904959562,terminal-handler-sim,terminal-handler-pod-0,container-main,payments,staging,,
2026-03-28T19:15:00+00:00,process_cpu_usage,gauge,0.2050612569000225,terminal-handler-sim,terminal-handler-pod-0,container-main,payments,staging,,
2026-03-28T19:16:00+00:00,jvm_memory_used_bytes,gauge,299999306,terminal-handler-sim,terminal-handler-pod-0,container-main,payments,staging,,
2026-03-28T19:16:00+00:00,jvm_gc_pause_seconds_sum,gauge,0.09166290553193357,terminal-handler-sim,terminal-handler-pod-0,container-main,payments,staging,,
2026-03-28T19:16:00+00:00,process_cpu_usage,gauge,0.20219510471616262,terminal-handler-sim,terminal-handler-pod-0,container-main,payments,staging,,
2026-03-28T19:17:00+00:00,jvm_memory_used_bytes,gauge,299999510,terminal-handler-sim,terminal-handler-pod-0,container-main,payments,staging,,
2026-03-28T19:17:00+00:00,jvm_gc_pause_seconds_sum,gauge,0.09267794295748699,terminal-handler-sim,terminal-handler-pod-0,container-main,payments,staging,,
2026-03-28T19:17:00+00:00,process_cpu_usage,gauge,0.20043434920994876,terminal-handler-sim,terminal-handler-pod-0,container-main,payments,staging,,
2026-03-28T19:18:00+00:00,jvm_memory_used_bytes,gauge,299999032,terminal-handler-sim,terminal-handler-pod-0,container-main,payments,staging,,
2026-03-28T19:18:00+00:00,jvm_gc_pause_seconds_sum,gauge,0.09558524096628797,terminal-handler-sim,terminal-handler-pod-0,container-main,payments,staging,,
2026-03-28T19:18:00+00:00,process_cpu_usage,gauge,0.19507670135324143,terminal-handler-sim,terminal-handler-pod-0,container-main,payments,staging,,
2026-03-28T19:19:00+00:00,jvm_memory_used_bytes,gauge,300000518,terminal-handler-sim,terminal-handler-pod-0,container-main,payments,staging,,
2026-03-28T19:19:00+00:00,jvm_gc_pause_seconds_sum,gauge,0.09703850994025127,terminal-handler-sim,terminal-handler-pod-0,container-main,payments,staging,,
2026-03-28T19:19:00+00:00,process_cpu_usage,gauge,0.20328818269793042,terminal-handler-sim,terminal-handler-pod-0,container-main,payments,staging,,
2026-03-28T19:20:00+00:00,jvm_memory_used_bytes,gauge,300000979,terminal-handler-sim,terminal-handler-pod-0,container-main,payments,staging,,
2026-03-28T19:20:00+00:00,jvm_gc_pause_seconds_sum,gauge,0.09630743606687635,terminal-handler-sim,terminal-handler-pod-0,container-main,payments,staging,,
2026-03-28T19:20:00+00:00,process_cpu_usage,gauge,0.20021807782594384,terminal-handler-sim,terminal-handler-pod-0,container-main,payments,staging,,
2026-03-28T19:21:00+00:00,jvm_memory_used_bytes,gauge,299999952,terminal-handler-sim,terminal-handler-pod-0,container-main,payments,staging,,
2026-03-28T19:21:00+00:00,jvm_gc_pause_seconds_sum,gauge,0.10083480539585883,terminal-handler-sim,terminal-handler-pod-0,container-main,payments,staging,,
2026-03-28T19:21:00+00:00,process_cpu_usage,gauge,0.19814642808482688,terminal-handler-sim,terminal-handler-pod-0,container-main,payments,staging,,
2026-03-28T19:22:00+00:00,jvm_memory_used_bytes,gauge,299999593,terminal-handler-sim,terminal-handler-pod-0,container-main,payments,staging,,
2026-03-28T19:22:00+00:00,jvm_gc_pause_seconds_sum,gauge,0.10845737189000892,terminal-handler-sim,terminal-handler-pod-0,container-main,payments,staging,,
2026-03-28T19:22:00+00:00,process_cpu_usage,gauge,0.19504189937137484,terminal-handler-sim,terminal-handler-pod-0,container-main,payments,staging,,
2026-03-28T19:23:00+00:00,jvm_memory_used_bytes,gauge,299999689,terminal-handler-sim,terminal-handler-pod-0,container-main,payments,staging,,
2026-03-28T19:23:00+00:00,jvm_gc_pause_seconds_sum,gauge,0.09573726979977526,terminal-handler-sim,terminal-handler-pod-0,container-main,payments,staging,,
2026-03-28T19:23:00+00:00,process_cpu_usage,gauge,0.20001264515568334,terminal-handler-sim,terminal-handler-pod-0,container-main,payments,staging,,
2026-03-28T19:24:00+00:00,jvm_memory_used_bytes,gauge,299999011,terminal-handler-sim,terminal-handler-pod-0,container-main,payments,staging,,
2026-03-28T19:24:00+00:00,jvm_gc_pause_seconds_sum,gauge,0.09976292636640016,terminal-handler-sim,terminal-handler-pod-0,container-main,payments,staging,,
2026-03-28T19:24:00+00:00,process_cpu_usage,gauge,0.20823195932921562,terminal-handler-sim,terminal-handler-pod-0,container-main,payments,staging,,
2026-03-28T19:25:00+00:00,jvm_memory_used_bytes,gauge,300000435,terminal-handler-sim,terminal-handler-pod-0,container-main,payments,staging,,
2026-03-28T19:25:00+00:00,jvm_gc_pause_seconds_sum,gauge,0.09527208981272599,terminal-handler-sim,terminal-handler-pod-0,container-main,payments,staging,,
2026-03-28T19:25:00+00:00,process_cpu_usage,gauge,0.1976150567775294,terminal-handler-sim,terminal-handler-pod-0,container-main,payments,staging,,
2026-03-28T19:26:00+00:00,jvm_memory_used_bytes,gauge,299999441,terminal-handler-sim,terminal-handler-pod-0,container-main,payments,staging,,
2026-03-28T19:26:00+00:00,jvm_gc_pause_seconds_sum,gauge,0.09176993410810647,terminal-handler-sim,terminal-handler-pod-0,container-main,payments,staging,,
2026-03-28T19:26:00+00:00,process_cpu_usage,gauge,0.20569026395024623,terminal-handler-sim,terminal-handler-pod-0,container-main,payments,staging,,
2026-03-28T19:27:00+00:00,jvm_memory_used_bytes,gauge,299999567,terminal-handler-sim,terminal-handler-pod-0,container-main,payments,staging,,
2026-03-28T19:27:00+00:00,jvm_gc_pause_seconds_sum,gauge,0.09278923142638992,terminal-handler-sim,terminal-handler-pod-0,container-main,payments,staging,,
2026-03-28T19:27:00+00:00,process_cpu_usage,gauge,0.20432378597599976,terminal-handler-sim,terminal-handler-pod-0,container-main,payments,staging,,
2026-03-28T19:28:00+00:00,jvm_memory_used_bytes,gauge,299999299,terminal-handler-sim,terminal-handler-pod-0,container-main,payments,staging,,
2026-03-28T19:28:00+00:00,jvm_gc_pause_seconds_sum,gauge,0.1056392755462349,terminal-handler-sim,terminal-handler-pod-0,container-main,payments,staging,,
2026-03-28T19:28:00+00:00,process_cpu_usage,gauge,0.19525098286299986,terminal-handler-sim,terminal-handler-pod-0,container-main,payments,staging,,
2026-03-28T19:29:00+00:00,jvm_memory_used_bytes,gauge,299999265,terminal-handler-sim,terminal-handler-pod-0,container-main,payments,staging,,
2026-03-28T19:29:00+00:00,jvm_gc_pause_seconds_sum,gauge,0.10961329929946173,terminal-handler-sim,terminal-handler-pod-0,container-main,payments,staging,,
2026-03-28T19:29:00+00:00,process_cpu_usage,gauge,0.20165346466326528,terminal-handler-sim,terminal-handler-pod-0,container-main,payments,staging,,
2026-03-28T19:30:00+00:00,jvm_memory_used_bytes,gauge,300000994,terminal-handler-sim,terminal-handler-pod-0,container-main,payments,staging,,
2026-03-28T19:30:00+00:00,jvm_gc_pause_seconds_sum,gauge,0.0996761917589573,terminal-handler-sim,terminal-handler-pod-0,container-main,payments,staging,,
2026-03-28T19:30:00+00:00,process_cpu_usage,gauge,0.20493221736569164,terminal-handler-sim,terminal-handler-pod-0,container-main,payments,staging,,
2026-03-28T19:31:00+00:00,jvm_memory_used_bytes,gauge,299999693,terminal-handler-sim,terminal-handler-pod-0,container-main,payments,staging,,
2026-03-28T19:31:00+00:00,jvm_gc_pause_seconds_sum,gauge,0.10879120865282982,terminal-handler-sim,terminal-handler-pod-0,container-main,payments,staging,,
2026-03-28T19:31:00+00:00,process_cpu_usage,gauge,0.19673575592048434,terminal-handler-sim,terminal-handler-pod-0,container-main,payments,staging,,
2026-03-28T19:32:00+00:00,jvm_memory_used_bytes,gauge,299999292,terminal-handler-sim,terminal-handler-pod-0,container-main,payments,staging,,
2026-03-28T19:32:00+00:00,jvm_gc_pause_seconds_sum,gauge,0.10820014276342865,terminal-handler-sim,terminal-handler-pod-0,container-main,payments,staging,,
2026-03-28T19:32:00+00:00,process_cpu_usage,gauge,0.1989602756613594,terminal-handler-sim,terminal-handler-pod-0,container-main,payments,staging,,
2026-03-28T19:33:00+00:00,jvm_memory_used_bytes,gauge,300000008,terminal-handler-sim,terminal-handler-pod-0,container-main,payments,staging,,
2026-03-28T19:33:00+00:00,jvm_gc_pause_seconds_sum,gauge,0.09607123998509558,terminal-handler-sim,terminal-handler-pod-0,container-main,payments,staging,,
2026-03-28T19:33:00+00:00,process_cpu_usage,gauge,0.2085525957427338,terminal-handler-sim,terminal-handler-pod-0,container-main,payments,staging,,
2026-03-28T19:34:00+00:00,jvm_memory_used_bytes,gauge,299999265,terminal-handler-sim,terminal-handler-pod-0,container-main,payments,staging,,
2026-03-28T19:34:00+00:00,jvm_gc_pause_seconds_sum,gauge,0.09382309881181394,terminal-handler-sim,terminal-handler-pod-0,container-main,payments,staging,,
2026-03-28T19:34:00+00:00,process_cpu_usage,gauge,0.20210781001843922,terminal-handler-sim,terminal-handler-pod-0,container-main,payments,staging,,
2026-03-28T19:35:00+00:00,jvm_memory_used_bytes,gauge,300000159,terminal-handler-sim,terminal-handler-pod-0,container-main,payments,staging,,
2026-03-28T19:35:00+00:00,jvm_gc_pause_seconds_sum,gauge,0.09318595287322348,terminal-handler-sim,terminal-handler-pod-0,container-main,payments,staging,,
2026-03-28T19:35:00+00:00,process_cpu_usage,gauge,0.20827499693187182,terminal-handler-sim,terminal-handler-pod-0,container-main,payments,staging,,
2026-03-28T19:36:00+00:00,jvm_memory_used_bytes,gauge,299999512,terminal-handler-sim,terminal-handler-pod-0,container-main,payments,staging,,
2026-03-28T19:36:00+00:00,jvm_gc_pause_seconds_sum,gauge,0.1087185345692113,terminal-handler-sim,terminal-handler-pod-0,container-main,payments,staging,,
2026-03-28T19:36:00+00:00,process_cpu_usage,gauge,0.20616663453852554,terminal-handler-sim,terminal-handler-pod-0,container-main,payments,staging,,
2026-03-28T19:37:00+00:00,jvm_memory_used_bytes,gauge,299999381,terminal-handler-sim,terminal-handler-pod-0,container-main,payments,staging,,
2026-03-28T19:37:00+00:00,jvm_gc_pause_seconds_sum,gauge,0.10554277783142729,terminal-handler-sim,terminal-handler-pod-0,container-main,payments,staging,,
2026-03-28T19:37:00+00:00,process_cpu_usage,gauge,0.19072738356859958,terminal-handler-sim,terminal-handler-pod-0,container-main,payments,staging,,
2026-03-28T19:38:00+00:00,jvm_memory_used_bytes,gauge,300000822,terminal-handler-sim,terminal-handler-pod-0,container-main,payments,staging,,
2026-03-28T19:38:00+00:00,jvm_gc_pause_seconds_sum,gauge,0.10616275939811486,terminal-handler-sim,terminal-handler-pod-0,container-main,payments,staging,,
2026-03-28T19:38:00+00:00,process_cpu_usage,gauge,0.20012123713839816,terminal-handler-sim,terminal-handler-pod-0,container-main,payments,staging,,
2026-03-28T19:39:00+00:00,jvm_memory_used_bytes,gauge,299999522,terminal-handler-sim,terminal-handler-pod-0,container-main,payments,staging,,
2026-03-28T19:39:00+00:00,jvm_gc_pause_seconds_sum,gauge,0.09327752075153113,terminal-handler-sim,terminal-handler-pod-0,container-main,payments,staging,,
2026-03-28T19:39:00+00:00,process_cpu_usage,gauge,0.20694663659518253,terminal-handler-sim,terminal-handler-pod-0,container-main,payments,staging,,
2026-03-28T19:40:00+00:00,jvm_memory_used_bytes,gauge,299999207,terminal-handler-sim,terminal-handler-pod-0,container-main,payments,staging,,
2026-03-28T19:40:00+00:00,jvm_gc_pause_seconds_sum,gauge,0.1022144163184644,terminal-handler-sim,terminal-handler-pod-0,container-main,payments,staging,,
2026-03-28T19:40:00+00:00,process_cpu_usage,gauge,0.2021772764153878,terminal-handler-sim,terminal-handler-pod-0,container-main,payments,staging,,
2026-03-28T19:41:00+00:00,jvm_memory_used_bytes,gauge,299999987,terminal-handler-sim,terminal-handler-pod-0,container-main,payments,staging,,
2026-03-28T19:41:00+00:00,jvm_gc_pause_seconds_sum,gauge,0.10133543337379836,terminal-handler-sim,terminal-handler-pod-0,container-main,payments,staging,,
2026-03-28T19:41:00+00:00,process_cpu_usage,gauge,0.19180806128749545,terminal-handler-sim,terminal-handler-pod-0,container-main,payments,staging,,
2026-03-28T19:42:00+00:00,jvm_memory_used_bytes,gauge,299999892,terminal-handler-sim,terminal-handler-pod-0,container-main,payments,staging,,
2026-03-28T19:42:00+00:00,jvm_gc_pause_seconds_sum,gauge,0.09147144165880508,terminal-handler-sim,terminal-handler-pod-0,container-main,payments,staging,,
2026-03-28T19:42:00+00:00,process_cpu_usage,gauge,0.19742999913906045,terminal-handler-sim,terminal-handler-pod-0,container-main,payments,staging,,
2026-03-28T19:43:00+00:00,jvm_memory_used_bytes,gauge,300000849,terminal-handler-sim,terminal-handler-pod-0,container-main,payments,staging,,
2026-03-28T19:43:00+00:00,jvm_gc_pause_seconds_sum,gauge,0.1056412046220178,terminal-handler-sim,terminal-handler-pod-0,container-main,payments,staging,,
2026-03-28T19:43:00+00:00,process_cpu_usage,gauge,0.20052470520733628,terminal-handler-sim,terminal-handler-pod-0,container-main,payments,staging,,
2026-03-28T19:44:00+00:00,jvm_memory_used_bytes,gauge,299999492,terminal-handler-sim,terminal-handler-pod-0,container-main,payments,staging,,
2026-03-28T19:44:00+00:00,jvm_gc_pause_seconds_sum,gauge,0.10076482947521734,terminal-handler-sim,terminal-handler-pod-0,container-main,payments,staging,,
2026-03-28T19:44:00+00:00,process_cpu_usage,gauge,0.20778148807199617,terminal-handler-sim,terminal-handler-pod-0,container-main,payments,staging,,
2026-03-28T19:45:00+00:00,jvm_memory_used_bytes,gauge,300000398,terminal-handler-sim,terminal-handler-pod-0,container-main,payments,staging,,
2026-03-28T19:45:00+00:00,jvm_gc_pause_seconds_sum,gauge,0.09966511027618412,terminal-handler-sim,terminal-handler-pod-0,container-main,payments,staging,,
2026-03-28T19:45:00+00:00,process_cpu_usage,gauge,0.1975754203238034,terminal-handler-sim,terminal-handler-pod-0,container-main,payments,staging,,
2026-03-28T19:46:00+00:00,jvm_memory_used_bytes,gauge,299999744,terminal-handler-sim,terminal-handler-pod-0,container-main,payments,staging,,
2026-03-28T19:46:00+00:00,jvm_gc_pause_seconds_sum,gauge,0.10172212552185403,terminal-handler-sim,terminal-handler-pod-0,container-main,payments,staging,,
2026-03-28T19:46:00+00:00,process_cpu_usage,gauge,0.2078107283154305,terminal-handler-sim,terminal-handler-pod-0,container-main,payments,staging,,
2026-03-28T19:47:00+00:00,jvm_memory_used_bytes,gauge,299999424,terminal-handler-sim,terminal-handler-pod-0,container-main,payments,staging,,
2026-03-28T19:47:00+00:00,jvm_gc_pause_seconds_sum,gauge,0.1064516875132374,terminal-handler-sim,terminal-handler-pod-0,container-main,payments,staging,,
2026-03-28T19:47:00+00:00,process_cpu_usage,gauge,0.1914869865994167,terminal-handler-sim,terminal-handler-pod-0,container-main,payments,staging,,
2026-03-28T19:48:00+00:00,jvm_memory_used_bytes,gauge,300000054,terminal-handler-sim,terminal-handler-pod-0,container-main,payments,staging,,
2026-03-28T19:48:00+00:00,jvm_gc_pause_seconds_sum,gauge,0.09878227444825155,terminal-handler-sim,terminal-handler-pod-0,container-main,payments,staging,,
2026-03-28T19:48:00+00:00,process_cpu_usage,gauge,0.20884233716410347,terminal-handler-sim,terminal-handler-pod-0,container-main,payments,staging,,
2026-03-28T19:49:00+00:00,jvm_memory_used_bytes,gauge,300000448,terminal-handler-sim,terminal-handler-pod-0,container-main,payments,staging,,
2026-03-28T19:49:00+00:00,jvm_gc_pause_seconds_sum,gauge,0.09530914547374898,terminal-handler-sim,terminal-handler-pod-0,container-main,payments,staging,,
2026-03-28T19:49:00+00:00,process_cpu_usage,gauge,0.19696493452232688,terminal-handler-sim,terminal-handler-pod-0,container-main,payments,staging,,
2026-03-28T19:50:00+00:00,jvm_memory_used_bytes,gauge,300000140,terminal-handler-sim,terminal-handler-pod-0,container-main,payments,staging,,
2026-03-28T19:50:00+00:00,jvm_gc_pause_seconds_sum,gauge,0.10817413916642038,terminal-handler-sim,terminal-handler-pod-0,container-main,payments,staging,,
2026-03-28T19:50:00+00:00,process_cpu_usage,gauge,0.2047480557069688,terminal-handler-sim,terminal-handler-pod-0,container-main,payments,staging,,
2026-03-28T19:51:00+00:00,jvm_memory_used_bytes,gauge,299999843,terminal-handler-sim,terminal-handler-pod-0,container-main,payments,staging,,
2026-03-28T19:51:00+00:00,jvm_gc_pause_seconds_sum,gauge,0.09138017938080545,terminal-handler-sim,terminal-handler-pod-0,container-main,payments,staging,,
2026-03-28T19:51:00+00:00,process_cpu_usage,gauge,0.20921745587164836,terminal-handler-sim,terminal-handler-pod-0,container-main,payments,staging,,
2026-03-28T19:52:00+00:00,jvm_memory_used_bytes,gauge,300000874,terminal-handler-sim,terminal-handler-pod-0,container-main,payments,staging,,
2026-03-28T19:52:00+00:00,jvm_gc_pause_seconds_sum,gauge,0.10165450273176102,terminal-handler-sim,terminal-handler-pod-0,container-main,payments,staging,,
2026-03-28T19:52:00+00:00,process_cpu_usage,gauge,0.20730465111238283,terminal-handler-sim,terminal-handler-pod-0,container-main,payments,staging,,
2026-03-28T19:53:00+00:00,jvm_memory_used_bytes,gauge,299999593,terminal-handler-sim,terminal-handler-pod-0,container-main,payments,staging,,
2026-03-28T19:53:00+00:00,jvm_gc_pause_seconds_sum,gauge,0.10896878621750011,terminal-handler-sim,terminal-handler-pod-0,container-main,payments,staging,,
2026-03-28T19:53:00+00:00,process_cpu_usage,gauge,0.201676783062362,terminal-handler-sim,terminal-handler-pod-0,container-main,payments,staging,,
2026-03-28T19:54:00+00:00,jvm_memory_used_bytes,gauge,299999623,terminal-handler-sim,terminal-handler-pod-0,container-main,payments,staging,,
2026-03-28T19:54:00+00:00,jvm_gc_pause_seconds_sum,gauge,0.09281751832282757,terminal-handler-sim,terminal-handler-pod-0,container-main,payments,staging,,
2026-03-28T19:54:00+00:00,process_cpu_usage,gauge,0.20828421978130116,terminal-handler-sim,terminal-handler-pod-0,container-main,payments,staging,,
2026-03-28T19:55:00+00:00,jvm_memory_used_bytes,gauge,299999132,terminal-handler-sim,terminal-handler-pod-0,container-main,payments,staging,,
2026-03-28T19:55:00+00:00,jvm_gc_pause_seconds_sum,gauge,0.10822405106704845,terminal-handler-sim,terminal-handler-pod-0,container-main,payments,staging,,
2026-03-28T19:55:00+00:00,process_cpu_usage,gauge,0.1966536291528042,terminal-handler-sim,terminal-handler-pod-0,container-main,payments,staging,,
2026-03-28T19:56:00+00:00,jvm_memory_used_bytes,gauge,299999208,terminal-handler-sim,terminal-handler-pod-0,container-main,payments,staging,,
2026-03-28T19:56:00+00:00,jvm_gc_pause_seconds_sum,gauge,0.10003539528695016,terminal-handler-sim,terminal-handler-pod-0,container-main,payments,staging,,
2026-03-28T19:56:00+00:00,process_cpu_usage,gauge,0.19943691075316144,terminal-handler-sim,terminal-handler-pod-0,container-main,payments,staging,,
2026-03-28T19:57:00+00:00,jvm_memory_used_bytes,gauge,299999381,terminal-handler-sim,terminal-handler-pod-0,container-main,payments,staging,,
2026-03-28T19:57:00+00:00,jvm_gc_pause_seconds_sum,gauge,0.09211277923168282,terminal-handler-sim,terminal-handler-pod-0,container-main,payments,staging,,
2026-03-28T19:57:00+00:00,process_cpu_usage,gauge,0.19562551873517078,terminal-handler-sim,terminal-handler-pod-0,container-main,payments,staging,,
2026-03-28T19:58:00+00:00,jvm_memory_used_bytes,gauge,300000029,terminal-handler-sim,terminal-handler-pod-0,container-main,payments,staging,,
2026-03-28T19:58:00+00:00,jvm_gc_pause_seconds_sum,gauge,0.10764705521012904,terminal-handler-sim,terminal-handler-pod-0,container-main,payments,staging,,
2026-03-28T19:58:00+00:00,process_cpu_usage,gauge,0.2056853917907376,terminal-handler-sim,terminal-handler-pod-0,container-main,payments,staging,,
2026-03-28T19:59:00+00:00,jvm_memory_used_bytes,gauge,299999877,terminal-handler-sim,terminal-handler-pod-0,container-main,payments,staging,,
2026-03-28T19:59:00+00:00,jvm_gc_pause_seconds_sum,gauge,0.09765570853138672,terminal-handler-sim,terminal-handler-pod-0,container-main,payments,staging,,
2026-03-28T19:59:00+00:00,process_cpu_usage,gauge,0.19871584743556076,terminal-handler-sim,terminal-handler-pod-0,container-main,payments,staging,,
2026-03-28T20:00:00+00:00,jvm_memory_used_bytes,gauge,300000650,terminal-handler-sim,terminal-handler-pod-0,container-main,payments,staging,,
2026-03-28T20:00:00+00:00,jvm_gc_pause_seconds_sum,gauge,0.09226736998241965,terminal-handler-sim,terminal-handler-pod-0,container-main,payments,staging,,
2026-03-28T20:00:00+00:00,process_cpu_usage,gauge,0.20557539076028147,terminal-handler-sim,terminal-handler-pod-0,container-main,payments,staging,,
2026-03-28T20:01:00+00:00,jvm_memory_used_bytes,gauge,300000545,terminal-handler-sim,terminal-handler-pod-0,container-main,payments,staging,,
2026-03-28T20:01:00+00:00,jvm_gc_pause_seconds_sum,gauge,0.10171024386437293,terminal-handler-sim,terminal-handler-pod-0,container-main,payments,staging,,
2026-03-28T20:01:00+00:00,process_cpu_usage,gauge,0.20106087654613314,terminal-handler-sim,terminal-handler-pod-0,container-main,payments,staging,,
2026-03-28T20:02:00+00:00,jvm_memory_used_bytes,gauge,299999430,terminal-handler-sim,terminal-handler-pod-0,container-main,payments,staging,,
2026-03-28T20:02:00+00:00,jvm_gc_pause_seconds_sum,gauge,0.10049646554277888,terminal-handler-sim,terminal-handler-pod-0,container-main,payments,staging,,
2026-03-28T20:02:00+00:00,process_cpu_usage,gauge,0.20536498920563767,terminal-handler-sim,terminal-handler-pod-0,container-main,payments,staging,,
2026-03-28T20:03:00+00:00,jvm_memory_used_bytes,gauge,299999693,terminal-handler-sim,terminal-handler-pod-0,container-main,payments,staging,,
2026-03-28T20:03:00+00:00,jvm_gc_pause_seconds_sum,gauge,0.10375006860459328,terminal-handler-sim,terminal-handler-pod-0,container-main,payments,staging,,
2026-03-28T20:03:00+00:00,process_cpu_usage,gauge,0.2008841526129849,terminal-handler-sim,terminal-handler-pod-0,container-main,payments,staging,,
2026-03-28T20:04:00+00:00,jvm_memory_used_bytes,gauge,300000336,terminal-handler-sim,terminal-handler-pod-0,container-main,payments,staging,,
2026-03-28T20:04:00+00:00,jvm_gc_pause_seconds_sum,gauge,0.09360596207180115,terminal-handler-sim,terminal-handler-pod-0,container-main,payments,staging,,
2026-03-28T20:04:00+00:00,process_cpu_usage,gauge,0.19206102152745474,terminal-handler-sim,terminal-handler-pod-0,container-main,payments,staging,,
2026-03-28T20:05:00+00:00,jvm_memory_used_bytes,gauge,299999470,terminal-handler-sim,terminal-handler-pod-0,container-main,payments,staging,,
2026-03-28T20:05:00+00:00,jvm_gc_pause_seconds_sum,gauge,0.10345269918755785,terminal-handler-sim,terminal-handler-pod-0,container-main,payments,staging,,
2026-03-28T20:05:00+00:00,process_cpu_usage,gauge,0.19345379391595377,terminal-handler-sim,terminal-handler-pod-0,container-main,payments,staging,,
2026-03-28T20:06:00+00:00,jvm_memory_used_bytes,gauge,299999052,terminal-handler-sim,terminal-handler-pod-0,container-main,payments,staging,,
2026-03-28T20:06:00+00:00,jvm_gc_pause_seconds_sum,gauge,0.0975482877043953,terminal-handler-sim,terminal-handler-pod-0,container-main,payments,staging,,
2026-03-28T20:06:00+00:00,process_cpu_usage,gauge,0.20305358521855674,terminal-handler-sim,terminal-handler-pod-0,container-main,payments,staging,,
2026-03-28T20:07:00+00:00,jvm_memory_used_bytes,gauge,300000963,terminal-handler-sim,terminal-handler-pod-0,container-main,payments,staging,,
2026-03-28T20:07:00+00:00,jvm_gc_pause_seconds_sum,gauge,0.10031675371554435,terminal-handler-sim,terminal-handler-pod-0,container-main,payments,staging,,
2026-03-28T20:07:00+00:00,process_cpu_usage,gauge,0.20063984123594072,terminal-handler-sim,terminal-handler-pod-0,container-main,payments,staging,,
2026-03-28T20:08:00+00:00,jvm_memory_used_bytes,gauge,300000415,terminal-handler-sim,terminal-handler-pod-0,container-main,payments,staging,,
2026-03-28T20:08:00+00:00,jvm_gc_pause_seconds_sum,gauge,0.10647016823900586,terminal-handler-sim,terminal-handler-pod-0,container-main,payments,staging,,
2026-03-28T20:08:00+00:00,process_cpu_usage,gauge,0.20631034894009356,terminal-handler-sim,terminal-handler-pod-0,container-main,payments,staging,,
2026-03-28T20:09:00+00:00,jvm_memory_used_bytes,gauge,300000916,terminal-handler-sim,terminal-handler-pod-0,container-main,payments,staging,,
2026-03-28T20:09:00+00:00,jvm_gc_pause_seconds_sum,gauge,0.10776839880301553,terminal-handler-sim,terminal-handler-pod-0,container-main,payments,staging,,
2026-03-28T20:09:00+00:00,process_cpu_usage,gauge,0.2083746634760299,terminal-handler-sim,terminal-handler-pod-0,container-main,payments,staging,,
2026-03-28T20:10:00+00:00,jvm_memory_used_bytes,gauge,299999789,terminal-handler-sim,terminal-handler-pod-0,container-main,payments,staging,,
2026-03-28T20:10:00+00:00,jvm_gc_pause_seconds_sum,gauge,0.09012696639058376,terminal-handler-sim,terminal-handler-pod-0,container-main,payments,staging,,
2026-03-28T20:10:00+00:00,process_cpu_usage,gauge,0.19700554730653605,terminal-handler-sim,terminal-handler-pod-0,container-main,payments,staging,,
2026-03-28T20:11:00+00:00,jvm_memory_used_bytes,gauge,299999588,terminal-handler-sim,terminal-handler-pod-0,container-main,payments,staging,,
2026-03-28T20:11:00+00:00,jvm_gc_pause_seconds_sum,gauge,0.09345423294724826,terminal-handler-sim,terminal-handler-pod-0,container-main,payments,staging,,
2026-03-28T20:11:00+00:00,process_cpu_usage,gauge,0.20641629492817207,terminal-handler-sim,terminal-handler-pod-0,container-main,payments,staging,,
2026-03-28T20:12:00+00:00,jvm_memory_used_bytes,gauge,299999912,terminal-handler-sim,terminal-handler-pod-0,container-main,payments,staging,,
2026-03-28T20:12:00+00:00,jvm_gc_pause_seconds_sum,gauge,0.09400064754025554,terminal-handler-sim,terminal-handler-pod-0,container-main,payments,staging,,
2026-03-28T20:12:00+00:00,process_cpu_usage,gauge,0.2078729450752275,terminal-handler-sim,terminal-handler-pod-0,container-main,payments,staging,,
2026-03-28T20:13:00+00:00,jvm_memory_used_bytes,gauge,299999660,terminal-handler-sim,terminal-handler-pod-0,container-main,payments,staging,,
2026-03-28T20:13:00+00:00,jvm_gc_pause_seconds_sum,gauge,0.10794214124419373,terminal-handler-sim,terminal-handler-pod-0,container-main,payments,staging,,
2026-03-28T20:13:00+00:00,process_cpu_usage,gauge,0.19054259618349112,terminal-handler-sim,terminal-handler-pod-0,container-main,payments,staging,,
2026-03-28T20:14:00+00:00,jvm_memory_used_bytes,gauge,300000217,terminal-handler-sim,terminal-handler-pod-0,container-main,payments,staging,,
2026-03-28T20:14:00+00:00,jvm_gc_pause_seconds_sum,gauge,0.09905089530305893,terminal-handler-sim,terminal-handler-pod-0,container-main,payments,staging,,
2026-03-28T20:14:00+00:00,process_cpu_usage,gauge,0.20510780379132088,terminal-handler-sim,terminal-handler-pod-0,container-main,payments,staging,,
2026-03-28T20:15:00+00:00,jvm_memory_used_bytes,gauge,299999489,terminal-handler-sim,terminal-handler-pod-0,container-main,payments,staging,,
2026-03-28T20:15:00+00:00,jvm_gc_pause_seconds_sum,gauge,0.10045936276653503,terminal-handler-sim,terminal-handler-pod-0,container-main,payments,staging,,
2026-03-28T20:15:00+00:00,process_cpu_usage,gauge,0.20283787016924062,terminal-handler-sim,terminal-handler-pod-0,container-main,payments,staging,,
2026-03-28T20:16:00+00:00,jvm_memory_used_bytes,gauge,299999068,terminal-handler-sim,terminal-handler-pod-0,container-main,payments,staging,,
2026-03-28T20:16:00+00:00,jvm_gc_pause_seconds_sum,gauge,0.09771458884143545,terminal-handler-sim,terminal-handler-pod-0,container-main,payments,staging,,
2026-03-28T20:16:00+00:00,process_cpu_usage,gauge,0.1973749586752261,terminal-handler-sim,terminal-handler-pod-0,container-main,payments,staging,,
2026-03-28T20:17:00+00:00,jvm_memory_used_bytes,gauge,300000021,terminal-handler-sim,terminal-handler-pod-0,container-main,payments,staging,,
2026-03-28T20:17:00+00:00,jvm_gc_pause_seconds_sum,gauge,0.1017346605758667,terminal-handler-sim,terminal-handler-pod-0,container-main,payments,staging,,
2026-03-28T20:17:00+00:00,process_cpu_usage,gauge,0.20249404498198648,terminal-handler-sim,terminal-handler-pod-0,container-main,payments,staging,,
2026-03-28T20:18:00+00:00,jvm_memory_used_bytes,gauge,300000496,terminal-handler-sim,terminal-handler-pod-0,container-main,payments,staging,,
2026-03-28T20:18:00+00:00,jvm_gc_pause_seconds_sum,gauge,0.10828759381104727,terminal-handler-sim,terminal-handler-pod-0,container-main,payments,staging,,
2026-03-28T20:18:00+00:00,process_cpu_usage,gauge,0.19410204347369633,terminal-handler-sim,terminal-handler-pod-0,container-main,payments,staging,,
2026-03-28T20:19:00+00:00,jvm_memory_used_bytes,gauge,300000449,terminal-handler-sim,terminal-handler-pod-0,container-main,payments,staging,,
2026-03-28T20:19:00+00:00,jvm_gc_pause_seconds_sum,gauge,0.10412550223621429,terminal-handler-sim,terminal-handler-pod-0,container-main,payments,staging,,
2026-03-28T20:19:00+00:00,process_cpu_usage,gauge,0.19312963113438908,terminal-handler-sim,terminal-handler-pod-0,container-main,payments,staging,,
2026-03-28T20:20:00+00:00,jvm_memory_used_bytes,gauge,299999869,terminal-handler-sim,terminal-handler-pod-0,container-main,payments,staging,,
2026-03-28T20:20:00+00:00,jvm_gc_pause_seconds_sum,gauge,0.10530729308997408,terminal-handler-sim,terminal-handler-pod-0,container-main,payments,staging,,
2026-03-28T20:20:00+00:00,process_cpu_usage,gauge,0.1929222120326069,terminal-handler-sim,terminal-handler-pod-0,container-main,payments,staging,,
2026-03-28T20:21:00+00:00,jvm_memory_used_bytes,gauge,299999262,terminal-handler-sim,terminal-handler-pod-0,container-main,payments,staging,,
2026-03-28T20:21:00+00:00,jvm_gc_pause_seconds_sum,gauge,0.10818311115350746,terminal-handler-sim,terminal-handler-pod-0,container-main,payments,staging,,
2026-03-28T20:21:00+00:00,process_cpu_usage,gauge,0.20015834517566083,terminal-handler-sim,terminal-handler-pod-0,container-main,payments,staging,,
2026-03-28T20:22:00+00:00,jvm_memory_used_bytes,gauge,299999159,terminal-handler-sim,terminal-handler-pod-0,container-main,payments,staging,,
2026-03-28T20:22:00+00:00,jvm_gc_pause_seconds_sum,gauge,0.1073162696630693,terminal-handler-sim,terminal-handler-pod-0,container-main,payments,staging,,
2026-03-28T20:22:00+00:00,process_cpu_usage,gauge,0.19005785209440834,terminal-handler-sim,terminal-handler-pod-0,container-main,payments,staging,,
2026-03-28T20:23:00+00:00,jvm_memory_used_bytes,gauge,299999145,terminal-handler-sim,terminal-handler-pod-0,container-main,payments,staging,,
2026-03-28T20:23:00+00:00,jvm_gc_pause_seconds_sum,gauge,0.0946330907354826,terminal-handler-sim,terminal-handler-pod-0,container-main,payments,staging,,
2026-03-28T20:23:00+00:00,process_cpu_usage,gauge,0.20018399305867354,terminal-handler-sim,terminal-handler-pod-0,container-main,payments,staging,,
2026-03-28T20:24:00+00:00,jvm_memory_used_bytes,gauge,300000101,terminal-handler-sim,terminal-handler-pod-0,container-main,payments,staging,,
2026-03-28T20:24:00+00:00,jvm_gc_pause_seconds_sum,gauge,0.09886095350131259,terminal-handler-sim,terminal-handler-pod-0,container-main,payments,staging,,
2026-03-28T20:24:00+00:00,process_cpu_usage,gauge,0.19577059698497434,terminal-handler-sim,terminal-handler-pod-0,container-main,payments,staging,,
2026-03-28T20:25:00+00:00,jvm_memory_used_bytes,gauge,299999577,terminal-handler-sim,terminal-handler-pod-0,container-main,payments,staging,,
2026-03-28T20:25:00+00:00,jvm_gc_pause_seconds_sum,gauge,0.09526240628502051,terminal-handler-sim,terminal-handler-pod-0,container-main,payments,staging,,
2026-03-28T20:25:00+00:00,process_cpu_usage,gauge,0.2065548036831775,terminal-handler-sim,terminal-handler-pod-0,container-main,payments,staging,,
2026-03-28T20:26:00+00:00,jvm_memory_used_bytes,gauge,300000679,terminal-handler-sim,terminal-handler-pod-0,container-main,payments,staging,,
2026-03-28T20:26:00+00:00,jvm_gc_pause_seconds_sum,gauge,0.095977866319323,terminal-handler-sim,terminal-handler-pod-0,container-main,payments,staging,,
2026-03-28T20:26:00+00:00,process_cpu_usage,gauge,0.192030745575406,terminal-handler-sim,terminal-handler-pod-0,container-main,payments,staging,,
2026-03-28T20:27:00+00:00,jvm_memory_used_bytes,gauge,299999910,terminal-handler-sim,terminal-handler-pod-0,container-main,payments,staging,,
2026-03-28T20:27:00+00:00,jvm_gc_pause_seconds_sum,gauge,0.10873212772501005,terminal-handler-sim,terminal-handler-pod-0,container-main,payments,staging,,
2026-03-28T20:27:00+00:00,process_cpu_usage,gauge,0.20683594731020155,terminal-handler-sim,terminal-handler-pod-0,container-main,payments,staging,,
2026-03-28T20:28:00+00:00,jvm_memory_used_bytes,gauge,300000029,terminal-handler-sim,terminal-handler-pod-0,container-main,payments,staging,,
2026-03-28T20:28:00+00:00,jvm_gc_pause_seconds_sum,gauge,0.10249189487707994,terminal-handler-sim,terminal-handler-pod-0,container-main,payments,staging,,
2026-03-28T20:28:00+00:00,process_cpu_usage,gauge,0.19269393270294832,terminal-handler-sim,terminal-handler-pod-0,container-main,payments,staging,,
2026-03-28T20:29:00+00:00,jvm_memory_used_bytes,gauge,300000671,terminal-handler-sim,terminal-handler-pod-0,container-main,payments,staging,,
2026-03-28T20:29:00+00:00,jvm_gc_pause_seconds_sum,gauge,0.09222030126294187,terminal-handler-sim,terminal-handler-pod-0,container-main,payments,staging,,
2026-03-28T20:29:00+00:00,process_cpu_usage,gauge,0.2002976576037602,terminal-handler-sim,terminal-handler-pod-0,container-main,payments,staging,,
2026-03-28T20:30:00+00:00,jvm_memory_used_bytes,gauge,299999303,terminal-handler-sim,terminal-handler-pod-0,container-main,payments,staging,,
2026-03-28T20:30:00+00:00,jvm_gc_pause_seconds_sum,gauge,0.10183950619013772,terminal-handler-sim,terminal-handler-pod-0,container-main,payments,staging,,
2026-03-28T20:30:00+00:00,process_cpu_usage,gauge,0.20059360381917815,terminal-handler-sim,terminal-handler-pod-0,container-main,payments,staging,,
2026-03-28T20:31:00+00:00,jvm_memory_used_bytes,gauge,299999063,terminal-handler-sim,terminal-handler-pod-0,container-main,payments,staging,,
2026-03-28T20:31:00+00:00,jvm_gc_pause_seconds_sum,gauge,0.09391214967753199,terminal-handler-sim,terminal-handler-pod-0,container-main,payments,staging,,
2026-03-28T20:31:00+00:00,process_cpu_usage,gauge,0.202259084882112,terminal-handler-sim,terminal-handler-pod-0,container-main,payments,staging,,
2026-03-28T20:32:00+00:00,jvm_memory_used_bytes,gauge,299999419,terminal-handler-sim,terminal-handler-pod-0,container-main,payments,staging,,
2026-03-28T20:32:00+00:00,jvm_gc_pause_seconds_sum,gauge,0.10658285974733035,terminal-handler-sim,terminal-handler-pod-0,container-main,payments,staging,,
2026-03-28T20:32:00+00:00,process_cpu_usage,gauge,0.19629070377373373,terminal-handler-sim,terminal-handler-pod-0,container-main,payments,staging,,
2026-03-28T20:33:00+00:00,jvm_memory_used_bytes,gauge,300000843,terminal-handler-sim,terminal-handler-pod-0,container-main,payments,staging,,
2026-03-28T20:33:00+00:00,jvm_gc_pause_seconds_sum,gauge,0.09565256267882019,terminal-handler-sim,terminal-handler-pod-0,container-main,payments,staging,,
2026-03-28T20:33:00+00:00,process_cpu_usage,gauge,0.2007760883835477,terminal-handler-sim,terminal-handler-pod-0,container-main,payments,staging,,
2026-03-28T20:34:00+00:00,jvm_memory_used_bytes,gauge,299999223,terminal-handler-sim,terminal-handler-pod-0,container-main,payments,staging,,
2026-03-28T20:34:00+00:00,jvm_gc_pause_seconds_sum,gauge,0.10451268129785804,terminal-handler-sim,terminal-handler-pod-0,container-main,payments,staging,,
2026-03-28T20:34:00+00:00,process_cpu_usage,gauge,0.2026292286127479,terminal-handler-sim,terminal-handler-pod-0,container-main,payments,staging,,
2026-03-28T20:35:00+00:00,jvm_memory_used_bytes,gauge,299999656,terminal-handler-sim,terminal-handler-pod-0,container-main,payments,staging,,
2026-03-28T20:35:00+00:00,jvm_gc_pause_seconds_sum,gauge,0.0994725260408263,terminal-handler-sim,terminal-handler-pod-0,container-main,payments,staging,,
2026-03-28T20:35:00+00:00,process_cpu_usage,gauge,0.19049438921828848,terminal-handler-sim,terminal-handler-pod-0,container-main,payments,staging,,
2026-03-28T20:36:00+00:00,jvm_memory_used_bytes,gauge,299999002,terminal-handler-sim,terminal-handler-pod-0,container-main,payments,staging,,
2026-03-28T20:36:00+00:00,jvm_gc_pause_seconds_sum,gauge,0.09796006624927568,terminal-handler-sim,terminal-handler-pod-0,container-main,payments,staging,,
2026-03-28T20:36:00+00:00,process_cpu_usage,gauge,0.20358225923285736,terminal-handler-sim,terminal-handler-pod-0,container-main,payments,staging,,
2026-03-28T20:37:00+00:00,jvm_memory_used_bytes,gauge,300000129,terminal-handler-sim,terminal-handler-pod-0,container-main,payments,staging,,
2026-03-28T20:37:00+00:00,jvm_gc_pause_seconds_sum,gauge,0.10432821524290173,terminal-handler-sim,terminal-handler-pod-0,container-main,payments,staging,,
2026-03-28T20:37:00+00:00,process_cpu_usage,gauge,0.19692527974980814,terminal-handler-sim,terminal-handler-pod-0,container-main,payments,staging,,
2026-03-28T20:38:00+00:00,jvm_memory_used_bytes,gauge,299999403,terminal-handler-sim,terminal-handler-pod-0,container-main,payments,staging,,
2026-03-28T20:38:00+00:00,jvm_gc_pause_seconds_sum,gauge,0.10058033177188523,terminal-handler-sim,terminal-handler-pod-0,container-main,payments,staging,,
2026-03-28T20:38:00+00:00,process_cpu_usage,gauge,0.20280222901104697,terminal-handler-sim,terminal-handler-pod-0,container-main,payments,staging,,
2026-03-28T20:39:00+00:00,jvm_memory_used_bytes,gauge,299999411,terminal-handler-sim,terminal-handler-pod-0,container-main,payments,staging,,
2026-03-28T20:39:00+00:00,jvm_gc_pause_seconds_sum,gauge,0.10967149262571917,terminal-handler-sim,terminal-handler-pod-0,container-main,payments,staging,,
2026-03-28T20:39:00+00:00,process_cpu_usage,gauge,0.2067096763728977,terminal-handler-sim,terminal-handler-pod-0,container-main,payments,staging,,
2026-03-28T20:40:00+00:00,jvm_memory_used_bytes,gauge,300000613,terminal-handler-sim,terminal-handler-pod-0,container-main,payments,staging,,
2026-03-28T20:40:00+00:00,jvm_gc_pause_seconds_sum,gauge,0.09984480325772485,terminal-handler-sim,terminal-handler-pod-0,container-main,payments,staging,,
2026-03-28T20:40:00+00:00,process_cpu_usage,gauge,0.20701940906909563,terminal-handler-sim,terminal-handler-pod-0,container-main,payments,staging,,
2026-03-28T20:41:00+00:00,jvm_memory_used_bytes,gauge,299999866,terminal-handler-sim,terminal-handler-pod-0,container-main,payments,staging,,
2026-03-28T20:41:00+00:00,jvm_gc_pause_seconds_sum,gauge,0.10749027400866691,terminal-handler-sim,terminal-handler-pod-0,container-main,payments,staging,,
2026-03-28T20:41:00+00:00,process_cpu_usage,gauge,0.20753346236624481,terminal-handler-sim,terminal-handler-pod-0,container-main,payments,staging,,
2026-03-28T20:42:00+00:00,jvm_memory_used_bytes,gauge,300000757,terminal-handler-sim,terminal-handler-pod-0,container-main,payments,staging,,
2026-03-28T20:42:00+00:00,jvm_gc_pause_seconds_sum,gauge,0.10838505425778044,terminal-handler-sim,terminal-handler-pod-0,container-main,payments,staging,,
2026-03-28T20:42:00+00:00,process_cpu_usage,gauge,0.2057530149798856,terminal-handler-sim,terminal-handler-pod-0,container-main,payments,staging,,
2026-03-28T20:43:00+00:00,jvm_memory_used_bytes,gauge,299999996,terminal-handler-sim,terminal-handler-pod-0,container-main,payments,staging,,
2026-03-28T20:43:00+00:00,jvm_gc_pause_seconds_sum,gauge,0.10331178193675183,terminal-handler-sim,terminal-handler-pod-0,container-main,payments,staging,,
2026-03-28T20:43:00+00:00,process_cpu_usage,gauge,0.20967359496502794,terminal-handler-sim,terminal-handler-pod-0,container-main,payments,staging,,
2026-03-28T20:44:00+00:00,jvm_memory_used_bytes,gauge,299999947,terminal-handler-sim,terminal-handler-pod-0,container-main,payments,staging,,
2026-03-28T20:44:00+00:00,jvm_gc_pause_seconds_sum,gauge,0.09289336752767105,terminal-handler-sim,terminal-handler-pod-0,container-main,payments,staging,,
2026-03-28T20:44:00+00:00,process_cpu_usage,gauge,0.2035860701280875,terminal-handler-sim,terminal-handler-pod-0,container-main,payments,staging,,
2026-03-28T20:45:00+00:00,jvm_memory_used_bytes,gauge,299999974,terminal-handler-sim,terminal-handler-pod-0,container-main,payments,staging,,
2026-03-28T20:45:00+00:00,jvm_gc_pause_seconds_sum,gauge,0.10736161906620548,terminal-handler-sim,terminal-handler-pod-0,container-main,payments,staging,,
2026-03-28T20:45:00+00:00,process_cpu_usage,gauge,0.19065483289812005,terminal-handler-sim,terminal-handler-pod-0,container-main,payments,staging,,
2026-03-28T20:46:00+00:00,jvm_memory_used_bytes,gauge,299999389,terminal-handler-sim,terminal-handler-pod-0,container-main,payments,staging,,
2026-03-28T20:46:00+00:00,jvm_gc_pause_seconds_sum,gauge,0.10312182160180465,terminal-handler-sim,terminal-handler-pod-0,container-main,payments,staging,,
2026-03-28T20:46:00+00:00,process_cpu_usage,gauge,0.2060613447383234,terminal-handler-sim,terminal-handler-pod-0,container-main,payments,staging,,
2026-03-28T20:47:00+00:00,jvm_memory_used_bytes,gauge,299999245,terminal-handler-sim,terminal-handler-pod-0,container-main,payments,staging,,
2026-03-28T20:47:00+00:00,jvm_gc_pause_seconds_sum,gauge,0.09957015786404791,terminal-handler-sim,terminal-handler-pod-0,container-main,payments,staging,,
2026-03-28T20:47:00+00:00,process_cpu_usage,gauge,0.19618212673845326,terminal-handler-sim,terminal-handler-pod-0,container-main,payments,staging,,
2026-03-28T20:48:00+00:00,jvm_memory_used_bytes,gauge,299999260,terminal-handler-sim,terminal-handler-pod-0,container-main,payments,staging,,
2026-03-28T20:48:00+00:00,jvm_gc_pause_seconds_sum,gauge,0.10158717140483636,terminal-handler-sim,terminal-handler-pod-0,container-main,payments,staging,,
2026-03-28T20:48:00+00:00,process_cpu_usage,gauge,0.19205767108782076,terminal-handler-sim,terminal-handler-pod-0,container-main,payments,staging,,
2026-03-28T20:49:00+00:00,jvm_memory_used_bytes,gauge,300000461,terminal-handler-sim,terminal-handler-pod-0,container-main,payments,staging,,
2026-03-28T20:49:00+00:00,jvm_gc_pause_seconds_sum,gauge,0.10489589108607757,terminal-handler-sim,terminal-handler-pod-0,container-main,payments,staging,,
2026-03-28T20:49:00+00:00,process_cpu_usage,gauge,0.19746822758199356,terminal-handler-sim,terminal-handler-pod-0,container-main,payments,staging,,
2026-03-28T20:50:00+00:00,jvm_memory_used_bytes,gauge,300000969,terminal-handler-sim,terminal-handler-pod-0,container-main,payments,staging,,
2026-03-28T20:50:00+00:00,jvm_gc_pause_seconds_sum,gauge,0.10821875672291521,terminal-handler-sim,terminal-handler-pod-0,container-main,payments,staging,,
2026-03-28T20:50:00+00:00,process_cpu_usage,gauge,0.1911135219188036,terminal-handler-sim,terminal-handler-pod-0,container-main,payments,staging,,
2026-03-28T20:51:00+00:00,jvm_memory_used_bytes,gauge,300000391,terminal-handler-sim,terminal-handler-pod-0,container-main,payments,staging,,
2026-03-28T20:51:00+00:00,jvm_gc_pause_seconds_sum,gauge,0.09597409172557922,terminal-handler-sim,terminal-handler-pod-0,container-main,payments,staging,,
2026-03-28T20:51:00+00:00,process_cpu_usage,gauge,0.20441132226661018,terminal-handler-sim,terminal-handler-pod-0,container-main,payments,staging,,
2026-03-28T20:52:00+00:00,jvm_memory_used_bytes,gauge,300000296,terminal-handler-sim,terminal-handler-pod-0,container-main,payments,staging,,
2026-03-28T20:52:00+00:00,jvm_gc_pause_seconds_sum,gauge,0.09901656350195331,terminal-handler-sim,terminal-handler-pod-0,container-main,payments,staging,,
2026-03-28T20:52:00+00:00,process_cpu_usage,gauge,0.19795459169222474,terminal-handler-sim,terminal-handler-pod-0,container-main,payments,staging,,
2026-03-28T20:53:00+00:00,jvm_memory_used_bytes,gauge,300000915,terminal-handler-sim,terminal-handler-pod-0,container-main,payments,staging,,
2026-03-28T20:53:00+00:00,jvm_gc_pause_seconds_sum,gauge,0.09428047721265842,terminal-handler-sim,terminal-handler-pod-0,container-main,payments,staging,,
2026-03-28T20:53:00+00:00,process_cpu_usage,gauge,0.1972269017299138,terminal-handler-sim,terminal-handler-pod-0,container-main,payments,staging,,
2026-03-28T20:54:00+00:00,jvm_memory_used_bytes,gauge,300000760,terminal-handler-sim,terminal-handler-pod-0,container-main,payments,staging,,
2026-03-28T20:54:00+00:00,jvm_gc_pause_seconds_sum,gauge,0.09518636156640593,terminal-handler-sim,terminal-handler-pod-0,container-main,payments,staging,,
2026-03-28T20:54:00+00:00,process_cpu_usage,gauge,0.1933301815561358,terminal-handler-sim,terminal-handler-pod-0,container-main,payments,staging,,
2026-03-28T20:55:00+00:00,jvm_memory_used_bytes,gauge,299999112,terminal-handler-sim,terminal-handler-pod-0,container-main,payments,staging,,
2026-03-28T20:55:00+00:00,jvm_gc_pause_seconds_sum,gauge,0.09333565765769909,terminal-handler-sim,terminal-handler-pod-0,container-main,payments,staging,,
2026-03-28T20:55:00+00:00,process_cpu_usage,gauge,0.1999660679534035,terminal-handler-sim,terminal-handler-pod-0,container-main,payments,staging,,
2026-03-28T20:56:00+00:00,jvm_memory_used_bytes,gauge,300000454,terminal-handler-sim,terminal-handler-pod-0,container-main,payments,staging,,
2026-03-28T20:56:00+00:00,jvm_gc_pause_seconds_sum,gauge,0.10998392914474231,terminal-handler-sim,terminal-handler-pod-0,container-main,payments,staging,,
2026-03-28T20:56:00+00:00,process_cpu_usage,gauge,0.19878939634612822,terminal-handler-sim,terminal-handler-pod-0,container-main,payments,staging,,
2026-03-28T20:57:00+00:00,jvm_memory_used_bytes,gauge,299999490,terminal-handler-sim,terminal-handler-pod-0,container-main,payments,staging,,
2026-03-28T20:57:00+00:00,jvm_gc_pause_seconds_sum,gauge,0.10097424972088627,terminal-handler-sim,terminal-handler-pod-0,container-main,payments,staging,,
2026-03-28T20:57:00+00:00,process_cpu_usage,gauge,0.20055732056458167,terminal-handler-sim,terminal-handler-pod-0,container-main,payments,staging,,
2026-03-28T20:58:00+00:00,jvm_memory_used_bytes,gauge,300000745,terminal-handler-sim,terminal-handler-pod-0,container-main,payments,staging,,
2026-03-28T20:58:00+00:00,jvm_gc_pause_seconds_sum,gauge,0.10187364762747775,terminal-handler-sim,terminal-handler-pod-0,container-main,payments,staging,,
2026-03-28T20:58:00+00:00,process_cpu_usage,gauge,0.20676488109348914,terminal-handler-sim,terminal-handler-pod-0,container-main,payments,staging,,
2026-03-28T20:59:00+00:00,jvm_memory_used_bytes,gauge,300000556,terminal-handler-sim,terminal-handler-pod-0,container-main,payments,staging,,
2026-03-28T20:59:00+00:00,jvm_gc_pause_seconds_sum,gauge,0.09707308207841132,terminal-handler-sim,terminal-handler-pod-0,container-main,payments,staging,,
2026-03-28T20:59:00+00:00,process_cpu_usage,gauge,0.20768122906433248,terminal-handler-sim,terminal-handler-pod-0,container-main,payments,staging,,
2026-03-28T21:00:00+00:00,jvm_memory_used_bytes,gauge,299999696,terminal-handler-sim,terminal-handler-pod-0,container-main,payments,staging,,
2026-03-28T21:00:00+00:00,jvm_gc_pause_seconds_sum,gauge,0.10746896612149277,terminal-handler-sim,terminal-handler-pod-0,container-main,payments,staging,,
2026-03-28T21:00:00+00:00,process_cpu_usage,gauge,0.2058993969183865,terminal-handler-sim,terminal-handler-pod-0,container-main,payments,staging,,
2026-03-28T21:01:00+00:00,jvm_memory_used_bytes,gauge,300000795,terminal-handler-sim,terminal-handler-pod-0,container-main,payments,staging,,
2026-03-28T21:01:00+00:00,jvm_gc_pause_seconds_sum,gauge,0.0913296763407476,terminal-handler-sim,terminal-handler-pod-0,container-main,payments,staging,,
2026-03-28T21:01:00+00:00,process_cpu_usage,gauge,0.20451830287370187,terminal-handler-sim,terminal-handler-pod-0,container-main,payments,staging,,
2026-03-28T21:02:00+00:00,jvm_memory_used_bytes,gauge,299999597,terminal-handler-sim,terminal-handler-pod-0,container-main,payments,staging,,
2026-03-28T21:02:00+00:00,jvm_gc_pause_seconds_sum,gauge,0.09094708032722781,terminal-handler-sim,terminal-handler-pod-0,container-main,payments,staging,,
2026-03-28T21:02:00+00:00,process_cpu_usage,gauge,0.2098195856511284,terminal-handler-sim,terminal-handler-pod-0,container-main,payments,staging,,
2026-03-28T21:03:00+00:00,jvm_memory_used_bytes,gauge,299999986,terminal-handler-sim,terminal-handler-pod-0,container-main,payments,staging,,
2026-03-28T21:03:00+00:00,jvm_gc_pause_seconds_sum,gauge,0.10146592937998894,terminal-handler-sim,terminal-handler-pod-0,container-main,payments,staging,,
2026-03-28T21:03:00+00:00,process_cpu_usage,gauge,0.19625416050225217,terminal-handler-sim,terminal-handler-pod-0,container-main,payments,staging,,
2026-03-28T21:04:00+00:00,jvm_memory_used_bytes,gauge,300000241,terminal-handler-sim,terminal-handler-pod-0,container-main,payments,staging,,
2026-03-28T21:04:00+00:00,jvm_gc_pause_seconds_sum,gauge,0.09065136677569344,terminal-handler-sim,terminal-handler-pod-0,container-main,payments,staging,,
2026-03-28T21:04:00+00:00,process_cpu_usage,gauge,0.2085516234326421,terminal-handler-sim,terminal-handler-pod-0,container-main,payments,staging,,
2026-03-28T21:05:00+00:00,jvm_memory_used_bytes,gauge,299999528,terminal-handler-sim,terminal-handler-pod-0,container-main,payments,staging,,
2026-03-28T21:05:00+00:00,jvm_gc_pause_seconds_sum,gauge,0.10643576305098092,terminal-handler-sim,terminal-handler-pod-0,container-main,payments,staging,,
2026-03-28T21:05:00+00:00,process_cpu_usage,gauge,0.2041268851996482,terminal-handler-sim,terminal-handler-pod-0,container-main,payments,staging,,
2026-03-28T21:06:00+00:00,jvm_memory_used_bytes,gauge,299999331,terminal-handler-sim,terminal-handler-pod-0,container-main,payments,staging,,
2026-03-28T21:06:00+00:00,jvm_gc_pause_seconds_sum,gauge,0.09520713582663613,terminal-handler-sim,terminal-handler-pod-0,container-main,payments,staging,,
2026-03-28T21:06:00+00:00,process_cpu_usage,gauge,0.2012367150135104,terminal-handler-sim,terminal-handler-pod-0,container-main,payments,staging,,
2026-03-28T21:07:00+00:00,jvm_memory_used_bytes,gauge,300000842,terminal-handler-sim,terminal-handler-pod-0,container-main,payments,staging,,
2026-03-28T21:07:00+00:00,jvm_gc_pause_seconds_sum,gauge,0.09781190563953611,terminal-handler-sim,terminal-handler-pod-0,container-main,payments,staging,,
2026-03-28T21:07:00+00:00,process_cpu_usage,gauge,0.20211927406631847,terminal-handler-sim,terminal-handler-pod-0,container-main,payments,staging,,
2026-03-28T21:08:00+00:00,jvm_memory_used_bytes,gauge,299999416,terminal-handler-sim,terminal-handler-pod-0,container-main,payments,staging,,
2026-03-28T21:08:00+00:00,jvm_gc_pause_seconds_sum,gauge,0.10912882875262192,terminal-handler-sim,terminal-handler-pod-0,container-main,payments,staging,,
2026-03-28T21:08:00+00:00,process_cpu_usage,gauge,0.20880931019777924,terminal-handler-sim,terminal-handler-pod-0,container-main,payments,staging,,
2026-03-28T21:09:00+00:00,jvm_memory_used_bytes,gauge,299999140,terminal-handler-sim,terminal-handler-pod-0,container-main,payments,staging,,
2026-03-28T21:09:00+00:00,jvm_gc_pause_seconds_sum,gauge,0.1009859369023694,terminal-handler-sim,terminal-handler-pod-0,container-main,payments,staging,,
2026-03-28T21:09:00+00:00,process_cpu_usage,gauge,0.19367498669953617,terminal-handler-sim,terminal-handler-pod-0,container-main,payments,staging,,
2026-03-28T21:10:00+00:00,jvm_memory_used_bytes,gauge,299999767,terminal-handler-sim,terminal-handler-pod-0,container-main,payments,staging,,
2026-03-28T21:10:00+00:00,jvm_gc_pause_seconds_sum,gauge,0.09827714436420408,terminal-handler-sim,terminal-handler-pod-0,container-main,payments,staging,,
2026-03-28T21:10:00+00:00,process_cpu_usage,gauge,0.20548707422224552,terminal-handler-sim,terminal-handler-pod-0,container-main,payments,staging,,
2026-03-28T21:11:00+00:00,jvm_memory_used_bytes,gauge,300000049,terminal-handler-sim,terminal-handler-pod-0,container-main,payments,staging,,
2026-03-28T21:11:00+00:00,jvm_gc_pause_seconds_sum,gauge,0.10665165200492789,terminal-handler-sim,terminal-handler-pod-0,container-main,payments,staging,,
2026-03-28T21:11:00+00:00,process_cpu_usage,gauge,0.20087654461285923,terminal-handler-sim,terminal-handler-pod-0,container-main,payments,staging,,
2026-03-28T21:12:00+00:00,jvm_memory_used_bytes,gauge,300000656,terminal-handler-sim,terminal-handler-pod-0,container-main,payments,staging,,
2026-03-28T21:12:00+00:00,jvm_gc_pause_seconds_sum,gauge,0.0984093676430055,terminal-handler-sim,terminal-handler-pod-0,container-main,payments,staging,,
2026-03-28T21:12:00+00:00,process_cpu_usage,gauge,0.1983787425759612,terminal-handler-sim,terminal-handler-pod-0,container-main,payments,staging,,
2026-03-28T21:13:00+00:00,jvm_memory_used_bytes,gauge,299999337,terminal-handler-sim,terminal-handler-pod-0,container-main,payments,staging,,
2026-03-28T21:13:00+00:00,jvm_gc_pause_seconds_sum,gauge,0.10318185982428872,terminal-handler-sim,terminal-handler-pod-0,container-main,payments,staging,,
2026-03-28T21:13:00+00:00,process_cpu_usage,gauge,0.20620979264331524,terminal-handler-sim,terminal-handler-pod-0,container-main,payments,staging,,
2026-03-28T21:14:00+00:00,jvm_memory_used_bytes,gauge,299999067,terminal-handler-sim,terminal-handler-pod-0,container-main,payments,staging,,
2026-03-28T21:14:00+00:00,jvm_gc_pause_seconds_sum,gauge,0.09820092659631266,terminal-handler-sim,terminal-handler-pod-0,container-main,payments,staging,,
2026-03-28T21:14:00+00:00,process_cpu_usage,gauge,0.2038401305836554,terminal-handler-sim,terminal-handler-pod-0,container-main,payments,staging,,
2026-03-28T21:15:00+00:00,jvm_memory_used_bytes,gauge,300000791,terminal-handler-sim,terminal-handler-pod-0,container-main,payments,staging,,
2026-03-28T21:15:00+00:00,jvm_gc_pause_seconds_sum,gauge,0.10083076944720903,terminal-handler-sim,terminal-handler-pod-0,container-main,payments,staging,,
2026-03-28T21:15:00+00:00,process_cpu_usage,gauge,0.19381426303224458,terminal-handler-sim,terminal-handler-pod-0,container-main,payments,staging,,
2026-03-28T21:16:00+00:00,jvm_memory_used_bytes,gauge,300000490,terminal-handler-sim,terminal-handler-pod-0,container-main,payments,staging,,
2026-03-28T21:16:00+00:00,jvm_gc_pause_seconds_sum,gauge,0.10818977568578099,terminal-handler-sim,terminal-handler-pod-0,container-main,payments,staging,,
2026-03-28T21:16:00+00:00,process_cpu_usage,gauge,0.20505729223703778,terminal-handler-sim,terminal-handler-pod-0,container-main,payments,staging,,
2026-03-28T21:17:00+00:00,jvm_memory_used_bytes,gauge,299999446,terminal-handler-sim,terminal-handler-pod-0,container-main,payments,staging,,
2026-03-28T21:17:00+00:00,jvm_gc_pause_seconds_sum,gauge,0.09079645549572742,terminal-handler-sim,terminal-handler-pod-0,container-main,payments,staging,,
2026-03-28T21:17:00+00:00,process_cpu_usage,gauge,0.19144809116922534,terminal-handler-sim,terminal-handler-pod-0,container-main,payments,staging,,
2026-03-28T21:18:00+00:00,jvm_memory_used_bytes,gauge,300000050,terminal-handler-sim,terminal-handler-pod-0,container-main,payments,staging,,
2026-03-28T21:18:00+00:00,jvm_gc_pause_seconds_sum,gauge,0.09128871339210416,terminal-handler-sim,terminal-handler-pod-0,container-main,payments,staging,,
2026-03-28T21:18:00+00:00,process_cpu_usage,gauge,0.19256016510312607,terminal-handler-sim,terminal-handler-pod-0,container-main,payments,staging,,
2026-03-28T21:19:00+00:00,jvm_memory_used_bytes,gauge,300000582,terminal-handler-sim,terminal-handler-pod-0,container-main,payments,staging,,
2026-03-28T21:19:00+00:00,jvm_gc_pause_seconds_sum,gauge,0.09241699029107465,terminal-handler-sim,terminal-handler-pod-0,container-main,payments,staging,,
2026-03-28T21:19:00+00:00,process_cpu_usage,gauge,0.19491562547914515,terminal-handler-sim,terminal-handler-pod-0,container-main,payments,staging,,
2026-03-28T21:20:00+00:00,jvm_memory_used_bytes,gauge,300000559,terminal-handler-sim,terminal-handler-pod-0,container-main,payments,staging,,
2026-03-28T21:20:00+00:00,jvm_gc_pause_seconds_sum,gauge,0.09341498182987167,terminal-handler-sim,terminal-handler-pod-0,container-main,payments,staging,,
2026-03-28T21:20:00+00:00,process_cpu_usage,gauge,0.20470389919552393,terminal-handler-sim,terminal-handler-pod-0,container-main,payments,staging,,
2026-03-28T21:21:00+00:00,jvm_memory_used_bytes,gauge,299999085,terminal-handler-sim,terminal-handler-pod-0,container-main,payments,staging,,
2026-03-28T21:21:00+00:00,jvm_gc_pause_seconds_sum,gauge,0.10943812811795485,terminal-handler-sim,terminal-handler-pod-0,container-main,payments,staging,,
2026-03-28T21:21:00+00:00,process_cpu_usage,gauge,0.20120313725269187,terminal-handler-sim,terminal-handler-pod-0,container-main,payments,staging,,
2026-03-28T21:22:00+00:00,jvm_memory_used_bytes,gauge,300000770,terminal-handler-sim,terminal-handler-pod-0,container-main,payments,staging,,
2026-03-28T21:22:00+00:00,jvm_gc_pause_seconds_sum,gauge,0.09958683460895906,terminal-handler-sim,terminal-handler-pod-0,container-main,payments,staging,,
2026-03-28T21:22:00+00:00,process_cpu_usage,gauge,0.20359746012469607,terminal-handler-sim,terminal-handler-pod-0,container-main,payments,staging,,
2026-03-28T21:23:00+00:00,jvm_memory_used_bytes,gauge,300000397,terminal-handler-sim,terminal-handler-pod-0,container-main,payments,staging,,
2026-03-28T21:23:00+00:00,jvm_gc_pause_seconds_sum,gauge,0.0971663952631846,terminal-handler-sim,terminal-handler-pod-0,container-main,payments,staging,,
2026-03-28T21:23:00+00:00,process_cpu_usage,gauge,0.19674733885737383,terminal-handler-sim,terminal-handler-pod-0,container-main,payments,staging,,
2026-03-28T21:24:00+00:00,jvm_memory_used_bytes,gauge,300000251,terminal-handler-sim,terminal-handler-pod-0,container-main,payments,staging,,
2026-03-28T21:24:00+00:00,jvm_gc_pause_seconds_sum,gauge,0.09586644129598511,terminal-handler-sim,terminal-handler-pod-0,container-main,payments,staging,,
2026-03-28T21:24:00+00:00,process_cpu_usage,gauge,0.20993275960746244,terminal-handler-sim,terminal-handler-pod-0,container-main,payments,staging,,
2026-03-28T21:25:00+00:00,jvm_memory_used_bytes,gauge,299999179,terminal-handler-sim,terminal-handler-pod-0,container-main,payments,staging,,
2026-03-28T21:25:00+00:00,jvm_gc_pause_seconds_sum,gauge,0.0905437460689661,terminal-handler-sim,terminal-handler-pod-0,container-main,payments,staging,,
2026-03-28T21:25:00+00:00,process_cpu_usage,gauge,0.2005549205620342,terminal-handler-sim,terminal-handler-pod-0,container-main,payments,staging,,
2026-03-28T21:26:00+00:00,jvm_memory_used_bytes,gauge,299999484,terminal-handler-sim,terminal-handler-pod-0,container-main,payments,staging,,
2026-03-28T21:26:00+00:00,jvm_gc_pause_seconds_sum,gauge,0.09326709342053577,terminal-handler-sim,terminal-handler-pod-0,container-main,payments,staging,,
2026-03-28T21:26:00+00:00,process_cpu_usage,gauge,0.19472318984313564,terminal-handler-sim,terminal-handler-pod-0,container-main,payments,staging,,
2026-03-28T21:27:00+00:00,jvm_memory_used_bytes,gauge,299999975,terminal-handler-sim,terminal-handler-pod-0,container-main,payments,staging,,
2026-03-28T21:27:00+00:00,jvm_gc_pause_seconds_sum,gauge,0.09539113866392003,terminal-handler-sim,terminal-handler-pod-0,container-main,payments,staging,,
2026-03-28T21:27:00+00:00,process_cpu_usage,gauge,0.19856276172015327,terminal-handler-sim,terminal-handler-pod-0,container-main,payments,staging,,
2026-03-28T21:28:00+00:00,jvm_memory_used_bytes,gauge,300000332,terminal-handler-sim,terminal-handler-pod-0,container-main,payments,staging,,
2026-03-28T21:28:00+00:00,jvm_gc_pause_seconds_sum,gauge,0.09379225653889332,terminal-handler-sim,terminal-handler-pod-0,container-main,payments,staging,,
2026-03-28T21:28:00+00:00,process_cpu_usage,gauge,0.20480019990549403,terminal-handler-sim,terminal-handler-pod-0,container-main,payments,staging,,
2026-03-28T21:29:00+00:00,jvm_memory_used_bytes,gauge,300000814,terminal-handler-sim,terminal-handler-pod-0,container-main,payments,staging,,
2026-03-28T21:29:00+00:00,jvm_gc_pause_seconds_sum,gauge,0.09005982788041973,terminal-handler-sim,terminal-handler-pod-0,container-main,payments,staging,,
2026-03-28T21:29:00+00:00,process_cpu_usage,gauge,0.19501012441830726,terminal-handler-sim,terminal-handler-pod-0,container-main,payments,staging,,
2026-03-28T21:30:00+00:00,jvm_memory_used_bytes,gauge,300000239,terminal-handler-sim,terminal-handler-pod-0,container-main,payments,staging,,
2026-03-28T21:30:00+00:00,jvm_gc_pause_seconds_sum,gauge,0.09537121673725323,terminal-handler-sim,terminal-handler-pod-0,container-main,payments,staging,,
2026-03-28T21:30:00+00:00,process_cpu_usage,gauge,0.19766840691952603,terminal-handler-sim,terminal-handler-pod-0,container-main,payments,staging,,
2026-03-28T21:31:00+00:00,jvm_memory_used_bytes,gauge,300000053,terminal-handler-sim,terminal-handler-pod-0,container-main,payments,staging,,
2026-03-28T21:31:00+00:00,jvm_gc_pause_seconds_sum,gauge,0.10815131766941306,terminal-handler-sim,terminal-handler-pod-0,container-main,payments,staging,,
2026-03-28T21:31:00+00:00,process_cpu_usage,gauge,0.19550956712318882,terminal-handler-sim,terminal-handler-pod-0,container-main,payments,staging,,
2026-03-28T21:32:00+00:00,jvm_memory_used_bytes,gauge,299999202,terminal-handler-sim,terminal-handler-pod-0,container-main,payments,staging,,
2026-03-28T21:32:00+00:00,jvm_gc_pause_seconds_sum,gauge,0.1046024988015859,terminal-handler-sim,terminal-handler-pod-0,container-main,payments,staging,,
2026-03-28T21:32:00+00:00,process_cpu_usage,gauge,0.19840798796690426,terminal-handler-sim,terminal-handler-pod-0,container-main,payments,staging,,
2026-03-28T21:33:00+00:00,jvm_memory_used_bytes,gauge,299999839,terminal-handler-sim,terminal-handler-pod-0,container-main,payments,staging,,
2026-03-28T21:33:00+00:00,jvm_gc_pause_seconds_sum,gauge,0.09907433659822301,terminal-handler-sim,terminal-handler-pod-0,container-main,payments,staging,,
2026-03-28T21:33:00+00:00,process_cpu_usage,gauge,0.19437652697721478,terminal-handler-sim,terminal-handler-pod-0,container-main,payments,staging,,
2026-03-28T21:34:00+00:00,jvm_memory_used_bytes,gauge,299999636,terminal-handler-sim,terminal-handler-pod-0,container-main,payments,staging,,
2026-03-28T21:34:00+00:00,jvm_gc_pause_seconds_sum,gauge,0.09345997939453107,terminal-handler-sim,terminal-handler-pod-0,container-main,payments,staging,,
2026-03-28T21:34:00+00:00,process_cpu_usage,gauge,0.20567894781759358,terminal-handler-sim,terminal-handler-pod-0,container-main,payments,staging,,
2026-03-28T21:35:00+00:00,jvm_memory_used_bytes,gauge,300000190,terminal-handler-sim,terminal-handler-pod-0,container-main,payments,staging,,
2026-03-28T21:35:00+00:00,jvm_gc_pause_seconds_sum,gauge,0.10307486640768612,terminal-handler-sim,terminal-handler-pod-0,container-main,payments,staging,,
2026-03-28T21:35:00+00:00,process_cpu_usage,gauge,0.19044964699809733,terminal-handler-sim,terminal-handler-pod-0,container-main,payments,staging,,
2026-03-28T21:36:00+00:00,jvm_memory_used_bytes,gauge,299999838,terminal-handler-sim,terminal-handler-pod-0,container-main,payments,staging,,
2026-03-28T21:36:00+00:00,jvm_gc_pause_seconds_sum,gauge,0.09107019955239164,terminal-handler-sim,terminal-handler-pod-0,container-main,payments,staging,,
2026-03-28T21:36:00+00:00,process_cpu_usage,gauge,0.19244925397375562,terminal-handler-sim,terminal-handler-pod-0,container-main,payments,staging,,
2026-03-28T21:37:00+00:00,jvm_memory_used_bytes,gauge,300000716,terminal-handler-sim,terminal-handler-pod-0,container-main,payments,staging,,
2026-03-28T21:37:00+00:00,jvm_gc_pause_seconds_sum,gauge,0.09916177457992185,terminal-handler-sim,terminal-handler-pod-0,container-main,payments,staging,,
2026-03-28T21:37:00+00:00,process_cpu_usage,gauge,0.19482194893262017,terminal-handler-sim,terminal-handler-pod-0,container-main,payments,staging,,
2026-03-28T21:38:00+00:00,jvm_memory_used_bytes,gauge,300000850,terminal-handler-sim,terminal-handler-pod-0,container-main,payments,staging,,
2026-03-28T21:38:00+00:00,jvm_gc_pause_seconds_sum,gauge,0.10025026620100744,terminal-handler-sim,terminal-handler-pod-0,container-main,payments,staging,,
2026-03-28T21:38:00+00:00,process_cpu_usage,gauge,0.2054052886264504,terminal-handler-sim,terminal-handler-pod-0,container-main,payments,staging,,
2026-03-28T21:39:00+00:00,jvm_memory_used_bytes,gauge,300000364,terminal-handler-sim,terminal-handler-pod-0,container-main,payments,staging,,
2026-03-28T21:39:00+00:00,jvm_gc_pause_seconds_sum,gauge,0.10695373953528434,terminal-handler-sim,terminal-handler-pod-0,container-main,payments,staging,,
2026-03-28T21:39:00+00:00,process_cpu_usage,gauge,0.20144711652760575,terminal-handler-sim,terminal-handler-pod-0,container-main,payments,staging,,
2026-03-28T21:40:00+00:00,jvm_memory_used_bytes,gauge,300000777,terminal-handler-sim,terminal-handler-pod-0,container-main,payments,staging,,
2026-03-28T21:40:00+00:00,jvm_gc_pause_seconds_sum,gauge,0.10144242794708302,terminal-handler-sim,terminal-handler-pod-0,container-main,payments,staging,,
2026-03-28T21:40:00+00:00,process_cpu_usage,gauge,0.20679223434767569,terminal-handler-sim,terminal-handler-pod-0,container-main,payments,staging,,
2026-03-28T21:41:00+00:00,jvm_memory_used_bytes,gauge,300000426,terminal-handler-sim,terminal-handler-pod-0,container-main,payments,staging,,
2026-03-28T21:41:00+00:00,jvm_gc_pause_seconds_sum,gauge,0.10263826825840217,terminal-handler-sim,terminal-handler-pod-0,container-main,payments,staging,,
2026-03-28T21:41:00+00:00,process_cpu_usage,gauge,0.2030344584629914,terminal-handler-sim,terminal-handler-pod-0,container-main,payments,staging,,
2026-03-28T21:42:00+00:00,jvm_memory_used_bytes,gauge,299999201,terminal-handler-sim,terminal-handler-pod-0,container-main,payments,staging,,
2026-03-28T21:42:00+00:00,jvm_gc_pause_seconds_sum,gauge,0.09743732137328096,terminal-handler-sim,terminal-handler-pod-0,container-main,payments,staging,,
2026-03-28T21:42:00+00:00,process_cpu_usage,gauge,0.19534638933251908,terminal-handler-sim,terminal-handler-pod-0,container-main,payments,staging,,
2026-03-28T21:43:00+00:00,jvm_memory_used_bytes,gauge,299999272,terminal-handler-sim,terminal-handler-pod-0,container-main,payments,staging,,
2026-03-28T21:43:00+00:00,jvm_gc_pause_seconds_sum,gauge,0.10660737414266779,terminal-handler-sim,terminal-handler-pod-0,container-main,payments,staging,,
2026-03-28T21:43:00+00:00,process_cpu_usage,gauge,0.19501469957963058,terminal-handler-sim,terminal-handler-pod-0,container-main,payments,staging,,
2026-03-28T21:44:00+00:00,jvm_memory_used_bytes,gauge,299999472,terminal-handler-sim,terminal-handler-pod-0,container-main,payments,staging,,
2026-03-28T21:44:00+00:00,jvm_gc_pause_seconds_sum,gauge,0.09833634764057066,terminal-handler-sim,terminal-handler-pod-0,container-main,payments,staging,,
2026-03-28T21:44:00+00:00,process_cpu_usage,gauge,0.20424477967601773,terminal-handler-sim,terminal-handler-pod-0,container-main,payments,staging,,
2026-03-28T21:45:00+00:00,jvm_memory_used_bytes,gauge,299999335,terminal-handler-sim,terminal-handler-pod-0,container-main,payments,staging,,
2026-03-28T21:45:00+00:00,jvm_gc_pause_seconds_sum,gauge,0.09432848239290634,terminal-handler-sim,terminal-handler-pod-0,container-main,payments,staging,,
2026-03-28T21:45:00+00:00,process_cpu_usage,gauge,0.1910379074924124,terminal-handler-sim,terminal-handler-pod-0,container-main,payments,staging,,
2026-03-28T21:46:00+00:00,jvm_memory_used_bytes,gauge,299999202,terminal-handler-sim,terminal-handler-pod-0,container-main,payments,staging,,
2026-03-28T21:46:00+00:00,jvm_gc_pause_seconds_sum,gauge,0.09098150637586043,terminal-handler-sim,terminal-handler-pod-0,container-main,payments,staging,,
2026-03-28T21:46:00+00:00,process_cpu_usage,gauge,0.2036223046803325,terminal-handler-sim,terminal-handler-pod-0,container-main,payments,staging,,
2026-03-28T21:47:00+00:00,jvm_memory_used_bytes,gauge,299999565,terminal-handler-sim,terminal-handler-pod-0,container-main,payments,staging,,
2026-03-28T21:47:00+00:00,jvm_gc_pause_seconds_sum,gauge,0.10279416356837737,terminal-handler-sim,terminal-handler-pod-0,container-main,payments,staging,,
2026-03-28T21:47:00+00:00,process_cpu_usage,gauge,0.19148181523889415,terminal-handler-sim,terminal-handler-pod-0,container-main,payments,staging,,
2026-03-28T21:48:00+00:00,jvm_memory_used_bytes,gauge,300000292,terminal-handler-sim,terminal-handler-pod-0,container-main,payments,staging,,
2026-03-28T21:48:00+00:00,jvm_gc_pause_seconds_sum,gauge,0.09148289525938692,terminal-handler-sim,terminal-handler-pod-0,container-main,payments,staging,,
2026-03-28T21:48:00+00:00,process_cpu_usage,gauge,0.19012586545556534,terminal-handler-sim,terminal-handler-pod-0,container-main,payments,staging,,
2026-03-28T21:49:00+00:00,jvm_memory_used_bytes,gauge,300000968,terminal-handler-sim,terminal-handler-pod-0,container-main,payments,staging,,
2026-03-28T21:49:00+00:00,jvm_gc_pause_seconds_sum,gauge,0.0986164753721507,terminal-handler-sim,terminal-handler-pod-0,container-main,payments,staging,,
2026-03-28T21:49:00+00:00,process_cpu_usage,gauge,0.20368089633225306,terminal-handler-sim,terminal-handler-pod-0,container-main,payments,staging,,
2026-03-28T21:50:00+00:00,jvm_memory_used_bytes,gauge,299999486,terminal-handler-sim,terminal-handler-pod-0,container-main,payments,staging,,
2026-03-28T21:50:00+00:00,jvm_gc_pause_seconds_sum,gauge,0.10574010265465178,terminal-handler-sim,terminal-handler-pod-0,container-main,payments,staging,,
2026-03-28T21:50:00+00:00,process_cpu_usage,gauge,0.19916085250188306,terminal-handler-sim,terminal-handler-pod-0,container-main,payments,staging,,
2026-03-28T21:51:00+00:00,jvm_memory_used_bytes,gauge,299999919,terminal-handler-sim,terminal-handler-pod-0,container-main,payments,staging,,
2026-03-28T21:51:00+00:00,jvm_gc_pause_seconds_sum,gauge,0.1023324951349589,terminal-handler-sim,terminal-handler-pod-0,container-main,payments,staging,,
2026-03-28T21:51:00+00:00,process_cpu_usage,gauge,0.19783929102132577,terminal-handler-sim,terminal-handler-pod-0,container-main,payments,staging,,
2026-03-28T21:52:00+00:00,jvm_memory_used_bytes,gauge,299999366,terminal-handler-sim,terminal-handler-pod-0,container-main,payments,staging,,
2026-03-28T21:52:00+00:00,jvm_gc_pause_seconds_sum,gauge,0.09337857769692019,terminal-handler-sim,terminal-handler-pod-0,container-main,payments,staging,,
2026-03-28T21:52:00+00:00,process_cpu_usage,gauge,0.2011970927030874,terminal-handler-sim,terminal-handler-pod-0,container-main,payments,staging,,
2026-03-28T21:53:00+00:00,jvm_memory_used_bytes,gauge,300000030,terminal-handler-sim,terminal-handler-pod-0,container-main,payments,staging,,
2026-03-28T21:53:00+00:00,jvm_gc_pause_seconds_sum,gauge,0.10056086336805438,terminal-handler-sim,terminal-handler-pod-0,container-main,payments,staging,,
2026-03-28T21:53:00+00:00,process_cpu_usage,gauge,0.20352221763988107,terminal-handler-sim,terminal-handler-pod-0,container-main,payments,staging,,
2026-03-28T21:54:00+00:00,jvm_memory_used_bytes,gauge,299999619,terminal-handler-sim,terminal-handler-pod-0,container-main,payments,staging,,
2026-03-28T21:54:00+00:00,jvm_gc_pause_seconds_sum,gauge,0.10934432314197422,terminal-handler-sim,terminal-handler-pod-0,container-main,payments,staging,,
2026-03-28T21:54:00+00:00,process_cpu_usage,gauge,0.19552811621675825,terminal-handler-sim,terminal-handler-pod-0,container-main,payments,staging,,
2026-03-28T21:55:00+00:00,jvm_memory_used_bytes,gauge,300000804,terminal-handler-sim,terminal-handler-pod-0,container-main,payments,staging,,
2026-03-28T21:55:00+00:00,jvm_gc_pause_seconds_sum,gauge,0.09126388912746103,terminal-handler-sim,terminal-handler-pod-0,container-main,payments,staging,,
2026-03-28T21:55:00+00:00,process_cpu_usage,gauge,0.20246622161386432,terminal-handler-sim,terminal-handler-pod-0,container-main,payments,staging,,
2026-03-28T21:56:00+00:00,jvm_memory_used_bytes,gauge,299999149,terminal-handler-sim,terminal-handler-pod-0,container-main,payments,staging,,
2026-03-28T21:56:00+00:00,jvm_gc_pause_seconds_sum,gauge,0.09635655813615293,terminal-handler-sim,terminal-handler-pod-0,container-main,payments,staging,,
2026-03-28T21:56:00+00:00,process_cpu_usage,gauge,0.1912834505966354,terminal-handler-sim,terminal-handler-pod-0,container-main,payments,staging,,
2026-03-28T21:57:00+00:00,jvm_memory_used_bytes,gauge,299999763,terminal-handler-sim,terminal-handler-pod-0,container-main,payments,staging,,
2026-03-28T21:57:00+00:00,jvm_gc_pause_seconds_sum,gauge,0.0982439928696861,terminal-handler-sim,terminal-handler-pod-0,container-main,payments,staging,,
2026-03-28T21:57:00+00:00,process_cpu_usage,gauge,0.19455971651052445,terminal-handler-sim,terminal-handler-pod-0,container-main,payments,staging,,
2026-03-28T21:58:00+00:00,jvm_memory_used_bytes,gauge,300000762,terminal-handler-sim,terminal-handler-pod-0,container-main,payments,staging,,
2026-03-28T21:58:00+00:00,jvm_gc_pause_seconds_sum,gauge,0.09309581278915253,terminal-handler-sim,terminal-handler-pod-0,container-main,payments,staging,,
2026-03-28T21:58:00+00:00,process_cpu_usage,gauge,0.20452605168739718,terminal-handler-sim,terminal-handler-pod-0,container-main,payments,staging,,
2026-03-28T21:59:00+00:00,jvm_memory_used_bytes,gauge,300000388,terminal-handler-sim,terminal-handler-pod-0,container-main,payments,staging,,
2026-03-28T21:59:00+00:00,jvm_gc_pause_seconds_sum,gauge,0.10098622620584273,terminal-handler-sim,terminal-handler-pod-0,container-main,payments,staging,,
2026-03-28T21:59:00+00:00,process_cpu_usage,gauge,0.19124442832232194,terminal-handler-sim,terminal-handler-pod-0,container-main,payments,staging,,
2026-03-28T22:00:00+00:00,jvm_memory_used_bytes,gauge,299999049,terminal-handler-sim,terminal-handler-pod-0,container-main,payments,staging,,
2026-03-28T22:00:00+00:00,jvm_gc_pause_seconds_sum,gauge,0.09492717816961203,terminal-handler-sim,terminal-handler-pod-0,container-main,payments,staging,,
2026-03-28T22:00:00+00:00,process_cpu_usage,gauge,0.1940695149982364,terminal-handler-sim,terminal-handler-pod-0,container-main,payments,staging,,
2026-03-28T22:01:00+00:00,jvm_memory_used_bytes,gauge,299999884,terminal-handler-sim,terminal-handler-pod-0,container-main,payments,staging,,
2026-03-28T22:01:00+00:00,jvm_gc_pause_seconds_sum,gauge,0.09306283212809459,terminal-handler-sim,terminal-handler-pod-0,container-main,payments,staging,,
2026-03-28T22:01:00+00:00,process_cpu_usage,gauge,0.2031363618832848,terminal-handler-sim,terminal-handler-pod-0,container-main,payments,staging,,
2026-03-28T22:02:00+00:00,jvm_memory_used_bytes,gauge,300000092,terminal-handler-sim,terminal-handler-pod-0,container-main,payments,staging,,
2026-03-28T22:02:00+00:00,jvm_gc_pause_seconds_sum,gauge,0.10239359645627069,terminal-handler-sim,terminal-handler-pod-0,container-main,payments,staging,,
2026-03-28T22:02:00+00:00,process_cpu_usage,gauge,0.1945171077535087,terminal-handler-sim,terminal-handler-pod-0,container-main,payments,staging,,
2026-03-28T22:03:00+00:00,jvm_memory_used_bytes,gauge,300000767,terminal-handler-sim,terminal-handler-pod-0,container-main,payments,staging,,
2026-03-28T22:03:00+00:00,jvm_gc_pause_seconds_sum,gauge,0.0957115833395515,terminal-handler-sim,terminal-handler-pod-0,container-main,payments,staging,,
2026-03-28T22:03:00+00:00,process_cpu_usage,gauge,0.20520646688284735,terminal-handler-sim,terminal-handler-pod-0,container-main,payments,staging,,
2026-03-28T22:04:00+00:00,jvm_memory_used_bytes,gauge,300000573,terminal-handler-sim,terminal-handler-pod-0,container-main,payments,staging,,
2026-03-28T22:04:00+00:00,jvm_gc_pause_seconds_sum,gauge,0.10183102550613628,terminal-handler-sim,terminal-handler-pod-0,container-main,payments,staging,,
2026-03-28T22:04:00+00:00,process_cpu_usage,gauge,0.19875228435171405,terminal-handler-sim,terminal-handler-pod-0,container-main,payments,staging,,
2026-03-28T22:05:00+00:00,jvm_memory_used_bytes,gauge,300000867,terminal-handler-sim,terminal-handler-pod-0,container-main,payments,staging,,
2026-03-28T22:05:00+00:00,jvm_gc_pause_seconds_sum,gauge,0.10407228356644091,terminal-handler-sim,terminal-handler-pod-0,container-main,payments,staging,,
2026-03-28T22:05:00+00:00,process_cpu_usage,gauge,0.20123019380564983,terminal-handler-sim,terminal-handler-pod-0,container-main,payments,staging,,
2026-03-28T22:06:00+00:00,jvm_memory_used_bytes,gauge,299999690,terminal-handler-sim,terminal-handler-pod-0,container-main,payments,staging,,
2026-03-28T22:06:00+00:00,jvm_gc_pause_seconds_sum,gauge,0.09465248273473614,terminal-handler-sim,terminal-handler-pod-0,container-main,payments,staging,,
2026-03-28T22:06:00+00:00,process_cpu_usage,gauge,0.19399754901790997,terminal-handler-sim,terminal-handler-pod-0,container-main,payments,staging,,
2026-03-28T22:07:00+00:00,jvm_memory_used_bytes,gauge,299999528,terminal-handler-sim,terminal-handler-pod-0,container-main,payments,staging,,
2026-03-28T22:07:00+00:00,jvm_gc_pause_seconds_sum,gauge,0.10835637859097122,terminal-handler-sim,terminal-handler-pod-0,container-main,payments,staging,,
2026-03-28T22:07:00+00:00,process_cpu_usage,gauge,0.2054457473478056,terminal-handler-sim,terminal-handler-pod-0,container-main,payments,staging,,
2026-03-28T22:08:00+00:00,jvm_memory_used_bytes,gauge,300000508,terminal-handler-sim,terminal-handler-pod-0,container-main,payments,staging,,
2026-03-28T22:08:00+00:00,jvm_gc_pause_seconds_sum,gauge,0.10036304075898517,terminal-handler-sim,terminal-handler-pod-0,container-main,payments,staging,,
2026-03-28T22:08:00+00:00,process_cpu_usage,gauge,0.19096052224778093,terminal-handler-sim,terminal-handler-pod-0,container-main,payments,staging,,
2026-03-28T22:09:00+00:00,jvm_memory_used_bytes,gauge,300000295,terminal-handler-sim,terminal-handler-pod-0,container-main,payments,staging,,
2026-03-28T22:09:00+00:00,jvm_gc_pause_seconds_sum,gauge,0.09046235915961541,terminal-handler-sim,terminal-handler-pod-0,container-main,payments,staging,,
2026-03-28T22:09:00+00:00,process_cpu_usage,gauge,0.20178910791482088,terminal-handler-sim,terminal-handler-pod-0,container-main,payments,staging,,
2026-03-28T22:10:00+00:00,jvm_memory_used_bytes,gauge,300000075,terminal-handler-sim,terminal-handler-pod-0,container-main,payments,staging,,
2026-03-28T22:10:00+00:00,jvm_gc_pause_seconds_sum,gauge,0.09754639666839283,terminal-handler-sim,terminal-handler-pod-0,container-main,payments,staging,,
2026-03-28T22:10:00+00:00,process_cpu_usage,gauge,0.20221353027828834,terminal-handler-sim,terminal-handler-pod-0,container-main,payments,staging,,
2026-03-28T22:11:00+00:00,jvm_memory_used_bytes,gauge,300000499,terminal-handler-sim,terminal-handler-pod-0,container-main,payments,staging,,
2026-03-28T22:11:00+00:00,jvm_gc_pause_seconds_sum,gauge,0.1089930434932185,terminal-handler-sim,terminal-handler-pod-0,container-main,payments,staging,,
2026-03-28T22:11:00+00:00,process_cpu_usage,gauge,0.2001708073195124,terminal-handler-sim,terminal-handler-pod-0,container-main,payments,staging,,
2026-03-28T22:12:00+00:00,jvm_memory_used_bytes,gauge,299999109,terminal-handler-sim,terminal-handler-pod-0,container-main,payments,staging,,
2026-03-28T22:12:00+00:00,jvm_gc_pause_seconds_sum,gauge,0.10611116184813517,terminal-handler-sim,terminal-handler-pod-0,container-main,payments,staging,,
2026-03-28T22:12:00+00:00,process_cpu_usage,gauge,0.19458027991475335,terminal-handler-sim,terminal-handler-pod-0,container-main,payments,staging,,
2026-03-28T22:13:00+00:00,jvm_memory_used_bytes,gauge,299999919,terminal-handler-sim,terminal-handler-pod-0,container-main,payments,staging,,
2026-03-28T22:13:00+00:00,jvm_gc_pause_seconds_sum,gauge,0.09325486491060889,terminal-handler-sim,terminal-handler-pod-0,container-main,payments,staging,,
2026-03-28T22:13:00+00:00,process_cpu_usage,gauge,0.19945875709285205,terminal-handler-sim,terminal-handler-pod-0,container-main,payments,staging,,
2026-03-28T22:14:00+00:00,jvm_memory_used_bytes,gauge,300000926,terminal-handler-sim,terminal-handler-pod-0,container-main,payments,staging,,
2026-03-28T22:14:00+00:00,jvm_gc_pause_seconds_sum,gauge,0.0928385296157563,terminal-handler-sim,terminal-handler-pod-0,container-main,payments,staging,,
2026-03-28T22:14:00+00:00,process_cpu_usage,gauge,0.1944849996177205,terminal-handler-sim,terminal-handler-pod-0,container-main,payments,staging,,
2026-03-28T22:15:00+00:00,jvm_memory_used_bytes,gauge,300000509,terminal-handler-sim,terminal-handler-pod-0,container-main,payments,staging,,
2026-03-28T22:15:00+00:00,jvm_gc_pause_seconds_sum,gauge,0.10381565638934134,terminal-handler-sim,terminal-handler-pod-0,container-main,payments,staging,,
2026-03-28T22:15:00+00:00,process_cpu_usage,gauge,0.20291843339838417,terminal-handler-sim,terminal-handler-pod-0,container-main,payments,staging,,
2026-03-28T22:16:00+00:00,jvm_memory_used_bytes,gauge,299999315,terminal-handler-sim,terminal-handler-pod-0,container-main,payments,staging,,
2026-03-28T22:16:00+00:00,jvm_gc_pause_seconds_sum,gauge,0.09957509758217613,terminal-handler-sim,terminal-handler-pod-0,container-main,payments,staging,,
2026-03-28T22:16:00+00:00,process_cpu_usage,gauge,0.20817408024602782,terminal-handler-sim,terminal-handler-pod-0,container-main,payments,staging,,
2026-03-28T22:17:00+00:00,jvm_memory_used_bytes,gauge,299999356,terminal-handler-sim,terminal-handler-pod-0,container-main,payments,staging,,
2026-03-28T22:17:00+00:00,jvm_gc_pause_seconds_sum,gauge,0.10519997019588968,terminal-handler-sim,terminal-handler-pod-0,container-main,payments,staging,,
2026-03-28T22:17:00+00:00,process_cpu_usage,gauge,0.19081794110061048,terminal-handler-sim,terminal-handler-pod-0,container-main,payments,staging,,
2026-03-28T22:18:00+00:00,jvm_memory_used_bytes,gauge,299999590,terminal-handler-sim,terminal-handler-pod-0,container-main,payments,staging,,
2026-03-28T22:18:00+00:00,jvm_gc_pause_seconds_sum,gauge,0.09109526934990009,terminal-handler-sim,terminal-handler-pod-0,container-main,payments,staging,,
2026-03-28T22:18:00+00:00,process_cpu_usage,gauge,0.2072640734188201,terminal-handler-sim,terminal-handler-pod-0,container-main,payments,staging,,
2026-03-28T22:19:00+00:00,jvm_memory_used_bytes,gauge,299999183,terminal-handler-sim,terminal-handler-pod-0,container-main,payments,staging,,
2026-03-28T22:19:00+00:00,jvm_gc_pause_seconds_sum,gauge,0.10013177578990706,terminal-handler-sim,terminal-handler-pod-0,container-main,payments,staging,,
2026-03-28T22:19:00+00:00,process_cpu_usage,gauge,0.1963992615841974,terminal-handler-sim,terminal-handler-pod-0,container-main,payments,staging,,
2026-03-28T22:20:00+00:00,jvm_memory_used_bytes,gauge,300000454,terminal-handler-sim,terminal-handler-pod-0,container-main,payments,staging,,
2026-03-28T22:20:00+00:00,jvm_gc_pause_seconds_sum,gauge,0.1041466389630672,terminal-handler-sim,terminal-handler-pod-0,container-main,payments,staging,,
2026-03-28T22:20:00+00:00,process_cpu_usage,gauge,0.2034955053821621,terminal-handler-sim,terminal-handler-pod-0,container-main,payments,staging,,
2026-03-28T22:21:00+00:00,jvm_memory_used_bytes,gauge,300000166,terminal-handler-sim,terminal-handler-pod-0,container-main,payments,staging,,
2026-03-28T22:21:00+00:00,jvm_gc_pause_seconds_sum,gauge,0.10291865632843329,terminal-handler-sim,terminal-handler-pod-0,container-main,payments,staging,,
2026-03-28T22:21:00+00:00,process_cpu_usage,gauge,0.1943946947187868,terminal-handler-sim,terminal-handler-pod-0,container-main,payments,staging,,
2026-03-28T22:22:00+00:00,jvm_memory_used_bytes,gauge,299999957,terminal-handler-sim,terminal-handler-pod-0,container-main,payments,staging,,
2026-03-28T22:22:00+00:00,jvm_gc_pause_seconds_sum,gauge,0.10375867941979794,terminal-handler-sim,terminal-handler-pod-0,container-main,payments,staging,,
2026-03-28T22:22:00+00:00,process_cpu_usage,gauge,0.19552203983307606,terminal-handler-sim,terminal-handler-pod-0,container-main,payments,staging,,
2026-03-28T22:23:00+00:00,jvm_memory_used_bytes,gauge,300000341,terminal-handler-sim,terminal-handler-pod-0,container-main,payments,staging,,
2026-03-28T22:23:00+00:00,jvm_gc_pause_seconds_sum,gauge,0.10747008209620186,terminal-handler-sim,terminal-handler-pod-0,container-main,payments,staging,,
2026-03-28T22:23:00+00:00,process_cpu_usage,gauge,0.1981114466171686,terminal-handler-sim,terminal-handler-pod-0,container-main,payments,staging,,
2026-03-28T22:24:00+00:00,jvm_memory_used_bytes,gauge,299999078,terminal-handler-sim,terminal-handler-pod-0,container-main,payments,staging,,
2026-03-28T22:24:00+00:00,jvm_gc_pause_seconds_sum,gauge,0.10464543096254646,terminal-handler-sim,terminal-handler-pod-0,container-main,payments,staging,,
2026-03-28T22:24:00+00:00,process_cpu_usage,gauge,0.20267251687311233,terminal-handler-sim,terminal-handler-pod-0,container-main,payments,staging,,
2026-03-28T22:25:00+00:00,jvm_memory_used_bytes,gauge,299999776,terminal-handler-sim,terminal-handler-pod-0,container-main,payments,staging,,
2026-03-28T22:25:00+00:00,jvm_gc_pause_seconds_sum,gauge,0.10076351589335802,terminal-handler-sim,terminal-handler-pod-0,container-main,payments,staging,,
2026-03-28T22:25:00+00:00,process_cpu_usage,gauge,0.1963836100092037,terminal-handler-sim,terminal-handler-pod-0,container-main,payments,staging,,
2026-03-28T22:26:00+00:00,jvm_memory_used_bytes,gauge,299999180,terminal-handler-sim,terminal-handler-pod-0,container-main,payments,staging,,
2026-03-28T22:26:00+00:00,jvm_gc_pause_seconds_sum,gauge,0.10193178123496437,terminal-handler-sim,terminal-handler-pod-0,container-main,payments,staging,,
2026-03-28T22:26:00+00:00,process_cpu_usage,gauge,0.2010201883018224,terminal-handler-sim,terminal-handler-pod-0,container-main,payments,staging,,
2026-03-28T22:27:00+00:00,jvm_memory_used_bytes,gauge,300000330,terminal-handler-sim,terminal-handler-pod-0,container-main,payments,staging,,
2026-03-28T22:27:00+00:00,jvm_gc_pause_seconds_sum,gauge,0.10711154543376593,terminal-handler-sim,terminal-handler-pod-0,container-main,payments,staging,,
2026-03-28T22:27:00+00:00,process_cpu_usage,gauge,0.20045850670922785,terminal-handler-sim,terminal-handler-pod-0,container-main,payments,staging,,
2026-03-28T22:28:00+00:00,jvm_memory_used_bytes,gauge,299999575,terminal-handler-sim,terminal-handler-pod-0,container-main,payments,staging,,
2026-03-28T22:28:00+00:00,jvm_gc_pause_seconds_sum,gauge,0.09163893089405192,terminal-handler-sim,terminal-handler-pod-0,container-main,payments,staging,,
2026-03-28T22:28:00+00:00,process_cpu_usage,gauge,0.1922006549565274,terminal-handler-sim,terminal-handler-pod-0,container-main,payments,staging,,
2026-03-28T22:29:00+00:00,jvm_memory_used_bytes,gauge,300000457,terminal-handler-sim,terminal-handler-pod-0,container-main,payments,staging,,
2026-03-28T22:29:00+00:00,jvm_gc_pause_seconds_sum,gauge,0.1087520322867309,terminal-handler-sim,terminal-handler-pod-0,container-main,payments,staging,,
2026-03-28T22:29:00+00:00,process_cpu_usage,gauge,0.19191755629205967,terminal-handler-sim,terminal-handler-pod-0,container-main,payments,staging,,
2026-03-28T22:30:00+00:00,jvm_memory_used_bytes,gauge,299999636,terminal-handler-sim,terminal-handler-pod-0,container-main,payments,staging,,
2026-03-28T22:30:00+00:00,jvm_gc_pause_seconds_sum,gauge,0.09495274994176715,terminal-handler-sim,terminal-handler-pod-0,container-main,payments,staging,,
2026-03-28T22:30:00+00:00,process_cpu_usage,gauge,0.19149068967641591,terminal-handler-sim,terminal-handler-pod-0,container-main,payments,staging,,
2026-03-28T22:31:00+00:00,jvm_memory_used_bytes,gauge,300000192,terminal-handler-sim,terminal-handler-pod-0,container-main,payments,staging,,
2026-03-28T22:31:00+00:00,jvm_gc_pause_seconds_sum,gauge,0.10481627718773862,terminal-handler-sim,terminal-handler-pod-0,container-main,payments,staging,,
2026-03-28T22:31:00+00:00,process_cpu_usage,gauge,0.20425766341825569,terminal-handler-sim,terminal-handler-pod-0,container-main,payments,staging,,
2026-03-28T22:32:00+00:00,jvm_memory_used_bytes,gauge,300000113,terminal-handler-sim,terminal-handler-pod-0,container-main,payments,staging,,
2026-03-28T22:32:00+00:00,jvm_gc_pause_seconds_sum,gauge,0.09763778217906584,terminal-handler-sim,terminal-handler-pod-0,container-main,payments,staging,,
2026-03-28T22:32:00+00:00,process_cpu_usage,gauge,0.2043737269565119,terminal-handler-sim,terminal-handler-pod-0,container-main,payments,staging,,
2026-03-28T22:33:00+00:00,jvm_memory_used_bytes,gauge,300000122,terminal-handler-sim,terminal-handler-pod-0,container-main,payments,staging,,
2026-03-28T22:33:00+00:00,jvm_gc_pause_seconds_sum,gauge,0.09555216201178143,terminal-handler-sim,terminal-handler-pod-0,container-main,payments,staging,,
2026-03-28T22:33:00+00:00,process_cpu_usage,gauge,0.1945100199074218,terminal-handler-sim,terminal-handler-pod-0,container-main,payments,staging,,
2026-03-28T22:34:00+00:00,jvm_memory_used_bytes,gauge,299999486,terminal-handler-sim,terminal-handler-pod-0,container-main,payments,staging,,
2026-03-28T22:34:00+00:00,jvm_gc_pause_seconds_sum,gauge,0.10665533663873675,terminal-handler-sim,terminal-handler-pod-0,container-main,payments,staging,,
2026-03-28T22:34:00+00:00,process_cpu_usage,gauge,0.20686568215975326,terminal-handler-sim,terminal-handler-pod-0,container-main,payments,staging,,
2026-03-28T22:35:00+00:00,jvm_memory_used_bytes,gauge,299999464,terminal-handler-sim,terminal-handler-pod-0,container-main,payments,staging,,
2026-03-28T22:35:00+00:00,jvm_gc_pause_seconds_sum,gauge,0.09084717018694674,terminal-handler-sim,terminal-handler-pod-0,container-main,payments,staging,,
2026-03-28T22:35:00+00:00,process_cpu_usage,gauge,0.20111817122441705,terminal-handler-sim,terminal-handler-pod-0,container-main,payments,staging,,
2026-03-28T22:36:00+00:00,jvm_memory_used_bytes,gauge,299999011,terminal-handler-sim,terminal-handler-pod-0,container-main,payments,staging,,
2026-03-28T22:36:00+00:00,jvm_gc_pause_seconds_sum,gauge,0.10606105451796317,terminal-handler-sim,terminal-handler-pod-0,container-main,payments,staging,,
2026-03-28T22:36:00+00:00,process_cpu_usage,gauge,0.20719824633092257,terminal-handler-sim,terminal-handler-pod-0,container-main,payments,staging,,
2026-03-28T22:37:00+00:00,jvm_memory_used_bytes,gauge,299999073,terminal-handler-sim,terminal-handler-pod-0,container-main,payments,staging,,
2026-03-28T22:37:00+00:00,jvm_gc_pause_seconds_sum,gauge,0.09343274346836443,terminal-handler-sim,terminal-handler-pod-0,container-main,payments,staging,,
2026-03-28T22:37:00+00:00,process_cpu_usage,gauge,0.19705698530028512,terminal-handler-sim,terminal-handler-pod-0,container-main,payments,staging,,
2026-03-28T22:38:00+00:00,jvm_memory_used_bytes,gauge,300000815,terminal-handler-sim,terminal-handler-pod-0,container-main,payments,staging,,
2026-03-28T22:38:00+00:00,jvm_gc_pause_seconds_sum,gauge,0.09840225099871952,terminal-handler-sim,terminal-handler-pod-0,container-main,payments,staging,,
2026-03-28T22:38:00+00:00,process_cpu_usage,gauge,0.19130882643698582,terminal-handler-sim,terminal-handler-pod-0,container-main,payments,staging,,
2026-03-28T22:39:00+00:00,jvm_memory_used_bytes,gauge,300000513,terminal-handler-sim,terminal-handler-pod-0,container-main,payments,staging,,
2026-03-28T22:39:00+00:00,jvm_gc_pause_seconds_sum,gauge,0.10712358664852649,terminal-handler-sim,terminal-handler-pod-0,container-main,payments,staging,,
2026-03-28T22:39:00+00:00,process_cpu_usage,gauge,0.20781872847494595,terminal-handler-sim,terminal-handler-pod-0,container-main,payments,staging,,
2026-03-28T22:40:00+00:00,jvm_memory_used_bytes,gauge,300000403,terminal-handler-sim,terminal-handler-pod-0,container-main,payments,staging,,
2026-03-28T22:40:00+00:00,jvm_gc_pause_seconds_sum,gauge,0.1042523071347015,terminal-handler-sim,terminal-handler-pod-0,container-main,payments,staging,,
2026-03-28T22:40:00+00:00,process_cpu_usage,gauge,0.2085975044428699,terminal-handler-sim,terminal-handler-pod-0,container-main,payments,staging,,
2026-03-28T22:41:00+00:00,jvm_memory_used_bytes,gauge,300000128,terminal-handler-sim,terminal-handler-pod-0,container-main,payments,staging,,
2026-03-28T22:41:00+00:00,jvm_gc_pause_seconds_sum,gauge,0.09069937725762045,terminal-handler-sim,terminal-handler-pod-0,container-main,payments,staging,,
2026-03-28T22:41:00+00:00,process_cpu_usage,gauge,0.19782385834892563,terminal-handler-sim,terminal-handler-pod-0,container-main,payments,staging,,
2026-03-28T22:42:00+00:00,jvm_memory_used_bytes,gauge,299999227,terminal-handler-sim,terminal-handler-pod-0,container-main,payments,staging,,
2026-03-28T22:42:00+00:00,jvm_gc_pause_seconds_sum,gauge,0.09836763676915719,terminal-handler-sim,terminal-handler-pod-0,container-main,payments,staging,,
2026-03-28T22:42:00+00:00,process_cpu_usage,gauge,0.20615410722078292,terminal-handler-sim,terminal-handler-pod-0,container-main,payments,staging,,
2026-03-28T22:43:00+00:00,jvm_memory_used_bytes,gauge,299999456,terminal-handler-sim,terminal-handler-pod-0,container-main,payments,staging,,
2026-03-28T22:43:00+00:00,jvm_gc_pause_seconds_sum,gauge,0.10206679884818803,terminal-handler-sim,terminal-handler-pod-0,container-main,payments,staging,,
2026-03-28T22:43:00+00:00,process_cpu_usage,gauge,0.2028388731482211,terminal-handler-sim,terminal-handler-pod-0,container-main,payments,staging,,
2026-03-28T22:44:00+00:00,jvm_memory_used_bytes,gauge,299999562,terminal-handler-sim,terminal-handler-pod-0,container-main,payments,staging,,
2026-03-28T22:44:00+00:00,jvm_gc_pause_seconds_sum,gauge,0.10930172328906827,terminal-handler-sim,terminal-handler-pod-0,container-main,payments,staging,,
2026-03-28T22:44:00+00:00,process_cpu_usage,gauge,0.191316813573346,terminal-handler-sim,terminal-handler-pod-0,container-main,payments,staging,,
2026-03-28T22:45:00+00:00,jvm_memory_used_bytes,gauge,299999218,terminal-handler-sim,terminal-handler-pod-0,container-main,payments,staging,,
2026-03-28T22:45:00+00:00,jvm_gc_pause_seconds_sum,gauge,0.0926394529821518,terminal-handler-sim,terminal-handler-pod-0,container-main,payments,staging,,
2026-03-28T22:45:00+00:00,process_cpu_usage,gauge,0.19781974037295638,terminal-handler-sim,terminal-handler-pod-0,container-main,payments,staging,,
2026-03-28T22:46:00+00:00,jvm_memory_used_bytes,gauge,300000310,terminal-handler-sim,terminal-handler-pod-0,container-main,payments,staging,,
2026-03-28T22:46:00+00:00,jvm_gc_pause_seconds_sum,gauge,0.09866634606790249,terminal-handler-sim,terminal-handler-pod-0,container-main,payments,staging,,
2026-03-28T22:46:00+00:00,process_cpu_usage,gauge,0.19603482815408985,terminal-handler-sim,terminal-handler-pod-0,container-main,payments,staging,,
2026-03-28T22:47:00+00:00,jvm_memory_used_bytes,gauge,299999635,terminal-handler-sim,terminal-handler-pod-0,container-main,payments,staging,,
2026-03-28T22:47:00+00:00,jvm_gc_pause_seconds_sum,gauge,0.09779037426993364,terminal-handler-sim,terminal-handler-pod-0,container-main,payments,staging,,
2026-03-28T22:47:00+00:00,process_cpu_usage,gauge,0.19908554920241645,terminal-handler-sim,terminal-handler-pod-0,container-main,payments,staging,,
2026-03-28T22:48:00+00:00,jvm_memory_used_bytes,gauge,300000857,terminal-handler-sim,terminal-handler-pod-0,container-main,payments,staging,,
2026-03-28T22:48:00+00:00,jvm_gc_pause_seconds_sum,gauge,0.10733155876400015,terminal-handler-sim,terminal-handler-pod-0,container-main,payments,staging,,
2026-03-28T22:48:00+00:00,process_cpu_usage,gauge,0.20281656794294114,terminal-handler-sim,terminal-handler-pod-0,container-main,payments,staging,,
2026-03-28T22:49:00+00:00,jvm_memory_used_bytes,gauge,300000868,terminal-handler-sim,terminal-handler-pod-0,container-main,payments,staging,,
2026-03-28T22:49:00+00:00,jvm_gc_pause_seconds_sum,gauge,0.10728412554252661,terminal-handler-sim,terminal-handler-pod-0,container-main,payments,staging,,
2026-03-28T22:49:00+00:00,process_cpu_usage,gauge,0.20862120542921728,terminal-handler-sim,terminal-handler-pod-0,container-main,payments,staging,,
2026-03-28T22:50:00+00:00,jvm_memory_used_bytes,gauge,299999864,terminal-handler-sim,terminal-handler-pod-0,container-main,payments,staging,,
2026-03-28T22:50:00+00:00,jvm_gc_pause_seconds_sum,gauge,0.09463514845962483,terminal-handler-sim,terminal-handler-pod-0,container-main,payments,staging,,
2026-03-28T22:50:00+00:00,process_cpu_usage,gauge,0.1986246837179427,terminal-handler-sim,terminal-handler-pod-0,container-main,payments,staging,,
2026-03-28T22:51:00+00:00,jvm_memory_used_bytes,gauge,300000905,terminal-handler-sim,terminal-handler-pod-0,container-main,payments,staging,,
2026-03-28T22:51:00+00:00,jvm_gc_pause_seconds_sum,gauge,0.10037235612608375,terminal-handler-sim,terminal-handler-pod-0,container-main,payments,staging,,
2026-03-28T22:51:00+00:00,process_cpu_usage,gauge,0.19415465808086324,terminal-handler-sim,terminal-handler-pod-0,container-main,payments,staging,,
2026-03-28T22:52:00+00:00,jvm_memory_used_bytes,gauge,300000340,terminal-handler-sim,terminal-handler-pod-0,container-main,payments,staging,,
2026-03-28T22:52:00+00:00,jvm_gc_pause_seconds_sum,gauge,0.09610908348702138,terminal-handler-sim,terminal-handler-pod-0,container-main,payments,staging,,
2026-03-28T22:52:00+00:00,process_cpu_usage,gauge,0.19012909245207146,terminal-handler-sim,terminal-handler-pod-0,container-main,payments,staging,,
2026-03-28T22:53:00+00:00,jvm_memory_used_bytes,gauge,299999379,terminal-handler-sim,terminal-handler-pod-0,container-main,payments,staging,,
2026-03-28T22:53:00+00:00,jvm_gc_pause_seconds_sum,gauge,0.09940859726434187,terminal-handler-sim,terminal-handler-pod-0,container-main,payments,staging,,
2026-03-28T22:53:00+00:00,process_cpu_usage,gauge,0.20932968461005277,terminal-handler-sim,terminal-handler-pod-0,container-main,payments,staging,,
2026-03-28T22:54:00+00:00,jvm_memory_used_bytes,gauge,300000639,terminal-handler-sim,terminal-handler-pod-0,container-main,payments,staging,,
2026-03-28T22:54:00+00:00,jvm_gc_pause_seconds_sum,gauge,0.09462651560029456,terminal-handler-sim,terminal-handler-pod-0,container-main,payments,staging,,
2026-03-28T22:54:00+00:00,process_cpu_usage,gauge,0.19701268578077147,terminal-handler-sim,terminal-handler-pod-0,container-main,payments,staging,,
2026-03-28T22:55:00+00:00,jvm_memory_used_bytes,gauge,299999092,terminal-handler-sim,terminal-handler-pod-0,container-main,payments,staging,,
2026-03-28T22:55:00+00:00,jvm_gc_pause_seconds_sum,gauge,0.09205566960941984,terminal-handler-sim,terminal-handler-pod-0,container-main,payments,staging,,
2026-03-28T22:55:00+00:00,process_cpu_usage,gauge,0.19281410950681818,terminal-handler-sim,terminal-handler-pod-0,container-main,payments,staging,,
2026-03-28T22:56:00+00:00,jvm_memory_used_bytes,gauge,299999965,terminal-handler-sim,terminal-handler-pod-0,container-main,payments,staging,,
2026-03-28T22:56:00+00:00,jvm_gc_pause_seconds_sum,gauge,0.09161841620815597,terminal-handler-sim,terminal-handler-pod-0,container-main,payments,staging,,
2026-03-28T22:56:00+00:00,process_cpu_usage,gauge,0.19262884126058588,terminal-handler-sim,terminal-handler-pod-0,container-main,payments,staging,,
2026-03-28T22:57:00+00:00,jvm_memory_used_bytes,gauge,300000859,terminal-handler-sim,terminal-handler-pod-0,container-main,payments,staging,,
2026-03-28T22:57:00+00:00,jvm_gc_pause_seconds_sum,gauge,0.1074672638548038,terminal-handler-sim,terminal-handler-pod-0,container-main,payments,staging,,
2026-03-28T22:57:00+00:00,process_cpu_usage,gauge,0.20416855612541804,terminal-handler-sim,terminal-handler-pod-0,container-main,payments,staging,,
2026-03-28T22:58:00+00:00,jvm_memory_used_bytes,gauge,299999109,terminal-handler-sim,terminal-handler-pod-0,container-main,payments,staging,,
2026-03-28T22:58:00+00:00,jvm_gc_pause_seconds_sum,gauge,0.10874828611840799,terminal-handler-sim,terminal-handler-pod-0,container-main,payments,staging,,
2026-03-28T22:58:00+00:00,process_cpu_usage,gauge,0.20135654977581086,terminal-handler-sim,terminal-handler-pod-0,container-main,payments,staging,,
2026-03-28T22:59:00+00:00,jvm_memory_used_bytes,gauge,299999989,terminal-handler-sim,terminal-handler-pod-0,container-main,payments,staging,,
2026-03-28T22:59:00+00:00,jvm_gc_pause_seconds_sum,gauge,0.09247664284338433,terminal-handler-sim,terminal-handler-pod-0,container-main,payments,staging,,
2026-03-28T22:59:00+00:00,process_cpu_usage,gauge,0.19122428095221933,terminal-handler-sim,terminal-handler-pod-0,container-main,payments,staging,,
2026-03-28T23:00:00+00:00,jvm_memory_used_bytes,gauge,299999919,terminal-handler-sim,terminal-handler-pod-0,container-main,payments,staging,,
2026-03-28T23:00:00+00:00,jvm_gc_pause_seconds_sum,gauge,0.09122625915125859,terminal-handler-sim,terminal-handler-pod-0,container-main,payments,staging,,
2026-03-28T23:00:00+00:00,process_cpu_usage,gauge,0.19148363040316269,terminal-handler-sim,terminal-handler-pod-0,container-main,payments,staging,,
2026-03-28T23:01:00+00:00,jvm_memory_used_bytes,gauge,299999348,terminal-handler-sim,terminal-handler-pod-0,container-main,payments,staging,,
2026-03-28T23:01:00+00:00,jvm_gc_pause_seconds_sum,gauge,0.09872311281069761,terminal-handler-sim,terminal-handler-pod-0,container-main,payments,staging,,
2026-03-28T23:01:00+00:00,process_cpu_usage,gauge,0.1946062585488919,terminal-handler-sim,terminal-handler-pod-0,container-main,payments,staging,,
2026-03-28T23:02:00+00:00,jvm_memory_used_bytes,gauge,300000751,terminal-handler-sim,terminal-handler-pod-0,container-main,payments,staging,,
2026-03-28T23:02:00+00:00,jvm_gc_pause_seconds_sum,gauge,0.09486634471950242,terminal-handler-sim,terminal-handler-pod-0,container-main,payments,staging,,
2026-03-28T23:02:00+00:00,process_cpu_usage,gauge,0.1911348631079466,terminal-handler-sim,terminal-handler-pod-0,container-main,payments,staging,,
2026-03-28T23:03:00+00:00,jvm_memory_used_bytes,gauge,300000216,terminal-handler-sim,terminal-handler-pod-0,container-main,payments,staging,,
2026-03-28T23:03:00+00:00,jvm_gc_pause_seconds_sum,gauge,0.1065130290225441,terminal-handler-sim,terminal-handler-pod-0,container-main,payments,staging,,
2026-03-28T23:03:00+00:00,process_cpu_usage,gauge,0.19046157070418182,terminal-handler-sim,terminal-handler-pod-0,container-main,payments,staging,,
2026-03-28T23:04:00+00:00,jvm_memory_used_bytes,gauge,300000981,terminal-handler-sim,terminal-handler-pod-0,container-main,payments,staging,,
2026-03-28T23:04:00+00:00,jvm_gc_pause_seconds_sum,gauge,0.09340882171972596,terminal-handler-sim,terminal-handler-pod-0,container-main,payments,staging,,
2026-03-28T23:04:00+00:00,process_cpu_usage,gauge,0.19329964832311697,terminal-handler-sim,terminal-handler-pod-0,container-main,payments,staging,,
2026-03-28T23:05:00+00:00,jvm_memory_used_bytes,gauge,300000595,terminal-handler-sim,terminal-handler-pod-0,container-main,payments,staging,,
2026-03-28T23:05:00+00:00,jvm_gc_pause_seconds_sum,gauge,0.0997545974122939,terminal-handler-sim,terminal-handler-pod-0,container-main,payments,staging,,
2026-03-28T23:05:00+00:00,process_cpu_usage,gauge,0.1990117277225334,terminal-handler-sim,terminal-handler-pod-0,container-main,payments,staging,,
2026-03-28T23:06:00+00:00,jvm_memory_used_bytes,gauge,300000299,terminal-handler-sim,terminal-handler-pod-0,container-main,payments,staging,,
2026-03-28T23:06:00+00:00,jvm_gc_pause_seconds_sum,gauge,0.09937149156563713,terminal-handler-sim,terminal-handler-pod-0,container-main,payments,staging,,
2026-03-28T23:06:00+00:00,process_cpu_usage,gauge,0.19384416354628886,terminal-handler-sim,terminal-handler-pod-0,container-main,payments,staging,,
2026-03-28T23:07:00+00:00,jvm_memory_used_bytes,gauge,300000069,terminal-handler-sim,terminal-handler-pod-0,container-main,payments,staging,,
2026-03-28T23:07:00+00:00,jvm_gc_pause_seconds_sum,gauge,0.09438505122152802,terminal-handler-sim,terminal-handler-pod-0,container-main,payments,staging,,
2026-03-28T23:07:00+00:00,process_cpu_usage,gauge,0.200295987261653,terminal-handler-sim,terminal-handler-pod-0,container-main,payments,staging,,
2026-03-28T23:08:00+00:00,jvm_memory_used_bytes,gauge,300000929,terminal-handler-sim,terminal-handler-pod-0,container-main,payments,staging,,
2026-03-28T23:08:00+00:00,jvm_gc_pause_seconds_sum,gauge,0.10666105608454937,terminal-handler-sim,terminal-handler-pod-0,container-main,payments,staging,,
2026-03-28T23:08:00+00:00,process_cpu_usage,gauge,0.19295774646946331,terminal-handler-sim,terminal-handler-pod-0,container-main,payments,staging,,
2026-03-28T23:09:00+00:00,jvm_memory_used_bytes,gauge,299999741,terminal-handler-sim,terminal-handler-pod-0,container-main,payments,staging,,
2026-03-28T23:09:00+00:00,jvm_gc_pause_seconds_sum,gauge,0.10031447823746723,terminal-handler-sim,terminal-handler-pod-0,container-main,payments,staging,,
2026-03-28T23:09:00+00:00,process_cpu_usage,gauge,0.19087327787839675,terminal-handler-sim,terminal-handler-pod-0,container-main,payments,staging,,
2026-03-28T23:10:00+00:00,jvm_memory_used_bytes,gauge,300000489,terminal-handler-sim,terminal-handler-pod-0,container-main,payments,staging,,
2026-03-28T23:10:00+00:00,jvm_gc_pause_seconds_sum,gauge,0.10670427578562505,terminal-handler-sim,terminal-handler-pod-0,container-main,payments,staging,,
2026-03-28T23:10:00+00:00,process_cpu_usage,gauge,0.20279178141009674,terminal-handler-sim,terminal-handler-pod-0,container-main,payments,staging,,
2026-03-28T23:11:00+00:00,jvm_memory_used_bytes,gauge,300000984,terminal-handler-sim,terminal-handler-pod-0,container-main,payments,staging,,
2026-03-28T23:11:00+00:00,jvm_gc_pause_seconds_sum,gauge,0.09198136155419281,terminal-handler-sim,terminal-handler-pod-0,container-main,payments,staging,,
2026-03-28T23:11:00+00:00,process_cpu_usage,gauge,0.19018090195055384,terminal-handler-sim,terminal-handler-pod-0,container-main,payments,staging,,
2026-03-28T23:12:00+00:00,jvm_memory_used_bytes,gauge,299999863,terminal-handler-sim,terminal-handler-pod-0,container-main,payments,staging,,
2026-03-28T23:12:00+00:00,jvm_gc_pause_seconds_sum,gauge,0.10507254625017631,terminal-handler-sim,terminal-handler-pod-0,container-main,payments,staging,,
2026-03-28T23:12:00+00:00,process_cpu_usage,gauge,0.20497019527005603,terminal-handler-sim,terminal-handler-pod-0,container-main,payments,staging,,
2026-03-28T23:13:00+00:00,jvm_memory_used_bytes,gauge,300000240,terminal-handler-sim,terminal-handler-pod-0,container-main,payments,staging,,
2026-03-28T23:13:00+00:00,jvm_gc_pause_seconds_sum,gauge,0.10089304648949113,terminal-handler-sim,terminal-handler-pod-0,container-main,payments,staging,,
2026-03-28T23:13:00+00:00,process_cpu_usage,gauge,0.19761193756632228,terminal-handler-sim,terminal-handler-pod-0,container-main,payments,staging,,
2026-03-28T23:14:00+00:00,jvm_memory_used_bytes,gauge,299999015,terminal-handler-sim,terminal-handler-pod-0,container-main,payments,staging,,
2026-03-28T23:14:00+00:00,jvm_gc_pause_seconds_sum,gauge,0.10541168184973615,terminal-handler-sim,terminal-handler-pod-0,container-main,payments,staging,,
2026-03-28T23:14:00+00:00,process_cpu_usage,gauge,0.20449222592019756,terminal-handler-sim,terminal-handler-pod-0,container-main,payments,staging,,
2026-03-28T23:15:00+00:00,jvm_memory_used_bytes,gauge,299999416,terminal-handler-sim,terminal-handler-pod-0,container-main,payments,staging,,
2026-03-28T23:15:00+00:00,jvm_gc_pause_seconds_sum,gauge,0.09908615313848186,terminal-handler-sim,terminal-handler-pod-0,container-main,payments,staging,,
2026-03-28T23:15:00+00:00,process_cpu_usage,gauge,0.20203701530325274,terminal-handler-sim,terminal-handler-pod-0,container-main,payments,staging,,
2026-03-28T23:16:00+00:00,jvm_memory_used_bytes,gauge,300000138,terminal-handler-sim,terminal-handler-pod-0,container-main,payments,staging,,
2026-03-28T23:16:00+00:00,jvm_gc_pause_seconds_sum,gauge,0.09009351475168122,terminal-handler-sim,terminal-handler-pod-0,container-main,payments,staging,,
2026-03-28T23:16:00+00:00,process_cpu_usage,gauge,0.2013539529851687,terminal-handler-sim,terminal-handler-pod-0,container-main,payments,staging,,
2026-03-28T23:17:00+00:00,jvm_memory_used_bytes,gauge,300000546,terminal-handler-sim,terminal-handler-pod-0,container-main,payments,staging,,
2026-03-28T23:17:00+00:00,jvm_gc_pause_seconds_sum,gauge,0.10457609553326987,terminal-handler-sim,terminal-handler-pod-0,container-main,payments,staging,,
2026-03-28T23:17:00+00:00,process_cpu_usage,gauge,0.20601923953083245,terminal-handler-sim,terminal-handler-pod-0,container-main,payments,staging,,
2026-03-28T23:18:00+00:00,jvm_memory_used_bytes,gauge,300000032,terminal-handler-sim,terminal-handler-pod-0,container-main,payments,staging,,
2026-03-28T23:18:00+00:00,jvm_gc_pause_seconds_sum,gauge,0.09073404362477352,terminal-handler-sim,terminal-handler-pod-0,container-main,payments,staging,,
2026-03-28T23:18:00+00:00,process_cpu_usage,gauge,0.19632041549870496,terminal-handler-sim,terminal-handler-pod-0,container-main,payments,staging,,
2026-03-28T23:19:00+00:00,jvm_memory_used_bytes,gauge,299999143,terminal-handler-sim,terminal-handler-pod-0,container-main,payments,staging,,
2026-03-28T23:19:00+00:00,jvm_gc_pause_seconds_sum,gauge,0.10755656278794144,terminal-handler-sim,terminal-handler-pod-0,container-main,payments,staging,,
2026-03-28T23:19:00+00:00,process_cpu_usage,gauge,0.1935984079377873,terminal-handler-sim,terminal-handler-pod-0,container-main,payments,staging,,
2026-03-28T23:20:00+00:00,jvm_memory_used_bytes,gauge,300000723,terminal-handler-sim,terminal-handler-pod-0,container-main,payments,staging,,
2026-03-28T23:20:00+00:00,jvm_gc_pause_seconds_sum,gauge,0.1058426928068918,terminal-handler-sim,terminal-handler-pod-0,container-main,payments,staging,,
2026-03-28T23:20:00+00:00,process_cpu_usage,gauge,0.1986703085358371,terminal-handler-sim,terminal-handler-pod-0,container-main,payments,staging,,
2026-03-28T23:21:00+00:00,jvm_memory_used_bytes,gauge,299999090,terminal-handler-sim,terminal-handler-pod-0,container-main,payments,staging,,
2026-03-28T23:21:00+00:00,jvm_gc_pause_seconds_sum,gauge,0.10705797416820134,terminal-handler-sim,terminal-handler-pod-0,container-main,payments,staging,,
2026-03-28T23:21:00+00:00,process_cpu_usage,gauge,0.19757517800622654,terminal-handler-sim,terminal-handler-pod-0,container-main,payments,staging,,
2026-03-28T23:22:00+00:00,jvm_memory_used_bytes,gauge,299999019,terminal-handler-sim,terminal-handler-pod-0,container-main,payments,staging,,
2026-03-28T23:22:00+00:00,jvm_gc_pause_seconds_sum,gauge,0.09445304244163351,terminal-handler-sim,terminal-handler-pod-0,container-main,payments,staging,,
2026-03-28T23:22:00+00:00,process_cpu_usage,gauge,0.20681301118610348,terminal-handler-sim,terminal-handler-pod-0,container-main,payments,staging,,
2026-03-28T23:23:00+00:00,jvm_memory_used_bytes,gauge,299999398,terminal-handler-sim,terminal-handler-pod-0,container-main,payments,staging,,
2026-03-28T23:23:00+00:00,jvm_gc_pause_seconds_sum,gauge,0.10845244105309262,terminal-handler-sim,terminal-handler-pod-0,container-main,payments,staging,,
2026-03-28T23:23:00+00:00,process_cpu_usage,gauge,0.20992276948216676,terminal-handler-sim,terminal-handler-pod-0,container-main,payments,staging,,
2026-03-28T23:24:00+00:00,jvm_memory_used_bytes,gauge,300000423,terminal-handler-sim,terminal-handler-pod-0,container-main,payments,staging,,
2026-03-28T23:24:00+00:00,jvm_gc_pause_seconds_sum,gauge,0.09841773436080285,terminal-handler-sim,terminal-handler-pod-0,container-main,payments,staging,,
2026-03-28T23:24:00+00:00,process_cpu_usage,gauge,0.20121233574878988,terminal-handler-sim,terminal-handler-pod-0,container-main,payments,staging,,
2026-03-28T23:25:00+00:00,jvm_memory_used_bytes,gauge,299999941,terminal-handler-sim,terminal-handler-pod-0,container-main,payments,staging,,
2026-03-28T23:25:00+00:00,jvm_gc_pause_seconds_sum,gauge,0.10023451557195732,terminal-handler-sim,terminal-handler-pod-0,container-main,payments,staging,,
2026-03-28T23:25:00+00:00,process_cpu_usage,gauge,0.20642096914849356,terminal-handler-sim,terminal-handler-pod-0,container-main,payments,staging,,
2026-03-28T23:26:00+00:00,jvm_memory_used_bytes,gauge,299999804,terminal-handler-sim,terminal-handler-pod-0,container-main,payments,staging,,
2026-03-28T23:26:00+00:00,jvm_gc_pause_seconds_sum,gauge,0.10254530821408978,terminal-handler-sim,terminal-handler-pod-0,container-main,payments,staging,,
2026-03-28T23:26:00+00:00,process_cpu_usage,gauge,0.1961300900542054,terminal-handler-sim,terminal-handler-pod-0,container-main,payments,staging,,
2026-03-28T23:27:00+00:00,jvm_memory_used_bytes,gauge,299999278,terminal-handler-sim,terminal-handler-pod-0,container-main,payments,staging,,
2026-03-28T23:27:00+00:00,jvm_gc_pause_seconds_sum,gauge,0.09791809563685137,terminal-handler-sim,terminal-handler-pod-0,container-main,payments,staging,,
2026-03-28T23:27:00+00:00,process_cpu_usage,gauge,0.20718591097267083,terminal-handler-sim,terminal-handler-pod-0,container-main,payments,staging,,
2026-03-28T23:28:00+00:00,jvm_memory_used_bytes,gauge,299999171,terminal-handler-sim,terminal-handler-pod-0,container-main,payments,staging,,
2026-03-28T23:28:00+00:00,jvm_gc_pause_seconds_sum,gauge,0.09301917343801432,terminal-handler-sim,terminal-handler-pod-0,container-main,payments,staging,,
2026-03-28T23:28:00+00:00,process_cpu_usage,gauge,0.20661698283776903,terminal-handler-sim,terminal-handler-pod-0,container-main,payments,staging,,
2026-03-28T23:29:00+00:00,jvm_memory_used_bytes,gauge,299999237,terminal-handler-sim,terminal-handler-pod-0,container-main,payments,staging,,
2026-03-28T23:29:00+00:00,jvm_gc_pause_seconds_sum,gauge,0.09346411300199128,terminal-handler-sim,terminal-handler-pod-0,container-main,payments,staging,,
2026-03-28T23:29:00+00:00,process_cpu_usage,gauge,0.200017806804449,terminal-handler-sim,terminal-handler-pod-0,container-main,payments,staging,,
2026-03-28T23:30:00+00:00,jvm_memory_used_bytes,gauge,299999181,terminal-handler-sim,terminal-handler-pod-0,container-main,payments,staging,,
2026-03-28T23:30:00+00:00,jvm_gc_pause_seconds_sum,gauge,0.10595937169705974,terminal-handler-sim,terminal-handler-pod-0,container-main,payments,staging,,
2026-03-28T23:30:00+00:00,process_cpu_usage,gauge,0.1902129841941813,terminal-handler-sim,terminal-handler-pod-0,container-main,payments,staging,,
2026-03-28T23:31:00+00:00,jvm_memory_used_bytes,gauge,300000653,terminal-handler-sim,terminal-handler-pod-0,container-main,payments,staging,,
2026-03-28T23:31:00+00:00,jvm_gc_pause_seconds_sum,gauge,0.108665656088648,terminal-handler-sim,terminal-handler-pod-0,container-main,payments,staging,,
2026-03-28T23:31:00+00:00,process_cpu_usage,gauge,0.20958192351335414,terminal-handler-sim,terminal-handler-pod-0,container-main,payments,staging,,
2026-03-28T23:32:00+00:00,jvm_memory_used_bytes,gauge,300000117,terminal-handler-sim,terminal-handler-pod-0,container-main,payments,staging,,
2026-03-28T23:32:00+00:00,jvm_gc_pause_seconds_sum,gauge,0.09413840293127332,terminal-handler-sim,terminal-handler-pod-0,container-main,payments,staging,,
2026-03-28T23:32:00+00:00,process_cpu_usage,gauge,0.20613268520542807,terminal-handler-sim,terminal-handler-pod-0,container-main,payments,staging,,
2026-03-28T23:33:00+00:00,jvm_memory_used_bytes,gauge,299999122,terminal-handler-sim,terminal-handler-pod-0,container-main,payments,staging,,
2026-03-28T23:33:00+00:00,jvm_gc_pause_seconds_sum,gauge,0.10835520377222457,terminal-handler-sim,terminal-handler-pod-0,container-main,payments,staging,,
2026-03-28T23:33:00+00:00,process_cpu_usage,gauge,0.19492120745396535,terminal-handler-sim,terminal-handler-pod-0,container-main,payments,staging,,
2026-03-28T23:34:00+00:00,jvm_memory_used_bytes,gauge,300000772,terminal-handler-sim,terminal-handler-pod-0,container-main,payments,staging,,
2026-03-28T23:34:00+00:00,jvm_gc_pause_seconds_sum,gauge,0.0937876021799947,terminal-handler-sim,terminal-handler-pod-0,container-main,payments,staging,,
2026-03-28T23:34:00+00:00,process_cpu_usage,gauge,0.19915489064567818,terminal-handler-sim,terminal-handler-pod-0,container-main,payments,staging,,
2026-03-28T23:35:00+00:00,jvm_memory_used_bytes,gauge,300000742,terminal-handler-sim,terminal-handler-pod-0,container-main,payments,staging,,
2026-03-28T23:35:00+00:00,jvm_gc_pause_seconds_sum,gauge,0.09911341745305825,terminal-handler-sim,terminal-handler-pod-0,container-main,payments,staging,,
2026-03-28T23:35:00+00:00,process_cpu_usage,gauge,0.20208067722084544,terminal-handler-sim,terminal-handler-pod-0,container-main,payments,staging,,
2026-03-28T23:36:00+00:00,jvm_memory_used_bytes,gauge,300000771,terminal-handler-sim,terminal-handler-pod-0,container-main,payments,staging,,
2026-03-28T23:36:00+00:00,jvm_gc_pause_seconds_sum,gauge,0.09657720583719079,terminal-handler-sim,terminal-handler-pod-0,container-main,payments,staging,,
2026-03-28T23:36:00+00:00,process_cpu_usage,gauge,0.19652852501442605,terminal-handler-sim,terminal-handler-pod-0,container-main,payments,staging,,
2026-03-28T23:37:00+00:00,jvm_memory_used_bytes,gauge,300000652,terminal-handler-sim,terminal-handler-pod-0,container-main,payments,staging,,
2026-03-28T23:37:00+00:00,jvm_gc_pause_seconds_sum,gauge,0.09136421908864512,terminal-handler-sim,terminal-handler-pod-0,container-main,payments,staging,,
2026-03-28T23:37:00+00:00,process_cpu_usage,gauge,0.19659056734517336,terminal-handler-sim,terminal-handler-pod-0,container-main,payments,staging,,
2026-03-28T23:38:00+00:00,jvm_memory_used_bytes,gauge,299999705,terminal-handler-sim,terminal-handler-pod-0,container-main,payments,staging,,
2026-03-28T23:38:00+00:00,jvm_gc_pause_seconds_sum,gauge,0.09116494079105024,terminal-handler-sim,terminal-handler-pod-0,container-main,payments,staging,,
2026-03-28T23:38:00+00:00,process_cpu_usage,gauge,0.1948755998767866,terminal-handler-sim,terminal-handler-pod-0,container-main,payments,staging,,
2026-03-28T23:39:00+00:00,jvm_memory_used_bytes,gauge,300000214,terminal-handler-sim,terminal-handler-pod-0,container-main,payments,staging,,
2026-03-28T23:39:00+00:00,jvm_gc_pause_seconds_sum,gauge,0.09116228477690472,terminal-handler-sim,terminal-handler-pod-0,container-main,payments,staging,,
2026-03-28T23:39:00+00:00,process_cpu_usage,gauge,0.20905172819483006,terminal-handler-sim,terminal-handler-pod-0,container-main,payments,staging,,
2026-03-28T23:40:00+00:00,jvm_memory_used_bytes,gauge,300000656,terminal-handler-sim,terminal-handler-pod-0,container-main,payments,staging,,
2026-03-28T23:40:00+00:00,jvm_gc_pause_seconds_sum,gauge,0.10709349917725638,terminal-handler-sim,terminal-handler-pod-0,container-main,payments,staging,,
2026-03-28T23:40:00+00:00,process_cpu_usage,gauge,0.1999075345796572,terminal-handler-sim,terminal-handler-pod-0,container-main,payments,staging,,
2026-03-28T23:41:00+00:00,jvm_memory_used_bytes,gauge,299999521,terminal-handler-sim,terminal-handler-pod-0,container-main,payments,staging,,
2026-03-28T23:41:00+00:00,jvm_gc_pause_seconds_sum,gauge,0.10278444700508424,terminal-handler-sim,terminal-handler-pod-0,container-main,payments,staging,,
2026-03-28T23:41:00+00:00,process_cpu_usage,gauge,0.19176324569837952,terminal-handler-sim,terminal-handler-pod-0,container-main,payments,staging,,
2026-03-28T23:42:00+00:00,jvm_memory_used_bytes,gauge,299999330,terminal-handler-sim,terminal-handler-pod-0,container-main,payments,staging,,
2026-03-28T23:42:00+00:00,jvm_gc_pause_seconds_sum,gauge,0.1099963084381638,terminal-handler-sim,terminal-handler-pod-0,container-main,payments,staging,,
2026-03-28T23:42:00+00:00,process_cpu_usage,gauge,0.20820669574618034,terminal-handler-sim,terminal-handler-pod-0,container-main,payments,staging,,
2026-03-28T23:43:00+00:00,jvm_memory_used_bytes,gauge,300000965,terminal-handler-sim,terminal-handler-pod-0,container-main,payments,staging,,
2026-03-28T23:43:00+00:00,jvm_gc_pause_seconds_sum,gauge,0.10348276118898692,terminal-handler-sim,terminal-handler-pod-0,container-main,payments,staging,,
2026-03-28T23:43:00+00:00,process_cpu_usage,gauge,0.19770529557868596,terminal-handler-sim,terminal-handler-pod-0,container-main,payments,staging,,
2026-03-28T23:44:00+00:00,jvm_memory_used_bytes,gauge,299999708,terminal-handler-sim,terminal-handler-pod-0,container-main,payments,staging,,
2026-03-28T23:44:00+00:00,jvm_gc_pause_seconds_sum,gauge,0.1064415999614245,terminal-handler-sim,terminal-handler-pod-0,container-main,payments,staging,,
2026-03-28T23:44:00+00:00,process_cpu_usage,gauge,0.2056830932985806,terminal-handler-sim,terminal-handler-pod-0,container-main,payments,staging,,
2026-03-28T23:45:00+00:00,jvm_memory_used_bytes,gauge,299999568,terminal-handler-sim,terminal-handler-pod-0,container-main,payments,staging,,
2026-03-28T23:45:00+00:00,jvm_gc_pause_seconds_sum,gauge,0.10939269599094849,terminal-handler-sim,terminal-handler-pod-0,container-main,payments,staging,,
2026-03-28T23:45:00+00:00,process_cpu_usage,gauge,0.19278836478357006,terminal-handler-sim,terminal-handler-pod-0,container-main,payments,staging,,
2026-03-28T23:46:00+00:00,jvm_memory_used_bytes,gauge,299999578,terminal-handler-sim,terminal-handler-pod-0,container-main,payments,staging,,
2026-03-28T23:46:00+00:00,jvm_gc_pause_seconds_sum,gauge,0.10802388855584866,terminal-handler-sim,terminal-handler-pod-0,container-main,payments,staging,,
2026-03-28T23:46:00+00:00,process_cpu_usage,gauge,0.19982733210898013,terminal-handler-sim,terminal-handler-pod-0,container-main,payments,staging,,
2026-03-28T23:47:00+00:00,jvm_memory_used_bytes,gauge,299999414,terminal-handler-sim,terminal-handler-pod-0,container-main,payments,staging,,
2026-03-28T23:47:00+00:00,jvm_gc_pause_seconds_sum,gauge,0.10145173465809804,terminal-handler-sim,terminal-handler-pod-0,container-main,payments,staging,,
2026-03-28T23:47:00+00:00,process_cpu_usage,gauge,0.20287746962184283,terminal-handler-sim,terminal-handler-pod-0,container-main,payments,staging,,
2026-03-28T23:48:00+00:00,jvm_memory_used_bytes,gauge,299999004,terminal-handler-sim,terminal-handler-pod-0,container-main,payments,staging,,
2026-03-28T23:48:00+00:00,jvm_gc_pause_seconds_sum,gauge,0.0960913925775251,terminal-handler-sim,terminal-handler-pod-0,container-main,payments,staging,,
2026-03-28T23:48:00+00:00,process_cpu_usage,gauge,0.20478600405790495,terminal-handler-sim,terminal-handler-pod-0,container-main,payments,staging,,
2026-03-28T23:49:00+00:00,jvm_memory_used_bytes,gauge,300000672,terminal-handler-sim,terminal-handler-pod-0,container-main,payments,staging,,
2026-03-28T23:49:00+00:00,jvm_gc_pause_seconds_sum,gauge,0.10674009715707723,terminal-handler-sim,terminal-handler-pod-0,container-main,payments,staging,,
2026-03-28T23:49:00+00:00,process_cpu_usage,gauge,0.20743024668301802,terminal-handler-sim,terminal-handler-pod-0,container-main,payments,staging,,
2026-03-28T23:50:00+00:00,jvm_memory_used_bytes,gauge,299999293,terminal-handler-sim,terminal-handler-pod-0,container-main,payments,staging,,
2026-03-28T23:50:00+00:00,jvm_gc_pause_seconds_sum,gauge,0.09411690383616335,terminal-handler-sim,terminal-handler-pod-0,container-main,payments,staging,,
2026-03-28T23:50:00+00:00,process_cpu_usage,gauge,0.1953962650312853,terminal-handler-sim,terminal-handler-pod-0,container-main,payments,staging,,
2026-03-28T23:51:00+00:00,jvm_memory_used_bytes,gauge,300000490,terminal-handler-sim,terminal-handler-pod-0,container-main,payments,staging,,
2026-03-28T23:51:00+00:00,jvm_gc_pause_seconds_sum,gauge,0.09934207957710577,terminal-handler-sim,terminal-handler-pod-0,container-main,payments,staging,,
2026-03-28T23:51:00+00:00,process_cpu_usage,gauge,0.19217229173644168,terminal-handler-sim,terminal-handler-pod-0,container-main,payments,staging,,
2026-03-28T23:52:00+00:00,jvm_memory_used_bytes,gauge,299999048,terminal-handler-sim,terminal-handler-pod-0,container-main,payments,staging,,
2026-03-28T23:52:00+00:00,jvm_gc_pause_seconds_sum,gauge,0.09172108392888381,terminal-handler-sim,terminal-handler-pod-0,container-main,payments,staging,,
2026-03-28T23:52:00+00:00,process_cpu_usage,gauge,0.19768724803747803,terminal-handler-sim,terminal-handler-pod-0,container-main,payments,staging,,
2026-03-28T23:53:00+00:00,jvm_memory_used_bytes,gauge,299999871,terminal-handler-sim,terminal-handler-pod-0,container-main,payments,staging,,
2026-03-28T23:53:00+00:00,jvm_gc_pause_seconds_sum,gauge,0.10117866025010853,terminal-handler-sim,terminal-handler-pod-0,container-main,payments,staging,,
2026-03-28T23:53:00+00:00,process_cpu_usage,gauge,0.20915772686780698,terminal-handler-sim,terminal-handler-pod-0,container-main,payments,staging,,
2026-03-28T23:54:00+00:00,jvm_memory_used_bytes,gauge,299999941,terminal-handler-sim,terminal-handler-pod-0,container-main,payments,staging,,
2026-03-28T23:54:00+00:00,jvm_gc_pause_seconds_sum,gauge,0.09249680129495963,terminal-handler-sim,terminal-handler-pod-0,container-main,payments,staging,,
2026-03-28T23:54:00+00:00,process_cpu_usage,gauge,0.1976972175855116,terminal-handler-sim,terminal-handler-pod-0,container-main,payments,staging,,
2026-03-28T23:55:00+00:00,jvm_memory_used_bytes,gauge,300000583,terminal-handler-sim,terminal-handler-pod-0,container-main,payments,staging,,
2026-03-28T23:55:00+00:00,jvm_gc_pause_seconds_sum,gauge,0.10491158224044261,terminal-handler-sim,terminal-handler-pod-0,container-main,payments,staging,,
2026-03-28T23:55:00+00:00,process_cpu_usage,gauge,0.19080929454367973,terminal-handler-sim,terminal-handler-pod-0,container-main,payments,staging,,
2026-03-28T23:56:00+00:00,jvm_memory_used_bytes,gauge,300000586,terminal-handler-sim,terminal-handler-pod-0,container-main,payments,staging,,
2026-03-28T23:56:00+00:00,jvm_gc_pause_seconds_sum,gauge,0.09531827360412257,terminal-handler-sim,terminal-handler-pod-0,container-main,payments,staging,,
2026-03-28T23:56:00+00:00,process_cpu_usage,gauge,0.19132051441923503,terminal-handler-sim,terminal-handler-pod-0,container-main,payments,staging,,
2026-03-28T23:57:00+00:00,jvm_memory_used_bytes,gauge,300000117,terminal-handler-sim,terminal-handler-pod-0,container-main,payments,staging,,
2026-03-28T23:57:00+00:00,jvm_gc_pause_seconds_sum,gauge,0.09345161094872098,terminal-handler-sim,terminal-handler-pod-0,container-main,payments,staging,,
2026-03-28T23:57:00+00:00,process_cpu_usage,gauge,0.2055629961071424,terminal-handler-sim,terminal-handler-pod-0,container-main,payments,staging,,
2026-03-28T23:58:00+00:00,jvm_memory_used_bytes,gauge,300000888,terminal-handler-sim,terminal-handler-pod-0,container-main,payments,staging,,
2026-03-28T23:58:00+00:00,jvm_gc_pause_seconds_sum,gauge,0.09143175236316038,terminal-handler-sim,terminal-handler-pod-0,container-main,payments,staging,,
2026-03-28T23:58:00+00:00,process_cpu_usage,gauge,0.19290903974545898,terminal-handler-sim,terminal-handler-pod-0,container-main,payments,staging,,
2026-03-28T23:59:00+00:00,jvm_memory_used_bytes,gauge,300000783,terminal-handler-sim,terminal-handler-pod-0,container-main,payments,staging,,
2026-03-28T23:59:00+00:00,jvm_gc_pause_seconds_sum,gauge,0.10171802212571777,terminal-handler-sim,terminal-handler-pod-0,container-main,payments,staging,,
2026-03-28T23:59:00+00:00,process_cpu_usage,gauge,0.1999118224932475,terminal-handler-sim,terminal-handler-pod-0,container-main,payments,staging,,
2026-03-29T00:00:00+00:00,jvm_memory_used_bytes,gauge,300000520,terminal-handler-sim,terminal-handler-pod-0,container-main,payments,staging,,
2026-03-29T00:00:00+00:00,jvm_gc_pause_seconds_sum,gauge,0.09263069961326995,terminal-handler-sim,terminal-handler-pod-0,container-main,payments,staging,,
2026-03-29T00:00:00+00:00,process_cpu_usage,gauge,0.19420346511556358,terminal-handler-sim,terminal-handler-pod-0,container-main,payments,staging,,
2026-03-29T00:01:00+00:00,jvm_memory_used_bytes,gauge,299999653,terminal-handler-sim,terminal-handler-pod-0,container-main,payments,staging,,
2026-03-29T00:01:00+00:00,jvm_gc_pause_seconds_sum,gauge,0.1014878091335013,terminal-handler-sim,terminal-handler-pod-0,container-main,payments,staging,,
2026-03-29T00:01:00+00:00,process_cpu_usage,gauge,0.2061376151932108,terminal-handler-sim,terminal-handler-pod-0,container-main,payments,staging,,
2026-03-29T00:02:00+00:00,jvm_memory_used_bytes,gauge,300000243,terminal-handler-sim,terminal-handler-pod-0,container-main,payments,staging,,
2026-03-29T00:02:00+00:00,jvm_gc_pause_seconds_sum,gauge,0.09514462929673821,terminal-handler-sim,terminal-handler-pod-0,container-main,payments,staging,,
2026-03-29T00:02:00+00:00,process_cpu_usage,gauge,0.19998098684421597,terminal-handler-sim,terminal-handler-pod-0,container-main,payments,staging,,
2026-03-29T00:03:00+00:00,jvm_memory_used_bytes,gauge,299999641,terminal-handler-sim,terminal-handler-pod-0,container-main,payments,staging,,
2026-03-29T00:03:00+00:00,jvm_gc_pause_seconds_sum,gauge,0.10062879161899839,terminal-handler-sim,terminal-handler-pod-0,container-main,payments,staging,,
2026-03-29T00:03:00+00:00,process_cpu_usage,gauge,0.1905742672986194,terminal-handler-sim,terminal-handler-pod-0,container-main,payments,staging,,
2026-03-29T00:04:00+00:00,jvm_memory_used_bytes,gauge,300000665,terminal-handler-sim,terminal-handler-pod-0,container-main,payments,staging,,
2026-03-29T00:04:00+00:00,jvm_gc_pause_seconds_sum,gauge,0.09029011272369078,terminal-handler-sim,terminal-handler-pod-0,container-main,payments,staging,,
2026-03-29T00:04:00+00:00,process_cpu_usage,gauge,0.20532089131420203,terminal-handler-sim,terminal-handler-pod-0,container-main,payments,staging,,
2026-03-29T00:05:00+00:00,jvm_memory_used_bytes,gauge,299999182,terminal-handler-sim,terminal-handler-pod-0,container-main,payments,staging,,
2026-03-29T00:05:00+00:00,jvm_gc_pause_seconds_sum,gauge,0.10361147363097778,terminal-handler-sim,terminal-handler-pod-0,container-main,payments,staging,,
2026-03-29T00:05:00+00:00,process_cpu_usage,gauge,0.19508903380631049,terminal-handler-sim,terminal-handler-pod-0,container-main,payments,staging,,
2026-03-29T00:06:00+00:00,jvm_memory_used_bytes,gauge,300000399,terminal-handler-sim,terminal-handler-pod-0,container-main,payments,staging,,
2026-03-29T00:06:00+00:00,jvm_gc_pause_seconds_sum,gauge,0.1034328420182962,terminal-handler-sim,terminal-handler-pod-0,container-main,payments,staging,,
2026-03-29T00:06:00+00:00,process_cpu_usage,gauge,0.1952211862821246,terminal-handler-sim,terminal-handler-pod-0,container-main,payments,staging,,
2026-03-29T00:07:00+00:00,jvm_memory_used_bytes,gauge,299999191,terminal-handler-sim,terminal-handler-pod-0,container-main,payments,staging,,
2026-03-29T00:07:00+00:00,jvm_gc_pause_seconds_sum,gauge,0.104181872879766,terminal-handler-sim,terminal-handler-pod-0,container-main,payments,staging,,
2026-03-29T00:07:00+00:00,process_cpu_usage,gauge,0.20329250823265768,terminal-handler-sim,terminal-handler-pod-0,container-main,payments,staging,,
2026-03-29T00:08:00+00:00,jvm_memory_used_bytes,gauge,300000390,terminal-handler-sim,terminal-handler-pod-0,container-main,payments,staging,,
2026-03-29T00:08:00+00:00,jvm_gc_pause_seconds_sum,gauge,0.10903126917143836,terminal-handler-sim,terminal-handler-pod-0,container-main,payments,staging,,
2026-03-29T00:08:00+00:00,process_cpu_usage,gauge,0.20280237091722422,terminal-handler-sim,terminal-handler-pod-0,container-main,payments,staging,,
2026-03-29T00:09:00+00:00,jvm_memory_used_bytes,gauge,300000372,terminal-handler-sim,terminal-handler-pod-0,container-main,payments,staging,,
2026-03-29T00:09:00+00:00,jvm_gc_pause_seconds_sum,gauge,0.09780881369542467,terminal-handler-sim,terminal-handler-pod-0,container-main,payments,staging,,
2026-03-29T00:09:00+00:00,process_cpu_usage,gauge,0.20156386842587387,terminal-handler-sim,terminal-handler-pod-0,container-main,payments,staging,,
2026-03-29T00:10:00+00:00,jvm_memory_used_bytes,gauge,300000678,terminal-handler-sim,terminal-handler-pod-0,container-main,payments,staging,,
2026-03-29T00:10:00+00:00,jvm_gc_pause_seconds_sum,gauge,0.09379472491955203,terminal-handler-sim,terminal-handler-pod-0,container-main,payments,staging,,
2026-03-29T00:10:00+00:00,process_cpu_usage,gauge,0.19882458271140424,terminal-handler-sim,terminal-handler-pod-0,container-main,payments,staging,,
2026-03-29T00:11:00+00:00,jvm_memory_used_bytes,gauge,299999032,terminal-handler-sim,terminal-handler-pod-0,container-main,payments,staging,,
2026-03-29T00:11:00+00:00,jvm_gc_pause_seconds_sum,gauge,0.09719372169887432,terminal-handler-sim,terminal-handler-pod-0,container-main,payments,staging,,
2026-03-29T00:11:00+00:00,process_cpu_usage,gauge,0.199990020346137,terminal-handler-sim,terminal-handler-pod-0,container-main,payments,staging,,
2026-03-29T00:12:00+00:00,jvm_memory_used_bytes,gauge,299999395,terminal-handler-sim,terminal-handler-pod-0,container-main,payments,staging,,
2026-03-29T00:12:00+00:00,jvm_gc_pause_seconds_sum,gauge,0.0975046657628065,terminal-handler-sim,terminal-handler-pod-0,container-main,payments,staging,,
2026-03-29T00:12:00+00:00,process_cpu_usage,gauge,0.19924956734790414,terminal-handler-sim,terminal-handler-pod-0,container-main,payments,staging,,
2026-03-29T00:13:00+00:00,jvm_memory_used_bytes,gauge,299999191,terminal-handler-sim,terminal-handler-pod-0,container-main,payments,staging,,
2026-03-29T00:13:00+00:00,jvm_gc_pause_seconds_sum,gauge,0.10902162567890797,terminal-handler-sim,terminal-handler-pod-0,container-main,payments,staging,,
2026-03-29T00:13:00+00:00,process_cpu_usage,gauge,0.19793502453299275,terminal-handler-sim,terminal-handler-pod-0,container-main,payments,staging,,
2026-03-29T00:14:00+00:00,jvm_memory_used_bytes,gauge,300000507,terminal-handler-sim,terminal-handler-pod-0,container-main,payments,staging,,
2026-03-29T00:14:00+00:00,jvm_gc_pause_seconds_sum,gauge,0.0924325523591113,terminal-handler-sim,terminal-handler-pod-0,container-main,payments,staging,,
2026-03-29T00:14:00+00:00,process_cpu_usage,gauge,0.20934222539774408,terminal-handler-sim,terminal-handler-pod-0,container-main,payments,staging,,
2026-03-29T00:15:00+00:00,jvm_memory_used_bytes,gauge,300000480,terminal-handler-sim,terminal-handler-pod-0,container-main,payments,staging,,
2026-03-29T00:15:00+00:00,jvm_gc_pause_seconds_sum,gauge,0.10335117991741855,terminal-handler-sim,terminal-handler-pod-0,container-main,payments,staging,,
2026-03-29T00:15:00+00:00,process_cpu_usage,gauge,0.19307614116757493,terminal-handler-sim,terminal-handler-pod-0,container-main,payments,staging,,
2026-03-29T00:16:00+00:00,jvm_memory_used_bytes,gauge,300000624,terminal-handler-sim,terminal-handler-pod-0,container-main,payments,staging,,
2026-03-29T00:16:00+00:00,jvm_gc_pause_seconds_sum,gauge,0.10676353404304645,terminal-handler-sim,terminal-handler-pod-0,container-main,payments,staging,,
2026-03-29T00:16:00+00:00,process_cpu_usage,gauge,0.2051734625459449,terminal-handler-sim,terminal-handler-pod-0,container-main,payments,staging,,
2026-03-29T00:17:00+00:00,jvm_memory_used_bytes,gauge,299999498,terminal-handler-sim,terminal-handler-pod-0,container-main,payments,staging,,
2026-03-29T00:17:00+00:00,jvm_gc_pause_seconds_sum,gauge,0.09548648538197198,terminal-handler-sim,terminal-handler-pod-0,container-main,payments,staging,,
2026-03-29T00:17:00+00:00,process_cpu_usage,gauge,0.19114191157645116,terminal-handler-sim,terminal-handler-pod-0,container-main,payments,staging,,
2026-03-29T00:18:00+00:00,jvm_memory_used_bytes,gauge,300000445,terminal-handler-sim,terminal-handler-pod-0,container-main,payments,staging,,
2026-03-29T00:18:00+00:00,jvm_gc_pause_seconds_sum,gauge,0.10302091050365919,terminal-handler-sim,terminal-handler-pod-0,container-main,payments,staging,,
2026-03-29T00:18:00+00:00,process_cpu_usage,gauge,0.19100362563624687,terminal-handler-sim,terminal-handler-pod-0,container-main,payments,staging,,
2026-03-29T00:19:00+00:00,jvm_memory_used_bytes,gauge,300000806,terminal-handler-sim,terminal-handler-pod-0,container-main,payments,staging,,
2026-03-29T00:19:00+00:00,jvm_gc_pause_seconds_sum,gauge,0.09500324468317908,terminal-handler-sim,terminal-handler-pod-0,container-main,payments,staging,,
2026-03-29T00:19:00+00:00,process_cpu_usage,gauge,0.19971958070564713,terminal-handler-sim,terminal-handler-pod-0,container-main,payments,staging,,
2026-03-29T00:20:00+00:00,jvm_memory_used_bytes,gauge,299999681,terminal-handler-sim,terminal-handler-pod-0,container-main,payments,staging,,
2026-03-29T00:20:00+00:00,jvm_gc_pause_seconds_sum,gauge,0.09487193924700277,terminal-handler-sim,terminal-handler-pod-0,container-main,payments,staging,,
2026-03-29T00:20:00+00:00,process_cpu_usage,gauge,0.19544718795978475,terminal-handler-sim,terminal-handler-pod-0,container-main,payments,staging,,
2026-03-29T00:21:00+00:00,jvm_memory_used_bytes,gauge,300000914,terminal-handler-sim,terminal-handler-pod-0,container-main,payments,staging,,
2026-03-29T00:21:00+00:00,jvm_gc_pause_seconds_sum,gauge,0.10631497941223073,terminal-handler-sim,terminal-handler-pod-0,container-main,payments,staging,,
2026-03-29T00:21:00+00:00,process_cpu_usage,gauge,0.1915097263218301,terminal-handler-sim,terminal-handler-pod-0,container-main,payments,staging,,
2026-03-29T00:22:00+00:00,jvm_memory_used_bytes,gauge,300000267,terminal-handler-sim,terminal-handler-pod-0,container-main,payments,staging,,
2026-03-29T00:22:00+00:00,jvm_gc_pause_seconds_sum,gauge,0.10120632391910625,terminal-handler-sim,terminal-handler-pod-0,container-main,payments,staging,,
2026-03-29T00:22:00+00:00,process_cpu_usage,gauge,0.19184344391689426,terminal-handler-sim,terminal-handler-pod-0,container-main,payments,staging,,
2026-03-29T00:23:00+00:00,jvm_memory_used_bytes,gauge,299999547,terminal-handler-sim,terminal-handler-pod-0,container-main,payments,staging,,
2026-03-29T00:23:00+00:00,jvm_gc_pause_seconds_sum,gauge,0.09029060489293908,terminal-handler-sim,terminal-handler-pod-0,container-main,payments,staging,,
2026-03-29T00:23:00+00:00,process_cpu_usage,gauge,0.19071406580544942,terminal-handler-sim,terminal-handler-pod-0,container-main,payments,staging,,
2026-03-29T00:24:00+00:00,jvm_memory_used_bytes,gauge,300000899,terminal-handler-sim,terminal-handler-pod-0,container-main,payments,staging,,
2026-03-29T00:24:00+00:00,jvm_gc_pause_seconds_sum,gauge,0.1005538666331809,terminal-handler-sim,terminal-handler-pod-0,container-main,payments,staging,,
2026-03-29T00:24:00+00:00,process_cpu_usage,gauge,0.19628266986392892,terminal-handler-sim,terminal-handler-pod-0,container-main,payments,staging,,
2026-03-29T00:25:00+00:00,jvm_memory_used_bytes,gauge,299999393,terminal-handler-sim,terminal-handler-pod-0,container-main,payments,staging,,
2026-03-29T00:25:00+00:00,jvm_gc_pause_seconds_sum,gauge,0.10584923306287847,terminal-handler-sim,terminal-handler-pod-0,container-main,payments,staging,,
2026-03-29T00:25:00+00:00,process_cpu_usage,gauge,0.20032505446546797,terminal-handler-sim,terminal-handler-pod-0,container-main,payments,staging,,
2026-03-29T00:26:00+00:00,jvm_memory_used_bytes,gauge,299999830,terminal-handler-sim,terminal-handler-pod-0,container-main,payments,staging,,
2026-03-29T00:26:00+00:00,jvm_gc_pause_seconds_sum,gauge,0.09166549440523786,terminal-handler-sim,terminal-handler-pod-0,container-main,payments,staging,,
2026-03-29T00:26:00+00:00,process_cpu_usage,gauge,0.20002878114336883,terminal-handler-sim,terminal-handler-pod-0,container-main,payments,staging,,
2026-03-29T00:27:00+00:00,jvm_memory_used_bytes,gauge,299999405,terminal-handler-sim,terminal-handler-pod-0,container-main,payments,staging,,
2026-03-29T00:27:00+00:00,jvm_gc_pause_seconds_sum,gauge,0.10084552152837259,terminal-handler-sim,terminal-handler-pod-0,container-main,payments,staging,,
2026-03-29T00:27:00+00:00,process_cpu_usage,gauge,0.1912536979219136,terminal-handler-sim,terminal-handler-pod-0,container-main,payments,staging,,
2026-03-29T00:28:00+00:00,jvm_memory_used_bytes,gauge,299999432,terminal-handler-sim,terminal-handler-pod-0,container-main,payments,staging,,
2026-03-29T00:28:00+00:00,jvm_gc_pause_seconds_sum,gauge,0.09224739293322884,terminal-handler-sim,terminal-handler-pod-0,container-main,payments,staging,,
2026-03-29T00:28:00+00:00,process_cpu_usage,gauge,0.1971755962182022,terminal-handler-sim,terminal-handler-pod-0,container-main,payments,staging,,
2026-03-29T00:29:00+00:00,jvm_memory_used_bytes,gauge,299999726,terminal-handler-sim,terminal-handler-pod-0,container-main,payments,staging,,
2026-03-29T00:29:00+00:00,jvm_gc_pause_seconds_sum,gauge,0.1023953596592446,terminal-handler-sim,terminal-handler-pod-0,container-main,payments,staging,,
2026-03-29T00:29:00+00:00,process_cpu_usage,gauge,0.19721897774116104,terminal-handler-sim,terminal-handler-pod-0,container-main,payments,staging,,
2026-03-29T00:30:00+00:00,jvm_memory_used_bytes,gauge,299999371,terminal-handler-sim,terminal-handler-pod-0,container-main,payments,staging,,
2026-03-29T00:30:00+00:00,jvm_gc_pause_seconds_sum,gauge,0.09619029240630968,terminal-handler-sim,terminal-handler-pod-0,container-main,payments,staging,,
2026-03-29T00:30:00+00:00,process_cpu_usage,gauge,0.19407243052273684,terminal-handler-sim,terminal-handler-pod-0,container-main,payments,staging,,
2026-03-29T00:31:00+00:00,jvm_memory_used_bytes,gauge,299999079,terminal-handler-sim,terminal-handler-pod-0,container-main,payments,staging,,
2026-03-29T00:31:00+00:00,jvm_gc_pause_seconds_sum,gauge,0.10225494497657074,terminal-handler-sim,terminal-handler-pod-0,container-main,payments,staging,,
2026-03-29T00:31:00+00:00,process_cpu_usage,gauge,0.19869975928377578,terminal-handler-sim,terminal-handler-pod-0,container-main,payments,staging,,
2026-03-29T00:32:00+00:00,jvm_memory_used_bytes,gauge,299999293,terminal-handler-sim,terminal-handler-pod-0,container-main,payments,staging,,
2026-03-29T00:32:00+00:00,jvm_gc_pause_seconds_sum,gauge,0.10117463516272357,terminal-handler-sim,terminal-handler-pod-0,container-main,payments,staging,,
2026-03-29T00:32:00+00:00,process_cpu_usage,gauge,0.19324978017156857,terminal-handler-sim,terminal-handler-pod-0,container-main,payments,staging,,
2026-03-29T00:33:00+00:00,jvm_memory_used_bytes,gauge,299999522,terminal-handler-sim,terminal-handler-pod-0,container-main,payments,staging,,
2026-03-29T00:33:00+00:00,jvm_gc_pause_seconds_sum,gauge,0.09260187724783407,terminal-handler-sim,terminal-handler-pod-0,container-main,payments,staging,,
2026-03-29T00:33:00+00:00,process_cpu_usage,gauge,0.1914045412809987,terminal-handler-sim,terminal-handler-pod-0,container-main,payments,staging,,
2026-03-29T00:34:00+00:00,jvm_memory_used_bytes,gauge,299999188,terminal-handler-sim,terminal-handler-pod-0,container-main,payments,staging,,
2026-03-29T00:34:00+00:00,jvm_gc_pause_seconds_sum,gauge,0.10321372613233844,terminal-handler-sim,terminal-handler-pod-0,container-main,payments,staging,,
2026-03-29T00:34:00+00:00,process_cpu_usage,gauge,0.19283952903625867,terminal-handler-sim,terminal-handler-pod-0,container-main,payments,staging,,
2026-03-29T00:35:00+00:00,jvm_memory_used_bytes,gauge,300000550,terminal-handler-sim,terminal-handler-pod-0,container-main,payments,staging,,
2026-03-29T00:35:00+00:00,jvm_gc_pause_seconds_sum,gauge,0.09441471259042808,terminal-handler-sim,terminal-handler-pod-0,container-main,payments,staging,,
2026-03-29T00:35:00+00:00,process_cpu_usage,gauge,0.20236769071337798,terminal-handler-sim,terminal-handler-pod-0,container-main,payments,staging,,
2026-03-29T00:36:00+00:00,jvm_memory_used_bytes,gauge,299999853,terminal-handler-sim,terminal-handler-pod-0,container-main,payments,staging,,
2026-03-29T00:36:00+00:00,jvm_gc_pause_seconds_sum,gauge,0.10927447220288618,terminal-handler-sim,terminal-handler-pod-0,container-main,payments,staging,,
2026-03-29T00:36:00+00:00,process_cpu_usage,gauge,0.20767249818627104,terminal-handler-sim,terminal-handler-pod-0,container-main,payments,staging,,
2026-03-29T00:37:00+00:00,jvm_memory_used_bytes,gauge,299999100,terminal-handler-sim,terminal-handler-pod-0,container-main,payments,staging,,
2026-03-29T00:37:00+00:00,jvm_gc_pause_seconds_sum,gauge,0.09349427236136472,terminal-handler-sim,terminal-handler-pod-0,container-main,payments,staging,,
2026-03-29T00:37:00+00:00,process_cpu_usage,gauge,0.2096033798549848,terminal-handler-sim,terminal-handler-pod-0,container-main,payments,staging,,
2026-03-29T00:38:00+00:00,jvm_memory_used_bytes,gauge,300000329,terminal-handler-sim,terminal-handler-pod-0,container-main,payments,staging,,
2026-03-29T00:38:00+00:00,jvm_gc_pause_seconds_sum,gauge,0.10837620158027211,terminal-handler-sim,terminal-handler-pod-0,container-main,payments,staging,,
2026-03-29T00:38:00+00:00,process_cpu_usage,gauge,0.2013590574358605,terminal-handler-sim,terminal-handler-pod-0,container-main,payments,staging,,
2026-03-29T00:39:00+00:00,jvm_memory_used_bytes,gauge,299999238,terminal-handler-sim,terminal-handler-pod-0,container-main,payments,staging,,
2026-03-29T00:39:00+00:00,jvm_gc_pause_seconds_sum,gauge,0.0957276666867381,terminal-handler-sim,terminal-handler-pod-0,container-main,payments,staging,,
2026-03-29T00:39:00+00:00,process_cpu_usage,gauge,0.20565862964430826,terminal-handler-sim,terminal-handler-pod-0,container-main,payments,staging,,
2026-03-29T00:40:00+00:00,jvm_memory_used_bytes,gauge,299999435,terminal-handler-sim,terminal-handler-pod-0,container-main,payments,staging,,
2026-03-29T00:40:00+00:00,jvm_gc_pause_seconds_sum,gauge,0.09006661771477718,terminal-handler-sim,terminal-handler-pod-0,container-main,payments,staging,,
2026-03-29T00:40:00+00:00,process_cpu_usage,gauge,0.20241346878130176,terminal-handler-sim,terminal-handler-pod-0,container-main,payments,staging,,
2026-03-29T00:41:00+00:00,jvm_memory_used_bytes,gauge,300000675,terminal-handler-sim,terminal-handler-pod-0,container-main,payments,staging,,
2026-03-29T00:41:00+00:00,jvm_gc_pause_seconds_sum,gauge,0.09963563650376216,terminal-handler-sim,terminal-handler-pod-0,container-main,payments,staging,,
2026-03-29T00:41:00+00:00,process_cpu_usage,gauge,0.19616181979330155,terminal-handler-sim,terminal-handler-pod-0,container-main,payments,staging,,
2026-03-29T00:42:00+00:00,jvm_memory_used_bytes,gauge,299999027,terminal-handler-sim,terminal-handler-pod-0,container-main,payments,staging,,
2026-03-29T00:42:00+00:00,jvm_gc_pause_seconds_sum,gauge,0.09344475628896587,terminal-handler-sim,terminal-handler-pod-0,container-main,payments,staging,,
2026-03-29T00:42:00+00:00,process_cpu_usage,gauge,0.20952544652139882,terminal-handler-sim,terminal-handler-pod-0,container-main,payments,staging,,
2026-03-29T00:43:00+00:00,jvm_memory_used_bytes,gauge,299999892,terminal-handler-sim,terminal-handler-pod-0,container-main,payments,staging,,
2026-03-29T00:43:00+00:00,jvm_gc_pause_seconds_sum,gauge,0.10307260516783605,terminal-handler-sim,terminal-handler-pod-0,container-main,payments,staging,,
2026-03-29T00:43:00+00:00,process_cpu_usage,gauge,0.1992135687267378,terminal-handler-sim,terminal-handler-pod-0,container-main,payments,staging,,
2026-03-29T00:44:00+00:00,jvm_memory_used_bytes,gauge,300000398,terminal-handler-sim,terminal-handler-pod-0,container-main,payments,staging,,
2026-03-29T00:44:00+00:00,jvm_gc_pause_seconds_sum,gauge,0.09314538329483375,terminal-handler-sim,terminal-handler-pod-0,container-main,payments,staging,,
2026-03-29T00:44:00+00:00,process_cpu_usage,gauge,0.1922096028375553,terminal-handler-sim,terminal-handler-pod-0,container-main,payments,staging,,
2026-03-29T00:45:00+00:00,jvm_memory_used_bytes,gauge,299999907,terminal-handler-sim,terminal-handler-pod-0,container-main,payments,staging,,
2026-03-29T00:45:00+00:00,jvm_gc_pause_seconds_sum,gauge,0.10736212604691737,terminal-handler-sim,terminal-handler-pod-0,container-main,payments,staging,,
2026-03-29T00:45:00+00:00,process_cpu_usage,gauge,0.19525283683757003,terminal-handler-sim,terminal-handler-pod-0,container-main,payments,staging,,
2026-03-29T00:46:00+00:00,jvm_memory_used_bytes,gauge,299999686,terminal-handler-sim,terminal-handler-pod-0,container-main,payments,staging,,
2026-03-29T00:46:00+00:00,jvm_gc_pause_seconds_sum,gauge,0.10467174848692631,terminal-handler-sim,terminal-handler-pod-0,container-main,payments,staging,,
2026-03-29T00:46:00+00:00,process_cpu_usage,gauge,0.20733501564596685,terminal-handler-sim,terminal-handler-pod-0,container-main,payments,staging,,
2026-03-29T00:47:00+00:00,jvm_memory_used_bytes,gauge,300000967,terminal-handler-sim,terminal-handler-pod-0,container-main,payments,staging,,
2026-03-29T00:47:00+00:00,jvm_gc_pause_seconds_sum,gauge,0.10786774043575173,terminal-handler-sim,terminal-handler-pod-0,container-main,payments,staging,,
2026-03-29T00:47:00+00:00,process_cpu_usage,gauge,0.2024385852512671,terminal-handler-sim,terminal-handler-pod-0,container-main,payments,staging,,
2026-03-29T00:48:00+00:00,jvm_memory_used_bytes,gauge,300000065,terminal-handler-sim,terminal-handler-pod-0,container-main,payments,staging,,
2026-03-29T00:48:00+00:00,jvm_gc_pause_seconds_sum,gauge,0.0986194090039262,terminal-handler-sim,terminal-handler-pod-0,container-main,payments,staging,,
2026-03-29T00:48:00+00:00,process_cpu_usage,gauge,0.20244772173050543,terminal-handler-sim,terminal-handler-pod-0,container-main,payments,staging,,
2026-03-29T00:49:00+00:00,jvm_memory_used_bytes,gauge,299999230,terminal-handler-sim,terminal-handler-pod-0,container-main,payments,staging,,
2026-03-29T00:49:00+00:00,jvm_gc_pause_seconds_sum,gauge,0.10511738320628301,terminal-handler-sim,terminal-handler-pod-0,container-main,payments,staging,,
2026-03-29T00:49:00+00:00,process_cpu_usage,gauge,0.20654044167328756,terminal-handler-sim,terminal-handler-pod-0,container-main,payments,staging,,
2026-03-29T00:50:00+00:00,jvm_memory_used_bytes,gauge,299999850,terminal-handler-sim,terminal-handler-pod-0,container-main,payments,staging,,
2026-03-29T00:50:00+00:00,jvm_gc_pause_seconds_sum,gauge,0.09279598910611156,terminal-handler-sim,terminal-handler-pod-0,container-main,payments,staging,,
2026-03-29T00:50:00+00:00,process_cpu_usage,gauge,0.19259221867686457,terminal-handler-sim,terminal-handler-pod-0,container-main,payments,staging,,
2026-03-29T00:51:00+00:00,jvm_memory_used_bytes,gauge,300000950,terminal-handler-sim,terminal-handler-pod-0,container-main,payments,staging,,
2026-03-29T00:51:00+00:00,jvm_gc_pause_seconds_sum,gauge,0.10636234434227092,terminal-handler-sim,terminal-handler-pod-0,container-main,payments,staging,,
2026-03-29T00:51:00+00:00,process_cpu_usage,gauge,0.2098886584988551,terminal-handler-sim,terminal-handler-pod-0,container-main,payments,staging,,
2026-03-29T00:52:00+00:00,jvm_memory_used_bytes,gauge,300000604,terminal-handler-sim,terminal-handler-pod-0,container-main,payments,staging,,
2026-03-29T00:52:00+00:00,jvm_gc_pause_seconds_sum,gauge,0.10724619366047602,terminal-handler-sim,terminal-handler-pod-0,container-main,payments,staging,,
2026-03-29T00:52:00+00:00,process_cpu_usage,gauge,0.19580919601019264,terminal-handler-sim,terminal-handler-pod-0,container-main,payments,staging,,
2026-03-29T00:53:00+00:00,jvm_memory_used_bytes,gauge,299999860,terminal-handler-sim,terminal-handler-pod-0,container-main,payments,staging,,
2026-03-29T00:53:00+00:00,jvm_gc_pause_seconds_sum,gauge,0.09611072249036663,terminal-handler-sim,terminal-handler-pod-0,container-main,payments,staging,,
2026-03-29T00:53:00+00:00,process_cpu_usage,gauge,0.20262748421565113,terminal-handler-sim,terminal-handler-pod-0,container-main,payments,staging,,
2026-03-29T00:54:00+00:00,jvm_memory_used_bytes,gauge,300000915,terminal-handler-sim,terminal-handler-pod-0,container-main,payments,staging,,
2026-03-29T00:54:00+00:00,jvm_gc_pause_seconds_sum,gauge,0.10335963243040837,terminal-handler-sim,terminal-handler-pod-0,container-main,payments,staging,,
2026-03-29T00:54:00+00:00,process_cpu_usage,gauge,0.20479802538654737,terminal-handler-sim,terminal-handler-pod-0,container-main,payments,staging,,
2026-03-29T00:55:00+00:00,jvm_memory_used_bytes,gauge,300000973,terminal-handler-sim,terminal-handler-pod-0,container-main,payments,staging,,
2026-03-29T00:55:00+00:00,jvm_gc_pause_seconds_sum,gauge,0.09033765635870902,terminal-handler-sim,terminal-handler-pod-0,container-main,payments,staging,,
2026-03-29T00:55:00+00:00,process_cpu_usage,gauge,0.20597182716885218,terminal-handler-sim,terminal-handler-pod-0,container-main,payments,staging,,
2026-03-29T00:56:00+00:00,jvm_memory_used_bytes,gauge,300000641,terminal-handler-sim,terminal-handler-pod-0,container-main,payments,staging,,
2026-03-29T00:56:00+00:00,jvm_gc_pause_seconds_sum,gauge,0.10606163875078545,terminal-handler-sim,terminal-handler-pod-0,container-main,payments,staging,,
2026-03-29T00:56:00+00:00,process_cpu_usage,gauge,0.20468749414140852,terminal-handler-sim,terminal-handler-pod-0,container-main,payments,staging,,
2026-03-29T00:57:00+00:00,jvm_memory_used_bytes,gauge,300000361,terminal-handler-sim,terminal-handler-pod-0,container-main,payments,staging,,
2026-03-29T00:57:00+00:00,jvm_gc_pause_seconds_sum,gauge,0.10418637838185764,terminal-handler-sim,terminal-handler-pod-0,container-main,payments,staging,,
2026-03-29T00:57:00+00:00,process_cpu_usage,gauge,0.20155336293415838,terminal-handler-sim,terminal-handler-pod-0,container-main,payments,staging,,
2026-03-29T00:58:00+00:00,jvm_memory_used_bytes,gauge,300000722,terminal-handler-sim,terminal-handler-pod-0,container-main,payments,staging,,
2026-03-29T00:58:00+00:00,jvm_gc_pause_seconds_sum,gauge,0.10421194324326077,terminal-handler-sim,terminal-handler-pod-0,container-main,payments,staging,,
2026-03-29T00:58:00+00:00,process_cpu_usage,gauge,0.20411641192797697,terminal-handler-sim,terminal-handler-pod-0,container-main,payments,staging,,
2026-03-29T00:59:00+00:00,jvm_memory_used_bytes,gauge,300000282,terminal-handler-sim,terminal-handler-pod-0,container-main,payments,staging,,
2026-03-29T00:59:00+00:00,jvm_gc_pause_seconds_sum,gauge,0.10306764724926029,terminal-handler-sim,terminal-handler-pod-0,container-main,payments,staging,,
2026-03-29T00:59:00+00:00,process_cpu_usage,gauge,0.2081284852142932,terminal-handler-sim,terminal-handler-pod-0,container-main,payments,staging,,
2026-03-29T01:00:00+00:00,jvm_memory_used_bytes,gauge,299999850,terminal-handler-sim,terminal-handler-pod-0,container-main,payments,staging,,
2026-03-29T01:00:00+00:00,jvm_gc_pause_seconds_sum,gauge,0.09222357784165448,terminal-handler-sim,terminal-handler-pod-0,container-main,payments,staging,,
2026-03-29T01:00:00+00:00,process_cpu_usage,gauge,0.20636085224587258,terminal-handler-sim,terminal-handler-pod-0,container-main,payments,staging,,
2026-03-29T01:01:00+00:00,jvm_memory_used_bytes,gauge,300000804,terminal-handler-sim,terminal-handler-pod-0,container-main,payments,staging,,
2026-03-29T01:01:00+00:00,jvm_gc_pause_seconds_sum,gauge,0.09514654451324718,terminal-handler-sim,terminal-handler-pod-0,container-main,payments,staging,,
2026-03-29T01:01:00+00:00,process_cpu_usage,gauge,0.20502863663679116,terminal-handler-sim,terminal-handler-pod-0,container-main,payments,staging,,
2026-03-29T01:02:00+00:00,jvm_memory_used_bytes,gauge,300000184,terminal-handler-sim,terminal-handler-pod-0,container-main,payments,staging,,
2026-03-29T01:02:00+00:00,jvm_gc_pause_seconds_sum,gauge,0.09992903216128199,terminal-handler-sim,terminal-handler-pod-0,container-main,payments,staging,,
2026-03-29T01:02:00+00:00,process_cpu_usage,gauge,0.1995748142760294,terminal-handler-sim,terminal-handler-pod-0,container-main,payments,staging,,
2026-03-29T01:03:00+00:00,jvm_memory_used_bytes,gauge,299999416,terminal-handler-sim,terminal-handler-pod-0,container-main,payments,staging,,
2026-03-29T01:03:00+00:00,jvm_gc_pause_seconds_sum,gauge,0.1009931416089285,terminal-handler-sim,terminal-handler-pod-0,container-main,payments,staging,,
2026-03-29T01:03:00+00:00,process_cpu_usage,gauge,0.19317944433784776,terminal-handler-sim,terminal-handler-pod-0,container-main,payments,staging,,
2026-03-29T01:04:00+00:00,jvm_memory_used_bytes,gauge,300000350,terminal-handler-sim,terminal-handler-pod-0,container-main,payments,staging,,
2026-03-29T01:04:00+00:00,jvm_gc_pause_seconds_sum,gauge,0.09044926528877675,terminal-handler-sim,terminal-handler-pod-0,container-main,payments,staging,,
2026-03-29T01:04:00+00:00,process_cpu_usage,gauge,0.19628819007560927,terminal-handler-sim,terminal-handler-pod-0,container-main,payments,staging,,
2026-03-29T01:05:00+00:00,jvm_memory_used_bytes,gauge,300000086,terminal-handler-sim,terminal-handler-pod-0,container-main,payments,staging,,
2026-03-29T01:05:00+00:00,jvm_gc_pause_seconds_sum,gauge,0.09140579089916465,terminal-handler-sim,terminal-handler-pod-0,container-main,payments,staging,,
2026-03-29T01:05:00+00:00,process_cpu_usage,gauge,0.198420625849323,terminal-handler-sim,terminal-handler-pod-0,container-main,payments,staging,,
2026-03-29T01:06:00+00:00,jvm_memory_used_bytes,gauge,300000237,terminal-handler-sim,terminal-handler-pod-0,container-main,payments,staging,,
2026-03-29T01:06:00+00:00,jvm_gc_pause_seconds_sum,gauge,0.09681494553994095,terminal-handler-sim,terminal-handler-pod-0,container-main,payments,staging,,
2026-03-29T01:06:00+00:00,process_cpu_usage,gauge,0.20607343238486714,terminal-handler-sim,terminal-handler-pod-0,container-main,payments,staging,,
2026-03-29T01:07:00+00:00,jvm_memory_used_bytes,gauge,300000465,terminal-handler-sim,terminal-handler-pod-0,container-main,payments,staging,,
2026-03-29T01:07:00+00:00,jvm_gc_pause_seconds_sum,gauge,0.09974453394579288,terminal-handler-sim,terminal-handler-pod-0,container-main,payments,staging,,
2026-03-29T01:07:00+00:00,process_cpu_usage,gauge,0.19192618283927632,terminal-handler-sim,terminal-handler-pod-0,container-main,payments,staging,,
2026-03-29T01:08:00+00:00,jvm_memory_used_bytes,gauge,300000835,terminal-handler-sim,terminal-handler-pod-0,container-main,payments,staging,,
2026-03-29T01:08:00+00:00,jvm_gc_pause_seconds_sum,gauge,0.09683515888225051,terminal-handler-sim,terminal-handler-pod-0,container-main,payments,staging,,
2026-03-29T01:08:00+00:00,process_cpu_usage,gauge,0.20120738943472322,terminal-handler-sim,terminal-handler-pod-0,container-main,payments,staging,,
2026-03-29T01:09:00+00:00,jvm_memory_used_bytes,gauge,299999089,terminal-handler-sim,terminal-handler-pod-0,container-main,payments,staging,,
2026-03-29T01:09:00+00:00,jvm_gc_pause_seconds_sum,gauge,0.10308134297302607,terminal-handler-sim,terminal-handler-pod-0,container-main,payments,staging,,
2026-03-29T01:09:00+00:00,process_cpu_usage,gauge,0.19648110038850322,terminal-handler-sim,terminal-handler-pod-0,container-main,payments,staging,,
2026-03-29T01:10:00+00:00,jvm_memory_used_bytes,gauge,299999137,terminal-handler-sim,terminal-handler-pod-0,container-main,payments,staging,,
2026-03-29T01:10:00+00:00,jvm_gc_pause_seconds_sum,gauge,0.10050061206771917,terminal-handler-sim,terminal-handler-pod-0,container-main,payments,staging,,
2026-03-29T01:10:00+00:00,process_cpu_usage,gauge,0.20394958608449232,terminal-handler-sim,terminal-handler-pod-0,container-main,payments,staging,,
2026-03-29T01:11:00+00:00,jvm_memory_used_bytes,gauge,299999905,terminal-handler-sim,terminal-handler-pod-0,container-main,payments,staging,,
2026-03-29T01:11:00+00:00,jvm_gc_pause_seconds_sum,gauge,0.0917594762998315,terminal-handler-sim,terminal-handler-pod-0,container-main,payments,staging,,
2026-03-29T01:11:00+00:00,process_cpu_usage,gauge,0.20730260023092464,terminal-handler-sim,terminal-handler-pod-0,container-main,payments,staging,,
2026-03-29T01:12:00+00:00,jvm_memory_used_bytes,gauge,300000474,terminal-handler-sim,terminal-handler-pod-0,container-main,payments,staging,,
2026-03-29T01:12:00+00:00,jvm_gc_pause_seconds_sum,gauge,0.10357504990256915,terminal-handler-sim,terminal-handler-pod-0,container-main,payments,staging,,
2026-03-29T01:12:00+00:00,process_cpu_usage,gauge,0.1934985089176788,terminal-handler-sim,terminal-handler-pod-0,container-main,payments,staging,,
2026-03-29T01:13:00+00:00,jvm_memory_used_bytes,gauge,300000721,terminal-handler-sim,terminal-handler-pod-0,container-main,payments,staging,,
2026-03-29T01:13:00+00:00,jvm_gc_pause_seconds_sum,gauge,0.09342764180464855,terminal-handler-sim,terminal-handler-pod-0,container-main,payments,staging,,
2026-03-29T01:13:00+00:00,process_cpu_usage,gauge,0.19739305320862144,terminal-handler-sim,terminal-handler-pod-0,container-main,payments,staging,,
2026-03-29T01:14:00+00:00,jvm_memory_used_bytes,gauge,300000508,terminal-handler-sim,terminal-handler-pod-0,container-main,payments,staging,,
2026-03-29T01:14:00+00:00,jvm_gc_pause_seconds_sum,gauge,0.10959000522178552,terminal-handler-sim,terminal-handler-pod-0,container-main,payments,staging,,
2026-03-29T01:14:00+00:00,process_cpu_usage,gauge,0.19102827484621587,terminal-handler-sim,terminal-handler-pod-0,container-main,payments,staging,,
2026-03-29T01:15:00+00:00,jvm_memory_used_bytes,gauge,299999927,terminal-handler-sim,terminal-handler-pod-0,container-main,payments,staging,,
2026-03-29T01:15:00+00:00,jvm_gc_pause_seconds_sum,gauge,0.10643156047712964,terminal-handler-sim,terminal-handler-pod-0,container-main,payments,staging,,
2026-03-29T01:15:00+00:00,process_cpu_usage,gauge,0.20494790106989336,terminal-handler-sim,terminal-handler-pod-0,container-main,payments,staging,,
2026-03-29T01:16:00+00:00,jvm_memory_used_bytes,gauge,300000064,terminal-handler-sim,terminal-handler-pod-0,container-main,payments,staging,,
2026-03-29T01:16:00+00:00,jvm_gc_pause_seconds_sum,gauge,0.10460491114471462,terminal-handler-sim,terminal-handler-pod-0,container-main,payments,staging,,
2026-03-29T01:16:00+00:00,process_cpu_usage,gauge,0.20872989859838015,terminal-handler-sim,terminal-handler-pod-0,container-main,payments,staging,,
2026-03-29T01:17:00+00:00,jvm_memory_used_bytes,gauge,300000644,terminal-handler-sim,terminal-handler-pod-0,container-main,payments,staging,,
2026-03-29T01:17:00+00:00,jvm_gc_pause_seconds_sum,gauge,0.10995085796307898,terminal-handler-sim,terminal-handler-pod-0,container-main,payments,staging,,
2026-03-29T01:17:00+00:00,process_cpu_usage,gauge,0.19743556999722983,terminal-handler-sim,terminal-handler-pod-0,container-main,payments,staging,,
2026-03-29T01:18:00+00:00,jvm_memory_used_bytes,gauge,300000880,terminal-handler-sim,terminal-handler-pod-0,container-main,payments,staging,,
2026-03-29T01:18:00+00:00,jvm_gc_pause_seconds_sum,gauge,0.09880097718390507,terminal-handler-sim,terminal-handler-pod-0,container-main,payments,staging,,
2026-03-29T01:18:00+00:00,process_cpu_usage,gauge,0.2061787062163011,terminal-handler-sim,terminal-handler-pod-0,container-main,payments,staging,,
2026-03-29T01:19:00+00:00,jvm_memory_used_bytes,gauge,299999322,terminal-handler-sim,terminal-handler-pod-0,container-main,payments,staging,,
2026-03-29T01:19:00+00:00,jvm_gc_pause_seconds_sum,gauge,0.0934884651461449,terminal-handler-sim,terminal-handler-pod-0,container-main,payments,staging,,
2026-03-29T01:19:00+00:00,process_cpu_usage,gauge,0.2004452155751838,terminal-handler-sim,terminal-handler-pod-0,container-main,payments,staging,,
2026-03-29T01:20:00+00:00,jvm_memory_used_bytes,gauge,299999068,terminal-handler-sim,terminal-handler-pod-0,container-main,payments,staging,,
2026-03-29T01:20:00+00:00,jvm_gc_pause_seconds_sum,gauge,0.10136535819332185,terminal-handler-sim,terminal-handler-pod-0,container-main,payments,staging,,
2026-03-29T01:20:00+00:00,process_cpu_usage,gauge,0.19519571538405991,terminal-handler-sim,terminal-handler-pod-0,container-main,payments,staging,,
2026-03-29T01:21:00+00:00,jvm_memory_used_bytes,gauge,300000355,terminal-handler-sim,terminal-handler-pod-0,container-main,payments,staging,,
2026-03-29T01:21:00+00:00,jvm_gc_pause_seconds_sum,gauge,0.09581489089160496,terminal-handler-sim,terminal-handler-pod-0,container-main,payments,staging,,
2026-03-29T01:21:00+00:00,process_cpu_usage,gauge,0.1923875185933513,terminal-handler-sim,terminal-handler-pod-0,container-main,payments,staging,,
2026-03-29T01:22:00+00:00,jvm_memory_used_bytes,gauge,299999458,terminal-handler-sim,terminal-handler-pod-0,container-main,payments,staging,,
2026-03-29T01:22:00+00:00,jvm_gc_pause_seconds_sum,gauge,0.09573905681639733,terminal-handler-sim,terminal-handler-pod-0,container-main,payments,staging,,
2026-03-29T01:22:00+00:00,process_cpu_usage,gauge,0.20190651734438972,terminal-handler-sim,terminal-handler-pod-0,container-main,payments,staging,,
2026-03-29T01:23:00+00:00,jvm_memory_used_bytes,gauge,300000784,terminal-handler-sim,terminal-handler-pod-0,container-main,payments,staging,,
2026-03-29T01:23:00+00:00,jvm_gc_pause_seconds_sum,gauge,0.09394775911625741,terminal-handler-sim,terminal-handler-pod-0,container-main,payments,staging,,
2026-03-29T01:23:00+00:00,process_cpu_usage,gauge,0.20622289799767896,terminal-handler-sim,terminal-handler-pod-0,container-main,payments,staging,,
2026-03-29T01:24:00+00:00,jvm_memory_used_bytes,gauge,300000075,terminal-handler-sim,terminal-handler-pod-0,container-main,payments,staging,,
2026-03-29T01:24:00+00:00,jvm_gc_pause_seconds_sum,gauge,0.09878110661635098,terminal-handler-sim,terminal-handler-pod-0,container-main,payments,staging,,
2026-03-29T01:24:00+00:00,process_cpu_usage,gauge,0.19768285204216612,terminal-handler-sim,terminal-handler-pod-0,container-main,payments,staging,,
2026-03-29T01:25:00+00:00,jvm_memory_used_bytes,gauge,299999501,terminal-handler-sim,terminal-handler-pod-0,container-main,payments,staging,,
2026-03-29T01:25:00+00:00,jvm_gc_pause_seconds_sum,gauge,0.10351817260003192,terminal-handler-sim,terminal-handler-pod-0,container-main,payments,staging,,
2026-03-29T01:25:00+00:00,process_cpu_usage,gauge,0.1926562560467051,terminal-handler-sim,terminal-handler-pod-0,container-main,payments,staging,,
2026-03-29T01:26:00+00:00,jvm_memory_used_bytes,gauge,299999504,terminal-handler-sim,terminal-handler-pod-0,container-main,payments,staging,,
2026-03-29T01:26:00+00:00,jvm_gc_pause_seconds_sum,gauge,0.10377275553617019,terminal-handler-sim,terminal-handler-pod-0,container-main,payments,staging,,
2026-03-29T01:26:00+00:00,process_cpu_usage,gauge,0.20323342972323197,terminal-handler-sim,terminal-handler-pod-0,container-main,payments,staging,,
2026-03-29T01:27:00+00:00,jvm_memory_used_bytes,gauge,300000094,terminal-handler-sim,terminal-handler-pod-0,container-main,payments,staging,,
2026-03-29T01:27:00+00:00,jvm_gc_pause_seconds_sum,gauge,0.1014052170515892,terminal-handler-sim,terminal-handler-pod-0,container-main,payments,staging,,
2026-03-29T01:27:00+00:00,process_cpu_usage,gauge,0.20058449754840188,terminal-handler-sim,terminal-handler-pod-0,container-main,payments,staging,,
2026-03-29T01:28:00+00:00,jvm_memory_used_bytes,gauge,299999044,terminal-handler-sim,terminal-handler-pod-0,container-main,payments,staging,,
2026-03-29T01:28:00+00:00,jvm_gc_pause_seconds_sum,gauge,0.09328989489844296,terminal-handler-sim,terminal-handler-pod-0,container-main,payments,staging,,
2026-03-29T01:28:00+00:00,process_cpu_usage,gauge,0.20809735981412858,terminal-handler-sim,terminal-handler-pod-0,container-main,payments,staging,,
2026-03-29T01:29:00+00:00,jvm_memory_used_bytes,gauge,299999152,terminal-handler-sim,terminal-handler-pod-0,container-main,payments,staging,,
2026-03-29T01:29:00+00:00,jvm_gc_pause_seconds_sum,gauge,0.10388772113107639,terminal-handler-sim,terminal-handler-pod-0,container-main,payments,staging,,
2026-03-29T01:29:00+00:00,process_cpu_usage,gauge,0.20115133623995865,terminal-handler-sim,terminal-handler-pod-0,container-main,payments,staging,,
2026-03-29T01:30:00+00:00,jvm_memory_used_bytes,gauge,299999673,terminal-handler-sim,terminal-handler-pod-0,container-main,payments,staging,,
2026-03-29T01:30:00+00:00,jvm_gc_pause_seconds_sum,gauge,0.10834050134464324,terminal-handler-sim,terminal-handler-pod-0,container-main,payments,staging,,
2026-03-29T01:30:00+00:00,process_cpu_usage,gauge,0.19524146262904327,terminal-handler-sim,terminal-handler-pod-0,container-main,payments,staging,,
2026-03-29T01:31:00+00:00,jvm_memory_used_bytes,gauge,299999413,terminal-handler-sim,terminal-handler-pod-0,container-main,payments,staging,,
2026-03-29T01:31:00+00:00,jvm_gc_pause_seconds_sum,gauge,0.09321397579370128,terminal-handler-sim,terminal-handler-pod-0,container-main,payments,staging,,
2026-03-29T01:31:00+00:00,process_cpu_usage,gauge,0.1982174447573479,terminal-handler-sim,terminal-handler-pod-0,container-main,payments,staging,,
2026-03-29T01:32:00+00:00,jvm_memory_used_bytes,gauge,299999197,terminal-handler-sim,terminal-handler-pod-0,container-main,payments,staging,,
2026-03-29T01:32:00+00:00,jvm_gc_pause_seconds_sum,gauge,0.09820426435139755,terminal-handler-sim,terminal-handler-pod-0,container-main,payments,staging,,
2026-03-29T01:32:00+00:00,process_cpu_usage,gauge,0.19788077617640423,terminal-handler-sim,terminal-handler-pod-0,container-main,payments,staging,,
2026-03-29T01:33:00+00:00,jvm_memory_used_bytes,gauge,300000564,terminal-handler-sim,terminal-handler-pod-0,container-main,payments,staging,,
2026-03-29T01:33:00+00:00,jvm_gc_pause_seconds_sum,gauge,0.10943810216040045,terminal-handler-sim,terminal-handler-pod-0,container-main,payments,staging,,
2026-03-29T01:33:00+00:00,process_cpu_usage,gauge,0.1935109092165724,terminal-handler-sim,terminal-handler-pod-0,container-main,payments,staging,,
2026-03-29T01:34:00+00:00,jvm_memory_used_bytes,gauge,299999093,terminal-handler-sim,terminal-handler-pod-0,container-main,payments,staging,,
2026-03-29T01:34:00+00:00,jvm_gc_pause_seconds_sum,gauge,0.10879486050355897,terminal-handler-sim,terminal-handler-pod-0,container-main,payments,staging,,
2026-03-29T01:34:00+00:00,process_cpu_usage,gauge,0.1998120045096595,terminal-handler-sim,terminal-handler-pod-0,container-main,payments,staging,,
2026-03-29T01:35:00+00:00,jvm_memory_used_bytes,gauge,299999216,terminal-handler-sim,terminal-handler-pod-0,container-main,payments,staging,,
2026-03-29T01:35:00+00:00,jvm_gc_pause_seconds_sum,gauge,0.09936586788034207,terminal-handler-sim,terminal-handler-pod-0,container-main,payments,staging,,
2026-03-29T01:35:00+00:00,process_cpu_usage,gauge,0.20632054638515915,terminal-handler-sim,terminal-handler-pod-0,container-main,payments,staging,,
2026-03-29T01:36:00+00:00,jvm_memory_used_bytes,gauge,300000701,terminal-handler-sim,terminal-handler-pod-0,container-main,payments,staging,,
2026-03-29T01:36:00+00:00,jvm_gc_pause_seconds_sum,gauge,0.09219132824723866,terminal-handler-sim,terminal-handler-pod-0,container-main,payments,staging,,
2026-03-29T01:36:00+00:00,process_cpu_usage,gauge,0.19449686075651584,terminal-handler-sim,terminal-handler-pod-0,container-main,payments,staging,,
2026-03-29T01:37:00+00:00,jvm_memory_used_bytes,gauge,299999529,terminal-handler-sim,terminal-handler-pod-0,container-main,payments,staging,,
2026-03-29T01:37:00+00:00,jvm_gc_pause_seconds_sum,gauge,0.10082064345332546,terminal-handler-sim,terminal-handler-pod-0,container-main,payments,staging,,
2026-03-29T01:37:00+00:00,process_cpu_usage,gauge,0.20735242360476508,terminal-handler-sim,terminal-handler-pod-0,container-main,payments,staging,,
2026-03-29T01:38:00+00:00,jvm_memory_used_bytes,gauge,299999922,terminal-handler-sim,terminal-handler-pod-0,container-main,payments,staging,,
2026-03-29T01:38:00+00:00,jvm_gc_pause_seconds_sum,gauge,0.10404035258344299,terminal-handler-sim,terminal-handler-pod-0,container-main,payments,staging,,
2026-03-29T01:38:00+00:00,process_cpu_usage,gauge,0.20286507527544703,terminal-handler-sim,terminal-handler-pod-0,container-main,payments,staging,,
2026-03-29T01:39:00+00:00,jvm_memory_used_bytes,gauge,299999926,terminal-handler-sim,terminal-handler-pod-0,container-main,payments,staging,,
2026-03-29T01:39:00+00:00,jvm_gc_pause_seconds_sum,gauge,0.10595373541841359,terminal-handler-sim,terminal-handler-pod-0,container-main,payments,staging,,
2026-03-29T01:39:00+00:00,process_cpu_usage,gauge,0.19827227052969426,terminal-handler-sim,terminal-handler-pod-0,container-main,payments,staging,,
2026-03-29T01:40:00+00:00,jvm_memory_used_bytes,gauge,299999374,terminal-handler-sim,terminal-handler-pod-0,container-main,payments,staging,,
2026-03-29T01:40:00+00:00,jvm_gc_pause_seconds_sum,gauge,0.09827736712117921,terminal-handler-sim,terminal-handler-pod-0,container-main,payments,staging,,
2026-03-29T01:40:00+00:00,process_cpu_usage,gauge,0.19323559225017106,terminal-handler-sim,terminal-handler-pod-0,container-main,payments,staging,,
2026-03-29T01:41:00+00:00,jvm_memory_used_bytes,gauge,299999230,terminal-handler-sim,terminal-handler-pod-0,container-main,payments,staging,,
2026-03-29T01:41:00+00:00,jvm_gc_pause_seconds_sum,gauge,0.10016501926624977,terminal-handler-sim,terminal-handler-pod-0,container-main,payments,staging,,
2026-03-29T01:41:00+00:00,process_cpu_usage,gauge,0.20097176475163223,terminal-handler-sim,terminal-handler-pod-0,container-main,payments,staging,,
2026-03-29T01:42:00+00:00,jvm_memory_used_bytes,gauge,299999763,terminal-handler-sim,terminal-handler-pod-0,container-main,payments,staging,,
2026-03-29T01:42:00+00:00,jvm_gc_pause_seconds_sum,gauge,0.09524445235466725,terminal-handler-sim,terminal-handler-pod-0,container-main,payments,staging,,
2026-03-29T01:42:00+00:00,process_cpu_usage,gauge,0.19526885779923117,terminal-handler-sim,terminal-handler-pod-0,container-main,payments,staging,,
2026-03-29T01:43:00+00:00,jvm_memory_used_bytes,gauge,300000825,terminal-handler-sim,terminal-handler-pod-0,container-main,payments,staging,,
2026-03-29T01:43:00+00:00,jvm_gc_pause_seconds_sum,gauge,0.10736554873537672,terminal-handler-sim,terminal-handler-pod-0,container-main,payments,staging,,
2026-03-29T01:43:00+00:00,process_cpu_usage,gauge,0.20335921264163098,terminal-handler-sim,terminal-handler-pod-0,container-main,payments,staging,,
2026-03-29T01:44:00+00:00,jvm_memory_used_bytes,gauge,299999119,terminal-handler-sim,terminal-handler-pod-0,container-main,payments,staging,,
2026-03-29T01:44:00+00:00,jvm_gc_pause_seconds_sum,gauge,0.10810754864078631,terminal-handler-sim,terminal-handler-pod-0,container-main,payments,staging,,
2026-03-29T01:44:00+00:00,process_cpu_usage,gauge,0.19929021803688865,terminal-handler-sim,terminal-handler-pod-0,container-main,payments,staging,,
2026-03-29T01:45:00+00:00,jvm_memory_used_bytes,gauge,299999978,terminal-handler-sim,terminal-handler-pod-0,container-main,payments,staging,,
2026-03-29T01:45:00+00:00,jvm_gc_pause_seconds_sum,gauge,0.09074978940359855,terminal-handler-sim,terminal-handler-pod-0,container-main,payments,staging,,
2026-03-29T01:45:00+00:00,process_cpu_usage,gauge,0.20004838575675976,terminal-handler-sim,terminal-handler-pod-0,container-main,payments,staging,,
2026-03-29T01:46:00+00:00,jvm_memory_used_bytes,gauge,300000834,terminal-handler-sim,terminal-handler-pod-0,container-main,payments,staging,,
2026-03-29T01:46:00+00:00,jvm_gc_pause_seconds_sum,gauge,0.09707518591744452,terminal-handler-sim,terminal-handler-pod-0,container-main,payments,staging,,
2026-03-29T01:46:00+00:00,process_cpu_usage,gauge,0.19681687571009604,terminal-handler-sim,terminal-handler-pod-0,container-main,payments,staging,,
2026-03-29T01:47:00+00:00,jvm_memory_used_bytes,gauge,300000708,terminal-handler-sim,terminal-handler-pod-0,container-main,payments,staging,,
2026-03-29T01:47:00+00:00,jvm_gc_pause_seconds_sum,gauge,0.10639005500700151,terminal-handler-sim,terminal-handler-pod-0,container-main,payments,staging,,
2026-03-29T01:47:00+00:00,process_cpu_usage,gauge,0.2087067893930247,terminal-handler-sim,terminal-handler-pod-0,container-main,payments,staging,,
2026-03-29T01:48:00+00:00,jvm_memory_used_bytes,gauge,300000491,terminal-handler-sim,terminal-handler-pod-0,container-main,payments,staging,,
2026-03-29T01:48:00+00:00,jvm_gc_pause_seconds_sum,gauge,0.09807699733024972,terminal-handler-sim,terminal-handler-pod-0,container-main,payments,staging,,
2026-03-29T01:48:00+00:00,process_cpu_usage,gauge,0.19938757516245953,terminal-handler-sim,terminal-handler-pod-0,container-main,payments,staging,,
2026-03-29T01:49:00+00:00,jvm_memory_used_bytes,gauge,300000293,terminal-handler-sim,terminal-handler-pod-0,container-main,payments,staging,,
2026-03-29T01:49:00+00:00,jvm_gc_pause_seconds_sum,gauge,0.10183599975769272,terminal-handler-sim,terminal-handler-pod-0,container-main,payments,staging,,
2026-03-29T01:49:00+00:00,process_cpu_usage,gauge,0.20892580211186595,terminal-handler-sim,terminal-handler-pod-0,container-main,payments,staging,,
2026-03-29T01:50:00+00:00,jvm_memory_used_bytes,gauge,299999192,terminal-handler-sim,terminal-handler-pod-0,container-main,payments,staging,,
2026-03-29T01:50:00+00:00,jvm_gc_pause_seconds_sum,gauge,0.1030539070152025,terminal-handler-sim,terminal-handler-pod-0,container-main,payments,staging,,
2026-03-29T01:50:00+00:00,process_cpu_usage,gauge,0.20944985423426404,terminal-handler-sim,terminal-handler-pod-0,container-main,payments,staging,,
2026-03-29T01:51:00+00:00,jvm_memory_used_bytes,gauge,299999486,terminal-handler-sim,terminal-handler-pod-0,container-main,payments,staging,,
2026-03-29T01:51:00+00:00,jvm_gc_pause_seconds_sum,gauge,0.09798956533617652,terminal-handler-sim,terminal-handler-pod-0,container-main,payments,staging,,
2026-03-29T01:51:00+00:00,process_cpu_usage,gauge,0.2034421589499973,terminal-handler-sim,terminal-handler-pod-0,container-main,payments,staging,,
2026-03-29T01:52:00+00:00,jvm_memory_used_bytes,gauge,299999634,terminal-handler-sim,terminal-handler-pod-0,container-main,payments,staging,,
2026-03-29T01:52:00+00:00,jvm_gc_pause_seconds_sum,gauge,0.09610122566010387,terminal-handler-sim,terminal-handler-pod-0,container-main,payments,staging,,
2026-03-29T01:52:00+00:00,process_cpu_usage,gauge,0.19739437066882998,terminal-handler-sim,terminal-handler-pod-0,container-main,payments,staging,,
2026-03-29T01:53:00+00:00,jvm_memory_used_bytes,gauge,299999024,terminal-handler-sim,terminal-handler-pod-0,container-main,payments,staging,,
2026-03-29T01:53:00+00:00,jvm_gc_pause_seconds_sum,gauge,0.1080284067859106,terminal-handler-sim,terminal-handler-pod-0,container-main,payments,staging,,
2026-03-29T01:53:00+00:00,process_cpu_usage,gauge,0.20181055491495187,terminal-handler-sim,terminal-handler-pod-0,container-main,payments,staging,,
2026-03-29T01:54:00+00:00,jvm_memory_used_bytes,gauge,299999636,terminal-handler-sim,terminal-handler-pod-0,container-main,payments,staging,,
2026-03-29T01:54:00+00:00,jvm_gc_pause_seconds_sum,gauge,0.09328479539324956,terminal-handler-sim,terminal-handler-pod-0,container-main,payments,staging,,
2026-03-29T01:54:00+00:00,process_cpu_usage,gauge,0.19277402798472348,terminal-handler-sim,terminal-handler-pod-0,container-main,payments,staging,,
2026-03-29T01:55:00+00:00,jvm_memory_used_bytes,gauge,299999330,terminal-handler-sim,terminal-handler-pod-0,container-main,payments,staging,,
2026-03-29T01:55:00+00:00,jvm_gc_pause_seconds_sum,gauge,0.09085177821314444,terminal-handler-sim,terminal-handler-pod-0,container-main,payments,staging,,
2026-03-29T01:55:00+00:00,process_cpu_usage,gauge,0.2002964401533378,terminal-handler-sim,terminal-handler-pod-0,container-main,payments,staging,,
2026-03-29T01:56:00+00:00,jvm_memory_used_bytes,gauge,299999182,terminal-handler-sim,terminal-handler-pod-0,container-main,payments,staging,,
2026-03-29T01:56:00+00:00,jvm_gc_pause_seconds_sum,gauge,0.1026054532367,terminal-handler-sim,terminal-handler-pod-0,container-main,payments,staging,,
2026-03-29T01:56:00+00:00,process_cpu_usage,gauge,0.1930957934555059,terminal-handler-sim,terminal-handler-pod-0,container-main,payments,staging,,
2026-03-29T01:57:00+00:00,jvm_memory_used_bytes,gauge,300000104,terminal-handler-sim,terminal-handler-pod-0,container-main,payments,staging,,
2026-03-29T01:57:00+00:00,jvm_gc_pause_seconds_sum,gauge,0.09167520286574918,terminal-handler-sim,terminal-handler-pod-0,container-main,payments,staging,,
2026-03-29T01:57:00+00:00,process_cpu_usage,gauge,0.20180218141281125,terminal-handler-sim,terminal-handler-pod-0,container-main,payments,staging,,
2026-03-29T01:58:00+00:00,jvm_memory_used_bytes,gauge,300000954,terminal-handler-sim,terminal-handler-pod-0,container-main,payments,staging,,
2026-03-29T01:58:00+00:00,jvm_gc_pause_seconds_sum,gauge,0.10689778557867725,terminal-handler-sim,terminal-handler-pod-0,container-main,payments,staging,,
2026-03-29T01:58:00+00:00,process_cpu_usage,gauge,0.20793937703702006,terminal-handler-sim,terminal-handler-pod-0,container-main,payments,staging,,
2026-03-29T01:59:00+00:00,jvm_memory_used_bytes,gauge,299999386,terminal-handler-sim,terminal-handler-pod-0,container-main,payments,staging,,
2026-03-29T01:59:00+00:00,jvm_gc_pause_seconds_sum,gauge,0.09079576222389113,terminal-handler-sim,terminal-handler-pod-0,container-main,payments,staging,,
2026-03-29T01:59:00+00:00,process_cpu_usage,gauge,0.20716654552712618,terminal-handler-sim,terminal-handler-pod-0,container-main,payments,staging,,
2026-03-29T02:00:00+00:00,jvm_memory_used_bytes,gauge,300000020,terminal-handler-sim,terminal-handler-pod-0,container-main,payments,staging,,
2026-03-29T02:00:00+00:00,jvm_gc_pause_seconds_sum,gauge,0.10373497348325757,terminal-handler-sim,terminal-handler-pod-0,container-main,payments,staging,,
2026-03-29T02:00:00+00:00,process_cpu_usage,gauge,0.19204936995949132,terminal-handler-sim,terminal-handler-pod-0,container-main,payments,staging,,
2026-03-29T02:01:00+00:00,jvm_memory_used_bytes,gauge,300000288,terminal-handler-sim,terminal-handler-pod-0,container-main,payments,staging,,
2026-03-29T02:01:00+00:00,jvm_gc_pause_seconds_sum,gauge,0.10350071493772747,terminal-handler-sim,terminal-handler-pod-0,container-main,payments,staging,,
2026-03-29T02:01:00+00:00,process_cpu_usage,gauge,0.20218039534159649,terminal-handler-sim,terminal-handler-pod-0,container-main,payments,staging,,
2026-03-29T02:02:00+00:00,jvm_memory_used_bytes,gauge,300000914,terminal-handler-sim,terminal-handler-pod-0,container-main,payments,staging,,
2026-03-29T02:02:00+00:00,jvm_gc_pause_seconds_sum,gauge,0.09800981401087948,terminal-handler-sim,terminal-handler-pod-0,container-main,payments,staging,,
2026-03-29T02:02:00+00:00,process_cpu_usage,gauge,0.20687194107360082,terminal-handler-sim,terminal-handler-pod-0,container-main,payments,staging,,
2026-03-29T02:03:00+00:00,jvm_memory_used_bytes,gauge,299999560,terminal-handler-sim,terminal-handler-pod-0,container-main,payments,staging,,
2026-03-29T02:03:00+00:00,jvm_gc_pause_seconds_sum,gauge,0.09751704029775768,terminal-handler-sim,terminal-handler-pod-0,container-main,payments,staging,,
2026-03-29T02:03:00+00:00,process_cpu_usage,gauge,0.19523742742209615,terminal-handler-sim,terminal-handler-pod-0,container-main,payments,staging,,
2026-03-29T02:04:00+00:00,jvm_memory_used_bytes,gauge,299999110,terminal-handler-sim,terminal-handler-pod-0,container-main,payments,staging,,
2026-03-29T02:04:00+00:00,jvm_gc_pause_seconds_sum,gauge,0.1096958104659183,terminal-handler-sim,terminal-handler-pod-0,container-main,payments,staging,,
2026-03-29T02:04:00+00:00,process_cpu_usage,gauge,0.20023181297070122,terminal-handler-sim,terminal-handler-pod-0,container-main,payments,staging,,
2026-03-29T02:05:00+00:00,jvm_memory_used_bytes,gauge,299999026,terminal-handler-sim,terminal-handler-pod-0,container-main,payments,staging,,
2026-03-29T02:05:00+00:00,jvm_gc_pause_seconds_sum,gauge,0.10499154309501303,terminal-handler-sim,terminal-handler-pod-0,container-main,payments,staging,,
2026-03-29T02:05:00+00:00,process_cpu_usage,gauge,0.20435124369483443,terminal-handler-sim,terminal-handler-pod-0,container-main,payments,staging,,
2026-03-29T02:06:00+00:00,jvm_memory_used_bytes,gauge,300000722,terminal-handler-sim,terminal-handler-pod-0,container-main,payments,staging,,
2026-03-29T02:06:00+00:00,jvm_gc_pause_seconds_sum,gauge,0.0935407648341819,terminal-handler-sim,terminal-handler-pod-0,container-main,payments,staging,,
2026-03-29T02:06:00+00:00,process_cpu_usage,gauge,0.19349948632890712,terminal-handler-sim,terminal-handler-pod-0,container-main,payments,staging,,
2026-03-29T02:07:00+00:00,jvm_memory_used_bytes,gauge,300000578,terminal-handler-sim,terminal-handler-pod-0,container-main,payments,staging,,
2026-03-29T02:07:00+00:00,jvm_gc_pause_seconds_sum,gauge,0.10110276199407611,terminal-handler-sim,terminal-handler-pod-0,container-main,payments,staging,,
2026-03-29T02:07:00+00:00,process_cpu_usage,gauge,0.20357507115202014,terminal-handler-sim,terminal-handler-pod-0,container-main,payments,staging,,
2026-03-29T02:08:00+00:00,jvm_memory_used_bytes,gauge,299999707,terminal-handler-sim,terminal-handler-pod-0,container-main,payments,staging,,
2026-03-29T02:08:00+00:00,jvm_gc_pause_seconds_sum,gauge,0.0929560168234058,terminal-handler-sim,terminal-handler-pod-0,container-main,payments,staging,,
2026-03-29T02:08:00+00:00,process_cpu_usage,gauge,0.19477585299725197,terminal-handler-sim,terminal-handler-pod-0,container-main,payments,staging,,
2026-03-29T02:09:00+00:00,jvm_memory_used_bytes,gauge,300000803,terminal-handler-sim,terminal-handler-pod-0,container-main,payments,staging,,
2026-03-29T02:09:00+00:00,jvm_gc_pause_seconds_sum,gauge,0.09151739909890651,terminal-handler-sim,terminal-handler-pod-0,container-main,payments,staging,,
2026-03-29T02:09:00+00:00,process_cpu_usage,gauge,0.2018816889919182,terminal-handler-sim,terminal-handler-pod-0,container-main,payments,staging,,
2026-03-29T02:10:00+00:00,jvm_memory_used_bytes,gauge,300000236,terminal-handler-sim,terminal-handler-pod-0,container-main,payments,staging,,
2026-03-29T02:10:00+00:00,jvm_gc_pause_seconds_sum,gauge,0.1022884636131717,terminal-handler-sim,terminal-handler-pod-0,container-main,payments,staging,,
2026-03-29T02:10:00+00:00,process_cpu_usage,gauge,0.19952133522875612,terminal-handler-sim,terminal-handler-pod-0,container-main,payments,staging,,
2026-03-29T02:11:00+00:00,jvm_memory_used_bytes,gauge,300000348,terminal-handler-sim,terminal-handler-pod-0,container-main,payments,staging,,
2026-03-29T02:11:00+00:00,jvm_gc_pause_seconds_sum,gauge,0.10746457271816381,terminal-handler-sim,terminal-handler-pod-0,container-main,payments,staging,,
2026-03-29T02:11:00+00:00,process_cpu_usage,gauge,0.20949069755537583,terminal-handler-sim,terminal-handler-pod-0,container-main,payments,staging,,
2026-03-29T02:12:00+00:00,jvm_memory_used_bytes,gauge,299999381,terminal-handler-sim,terminal-handler-pod-0,container-main,payments,staging,,
2026-03-29T02:12:00+00:00,jvm_gc_pause_seconds_sum,gauge,0.09508337264423103,terminal-handler-sim,terminal-handler-pod-0,container-main,payments,staging,,
2026-03-29T02:12:00+00:00,process_cpu_usage,gauge,0.19797500097753887,terminal-handler-sim,terminal-handler-pod-0,container-main,payments,staging,,
2026-03-29T02:13:00+00:00,jvm_memory_used_bytes,gauge,299999299,terminal-handler-sim,terminal-handler-pod-0,container-main,payments,staging,,
2026-03-29T02:13:00+00:00,jvm_gc_pause_seconds_sum,gauge,0.10521547926349253,terminal-handler-sim,terminal-handler-pod-0,container-main,payments,staging,,
2026-03-29T02:13:00+00:00,process_cpu_usage,gauge,0.2022676341833476,terminal-handler-sim,terminal-handler-pod-0,container-main,payments,staging,,
2026-03-29T02:14:00+00:00,jvm_memory_used_bytes,gauge,300000643,terminal-handler-sim,terminal-handler-pod-0,container-main,payments,staging,,
2026-03-29T02:14:00+00:00,jvm_gc_pause_seconds_sum,gauge,0.0932423572574987,terminal-handler-sim,terminal-handler-pod-0,container-main,payments,staging,,
2026-03-29T02:14:00+00:00,process_cpu_usage,gauge,0.19825980492424417,terminal-handler-sim,terminal-handler-pod-0,container-main,payments,staging,,
2026-03-29T02:15:00+00:00,jvm_memory_used_bytes,gauge,300000330,terminal-handler-sim,terminal-handler-pod-0,container-main,payments,staging,,
2026-03-29T02:15:00+00:00,jvm_gc_pause_seconds_sum,gauge,0.09185300565590764,terminal-handler-sim,terminal-handler-pod-0,container-main,payments,staging,,
2026-03-29T02:15:00+00:00,process_cpu_usage,gauge,0.19389394752659225,terminal-handler-sim,terminal-handler-pod-0,container-main,payments,staging,,
2026-03-29T02:16:00+00:00,jvm_memory_used_bytes,gauge,299999616,terminal-handler-sim,terminal-handler-pod-0,container-main,payments,staging,,
2026-03-29T02:16:00+00:00,jvm_gc_pause_seconds_sum,gauge,0.09961069904448232,terminal-handler-sim,terminal-handler-pod-0,container-main,payments,staging,,
2026-03-29T02:16:00+00:00,process_cpu_usage,gauge,0.2021939052164763,terminal-handler-sim,terminal-handler-pod-0,container-main,payments,staging,,
2026-03-29T02:17:00+00:00,jvm_memory_used_bytes,gauge,300000916,terminal-handler-sim,terminal-handler-pod-0,container-main,payments,staging,,
2026-03-29T02:17:00+00:00,jvm_gc_pause_seconds_sum,gauge,0.10809306088968268,terminal-handler-sim,terminal-handler-pod-0,container-main,payments,staging,,
2026-03-29T02:17:00+00:00,process_cpu_usage,gauge,0.19286959099074208,terminal-handler-sim,terminal-handler-pod-0,container-main,payments,staging,,
2026-03-29T02:18:00+00:00,jvm_memory_used_bytes,gauge,299999425,terminal-handler-sim,terminal-handler-pod-0,container-main,payments,staging,,
2026-03-29T02:18:00+00:00,jvm_gc_pause_seconds_sum,gauge,0.10945249889559906,terminal-handler-sim,terminal-handler-pod-0,container-main,payments,staging,,
2026-03-29T02:18:00+00:00,process_cpu_usage,gauge,0.1902323008239244,terminal-handler-sim,terminal-handler-pod-0,container-main,payments,staging,,
2026-03-29T02:19:00+00:00,jvm_memory_used_bytes,gauge,300000644,terminal-handler-sim,terminal-handler-pod-0,container-main,payments,staging,,
2026-03-29T02:19:00+00:00,jvm_gc_pause_seconds_sum,gauge,0.09988812564124716,terminal-handler-sim,terminal-handler-pod-0,container-main,payments,staging,,
2026-03-29T02:19:00+00:00,process_cpu_usage,gauge,0.20775031700450733,terminal-handler-sim,terminal-handler-pod-0,container-main,payments,staging,,
2026-03-29T02:20:00+00:00,jvm_memory_used_bytes,gauge,300000846,terminal-handler-sim,terminal-handler-pod-0,container-main,payments,staging,,
2026-03-29T02:20:00+00:00,jvm_gc_pause_seconds_sum,gauge,0.09177663772246678,terminal-handler-sim,terminal-handler-pod-0,container-main,payments,staging,,
2026-03-29T02:20:00+00:00,process_cpu_usage,gauge,0.20755740512843376,terminal-handler-sim,terminal-handler-pod-0,container-main,payments,staging,,
2026-03-29T02:21:00+00:00,jvm_memory_used_bytes,gauge,300000544,terminal-handler-sim,terminal-handler-pod-0,container-main,payments,staging,,
2026-03-29T02:21:00+00:00,jvm_gc_pause_seconds_sum,gauge,0.10933749288289424,terminal-handler-sim,terminal-handler-pod-0,container-main,payments,staging,,
2026-03-29T02:21:00+00:00,process_cpu_usage,gauge,0.19299363009061948,terminal-handler-sim,terminal-handler-pod-0,container-main,payments,staging,,
2026-03-29T02:22:00+00:00,jvm_memory_used_bytes,gauge,299999838,terminal-handler-sim,terminal-handler-pod-0,container-main,payments,staging,,
2026-03-29T02:22:00+00:00,jvm_gc_pause_seconds_sum,gauge,0.0902852655730784,terminal-handler-sim,terminal-handler-pod-0,container-main,payments,staging,,
2026-03-29T02:22:00+00:00,process_cpu_usage,gauge,0.1959150546599615,terminal-handler-sim,terminal-handler-pod-0,container-main,payments,staging,,
2026-03-29T02:23:00+00:00,jvm_memory_used_bytes,gauge,299999757,terminal-handler-sim,terminal-handler-pod-0,container-main,payments,staging,,
2026-03-29T02:23:00+00:00,jvm_gc_pause_seconds_sum,gauge,0.0933039530796053,terminal-handler-sim,terminal-handler-pod-0,container-main,payments,staging,,
2026-03-29T02:23:00+00:00,process_cpu_usage,gauge,0.19339466365629382,terminal-handler-sim,terminal-handler-pod-0,container-main,payments,staging,,
2026-03-29T02:24:00+00:00,jvm_memory_used_bytes,gauge,300000542,terminal-handler-sim,terminal-handler-pod-0,container-main,payments,staging,,
2026-03-29T02:24:00+00:00,jvm_gc_pause_seconds_sum,gauge,0.10098036333582391,terminal-handler-sim,terminal-handler-pod-0,container-main,payments,staging,,
2026-03-29T02:24:00+00:00,process_cpu_usage,gauge,0.19679775726292453,terminal-handler-sim,terminal-handler-pod-0,container-main,payments,staging,,
2026-03-29T02:25:00+00:00,jvm_memory_used_bytes,gauge,299999354,terminal-handler-sim,terminal-handler-pod-0,container-main,payments,staging,,
2026-03-29T02:25:00+00:00,jvm_gc_pause_seconds_sum,gauge,0.10452917603060338,terminal-handler-sim,terminal-handler-pod-0,container-main,payments,staging,,
2026-03-29T02:25:00+00:00,process_cpu_usage,gauge,0.19486025269984722,terminal-handler-sim,terminal-handler-pod-0,container-main,payments,staging,,
2026-03-29T02:26:00+00:00,jvm_memory_used_bytes,gauge,300000474,terminal-handler-sim,terminal-handler-pod-0,container-main,payments,staging,,
2026-03-29T02:26:00+00:00,jvm_gc_pause_seconds_sum,gauge,0.10120635619665189,terminal-handler-sim,terminal-handler-pod-0,container-main,payments,staging,,
2026-03-29T02:26:00+00:00,process_cpu_usage,gauge,0.19271362388676608,terminal-handler-sim,terminal-handler-pod-0,container-main,payments,staging,,
2026-03-29T02:27:00+00:00,jvm_memory_used_bytes,gauge,300000380,terminal-handler-sim,terminal-handler-pod-0,container-main,payments,staging,,
2026-03-29T02:27:00+00:00,jvm_gc_pause_seconds_sum,gauge,0.092710815239508,terminal-handler-sim,terminal-handler-pod-0,container-main,payments,staging,,
2026-03-29T02:27:00+00:00,process_cpu_usage,gauge,0.192633493881502,terminal-handler-sim,terminal-handler-pod-0,container-main,payments,staging,,
2026-03-29T02:28:00+00:00,jvm_memory_used_bytes,gauge,299999356,terminal-handler-sim,terminal-handler-pod-0,container-main,payments,staging,,
2026-03-29T02:28:00+00:00,jvm_gc_pause_seconds_sum,gauge,0.1090614338546596,terminal-handler-sim,terminal-handler-pod-0,container-main,payments,staging,,
2026-03-29T02:28:00+00:00,process_cpu_usage,gauge,0.20006616910828307,terminal-handler-sim,terminal-handler-pod-0,container-main,payments,staging,,
2026-03-29T02:29:00+00:00,jvm_memory_used_bytes,gauge,299999343,terminal-handler-sim,terminal-handler-pod-0,container-main,payments,staging,,
2026-03-29T02:29:00+00:00,jvm_gc_pause_seconds_sum,gauge,0.09568436879925751,terminal-handler-sim,terminal-handler-pod-0,container-main,payments,staging,,
2026-03-29T02:29:00+00:00,process_cpu_usage,gauge,0.20145193881595563,terminal-handler-sim,terminal-handler-pod-0,container-main,payments,staging,,
2026-03-29T02:30:00+00:00,jvm_memory_used_bytes,gauge,299999310,terminal-handler-sim,terminal-handler-pod-0,container-main,payments,staging,,
2026-03-29T02:30:00+00:00,jvm_gc_pause_seconds_sum,gauge,0.1061947161927762,terminal-handler-sim,terminal-handler-pod-0,container-main,payments,staging,,
2026-03-29T02:30:00+00:00,process_cpu_usage,gauge,0.20652953300212737,terminal-handler-sim,terminal-handler-pod-0,container-main,payments,staging,,
2026-03-29T02:31:00+00:00,jvm_memory_used_bytes,gauge,300000468,terminal-handler-sim,terminal-handler-pod-0,container-main,payments,staging,,
2026-03-29T02:31:00+00:00,jvm_gc_pause_seconds_sum,gauge,0.10310584778351407,terminal-handler-sim,terminal-handler-pod-0,container-main,payments,staging,,
2026-03-29T02:31:00+00:00,process_cpu_usage,gauge,0.1965521994293609,terminal-handler-sim,terminal-handler-pod-0,container-main,payments,staging,,
2026-03-29T02:32:00+00:00,jvm_memory_used_bytes,gauge,300000806,terminal-handler-sim,terminal-handler-pod-0,container-main,payments,staging,,
2026-03-29T02:32:00+00:00,jvm_gc_pause_seconds_sum,gauge,0.09208988871366378,terminal-handler-sim,terminal-handler-pod-0,container-main,payments,staging,,
2026-03-29T02:32:00+00:00,process_cpu_usage,gauge,0.19077717412540535,terminal-handler-sim,terminal-handler-pod-0,container-main,payments,staging,,
2026-03-29T02:33:00+00:00,jvm_memory_used_bytes,gauge,300000561,terminal-handler-sim,terminal-handler-pod-0,container-main,payments,staging,,
2026-03-29T02:33:00+00:00,jvm_gc_pause_seconds_sum,gauge,0.0901390246266625,terminal-handler-sim,terminal-handler-pod-0,container-main,payments,staging,,
2026-03-29T02:33:00+00:00,process_cpu_usage,gauge,0.19076847901019148,terminal-handler-sim,terminal-handler-pod-0,container-main,payments,staging,,
2026-03-29T02:34:00+00:00,jvm_memory_used_bytes,gauge,300000400,terminal-handler-sim,terminal-handler-pod-0,container-main,payments,staging,,
2026-03-29T02:34:00+00:00,jvm_gc_pause_seconds_sum,gauge,0.10991941930947431,terminal-handler-sim,terminal-handler-pod-0,container-main,payments,staging,,
2026-03-29T02:34:00+00:00,process_cpu_usage,gauge,0.20892594027654748,terminal-handler-sim,terminal-handler-pod-0,container-main,payments,staging,,
2026-03-29T02:35:00+00:00,jvm_memory_used_bytes,gauge,299999153,terminal-handler-sim,terminal-handler-pod-0,container-main,payments,staging,,
2026-03-29T02:35:00+00:00,jvm_gc_pause_seconds_sum,gauge,0.09130397877546835,terminal-handler-sim,terminal-handler-pod-0,container-main,payments,staging,,
2026-03-29T02:35:00+00:00,process_cpu_usage,gauge,0.1911568148442743,terminal-handler-sim,terminal-handler-pod-0,container-main,payments,staging,,
2026-03-29T02:36:00+00:00,jvm_memory_used_bytes,gauge,300000092,terminal-handler-sim,terminal-handler-pod-0,container-main,payments,staging,,
2026-03-29T02:36:00+00:00,jvm_gc_pause_seconds_sum,gauge,0.10093056706728618,terminal-handler-sim,terminal-handler-pod-0,container-main,payments,staging,,
2026-03-29T02:36:00+00:00,process_cpu_usage,gauge,0.20655897327679812,terminal-handler-sim,terminal-handler-pod-0,container-main,payments,staging,,
2026-03-29T02:37:00+00:00,jvm_memory_used_bytes,gauge,300000411,terminal-handler-sim,terminal-handler-pod-0,container-main,payments,staging,,
2026-03-29T02:37:00+00:00,jvm_gc_pause_seconds_sum,gauge,0.09970433703580699,terminal-handler-sim,terminal-handler-pod-0,container-main,payments,staging,,
2026-03-29T02:37:00+00:00,process_cpu_usage,gauge,0.2011743675361936,terminal-handler-sim,terminal-handler-pod-0,container-main,payments,staging,,
2026-03-29T02:38:00+00:00,jvm_memory_used_bytes,gauge,299999083,terminal-handler-sim,terminal-handler-pod-0,container-main,payments,staging,,
2026-03-29T02:38:00+00:00,jvm_gc_pause_seconds_sum,gauge,0.10980726862566348,terminal-handler-sim,terminal-handler-pod-0,container-main,payments,staging,,
2026-03-29T02:38:00+00:00,process_cpu_usage,gauge,0.1955395478125615,terminal-handler-sim,terminal-handler-pod-0,container-main,payments,staging,,
2026-03-29T02:39:00+00:00,jvm_memory_used_bytes,gauge,300000044,terminal-handler-sim,terminal-handler-pod-0,container-main,payments,staging,,
2026-03-29T02:39:00+00:00,jvm_gc_pause_seconds_sum,gauge,0.09510852874152316,terminal-handler-sim,terminal-handler-pod-0,container-main,payments,staging,,
2026-03-29T02:39:00+00:00,process_cpu_usage,gauge,0.20159931714378052,terminal-handler-sim,terminal-handler-pod-0,container-main,payments,staging,,
2026-03-29T02:40:00+00:00,jvm_memory_used_bytes,gauge,299999397,terminal-handler-sim,terminal-handler-pod-0,container-main,payments,staging,,
2026-03-29T02:40:00+00:00,jvm_gc_pause_seconds_sum,gauge,0.09799757809307197,terminal-handler-sim,terminal-handler-pod-0,container-main,payments,staging,,
2026-03-29T02:40:00+00:00,process_cpu_usage,gauge,0.20941370068992718,terminal-handler-sim,terminal-handler-pod-0,container-main,payments,staging,,
2026-03-29T02:41:00+00:00,jvm_memory_used_bytes,gauge,299999552,terminal-handler-sim,terminal-handler-pod-0,container-main,payments,staging,,
2026-03-29T02:41:00+00:00,jvm_gc_pause_seconds_sum,gauge,0.09805440549704415,terminal-handler-sim,terminal-handler-pod-0,container-main,payments,staging,,
2026-03-29T02:41:00+00:00,process_cpu_usage,gauge,0.1904580490448751,terminal-handler-sim,terminal-handler-pod-0,container-main,payments,staging,,
2026-03-29T02:42:00+00:00,jvm_memory_used_bytes,gauge,299999771,terminal-handler-sim,terminal-handler-pod-0,container-main,payments,staging,,
2026-03-29T02:42:00+00:00,jvm_gc_pause_seconds_sum,gauge,0.10341855711113765,terminal-handler-sim,terminal-handler-pod-0,container-main,payments,staging,,
2026-03-29T02:42:00+00:00,process_cpu_usage,gauge,0.20694969352632278,terminal-handler-sim,terminal-handler-pod-0,container-main,payments,staging,,
2026-03-29T02:43:00+00:00,jvm_memory_used_bytes,gauge,300000012,terminal-handler-sim,terminal-handler-pod-0,container-main,payments,staging,,
2026-03-29T02:43:00+00:00,jvm_gc_pause_seconds_sum,gauge,0.09546545120774086,terminal-handler-sim,terminal-handler-pod-0,container-main,payments,staging,,
2026-03-29T02:43:00+00:00,process_cpu_usage,gauge,0.20368847520678493,terminal-handler-sim,terminal-handler-pod-0,container-main,payments,staging,,
2026-03-29T02:44:00+00:00,jvm_memory_used_bytes,gauge,300000919,terminal-handler-sim,terminal-handler-pod-0,container-main,payments,staging,,
2026-03-29T02:44:00+00:00,jvm_gc_pause_seconds_sum,gauge,0.10740969386426587,terminal-handler-sim,terminal-handler-pod-0,container-main,payments,staging,,
2026-03-29T02:44:00+00:00,process_cpu_usage,gauge,0.1912653843266309,terminal-handler-sim,terminal-handler-pod-0,container-main,payments,staging,,
2026-03-29T02:45:00+00:00,jvm_memory_used_bytes,gauge,300000081,terminal-handler-sim,terminal-handler-pod-0,container-main,payments,staging,,
2026-03-29T02:45:00+00:00,jvm_gc_pause_seconds_sum,gauge,0.09607768829732606,terminal-handler-sim,terminal-handler-pod-0,container-main,payments,staging,,
2026-03-29T02:45:00+00:00,process_cpu_usage,gauge,0.20362758921591578,terminal-handler-sim,terminal-handler-pod-0,container-main,payments,staging,,
2026-03-29T02:46:00+00:00,jvm_memory_used_bytes,gauge,299999706,terminal-handler-sim,terminal-handler-pod-0,container-main,payments,staging,,
2026-03-29T02:46:00+00:00,jvm_gc_pause_seconds_sum,gauge,0.10732167692464901,terminal-handler-sim,terminal-handler-pod-0,container-main,payments,staging,,
2026-03-29T02:46:00+00:00,process_cpu_usage,gauge,0.209146913143803,terminal-handler-sim,terminal-handler-pod-0,container-main,payments,staging,,
2026-03-29T02:47:00+00:00,jvm_memory_used_bytes,gauge,299999826,terminal-handler-sim,terminal-handler-pod-0,container-main,payments,staging,,
2026-03-29T02:47:00+00:00,jvm_gc_pause_seconds_sum,gauge,0.09252852806191769,terminal-handler-sim,terminal-handler-pod-0,container-main,payments,staging,,
2026-03-29T02:47:00+00:00,process_cpu_usage,gauge,0.1902549230373142,terminal-handler-sim,terminal-handler-pod-0,container-main,payments,staging,,
2026-03-29T02:48:00+00:00,jvm_memory_used_bytes,gauge,299999238,terminal-handler-sim,terminal-handler-pod-0,container-main,payments,staging,,
2026-03-29T02:48:00+00:00,jvm_gc_pause_seconds_sum,gauge,0.09338565587352056,terminal-handler-sim,terminal-handler-pod-0,container-main,payments,staging,,
2026-03-29T02:48:00+00:00,process_cpu_usage,gauge,0.2059898508677228,terminal-handler-sim,terminal-handler-pod-0,container-main,payments,staging,,
2026-03-29T02:49:00+00:00,jvm_memory_used_bytes,gauge,299999012,terminal-handler-sim,terminal-handler-pod-0,container-main,payments,staging,,
2026-03-29T02:49:00+00:00,jvm_gc_pause_seconds_sum,gauge,0.0965730626327298,terminal-handler-sim,terminal-handler-pod-0,container-main,payments,staging,,
2026-03-29T02:49:00+00:00,process_cpu_usage,gauge,0.19153047073757246,terminal-handler-sim,terminal-handler-pod-0,container-main,payments,staging,,
2026-03-29T02:50:00+00:00,jvm_memory_used_bytes,gauge,299999786,terminal-handler-sim,terminal-handler-pod-0,container-main,payments,staging,,
2026-03-29T02:50:00+00:00,jvm_gc_pause_seconds_sum,gauge,0.10345470565602709,terminal-handler-sim,terminal-handler-pod-0,container-main,payments,staging,,
2026-03-29T02:50:00+00:00,process_cpu_usage,gauge,0.2018919004987773,terminal-handler-sim,terminal-handler-pod-0,container-main,payments,staging,,
2026-03-29T02:51:00+00:00,jvm_memory_used_bytes,gauge,299999069,terminal-handler-sim,terminal-handler-pod-0,container-main,payments,staging,,
2026-03-29T02:51:00+00:00,jvm_gc_pause_seconds_sum,gauge,0.10877311426210431,terminal-handler-sim,terminal-handler-pod-0,container-main,payments,staging,,
2026-03-29T02:51:00+00:00,process_cpu_usage,gauge,0.19362634444396998,terminal-handler-sim,terminal-handler-pod-0,container-main,payments,staging,,
2026-03-29T02:52:00+00:00,jvm_memory_used_bytes,gauge,300000686,terminal-handler-sim,terminal-handler-pod-0,container-main,payments,staging,,
2026-03-29T02:52:00+00:00,jvm_gc_pause_seconds_sum,gauge,0.09426822290245333,terminal-handler-sim,terminal-handler-pod-0,container-main,payments,staging,,
2026-03-29T02:52:00+00:00,process_cpu_usage,gauge,0.19893807015274445,terminal-handler-sim,terminal-handler-pod-0,container-main,payments,staging,,
2026-03-29T02:53:00+00:00,jvm_memory_used_bytes,gauge,300000710,terminal-handler-sim,terminal-handler-pod-0,container-main,payments,staging,,
2026-03-29T02:53:00+00:00,jvm_gc_pause_seconds_sum,gauge,0.09777088216416178,terminal-handler-sim,terminal-handler-pod-0,container-main,payments,staging,,
2026-03-29T02:53:00+00:00,process_cpu_usage,gauge,0.20808063797538054,terminal-handler-sim,terminal-handler-pod-0,container-main,payments,staging,,
2026-03-29T02:54:00+00:00,jvm_memory_used_bytes,gauge,300000900,terminal-handler-sim,terminal-handler-pod-0,container-main,payments,staging,,
2026-03-29T02:54:00+00:00,jvm_gc_pause_seconds_sum,gauge,0.09758038441144044,terminal-handler-sim,terminal-handler-pod-0,container-main,payments,staging,,
2026-03-29T02:54:00+00:00,process_cpu_usage,gauge,0.20028566241206042,terminal-handler-sim,terminal-handler-pod-0,container-main,payments,staging,,
2026-03-29T02:55:00+00:00,jvm_memory_used_bytes,gauge,299999990,terminal-handler-sim,terminal-handler-pod-0,container-main,payments,staging,,
2026-03-29T02:55:00+00:00,jvm_gc_pause_seconds_sum,gauge,0.10798683610438262,terminal-handler-sim,terminal-handler-pod-0,container-main,payments,staging,,
2026-03-29T02:55:00+00:00,process_cpu_usage,gauge,0.2015620485187172,terminal-handler-sim,terminal-handler-pod-0,container-main,payments,staging,,
2026-03-29T02:56:00+00:00,jvm_memory_used_bytes,gauge,300000852,terminal-handler-sim,terminal-handler-pod-0,container-main,payments,staging,,
2026-03-29T02:56:00+00:00,jvm_gc_pause_seconds_sum,gauge,0.09604066283204898,terminal-handler-sim,terminal-handler-pod-0,container-main,payments,staging,,
2026-03-29T02:56:00+00:00,process_cpu_usage,gauge,0.19639590740980825,terminal-handler-sim,terminal-handler-pod-0,container-main,payments,staging,,
2026-03-29T02:57:00+00:00,jvm_memory_used_bytes,gauge,300000068,terminal-handler-sim,terminal-handler-pod-0,container-main,payments,staging,,
2026-03-29T02:57:00+00:00,jvm_gc_pause_seconds_sum,gauge,0.09437061436287214,terminal-handler-sim,terminal-handler-pod-0,container-main,payments,staging,,
2026-03-29T02:57:00+00:00,process_cpu_usage,gauge,0.19343458674269653,terminal-handler-sim,terminal-handler-pod-0,container-main,payments,staging,,
2026-03-29T02:58:00+00:00,jvm_memory_used_bytes,gauge,299999378,terminal-handler-sim,terminal-handler-pod-0,container-main,payments,staging,,
2026-03-29T02:58:00+00:00,jvm_gc_pause_seconds_sum,gauge,0.09331763318157196,terminal-handler-sim,terminal-handler-pod-0,container-main,payments,staging,,
2026-03-29T02:58:00+00:00,process_cpu_usage,gauge,0.19097176193490473,terminal-handler-sim,terminal-handler-pod-0,container-main,payments,staging,,
2026-03-29T02:59:00+00:00,jvm_memory_used_bytes,gauge,299999014,terminal-handler-sim,terminal-handler-pod-0,container-main,payments,staging,,
2026-03-29T02:59:00+00:00,jvm_gc_pause_seconds_sum,gauge,0.09095073248168772,terminal-handler-sim,terminal-handler-pod-0,container-main,payments,staging,,
2026-03-29T02:59:00+00:00,process_cpu_usage,gauge,0.20166984080645448,terminal-handler-sim,terminal-handler-pod-0,container-main,payments,staging,,
2026-03-29T03:00:00+00:00,jvm_memory_used_bytes,gauge,299999386,terminal-handler-sim,terminal-handler-pod-0,container-main,payments,staging,,
2026-03-29T03:00:00+00:00,jvm_gc_pause_seconds_sum,gauge,0.09428144748149642,terminal-handler-sim,terminal-handler-pod-0,container-main,payments,staging,,
2026-03-29T03:00:00+00:00,process_cpu_usage,gauge,0.19642633438767393,terminal-handler-sim,terminal-handler-pod-0,container-main,payments,staging,,
2026-03-29T03:01:00+00:00,jvm_memory_used_bytes,gauge,299999185,terminal-handler-sim,terminal-handler-pod-0,container-main,payments,staging,,
2026-03-29T03:01:00+00:00,jvm_gc_pause_seconds_sum,gauge,0.10254785095299015,terminal-handler-sim,terminal-handler-pod-0,container-main,payments,staging,,
2026-03-29T03:01:00+00:00,process_cpu_usage,gauge,0.20270827890287163,terminal-handler-sim,terminal-handler-pod-0,container-main,payments,staging,,
2026-03-29T03:02:00+00:00,jvm_memory_used_bytes,gauge,299999408,terminal-handler-sim,terminal-handler-pod-0,container-main,payments,staging,,
2026-03-29T03:02:00+00:00,jvm_gc_pause_seconds_sum,gauge,0.10582468964048636,terminal-handler-sim,terminal-handler-pod-0,container-main,payments,staging,,
2026-03-29T03:02:00+00:00,process_cpu_usage,gauge,0.20867353733035304,terminal-handler-sim,terminal-handler-pod-0,container-main,payments,staging,,
2026-03-29T03:03:00+00:00,jvm_memory_used_bytes,gauge,300000553,terminal-handler-sim,terminal-handler-pod-0,container-main,payments,staging,,
2026-03-29T03:03:00+00:00,jvm_gc_pause_seconds_sum,gauge,0.10345979500771635,terminal-handler-sim,terminal-handler-pod-0,container-main,payments,staging,,
2026-03-29T03:03:00+00:00,process_cpu_usage,gauge,0.19842295989983524,terminal-handler-sim,terminal-handler-pod-0,container-main,payments,staging,,
2026-03-29T03:04:00+00:00,jvm_memory_used_bytes,gauge,300000689,terminal-handler-sim,terminal-handler-pod-0,container-main,payments,staging,,
2026-03-29T03:04:00+00:00,jvm_gc_pause_seconds_sum,gauge,0.09041422276612064,terminal-handler-sim,terminal-handler-pod-0,container-main,payments,staging,,
2026-03-29T03:04:00+00:00,process_cpu_usage,gauge,0.19714685137969476,terminal-handler-sim,terminal-handler-pod-0,container-main,payments,staging,,
2026-03-29T03:05:00+00:00,jvm_memory_used_bytes,gauge,299999914,terminal-handler-sim,terminal-handler-pod-0,container-main,payments,staging,,
2026-03-29T03:05:00+00:00,jvm_gc_pause_seconds_sum,gauge,0.10048633669995102,terminal-handler-sim,terminal-handler-pod-0,container-main,payments,staging,,
2026-03-29T03:05:00+00:00,process_cpu_usage,gauge,0.20805360245384308,terminal-handler-sim,terminal-handler-pod-0,container-main,payments,staging,,
2026-03-29T03:06:00+00:00,jvm_memory_used_bytes,gauge,300000147,terminal-handler-sim,terminal-handler-pod-0,container-main,payments,staging,,
2026-03-29T03:06:00+00:00,jvm_gc_pause_seconds_sum,gauge,0.0995918566726926,terminal-handler-sim,terminal-handler-pod-0,container-main,payments,staging,,
2026-03-29T03:06:00+00:00,process_cpu_usage,gauge,0.19853721525090237,terminal-handler-sim,terminal-handler-pod-0,container-main,payments,staging,,
2026-03-29T03:07:00+00:00,jvm_memory_used_bytes,gauge,300000969,terminal-handler-sim,terminal-handler-pod-0,container-main,payments,staging,,
2026-03-29T03:07:00+00:00,jvm_gc_pause_seconds_sum,gauge,0.09855027612363829,terminal-handler-sim,terminal-handler-pod-0,container-main,payments,staging,,
2026-03-29T03:07:00+00:00,process_cpu_usage,gauge,0.19781987398068965,terminal-handler-sim,terminal-handler-pod-0,container-main,payments,staging,,
2026-03-29T03:08:00+00:00,jvm_memory_used_bytes,gauge,299999040,terminal-handler-sim,terminal-handler-pod-0,container-main,payments,staging,,
2026-03-29T03:08:00+00:00,jvm_gc_pause_seconds_sum,gauge,0.1018865895147541,terminal-handler-sim,terminal-handler-pod-0,container-main,payments,staging,,
2026-03-29T03:08:00+00:00,process_cpu_usage,gauge,0.2010430662675237,terminal-handler-sim,terminal-handler-pod-0,container-main,payments,staging,,
2026-03-29T03:09:00+00:00,jvm_memory_used_bytes,gauge,299999182,terminal-handler-sim,terminal-handler-pod-0,container-main,payments,staging,,
2026-03-29T03:09:00+00:00,jvm_gc_pause_seconds_sum,gauge,0.10230616044799162,terminal-handler-sim,terminal-handler-pod-0,container-main,payments,staging,,
2026-03-29T03:09:00+00:00,process_cpu_usage,gauge,0.20912154109053815,terminal-handler-sim,terminal-handler-pod-0,container-main,payments,staging,,
2026-03-29T03:10:00+00:00,jvm_memory_used_bytes,gauge,299999931,terminal-handler-sim,terminal-handler-pod-0,container-main,payments,staging,,
2026-03-29T03:10:00+00:00,jvm_gc_pause_seconds_sum,gauge,0.1087038848361199,terminal-handler-sim,terminal-handler-pod-0,container-main,payments,staging,,
2026-03-29T03:10:00+00:00,process_cpu_usage,gauge,0.20045619216552923,terminal-handler-sim,terminal-handler-pod-0,container-main,payments,staging,,
2026-03-29T03:11:00+00:00,jvm_memory_used_bytes,gauge,300000583,terminal-handler-sim,terminal-handler-pod-0,container-main,payments,staging,,
2026-03-29T03:11:00+00:00,jvm_gc_pause_seconds_sum,gauge,0.10777417000214207,terminal-handler-sim,terminal-handler-pod-0,container-main,payments,staging,,
2026-03-29T03:11:00+00:00,process_cpu_usage,gauge,0.19386372251674125,terminal-handler-sim,terminal-handler-pod-0,container-main,payments,staging,,
2026-03-29T03:12:00+00:00,jvm_memory_used_bytes,gauge,299999982,terminal-handler-sim,terminal-handler-pod-0,container-main,payments,staging,,
2026-03-29T03:12:00+00:00,jvm_gc_pause_seconds_sum,gauge,0.1029979875101914,terminal-handler-sim,terminal-handler-pod-0,container-main,payments,staging,,
2026-03-29T03:12:00+00:00,process_cpu_usage,gauge,0.20429459585463502,terminal-handler-sim,terminal-handler-pod-0,container-main,payments,staging,,
2026-03-29T03:13:00+00:00,jvm_memory_used_bytes,gauge,299999884,terminal-handler-sim,terminal-handler-pod-0,container-main,payments,staging,,
2026-03-29T03:13:00+00:00,jvm_gc_pause_seconds_sum,gauge,0.10683036064002795,terminal-handler-sim,terminal-handler-pod-0,container-main,payments,staging,,
2026-03-29T03:13:00+00:00,process_cpu_usage,gauge,0.20435352462159315,terminal-handler-sim,terminal-handler-pod-0,container-main,payments,staging,,
2026-03-29T03:14:00+00:00,jvm_memory_used_bytes,gauge,299999140,terminal-handler-sim,terminal-handler-pod-0,container-main,payments,staging,,
2026-03-29T03:14:00+00:00,jvm_gc_pause_seconds_sum,gauge,0.10850385880544258,terminal-handler-sim,terminal-handler-pod-0,container-main,payments,staging,,
2026-03-29T03:14:00+00:00,process_cpu_usage,gauge,0.20076396191314516,terminal-handler-sim,terminal-handler-pod-0,container-main,payments,staging,,
2026-03-29T03:15:00+00:00,jvm_memory_used_bytes,gauge,300000077,terminal-handler-sim,terminal-handler-pod-0,container-main,payments,staging,,
2026-03-29T03:15:00+00:00,jvm_gc_pause_seconds_sum,gauge,0.09443007804968548,terminal-handler-sim,terminal-handler-pod-0,container-main,payments,staging,,
2026-03-29T03:15:00+00:00,process_cpu_usage,gauge,0.19545613511506246,terminal-handler-sim,terminal-handler-pod-0,container-main,payments,staging,,
2026-03-29T03:16:00+00:00,jvm_memory_used_bytes,gauge,300000405,terminal-handler-sim,terminal-handler-pod-0,container-main,payments,staging,,
2026-03-29T03:16:00+00:00,jvm_gc_pause_seconds_sum,gauge,0.09225834222761028,terminal-handler-sim,terminal-handler-pod-0,container-main,payments,staging,,
2026-03-29T03:16:00+00:00,process_cpu_usage,gauge,0.2005174502634368,terminal-handler-sim,terminal-handler-pod-0,container-main,payments,staging,,
2026-03-29T03:17:00+00:00,jvm_memory_used_bytes,gauge,299999055,terminal-handler-sim,terminal-handler-pod-0,container-main,payments,staging,,
2026-03-29T03:17:00+00:00,jvm_gc_pause_seconds_sum,gauge,0.10866676642502572,terminal-handler-sim,terminal-handler-pod-0,container-main,payments,staging,,
2026-03-29T03:17:00+00:00,process_cpu_usage,gauge,0.2006638474509887,terminal-handler-sim,terminal-handler-pod-0,container-main,payments,staging,,
2026-03-29T03:18:00+00:00,jvm_memory_used_bytes,gauge,299999099,terminal-handler-sim,terminal-handler-pod-0,container-main,payments,staging,,
2026-03-29T03:18:00+00:00,jvm_gc_pause_seconds_sum,gauge,0.10298706871705658,terminal-handler-sim,terminal-handler-pod-0,container-main,payments,staging,,
2026-03-29T03:18:00+00:00,process_cpu_usage,gauge,0.19612516910420047,terminal-handler-sim,terminal-handler-pod-0,container-main,payments,staging,,
2026-03-29T03:19:00+00:00,jvm_memory_used_bytes,gauge,299999674,terminal-handler-sim,terminal-handler-pod-0,container-main,payments,staging,,
2026-03-29T03:19:00+00:00,jvm_gc_pause_seconds_sum,gauge,0.09528175396092921,terminal-handler-sim,terminal-handler-pod-0,container-main,payments,staging,,
2026-03-29T03:19:00+00:00,process_cpu_usage,gauge,0.19799797619044435,terminal-handler-sim,terminal-handler-pod-0,container-main,payments,staging,,
2026-03-29T03:20:00+00:00,jvm_memory_used_bytes,gauge,299999369,terminal-handler-sim,terminal-handler-pod-0,container-main,payments,staging,,
2026-03-29T03:20:00+00:00,jvm_gc_pause_seconds_sum,gauge,0.10845514823691896,terminal-handler-sim,terminal-handler-pod-0,container-main,payments,staging,,
2026-03-29T03:20:00+00:00,process_cpu_usage,gauge,0.19226143369262355,terminal-handler-sim,terminal-handler-pod-0,container-main,payments,staging,,
2026-03-29T03:21:00+00:00,jvm_memory_used_bytes,gauge,300000138,terminal-handler-sim,terminal-handler-pod-0,container-main,payments,staging,,
2026-03-29T03:21:00+00:00,jvm_gc_pause_seconds_sum,gauge,0.09467665658579122,terminal-handler-sim,terminal-handler-pod-0,container-main,payments,staging,,
2026-03-29T03:21:00+00:00,process_cpu_usage,gauge,0.2005555366639119,terminal-handler-sim,terminal-handler-pod-0,container-main,payments,staging,,
2026-03-29T03:22:00+00:00,jvm_memory_used_bytes,gauge,299999036,terminal-handler-sim,terminal-handler-pod-0,container-main,payments,staging,,
2026-03-29T03:22:00+00:00,jvm_gc_pause_seconds_sum,gauge,0.10084776228451683,terminal-handler-sim,terminal-handler-pod-0,container-main,payments,staging,,
2026-03-29T03:22:00+00:00,process_cpu_usage,gauge,0.19938856533722618,terminal-handler-sim,terminal-handler-pod-0,container-main,payments,staging,,
2026-03-29T03:23:00+00:00,jvm_memory_used_bytes,gauge,299999988,terminal-handler-sim,terminal-handler-pod-0,container-main,payments,staging,,
2026-03-29T03:23:00+00:00,jvm_gc_pause_seconds_sum,gauge,0.10579397413284161,terminal-handler-sim,terminal-handler-pod-0,container-main,payments,staging,,
2026-03-29T03:23:00+00:00,process_cpu_usage,gauge,0.2077020587711344,terminal-handler-sim,terminal-handler-pod-0,container-main,payments,staging,,
2026-03-29T03:24:00+00:00,jvm_memory_used_bytes,gauge,299999185,terminal-handler-sim,terminal-handler-pod-0,container-main,payments,staging,,
2026-03-29T03:24:00+00:00,jvm_gc_pause_seconds_sum,gauge,0.09759892150521157,terminal-handler-sim,terminal-handler-pod-0,container-main,payments,staging,,
2026-03-29T03:24:00+00:00,process_cpu_usage,gauge,0.2047162755163336,terminal-handler-sim,terminal-handler-pod-0,container-main,payments,staging,,
2026-03-29T03:25:00+00:00,jvm_memory_used_bytes,gauge,299999012,terminal-handler-sim,terminal-handler-pod-0,container-main,payments,staging,,
2026-03-29T03:25:00+00:00,jvm_gc_pause_seconds_sum,gauge,0.10362801975481359,terminal-handler-sim,terminal-handler-pod-0,container-main,payments,staging,,
2026-03-29T03:25:00+00:00,process_cpu_usage,gauge,0.1982034272652763,terminal-handler-sim,terminal-handler-pod-0,container-main,payments,staging,,
2026-03-29T03:26:00+00:00,jvm_memory_used_bytes,gauge,300000156,terminal-handler-sim,terminal-handler-pod-0,container-main,payments,staging,,
2026-03-29T03:26:00+00:00,jvm_gc_pause_seconds_sum,gauge,0.09654974371767877,terminal-handler-sim,terminal-handler-pod-0,container-main,payments,staging,,
2026-03-29T03:26:00+00:00,process_cpu_usage,gauge,0.19462371069479828,terminal-handler-sim,terminal-handler-pod-0,container-main,payments,staging,,
2026-03-29T03:27:00+00:00,jvm_memory_used_bytes,gauge,299999762,terminal-handler-sim,terminal-handler-pod-0,container-main,payments,staging,,
2026-03-29T03:27:00+00:00,jvm_gc_pause_seconds_sum,gauge,0.09534177078835107,terminal-handler-sim,terminal-handler-pod-0,container-main,payments,staging,,
2026-03-29T03:27:00+00:00,process_cpu_usage,gauge,0.19029372243014947,terminal-handler-sim,terminal-handler-pod-0,container-main,payments,staging,,
2026-03-29T03:28:00+00:00,jvm_memory_used_bytes,gauge,299999532,terminal-handler-sim,terminal-handler-pod-0,container-main,payments,staging,,
2026-03-29T03:28:00+00:00,jvm_gc_pause_seconds_sum,gauge,0.10867478447900468,terminal-handler-sim,terminal-handler-pod-0,container-main,payments,staging,,
2026-03-29T03:28:00+00:00,process_cpu_usage,gauge,0.20934705047684585,terminal-handler-sim,terminal-handler-pod-0,container-main,payments,staging,,
2026-03-29T03:29:00+00:00,jvm_memory_used_bytes,gauge,299999586,terminal-handler-sim,terminal-handler-pod-0,container-main,payments,staging,,
2026-03-29T03:29:00+00:00,jvm_gc_pause_seconds_sum,gauge,0.105462876577489,terminal-handler-sim,terminal-handler-pod-0,container-main,payments,staging,,
2026-03-29T03:29:00+00:00,process_cpu_usage,gauge,0.19143715457787544,terminal-handler-sim,terminal-handler-pod-0,container-main,payments,staging,,
2026-03-29T03:30:00+00:00,jvm_memory_used_bytes,gauge,299999055,terminal-handler-sim,terminal-handler-pod-0,container-main,payments,staging,,
2026-03-29T03:30:00+00:00,jvm_gc_pause_seconds_sum,gauge,0.10922377668269144,terminal-handler-sim,terminal-handler-pod-0,container-main,payments,staging,,
2026-03-29T03:30:00+00:00,process_cpu_usage,gauge,0.19066086196464127,terminal-handler-sim,terminal-handler-pod-0,container-main,payments,staging,,
2026-03-29T03:31:00+00:00,jvm_memory_used_bytes,gauge,300000788,terminal-handler-sim,terminal-handler-pod-0,container-main,payments,staging,,
2026-03-29T03:31:00+00:00,jvm_gc_pause_seconds_sum,gauge,0.09640696468345399,terminal-handler-sim,terminal-handler-pod-0,container-main,payments,staging,,
2026-03-29T03:31:00+00:00,process_cpu_usage,gauge,0.20851255331874186,terminal-handler-sim,terminal-handler-pod-0,container-main,payments,staging,,
2026-03-29T03:32:00+00:00,jvm_memory_used_bytes,gauge,300000287,terminal-handler-sim,terminal-handler-pod-0,container-main,payments,staging,,
2026-03-29T03:32:00+00:00,jvm_gc_pause_seconds_sum,gauge,0.09131200071396664,terminal-handler-sim,terminal-handler-pod-0,container-main,payments,staging,,
2026-03-29T03:32:00+00:00,process_cpu_usage,gauge,0.2090572223178747,terminal-handler-sim,terminal-handler-pod-0,container-main,payments,staging,,
2026-03-29T03:33:00+00:00,jvm_memory_used_bytes,gauge,300000868,terminal-handler-sim,terminal-handler-pod-0,container-main,payments,staging,,
2026-03-29T03:33:00+00:00,jvm_gc_pause_seconds_sum,gauge,0.0973209113903732,terminal-handler-sim,terminal-handler-pod-0,container-main,payments,staging,,
2026-03-29T03:33:00+00:00,process_cpu_usage,gauge,0.19850355242308074,terminal-handler-sim,terminal-handler-pod-0,container-main,payments,staging,,
2026-03-29T03:34:00+00:00,jvm_memory_used_bytes,gauge,300000032,terminal-handler-sim,terminal-handler-pod-0,container-main,payments,staging,,
2026-03-29T03:34:00+00:00,jvm_gc_pause_seconds_sum,gauge,0.10451042376575446,terminal-handler-sim,terminal-handler-pod-0,container-main,payments,staging,,
2026-03-29T03:34:00+00:00,process_cpu_usage,gauge,0.19282371356364675,terminal-handler-sim,terminal-handler-pod-0,container-main,payments,staging,,
2026-03-29T03:35:00+00:00,jvm_memory_used_bytes,gauge,299999466,terminal-handler-sim,terminal-handler-pod-0,container-main,payments,staging,,
2026-03-29T03:35:00+00:00,jvm_gc_pause_seconds_sum,gauge,0.09662267756062702,terminal-handler-sim,terminal-handler-pod-0,container-main,payments,staging,,
2026-03-29T03:35:00+00:00,process_cpu_usage,gauge,0.2011275075413697,terminal-handler-sim,terminal-handler-pod-0,container-main,payments,staging,,
2026-03-29T03:36:00+00:00,jvm_memory_used_bytes,gauge,299999706,terminal-handler-sim,terminal-handler-pod-0,container-main,payments,staging,,
2026-03-29T03:36:00+00:00,jvm_gc_pause_seconds_sum,gauge,0.10785194308319107,terminal-handler-sim,terminal-handler-pod-0,container-main,payments,staging,,
2026-03-29T03:36:00+00:00,process_cpu_usage,gauge,0.19759387558739103,terminal-handler-sim,terminal-handler-pod-0,container-main,payments,staging,,
2026-03-29T03:37:00+00:00,jvm_memory_used_bytes,gauge,299999606,terminal-handler-sim,terminal-handler-pod-0,container-main,payments,staging,,
2026-03-29T03:37:00+00:00,jvm_gc_pause_seconds_sum,gauge,0.09514181899033282,terminal-handler-sim,terminal-handler-pod-0,container-main,payments,staging,,
2026-03-29T03:37:00+00:00,process_cpu_usage,gauge,0.19181609550180811,terminal-handler-sim,terminal-handler-pod-0,container-main,payments,staging,,
2026-03-29T03:38:00+00:00,jvm_memory_used_bytes,gauge,299999137,terminal-handler-sim,terminal-handler-pod-0,container-main,payments,staging,,
2026-03-29T03:38:00+00:00,jvm_gc_pause_seconds_sum,gauge,0.10263190789820056,terminal-handler-sim,terminal-handler-pod-0,container-main,payments,staging,,
2026-03-29T03:38:00+00:00,process_cpu_usage,gauge,0.1999287498619419,terminal-handler-sim,terminal-handler-pod-0,container-main,payments,staging,,
2026-03-29T03:39:00+00:00,jvm_memory_used_bytes,gauge,299999586,terminal-handler-sim,terminal-handler-pod-0,container-main,payments,staging,,
2026-03-29T03:39:00+00:00,jvm_gc_pause_seconds_sum,gauge,0.10168795489403645,terminal-handler-sim,terminal-handler-pod-0,container-main,payments,staging,,
2026-03-29T03:39:00+00:00,process_cpu_usage,gauge,0.19668387340192323,terminal-handler-sim,terminal-handler-pod-0,container-main,payments,staging,,
2026-03-29T03:40:00+00:00,jvm_memory_used_bytes,gauge,300000493,terminal-handler-sim,terminal-handler-pod-0,container-main,payments,staging,,
2026-03-29T03:40:00+00:00,jvm_gc_pause_seconds_sum,gauge,0.09535089827616113,terminal-handler-sim,terminal-handler-pod-0,container-main,payments,staging,,
2026-03-29T03:40:00+00:00,process_cpu_usage,gauge,0.19225014718101396,terminal-handler-sim,terminal-handler-pod-0,container-main,payments,staging,,
2026-03-29T03:41:00+00:00,jvm_memory_used_bytes,gauge,299999784,terminal-handler-sim,terminal-handler-pod-0,container-main,payments,staging,,
2026-03-29T03:41:00+00:00,jvm_gc_pause_seconds_sum,gauge,0.0971313135927976,terminal-handler-sim,terminal-handler-pod-0,container-main,payments,staging,,
2026-03-29T03:41:00+00:00,process_cpu_usage,gauge,0.20699126198235268,terminal-handler-sim,terminal-handler-pod-0,container-main,payments,staging,,
2026-03-29T03:42:00+00:00,jvm_memory_used_bytes,gauge,300000124,terminal-handler-sim,terminal-handler-pod-0,container-main,payments,staging,,
2026-03-29T03:42:00+00:00,jvm_gc_pause_seconds_sum,gauge,0.1059402783309106,terminal-handler-sim,terminal-handler-pod-0,container-main,payments,staging,,
2026-03-29T03:42:00+00:00,process_cpu_usage,gauge,0.1967802228141673,terminal-handler-sim,terminal-handler-pod-0,container-main,payments,staging,,
2026-03-29T03:43:00+00:00,jvm_memory_used_bytes,gauge,299999704,terminal-handler-sim,terminal-handler-pod-0,container-main,payments,staging,,
2026-03-29T03:43:00+00:00,jvm_gc_pause_seconds_sum,gauge,0.10408668313092971,terminal-handler-sim,terminal-handler-pod-0,container-main,payments,staging,,
2026-03-29T03:43:00+00:00,process_cpu_usage,gauge,0.2089644828077849,terminal-handler-sim,terminal-handler-pod-0,container-main,payments,staging,,
2026-03-29T03:44:00+00:00,jvm_memory_used_bytes,gauge,300000776,terminal-handler-sim,terminal-handler-pod-0,container-main,payments,staging,,
2026-03-29T03:44:00+00:00,jvm_gc_pause_seconds_sum,gauge,0.10330067393629024,terminal-handler-sim,terminal-handler-pod-0,container-main,payments,staging,,
2026-03-29T03:44:00+00:00,process_cpu_usage,gauge,0.20680001694254938,terminal-handler-sim,terminal-handler-pod-0,container-main,payments,staging,,
2026-03-29T03:45:00+00:00,jvm_memory_used_bytes,gauge,300000321,terminal-handler-sim,terminal-handler-pod-0,container-main,payments,staging,,
2026-03-29T03:45:00+00:00,jvm_gc_pause_seconds_sum,gauge,0.09109201940988881,terminal-handler-sim,terminal-handler-pod-0,container-main,payments,staging,,
2026-03-29T03:45:00+00:00,process_cpu_usage,gauge,0.20052266151030396,terminal-handler-sim,terminal-handler-pod-0,container-main,payments,staging,,
2026-03-29T03:46:00+00:00,jvm_memory_used_bytes,gauge,300000478,terminal-handler-sim,terminal-handler-pod-0,container-main,payments,staging,,
2026-03-29T03:46:00+00:00,jvm_gc_pause_seconds_sum,gauge,0.10426846927615499,terminal-handler-sim,terminal-handler-pod-0,container-main,payments,staging,,
2026-03-29T03:46:00+00:00,process_cpu_usage,gauge,0.2057603076233428,terminal-handler-sim,terminal-handler-pod-0,container-main,payments,staging,,
2026-03-29T03:47:00+00:00,jvm_memory_used_bytes,gauge,299999385,terminal-handler-sim,terminal-handler-pod-0,container-main,payments,staging,,
2026-03-29T03:47:00+00:00,jvm_gc_pause_seconds_sum,gauge,0.10930605162003787,terminal-handler-sim,terminal-handler-pod-0,container-main,payments,staging,,
2026-03-29T03:47:00+00:00,process_cpu_usage,gauge,0.20628983895474987,terminal-handler-sim,terminal-handler-pod-0,container-main,payments,staging,,
2026-03-29T03:48:00+00:00,jvm_memory_used_bytes,gauge,300000351,terminal-handler-sim,terminal-handler-pod-0,container-main,payments,staging,,
2026-03-29T03:48:00+00:00,jvm_gc_pause_seconds_sum,gauge,0.0935014677037268,terminal-handler-sim,terminal-handler-pod-0,container-main,payments,staging,,
2026-03-29T03:48:00+00:00,process_cpu_usage,gauge,0.1961011917537969,terminal-handler-sim,terminal-handler-pod-0,container-main,payments,staging,,
2026-03-29T03:49:00+00:00,jvm_memory_used_bytes,gauge,299999306,terminal-handler-sim,terminal-handler-pod-0,container-main,payments,staging,,
2026-03-29T03:49:00+00:00,jvm_gc_pause_seconds_sum,gauge,0.1087330989869901,terminal-handler-sim,terminal-handler-pod-0,container-main,payments,staging,,
2026-03-29T03:49:00+00:00,process_cpu_usage,gauge,0.20400072287657287,terminal-handler-sim,terminal-handler-pod-0,container-main,payments,staging,,
2026-03-29T03:50:00+00:00,jvm_memory_used_bytes,gauge,299999960,terminal-handler-sim,terminal-handler-pod-0,container-main,payments,staging,,
2026-03-29T03:50:00+00:00,jvm_gc_pause_seconds_sum,gauge,0.10300013205231753,terminal-handler-sim,terminal-handler-pod-0,container-main,payments,staging,,
2026-03-29T03:50:00+00:00,process_cpu_usage,gauge,0.19629170686689057,terminal-handler-sim,terminal-handler-pod-0,container-main,payments,staging,,
2026-03-29T03:51:00+00:00,jvm_memory_used_bytes,gauge,300000863,terminal-handler-sim,terminal-handler-pod-0,container-main,payments,staging,,
2026-03-29T03:51:00+00:00,jvm_gc_pause_seconds_sum,gauge,0.09126684981155214,terminal-handler-sim,terminal-handler-pod-0,container-main,payments,staging,,
2026-03-29T03:51:00+00:00,process_cpu_usage,gauge,0.19255020620150598,terminal-handler-sim,terminal-handler-pod-0,container-main,payments,staging,,
2026-03-29T03:52:00+00:00,jvm_memory_used_bytes,gauge,299999661,terminal-handler-sim,terminal-handler-pod-0,container-main,payments,staging,,
2026-03-29T03:52:00+00:00,jvm_gc_pause_seconds_sum,gauge,0.10933357503679983,terminal-handler-sim,terminal-handler-pod-0,container-main,payments,staging,,
2026-03-29T03:52:00+00:00,process_cpu_usage,gauge,0.20564147252213968,terminal-handler-sim,terminal-handler-pod-0,container-main,payments,staging,,
2026-03-29T03:53:00+00:00,jvm_memory_used_bytes,gauge,300000419,terminal-handler-sim,terminal-handler-pod-0,container-main,payments,staging,,
2026-03-29T03:53:00+00:00,jvm_gc_pause_seconds_sum,gauge,0.09453453349665439,terminal-handler-sim,terminal-handler-pod-0,container-main,payments,staging,,
2026-03-29T03:53:00+00:00,process_cpu_usage,gauge,0.20140234531234474,terminal-handler-sim,terminal-handler-pod-0,container-main,payments,staging,,
2026-03-29T03:54:00+00:00,jvm_memory_used_bytes,gauge,300000030,terminal-handler-sim,terminal-handler-pod-0,container-main,payments,staging,,
2026-03-29T03:54:00+00:00,jvm_gc_pause_seconds_sum,gauge,0.10138963684437721,terminal-handler-sim,terminal-handler-pod-0,container-main,payments,staging,,
2026-03-29T03:54:00+00:00,process_cpu_usage,gauge,0.20577495705123355,terminal-handler-sim,terminal-handler-pod-0,container-main,payments,staging,,
2026-03-29T03:55:00+00:00,jvm_memory_used_bytes,gauge,300000787,terminal-handler-sim,terminal-handler-pod-0,container-main,payments,staging,,
2026-03-29T03:55:00+00:00,jvm_gc_pause_seconds_sum,gauge,0.10287232528131537,terminal-handler-sim,terminal-handler-pod-0,container-main,payments,staging,,
2026-03-29T03:55:00+00:00,process_cpu_usage,gauge,0.20404842652746188,terminal-handler-sim,terminal-handler-pod-0,container-main,payments,staging,,
2026-03-29T03:56:00+00:00,jvm_memory_used_bytes,gauge,300000626,terminal-handler-sim,terminal-handler-pod-0,container-main,payments,staging,,
2026-03-29T03:56:00+00:00,jvm_gc_pause_seconds_sum,gauge,0.10408216135091991,terminal-handler-sim,terminal-handler-pod-0,container-main,payments,staging,,
2026-03-29T03:56:00+00:00,process_cpu_usage,gauge,0.2007777579478755,terminal-handler-sim,terminal-handler-pod-0,container-main,payments,staging,,
2026-03-29T03:57:00+00:00,jvm_memory_used_bytes,gauge,299999477,terminal-handler-sim,terminal-handler-pod-0,container-main,payments,staging,,
2026-03-29T03:57:00+00:00,jvm_gc_pause_seconds_sum,gauge,0.09397205832570228,terminal-handler-sim,terminal-handler-pod-0,container-main,payments,staging,,
2026-03-29T03:57:00+00:00,process_cpu_usage,gauge,0.2076767534421411,terminal-handler-sim,terminal-handler-pod-0,container-main,payments,staging,,
2026-03-29T03:58:00+00:00,jvm_memory_used_bytes,gauge,300000182,terminal-handler-sim,terminal-handler-pod-0,container-main,payments,staging,,
2026-03-29T03:58:00+00:00,jvm_gc_pause_seconds_sum,gauge,0.09538771676615593,terminal-handler-sim,terminal-handler-pod-0,container-main,payments,staging,,
2026-03-29T03:58:00+00:00,process_cpu_usage,gauge,0.20495036809317488,terminal-handler-sim,terminal-handler-pod-0,container-main,payments,staging,,
2026-03-29T03:59:00+00:00,jvm_memory_used_bytes,gauge,300000964,terminal-handler-sim,terminal-handler-pod-0,container-main,payments,staging,,
2026-03-29T03:59:00+00:00,jvm_gc_pause_seconds_sum,gauge,0.1094338734165866,terminal-handler-sim,terminal-handler-pod-0,container-main,payments,staging,,
2026-03-29T03:59:00+00:00,process_cpu_usage,gauge,0.19613795522303135,terminal-handler-sim,terminal-handler-pod-0,container-main,payments,staging,,
2026-03-29T04:00:00+00:00,jvm_memory_used_bytes,gauge,300000267,terminal-handler-sim,terminal-handler-pod-0,container-main,payments,staging,,
2026-03-29T04:00:00+00:00,jvm_gc_pause_seconds_sum,gauge,0.09794707677475364,terminal-handler-sim,terminal-handler-pod-0,container-main,payments,staging,,
2026-03-29T04:00:00+00:00,process_cpu_usage,gauge,0.20853490279736844,terminal-handler-sim,terminal-handler-pod-0,container-main,payments,staging,,
2026-03-29T04:01:00+00:00,jvm_memory_used_bytes,gauge,299999490,terminal-handler-sim,terminal-handler-pod-0,container-main,payments,staging,,
2026-03-29T04:01:00+00:00,jvm_gc_pause_seconds_sum,gauge,0.10664462632129303,terminal-handler-sim,terminal-handler-pod-0,container-main,payments,staging,,
2026-03-29T04:01:00+00:00,process_cpu_usage,gauge,0.1928030633303873,terminal-handler-sim,terminal-handler-pod-0,container-main,payments,staging,,
2026-03-29T04:02:00+00:00,jvm_memory_used_bytes,gauge,299999845,terminal-handler-sim,terminal-handler-pod-0,container-main,payments,staging,,
2026-03-29T04:02:00+00:00,jvm_gc_pause_seconds_sum,gauge,0.10406834267167132,terminal-handler-sim,terminal-handler-pod-0,container-main,payments,staging,,
2026-03-29T04:02:00+00:00,process_cpu_usage,gauge,0.19077524366099824,terminal-handler-sim,terminal-handler-pod-0,container-main,payments,staging,,
2026-03-29T04:03:00+00:00,jvm_memory_used_bytes,gauge,299999537,terminal-handler-sim,terminal-handler-pod-0,container-main,payments,staging,,
2026-03-29T04:03:00+00:00,jvm_gc_pause_seconds_sum,gauge,0.10593792816985353,terminal-handler-sim,terminal-handler-pod-0,container-main,payments,staging,,
2026-03-29T04:03:00+00:00,process_cpu_usage,gauge,0.1964737595526188,terminal-handler-sim,terminal-handler-pod-0,container-main,payments,staging,,
2026-03-29T04:04:00+00:00,jvm_memory_used_bytes,gauge,300000953,terminal-handler-sim,terminal-handler-pod-0,container-main,payments,staging,,
2026-03-29T04:04:00+00:00,jvm_gc_pause_seconds_sum,gauge,0.10564917805348965,terminal-handler-sim,terminal-handler-pod-0,container-main,payments,staging,,
2026-03-29T04:04:00+00:00,process_cpu_usage,gauge,0.20696115248494357,terminal-handler-sim,terminal-handler-pod-0,container-main,payments,staging,,
2026-03-29T04:05:00+00:00,jvm_memory_used_bytes,gauge,299999229,terminal-handler-sim,terminal-handler-pod-0,container-main,payments,staging,,
2026-03-29T04:05:00+00:00,jvm_gc_pause_seconds_sum,gauge,0.09296874462107067,terminal-handler-sim,terminal-handler-pod-0,container-main,payments,staging,,
2026-03-29T04:05:00+00:00,process_cpu_usage,gauge,0.2065544383225633,terminal-handler-sim,terminal-handler-pod-0,container-main,payments,staging,,
2026-03-29T04:06:00+00:00,jvm_memory_used_bytes,gauge,299999091,terminal-handler-sim,terminal-handler-pod-0,container-main,payments,staging,,
2026-03-29T04:06:00+00:00,jvm_gc_pause_seconds_sum,gauge,0.10198092138801651,terminal-handler-sim,terminal-handler-pod-0,container-main,payments,staging,,
2026-03-29T04:06:00+00:00,process_cpu_usage,gauge,0.19872142160401357,terminal-handler-sim,terminal-handler-pod-0,container-main,payments,staging,,
2026-03-29T04:07:00+00:00,jvm_memory_used_bytes,gauge,299999313,terminal-handler-sim,terminal-handler-pod-0,container-main,payments,staging,,
2026-03-29T04:07:00+00:00,jvm_gc_pause_seconds_sum,gauge,0.093127619235233,terminal-handler-sim,terminal-handler-pod-0,container-main,payments,staging,,
2026-03-29T04:07:00+00:00,process_cpu_usage,gauge,0.19375032947538917,terminal-handler-sim,terminal-handler-pod-0,container-main,payments,staging,,
2026-03-29T04:08:00+00:00,jvm_memory_used_bytes,gauge,300000807,terminal-handler-sim,terminal-handler-pod-0,container-main,payments,staging,,
2026-03-29T04:08:00+00:00,jvm_gc_pause_seconds_sum,gauge,0.09639184275640306,terminal-handler-sim,terminal-handler-pod-0,container-main,payments,staging,,
2026-03-29T04:08:00+00:00,process_cpu_usage,gauge,0.20665494857513633,terminal-handler-sim,terminal-handler-pod-0,container-main,payments,staging,,
2026-03-29T04:09:00+00:00,jvm_memory_used_bytes,gauge,299999741,terminal-handler-sim,terminal-handler-pod-0,container-main,payments,staging,,
2026-03-29T04:09:00+00:00,jvm_gc_pause_seconds_sum,gauge,0.10682214867224099,terminal-handler-sim,terminal-handler-pod-0,container-main,payments,staging,,
2026-03-29T04:09:00+00:00,process_cpu_usage,gauge,0.20064269812023983,terminal-handler-sim,terminal-handler-pod-0,container-main,payments,staging,,
2026-03-29T04:10:00+00:00,jvm_memory_used_bytes,gauge,300000173,terminal-handler-sim,terminal-handler-pod-0,container-main,payments,staging,,
2026-03-29T04:10:00+00:00,jvm_gc_pause_seconds_sum,gauge,0.09750776077846683,terminal-handler-sim,terminal-handler-pod-0,container-main,payments,staging,,
2026-03-29T04:10:00+00:00,process_cpu_usage,gauge,0.20688567527009583,terminal-handler-sim,terminal-handler-pod-0,container-main,payments,staging,,
2026-03-29T04:11:00+00:00,jvm_memory_used_bytes,gauge,300000951,terminal-handler-sim,terminal-handler-pod-0,container-main,payments,staging,,
2026-03-29T04:11:00+00:00,jvm_gc_pause_seconds_sum,gauge,0.10252641483679702,terminal-handler-sim,terminal-handler-pod-0,container-main,payments,staging,,
2026-03-29T04:11:00+00:00,process_cpu_usage,gauge,0.19524015335692366,terminal-handler-sim,terminal-handler-pod-0,container-main,payments,staging,,
2026-03-29T04:12:00+00:00,jvm_memory_used_bytes,gauge,300000697,terminal-handler-sim,terminal-handler-pod-0,container-main,payments,staging,,
2026-03-29T04:12:00+00:00,jvm_gc_pause_seconds_sum,gauge,0.09467577136550732,terminal-handler-sim,terminal-handler-pod-0,container-main,payments,staging,,
2026-03-29T04:12:00+00:00,process_cpu_usage,gauge,0.2087003691647363,terminal-handler-sim,terminal-handler-pod-0,container-main,payments,staging,,
2026-03-29T04:13:00+00:00,jvm_memory_used_bytes,gauge,300000494,terminal-handler-sim,terminal-handler-pod-0,container-main,payments,staging,,
2026-03-29T04:13:00+00:00,jvm_gc_pause_seconds_sum,gauge,0.09166154186120117,terminal-handler-sim,terminal-handler-pod-0,container-main,payments,staging,,
2026-03-29T04:13:00+00:00,process_cpu_usage,gauge,0.19566196527398136,terminal-handler-sim,terminal-handler-pod-0,container-main,payments,staging,,
2026-03-29T04:14:00+00:00,jvm_memory_used_bytes,gauge,299999118,terminal-handler-sim,terminal-handler-pod-0,container-main,payments,staging,,
2026-03-29T04:14:00+00:00,jvm_gc_pause_seconds_sum,gauge,0.10402733091340195,terminal-handler-sim,terminal-handler-pod-0,container-main,payments,staging,,
2026-03-29T04:14:00+00:00,process_cpu_usage,gauge,0.20152047288477523,terminal-handler-sim,terminal-handler-pod-0,container-main,payments,staging,,
2026-03-29T04:15:00+00:00,jvm_memory_used_bytes,gauge,299999428,terminal-handler-sim,terminal-handler-pod-0,container-main,payments,staging,,
2026-03-29T04:15:00+00:00,jvm_gc_pause_seconds_sum,gauge,0.09447593944260704,terminal-handler-sim,terminal-handler-pod-0,container-main,payments,staging,,
2026-03-29T04:15:00+00:00,process_cpu_usage,gauge,0.19133059327482774,terminal-handler-sim,terminal-handler-pod-0,container-main,payments,staging,,
2026-03-29T04:16:00+00:00,jvm_memory_used_bytes,gauge,300000122,terminal-handler-sim,terminal-handler-pod-0,container-main,payments,staging,,
2026-03-29T04:16:00+00:00,jvm_gc_pause_seconds_sum,gauge,0.0932122790480815,terminal-handler-sim,terminal-handler-pod-0,container-main,payments,staging,,
2026-03-29T04:16:00+00:00,process_cpu_usage,gauge,0.20819574147450348,terminal-handler-sim,terminal-handler-pod-0,container-main,payments,staging,,
2026-03-29T04:17:00+00:00,jvm_memory_used_bytes,gauge,300000524,terminal-handler-sim,terminal-handler-pod-0,container-main,payments,staging,,
2026-03-29T04:17:00+00:00,jvm_gc_pause_seconds_sum,gauge,0.10574901150054182,terminal-handler-sim,terminal-handler-pod-0,container-main,payments,staging,,
2026-03-29T04:17:00+00:00,process_cpu_usage,gauge,0.20597096635116022,terminal-handler-sim,terminal-handler-pod-0,container-main,payments,staging,,
2026-03-29T04:18:00+00:00,jvm_memory_used_bytes,gauge,300000514,terminal-handler-sim,terminal-handler-pod-0,container-main,payments,staging,,
2026-03-29T04:18:00+00:00,jvm_gc_pause_seconds_sum,gauge,0.10935608547217775,terminal-handler-sim,terminal-handler-pod-0,container-main,payments,staging,,
2026-03-29T04:18:00+00:00,process_cpu_usage,gauge,0.19670864056129064,terminal-handler-sim,terminal-handler-pod-0,container-main,payments,staging,,
2026-03-29T04:19:00+00:00,jvm_memory_used_bytes,gauge,299999240,terminal-handler-sim,terminal-handler-pod-0,container-main,payments,staging,,
2026-03-29T04:19:00+00:00,jvm_gc_pause_seconds_sum,gauge,0.10650028574919843,terminal-handler-sim,terminal-handler-pod-0,container-main,payments,staging,,
2026-03-29T04:19:00+00:00,process_cpu_usage,gauge,0.20931491786216402,terminal-handler-sim,terminal-handler-pod-0,container-main,payments,staging,,
2026-03-29T04:20:00+00:00,jvm_memory_used_bytes,gauge,300000839,terminal-handler-sim,terminal-handler-pod-0,container-main,payments,staging,,
2026-03-29T04:20:00+00:00,jvm_gc_pause_seconds_sum,gauge,0.10791243852143169,terminal-handler-sim,terminal-handler-pod-0,container-main,payments,staging,,
2026-03-29T04:20:00+00:00,process_cpu_usage,gauge,0.19732951052965175,terminal-handler-sim,terminal-handler-pod-0,container-main,payments,staging,,
2026-03-29T04:21:00+00:00,jvm_memory_used_bytes,gauge,300000382,terminal-handler-sim,terminal-handler-pod-0,container-main,payments,staging,,
2026-03-29T04:21:00+00:00,jvm_gc_pause_seconds_sum,gauge,0.10448167004115742,terminal-handler-sim,terminal-handler-pod-0,container-main,payments,staging,,
2026-03-29T04:21:00+00:00,process_cpu_usage,gauge,0.196600112506766,terminal-handler-sim,terminal-handler-pod-0,container-main,payments,staging,,
2026-03-29T04:22:00+00:00,jvm_memory_used_bytes,gauge,299999577,terminal-handler-sim,terminal-handler-pod-0,container-main,payments,staging,,
2026-03-29T04:22:00+00:00,jvm_gc_pause_seconds_sum,gauge,0.09817524020687496,terminal-handler-sim,terminal-handler-pod-0,container-main,payments,staging,,
2026-03-29T04:22:00+00:00,process_cpu_usage,gauge,0.20653789201649594,terminal-handler-sim,terminal-handler-pod-0,container-main,payments,staging,,
2026-03-29T04:23:00+00:00,jvm_memory_used_bytes,gauge,299999184,terminal-handler-sim,terminal-handler-pod-0,container-main,payments,staging,,
2026-03-29T04:23:00+00:00,jvm_gc_pause_seconds_sum,gauge,0.10245419919439683,terminal-handler-sim,terminal-handler-pod-0,container-main,payments,staging,,
2026-03-29T04:23:00+00:00,process_cpu_usage,gauge,0.20724316290567796,terminal-handler-sim,terminal-handler-pod-0,container-main,payments,staging,,
2026-03-29T04:24:00+00:00,jvm_memory_used_bytes,gauge,299999495,terminal-handler-sim,terminal-handler-pod-0,container-main,payments,staging,,
2026-03-29T04:24:00+00:00,jvm_gc_pause_seconds_sum,gauge,0.09104633056182086,terminal-handler-sim,terminal-handler-pod-0,container-main,payments,staging,,
2026-03-29T04:24:00+00:00,process_cpu_usage,gauge,0.20173743276682962,terminal-handler-sim,terminal-handler-pod-0,container-main,payments,staging,,
2026-03-29T04:25:00+00:00,jvm_memory_used_bytes,gauge,299999337,terminal-handler-sim,terminal-handler-pod-0,container-main,payments,staging,,
2026-03-29T04:25:00+00:00,jvm_gc_pause_seconds_sum,gauge,0.09751721561910037,terminal-handler-sim,terminal-handler-pod-0,container-main,payments,staging,,
2026-03-29T04:25:00+00:00,process_cpu_usage,gauge,0.1963576733168449,terminal-handler-sim,terminal-handler-pod-0,container-main,payments,staging,,
2026-03-29T04:26:00+00:00,jvm_memory_used_bytes,gauge,300000393,terminal-handler-sim,terminal-handler-pod-0,container-main,payments,staging,,
2026-03-29T04:26:00+00:00,jvm_gc_pause_seconds_sum,gauge,0.10868093847233407,terminal-handler-sim,terminal-handler-pod-0,container-main,payments,staging,,
2026-03-29T04:26:00+00:00,process_cpu_usage,gauge,0.19830452175755253,terminal-handler-sim,terminal-handler-pod-0,container-main,payments,staging,,
2026-03-29T04:27:00+00:00,jvm_memory_used_bytes,gauge,300000641,terminal-handler-sim,terminal-handler-pod-0,container-main,payments,staging,,
2026-03-29T04:27:00+00:00,jvm_gc_pause_seconds_sum,gauge,0.10833735130722401,terminal-handler-sim,terminal-handler-pod-0,container-main,payments,staging,,
2026-03-29T04:27:00+00:00,process_cpu_usage,gauge,0.19570893856624974,terminal-handler-sim,terminal-handler-pod-0,container-main,payments,staging,,
2026-03-29T04:28:00+00:00,jvm_memory_used_bytes,gauge,300000636,terminal-handler-sim,terminal-handler-pod-0,container-main,payments,staging,,
2026-03-29T04:28:00+00:00,jvm_gc_pause_seconds_sum,gauge,0.10291314054292702,terminal-handler-sim,terminal-handler-pod-0,container-main,payments,staging,,
2026-03-29T04:28:00+00:00,process_cpu_usage,gauge,0.1941041248257574,terminal-handler-sim,terminal-handler-pod-0,container-main,payments,staging,,
2026-03-29T04:29:00+00:00,jvm_memory_used_bytes,gauge,299999663,terminal-handler-sim,terminal-handler-pod-0,container-main,payments,staging,,
2026-03-29T04:29:00+00:00,jvm_gc_pause_seconds_sum,gauge,0.09251696254386373,terminal-handler-sim,terminal-handler-pod-0,container-main,payments,staging,,
2026-03-29T04:29:00+00:00,process_cpu_usage,gauge,0.2013938753855747,terminal-handler-sim,terminal-handler-pod-0,container-main,payments,staging,,
2026-03-29T04:30:00+00:00,jvm_memory_used_bytes,gauge,299999414,terminal-handler-sim,terminal-handler-pod-0,container-main,payments,staging,,
2026-03-29T04:30:00+00:00,jvm_gc_pause_seconds_sum,gauge,0.10544762419090281,terminal-handler-sim,terminal-handler-pod-0,container-main,payments,staging,,
2026-03-29T04:30:00+00:00,process_cpu_usage,gauge,0.20736969115468673,terminal-handler-sim,terminal-handler-pod-0,container-main,payments,staging,,
2026-03-29T04:31:00+00:00,jvm_memory_used_bytes,gauge,300000078,terminal-handler-sim,terminal-handler-pod-0,container-main,payments,staging,,
2026-03-29T04:31:00+00:00,jvm_gc_pause_seconds_sum,gauge,0.10462232375529473,terminal-handler-sim,terminal-handler-pod-0,container-main,payments,staging,,
2026-03-29T04:31:00+00:00,process_cpu_usage,gauge,0.20388069618979113,terminal-handler-sim,terminal-handler-pod-0,container-main,payments,staging,,
2026-03-29T04:32:00+00:00,jvm_memory_used_bytes,gauge,299999677,terminal-handler-sim,terminal-handler-pod-0,container-main,payments,staging,,
2026-03-29T04:32:00+00:00,jvm_gc_pause_seconds_sum,gauge,0.0988583866860748,terminal-handler-sim,terminal-handler-pod-0,container-main,payments,staging,,
2026-03-29T04:32:00+00:00,process_cpu_usage,gauge,0.20853463498388963,terminal-handler-sim,terminal-handler-pod-0,container-main,payments,staging,,
2026-03-29T04:33:00+00:00,jvm_memory_used_bytes,gauge,300000162,terminal-handler-sim,terminal-handler-pod-0,container-main,payments,staging,,
2026-03-29T04:33:00+00:00,jvm_gc_pause_seconds_sum,gauge,0.09006385647939541,terminal-handler-sim,terminal-handler-pod-0,container-main,payments,staging,,
2026-03-29T04:33:00+00:00,process_cpu_usage,gauge,0.20230271101767686,terminal-handler-sim,terminal-handler-pod-0,container-main,payments,staging,,
2026-03-29T04:34:00+00:00,jvm_memory_used_bytes,gauge,299999034,terminal-handler-sim,terminal-handler-pod-0,container-main,payments,staging,,
2026-03-29T04:34:00+00:00,jvm_gc_pause_seconds_sum,gauge,0.09978415328100078,terminal-handler-sim,terminal-handler-pod-0,container-main,payments,staging,,
2026-03-29T04:34:00+00:00,process_cpu_usage,gauge,0.20777529566983247,terminal-handler-sim,terminal-handler-pod-0,container-main,payments,staging,,
2026-03-29T04:35:00+00:00,jvm_memory_used_bytes,gauge,299999251,terminal-handler-sim,terminal-handler-pod-0,container-main,payments,staging,,
2026-03-29T04:35:00+00:00,jvm_gc_pause_seconds_sum,gauge,0.0999734869441718,terminal-handler-sim,terminal-handler-pod-0,container-main,payments,staging,,
2026-03-29T04:35:00+00:00,process_cpu_usage,gauge,0.19241221321894564,terminal-handler-sim,terminal-handler-pod-0,container-main,payments,staging,,
2026-03-29T04:36:00+00:00,jvm_memory_used_bytes,gauge,300000929,terminal-handler-sim,terminal-handler-pod-0,container-main,payments,staging,,
2026-03-29T04:36:00+00:00,jvm_gc_pause_seconds_sum,gauge,0.0993288763035218,terminal-handler-sim,terminal-handler-pod-0,container-main,payments,staging,,
2026-03-29T04:36:00+00:00,process_cpu_usage,gauge,0.20131761437614745,terminal-handler-sim,terminal-handler-pod-0,container-main,payments,staging,,
2026-03-29T04:37:00+00:00,jvm_memory_used_bytes,gauge,300000749,terminal-handler-sim,terminal-handler-pod-0,container-main,payments,staging,,
2026-03-29T04:37:00+00:00,jvm_gc_pause_seconds_sum,gauge,0.10927410486633055,terminal-handler-sim,terminal-handler-pod-0,container-main,payments,staging,,
2026-03-29T04:37:00+00:00,process_cpu_usage,gauge,0.19560480403987762,terminal-handler-sim,terminal-handler-pod-0,container-main,payments,staging,,
2026-03-29T04:38:00+00:00,jvm_memory_used_bytes,gauge,299999171,terminal-handler-sim,terminal-handler-pod-0,container-main,payments,staging,,
2026-03-29T04:38:00+00:00,jvm_gc_pause_seconds_sum,gauge,0.10808190043933658,terminal-handler-sim,terminal-handler-pod-0,container-main,payments,staging,,
2026-03-29T04:38:00+00:00,process_cpu_usage,gauge,0.19778211463762416,terminal-handler-sim,terminal-handler-pod-0,container-main,payments,staging,,
2026-03-29T04:39:00+00:00,jvm_memory_used_bytes,gauge,299999117,terminal-handler-sim,terminal-handler-pod-0,container-main,payments,staging,,
2026-03-29T04:39:00+00:00,jvm_gc_pause_seconds_sum,gauge,0.09972645438806778,terminal-handler-sim,terminal-handler-pod-0,container-main,payments,staging,,
2026-03-29T04:39:00+00:00,process_cpu_usage,gauge,0.2053786685692768,terminal-handler-sim,terminal-handler-pod-0,container-main,payments,staging,,
2026-03-29T04:40:00+00:00,jvm_memory_used_bytes,gauge,299999535,terminal-handler-sim,terminal-handler-pod-0,container-main,payments,staging,,
2026-03-29T04:40:00+00:00,jvm_gc_pause_seconds_sum,gauge,0.0932718346951743,terminal-handler-sim,terminal-handler-pod-0,container-main,payments,staging,,
2026-03-29T04:40:00+00:00,process_cpu_usage,gauge,0.1962459960457777,terminal-handler-sim,terminal-handler-pod-0,container-main,payments,staging,,
2026-03-29T04:41:00+00:00,jvm_memory_used_bytes,gauge,300000774,terminal-handler-sim,terminal-handler-pod-0,container-main,payments,staging,,
2026-03-29T04:41:00+00:00,jvm_gc_pause_seconds_sum,gauge,0.09596230989287627,terminal-handler-sim,terminal-handler-pod-0,container-main,payments,staging,,
2026-03-29T04:41:00+00:00,process_cpu_usage,gauge,0.20631765925033746,terminal-handler-sim,terminal-handler-pod-0,container-main,payments,staging,,
2026-03-29T04:42:00+00:00,jvm_memory_used_bytes,gauge,299999122,terminal-handler-sim,terminal-handler-pod-0,container-main,payments,staging,,
2026-03-29T04:42:00+00:00,jvm_gc_pause_seconds_sum,gauge,0.10189287515080543,terminal-handler-sim,terminal-handler-pod-0,container-main,payments,staging,,
2026-03-29T04:42:00+00:00,process_cpu_usage,gauge,0.20707936020400972,terminal-handler-sim,terminal-handler-pod-0,container-main,payments,staging,,
2026-03-29T04:43:00+00:00,jvm_memory_used_bytes,gauge,300000102,terminal-handler-sim,terminal-handler-pod-0,container-main,payments,staging,,
2026-03-29T04:43:00+00:00,jvm_gc_pause_seconds_sum,gauge,0.10989233064504912,terminal-handler-sim,terminal-handler-pod-0,container-main,payments,staging,,
2026-03-29T04:43:00+00:00,process_cpu_usage,gauge,0.20328738095023463,terminal-handler-sim,terminal-handler-pod-0,container-main,payments,staging,,
2026-03-29T04:44:00+00:00,jvm_memory_used_bytes,gauge,299999041,terminal-handler-sim,terminal-handler-pod-0,container-main,payments,staging,,
2026-03-29T04:44:00+00:00,jvm_gc_pause_seconds_sum,gauge,0.09245508381729096,terminal-handler-sim,terminal-handler-pod-0,container-main,payments,staging,,
2026-03-29T04:44:00+00:00,process_cpu_usage,gauge,0.19152051593411898,terminal-handler-sim,terminal-handler-pod-0,container-main,payments,staging,,
2026-03-29T04:45:00+00:00,jvm_memory_used_bytes,gauge,299999080,terminal-handler-sim,terminal-handler-pod-0,container-main,payments,staging,,
2026-03-29T04:45:00+00:00,jvm_gc_pause_seconds_sum,gauge,0.10785833068509393,terminal-handler-sim,terminal-handler-pod-0,container-main,payments,staging,,
2026-03-29T04:45:00+00:00,process_cpu_usage,gauge,0.2095076004430727,terminal-handler-sim,terminal-handler-pod-0,container-main,payments,staging,,
2026-03-29T04:46:00+00:00,jvm_memory_used_bytes,gauge,300000134,terminal-handler-sim,terminal-handler-pod-0,container-main,payments,staging,,
2026-03-29T04:46:00+00:00,jvm_gc_pause_seconds_sum,gauge,0.10761473957811635,terminal-handler-sim,terminal-handler-pod-0,container-main,payments,staging,,
2026-03-29T04:46:00+00:00,process_cpu_usage,gauge,0.20672102835869655,terminal-handler-sim,terminal-handler-pod-0,container-main,payments,staging,,
2026-03-29T04:47:00+00:00,jvm_memory_used_bytes,gauge,299999877,terminal-handler-sim,terminal-handler-pod-0,container-main,payments,staging,,
2026-03-29T04:47:00+00:00,jvm_gc_pause_seconds_sum,gauge,0.10133085888111236,terminal-handler-sim,terminal-handler-pod-0,container-main,payments,staging,,
2026-03-29T04:47:00+00:00,process_cpu_usage,gauge,0.20489192470694037,terminal-handler-sim,terminal-handler-pod-0,container-main,payments,staging,,
2026-03-29T04:48:00+00:00,jvm_memory_used_bytes,gauge,299999786,terminal-handler-sim,terminal-handler-pod-0,container-main,payments,staging,,
2026-03-29T04:48:00+00:00,jvm_gc_pause_seconds_sum,gauge,0.09651954573949992,terminal-handler-sim,terminal-handler-pod-0,container-main,payments,staging,,
2026-03-29T04:48:00+00:00,process_cpu_usage,gauge,0.20062093920436697,terminal-handler-sim,terminal-handler-pod-0,container-main,payments,staging,,
2026-03-29T04:49:00+00:00,jvm_memory_used_bytes,gauge,300000880,terminal-handler-sim,terminal-handler-pod-0,container-main,payments,staging,,
2026-03-29T04:49:00+00:00,jvm_gc_pause_seconds_sum,gauge,0.0917683420458098,terminal-handler-sim,terminal-handler-pod-0,container-main,payments,staging,,
2026-03-29T04:49:00+00:00,process_cpu_usage,gauge,0.20435248313556728,terminal-handler-sim,terminal-handler-pod-0,container-main,payments,staging,,
2026-03-29T04:50:00+00:00,jvm_memory_used_bytes,gauge,300000651,terminal-handler-sim,terminal-handler-pod-0,container-main,payments,staging,,
2026-03-29T04:50:00+00:00,jvm_gc_pause_seconds_sum,gauge,0.10275644677693756,terminal-handler-sim,terminal-handler-pod-0,container-main,payments,staging,,
2026-03-29T04:50:00+00:00,process_cpu_usage,gauge,0.19218691133085541,terminal-handler-sim,terminal-handler-pod-0,container-main,payments,staging,,
2026-03-29T04:51:00+00:00,jvm_memory_used_bytes,gauge,300000877,terminal-handler-sim,terminal-handler-pod-0,container-main,payments,staging,,
2026-03-29T04:51:00+00:00,jvm_gc_pause_seconds_sum,gauge,0.10281150295164437,terminal-handler-sim,terminal-handler-pod-0,container-main,payments,staging,,
2026-03-29T04:51:00+00:00,process_cpu_usage,gauge,0.20726537453996988,terminal-handler-sim,terminal-handler-pod-0,container-main,payments,staging,,
2026-03-29T04:52:00+00:00,jvm_memory_used_bytes,gauge,300000154,terminal-handler-sim,terminal-handler-pod-0,container-main,payments,staging,,
2026-03-29T04:52:00+00:00,jvm_gc_pause_seconds_sum,gauge,0.09860204484395402,terminal-handler-sim,terminal-handler-pod-0,container-main,payments,staging,,
2026-03-29T04:52:00+00:00,process_cpu_usage,gauge,0.1960531404218237,terminal-handler-sim,terminal-handler-pod-0,container-main,payments,staging,,
2026-03-29T04:53:00+00:00,jvm_memory_used_bytes,gauge,300000221,terminal-handler-sim,terminal-handler-pod-0,container-main,payments,staging,,
2026-03-29T04:53:00+00:00,jvm_gc_pause_seconds_sum,gauge,0.10185456441946072,terminal-handler-sim,terminal-handler-pod-0,container-main,payments,staging,,
2026-03-29T04:53:00+00:00,process_cpu_usage,gauge,0.2006322818584224,terminal-handler-sim,terminal-handler-pod-0,container-main,payments,staging,,
2026-03-29T04:54:00+00:00,jvm_memory_used_bytes,gauge,300000559,terminal-handler-sim,terminal-handler-pod-0,container-main,payments,staging,,
2026-03-29T04:54:00+00:00,jvm_gc_pause_seconds_sum,gauge,0.09584507959278028,terminal-handler-sim,terminal-handler-pod-0,container-main,payments,staging,,
2026-03-29T04:54:00+00:00,process_cpu_usage,gauge,0.2082465021566362,terminal-handler-sim,terminal-handler-pod-0,container-main,payments,staging,,
2026-03-29T04:55:00+00:00,jvm_memory_used_bytes,gauge,299999113,terminal-handler-sim,terminal-handler-pod-0,container-main,payments,staging,,
2026-03-29T04:55:00+00:00,jvm_gc_pause_seconds_sum,gauge,0.0987715952332996,terminal-handler-sim,terminal-handler-pod-0,container-main,payments,staging,,
2026-03-29T04:55:00+00:00,process_cpu_usage,gauge,0.20511173030646726,terminal-handler-sim,terminal-handler-pod-0,container-main,payments,staging,,
2026-03-29T04:56:00+00:00,jvm_memory_used_bytes,gauge,300000586,terminal-handler-sim,terminal-handler-pod-0,container-main,payments,staging,,
2026-03-29T04:56:00+00:00,jvm_gc_pause_seconds_sum,gauge,0.0914377595007436,terminal-handler-sim,terminal-handler-pod-0,container-main,payments,staging,,
2026-03-29T04:56:00+00:00,process_cpu_usage,gauge,0.2063695652543975,terminal-handler-sim,terminal-handler-pod-0,container-main,payments,staging,,
2026-03-29T04:57:00+00:00,jvm_memory_used_bytes,gauge,299999483,terminal-handler-sim,terminal-handler-pod-0,container-main,payments,staging,,
2026-03-29T04:57:00+00:00,jvm_gc_pause_seconds_sum,gauge,0.09938876334940873,terminal-handler-sim,terminal-handler-pod-0,container-main,payments,staging,,
2026-03-29T04:57:00+00:00,process_cpu_usage,gauge,0.19514781930702593,terminal-handler-sim,terminal-handler-pod-0,container-main,payments,staging,,
2026-03-29T04:58:00+00:00,jvm_memory_used_bytes,gauge,299999958,terminal-handler-sim,terminal-handler-pod-0,container-main,payments,staging,,
2026-03-29T04:58:00+00:00,jvm_gc_pause_seconds_sum,gauge,0.10056999133434448,terminal-handler-sim,terminal-handler-pod-0,container-main,payments,staging,,
2026-03-29T04:58:00+00:00,process_cpu_usage,gauge,0.19368771229390197,terminal-handler-sim,terminal-handler-pod-0,container-main,payments,staging,,
2026-03-29T04:59:00+00:00,jvm_memory_used_bytes,gauge,300000473,terminal-handler-sim,terminal-handler-pod-0,container-main,payments,staging,,
2026-03-29T04:59:00+00:00,jvm_gc_pause_seconds_sum,gauge,0.09855468509623119,terminal-handler-sim,terminal-handler-pod-0,container-main,payments,staging,,
2026-03-29T04:59:00+00:00,process_cpu_usage,gauge,0.19656551345677464,terminal-handler-sim,terminal-handler-pod-0,container-main,payments,staging,,
2026-03-29T05:00:00+00:00,jvm_memory_used_bytes,gauge,299999139,terminal-handler-sim,terminal-handler-pod-0,container-main,payments,staging,,
2026-03-29T05:00:00+00:00,jvm_gc_pause_seconds_sum,gauge,0.10577730587793252,terminal-handler-sim,terminal-handler-pod-0,container-main,payments,staging,,
2026-03-29T05:00:00+00:00,process_cpu_usage,gauge,0.19368756433651227,terminal-handler-sim,terminal-handler-pod-0,container-main,payments,staging,,
2026-03-29T05:01:00+00:00,jvm_memory_used_bytes,gauge,299999958,terminal-handler-sim,terminal-handler-pod-0,container-main,payments,staging,,
2026-03-29T05:01:00+00:00,jvm_gc_pause_seconds_sum,gauge,0.10079593692566474,terminal-handler-sim,terminal-handler-pod-0,container-main,payments,staging,,
2026-03-29T05:01:00+00:00,process_cpu_usage,gauge,0.19245724430884997,terminal-handler-sim,terminal-handler-pod-0,container-main,payments,staging,,
2026-03-29T05:02:00+00:00,jvm_memory_used_bytes,gauge,299999493,terminal-handler-sim,terminal-handler-pod-0,container-main,payments,staging,,
2026-03-29T05:02:00+00:00,jvm_gc_pause_seconds_sum,gauge,0.09751871126155084,terminal-handler-sim,terminal-handler-pod-0,container-main,payments,staging,,
2026-03-29T05:02:00+00:00,process_cpu_usage,gauge,0.19794347435873355,terminal-handler-sim,terminal-handler-pod-0,container-main,payments,staging,,
2026-03-29T05:03:00+00:00,jvm_memory_used_bytes,gauge,299999040,terminal-handler-sim,terminal-handler-pod-0,container-main,payments,staging,,
2026-03-29T05:03:00+00:00,jvm_gc_pause_seconds_sum,gauge,0.10463265974197596,terminal-handler-sim,terminal-handler-pod-0,container-main,payments,staging,,
2026-03-29T05:03:00+00:00,process_cpu_usage,gauge,0.2041750017403453,terminal-handler-sim,terminal-handler-pod-0,container-main,payments,staging,,
2026-03-29T05:04:00+00:00,jvm_memory_used_bytes,gauge,299999450,terminal-handler-sim,terminal-handler-pod-0,container-main,payments,staging,,
2026-03-29T05:04:00+00:00,jvm_gc_pause_seconds_sum,gauge,0.10972075152931658,terminal-handler-sim,terminal-handler-pod-0,container-main,payments,staging,,
2026-03-29T05:04:00+00:00,process_cpu_usage,gauge,0.20900301723950446,terminal-handler-sim,terminal-handler-pod-0,container-main,payments,staging,,
2026-03-29T05:05:00+00:00,jvm_memory_used_bytes,gauge,300000718,terminal-handler-sim,terminal-handler-pod-0,container-main,payments,staging,,
2026-03-29T05:05:00+00:00,jvm_gc_pause_seconds_sum,gauge,0.10868289055313911,terminal-handler-sim,terminal-handler-pod-0,container-main,payments,staging,,
2026-03-29T05:05:00+00:00,process_cpu_usage,gauge,0.19475631670368745,terminal-handler-sim,terminal-handler-pod-0,container-main,payments,staging,,
2026-03-29T05:06:00+00:00,jvm_memory_used_bytes,gauge,300000032,terminal-handler-sim,terminal-handler-pod-0,container-main,payments,staging,,
2026-03-29T05:06:00+00:00,jvm_gc_pause_seconds_sum,gauge,0.09194960917320688,terminal-handler-sim,terminal-handler-pod-0,container-main,payments,staging,,
2026-03-29T05:06:00+00:00,process_cpu_usage,gauge,0.19146728061305057,terminal-handler-sim,terminal-handler-pod-0,container-main,payments,staging,,
2026-03-29T05:07:00+00:00,jvm_memory_used_bytes,gauge,300000727,terminal-handler-sim,terminal-handler-pod-0,container-main,payments,staging,,
2026-03-29T05:07:00+00:00,jvm_gc_pause_seconds_sum,gauge,0.09657232568473169,terminal-handler-sim,terminal-handler-pod-0,container-main,payments,staging,,
2026-03-29T05:07:00+00:00,process_cpu_usage,gauge,0.19740834926999365,terminal-handler-sim,terminal-handler-pod-0,container-main,payments,staging,,
2026-03-29T05:08:00+00:00,jvm_memory_used_bytes,gauge,300000114,terminal-handler-sim,terminal-handler-pod-0,container-main,payments,staging,,
2026-03-29T05:08:00+00:00,jvm_gc_pause_seconds_sum,gauge,0.10473956714343677,terminal-handler-sim,terminal-handler-pod-0,container-main,payments,staging,,
2026-03-29T05:08:00+00:00,process_cpu_usage,gauge,0.19522443659333158,terminal-handler-sim,terminal-handler-pod-0,container-main,payments,staging,,
2026-03-29T05:09:00+00:00,jvm_memory_used_bytes,gauge,300000134,terminal-handler-sim,terminal-handler-pod-0,container-main,payments,staging,,
2026-03-29T05:09:00+00:00,jvm_gc_pause_seconds_sum,gauge,0.1041658280250434,terminal-handler-sim,terminal-handler-pod-0,container-main,payments,staging,,
2026-03-29T05:09:00+00:00,process_cpu_usage,gauge,0.20380184896573353,terminal-handler-sim,terminal-handler-pod-0,container-main,payments,staging,,
2026-03-29T05:10:00+00:00,jvm_memory_used_bytes,gauge,300000639,terminal-handler-sim,terminal-handler-pod-0,container-main,payments,staging,,
2026-03-29T05:10:00+00:00,jvm_gc_pause_seconds_sum,gauge,0.0990304620621785,terminal-handler-sim,terminal-handler-pod-0,container-main,payments,staging,,
2026-03-29T05:10:00+00:00,process_cpu_usage,gauge,0.197008102952942,terminal-handler-sim,terminal-handler-pod-0,container-main,payments,staging,,
2026-03-29T05:11:00+00:00,jvm_memory_used_bytes,gauge,300000801,terminal-handler-sim,terminal-handler-pod-0,container-main,payments,staging,,
2026-03-29T05:11:00+00:00,jvm_gc_pause_seconds_sum,gauge,0.09616803594854288,terminal-handler-sim,terminal-handler-pod-0,container-main,payments,staging,,
2026-03-29T05:11:00+00:00,process_cpu_usage,gauge,0.19904202520782638,terminal-handler-sim,terminal-handler-pod-0,container-main,payments,staging,,
2026-03-29T05:12:00+00:00,jvm_memory_used_bytes,gauge,300000059,terminal-handler-sim,terminal-handler-pod-0,container-main,payments,staging,,
2026-03-29T05:12:00+00:00,jvm_gc_pause_seconds_sum,gauge,0.10436737310893093,terminal-handler-sim,terminal-handler-pod-0,container-main,payments,staging,,
2026-03-29T05:12:00+00:00,process_cpu_usage,gauge,0.1976350061876361,terminal-handler-sim,terminal-handler-pod-0,container-main,payments,staging,,
2026-03-29T05:13:00+00:00,jvm_memory_used_bytes,gauge,299999009,terminal-handler-sim,terminal-handler-pod-0,container-main,payments,staging,,
2026-03-29T05:13:00+00:00,jvm_gc_pause_seconds_sum,gauge,0.09776071981604557,terminal-handler-sim,terminal-handler-pod-0,container-main,payments,staging,,
2026-03-29T05:13:00+00:00,process_cpu_usage,gauge,0.19352935708619096,terminal-handler-sim,terminal-handler-pod-0,container-main,payments,staging,,
2026-03-29T05:14:00+00:00,jvm_memory_used_bytes,gauge,299999643,terminal-handler-sim,terminal-handler-pod-0,container-main,payments,staging,,
2026-03-29T05:14:00+00:00,jvm_gc_pause_seconds_sum,gauge,0.09867193100085786,terminal-handler-sim,terminal-handler-pod-0,container-main,payments,staging,,
2026-03-29T05:14:00+00:00,process_cpu_usage,gauge,0.1925982202255797,terminal-handler-sim,terminal-handler-pod-0,container-main,payments,staging,,
2026-03-29T05:15:00+00:00,jvm_memory_used_bytes,gauge,300000739,terminal-handler-sim,terminal-handler-pod-0,container-main,payments,staging,,
2026-03-29T05:15:00+00:00,jvm_gc_pause_seconds_sum,gauge,0.09185749034839508,terminal-handler-sim,terminal-handler-pod-0,container-main,payments,staging,,
2026-03-29T05:15:00+00:00,process_cpu_usage,gauge,0.20444680273768162,terminal-handler-sim,terminal-handler-pod-0,container-main,payments,staging,,
2026-03-29T05:16:00+00:00,jvm_memory_used_bytes,gauge,299999099,terminal-handler-sim,terminal-handler-pod-0,container-main,payments,staging,,
2026-03-29T05:16:00+00:00,jvm_gc_pause_seconds_sum,gauge,0.09854904959577201,terminal-handler-sim,terminal-handler-pod-0,container-main,payments,staging,,
2026-03-29T05:16:00+00:00,process_cpu_usage,gauge,0.19892797570559775,terminal-handler-sim,terminal-handler-pod-0,container-main,payments,staging,,
2026-03-29T05:17:00+00:00,jvm_memory_used_bytes,gauge,299999246,terminal-handler-sim,terminal-handler-pod-0,container-main,payments,staging,,
2026-03-29T05:17:00+00:00,jvm_gc_pause_seconds_sum,gauge,0.09033419546539963,terminal-handler-sim,terminal-handler-pod-0,container-main,payments,staging,,
2026-03-29T05:17:00+00:00,process_cpu_usage,gauge,0.1923289405689828,terminal-handler-sim,terminal-handler-pod-0,container-main,payments,staging,,
2026-03-29T05:18:00+00:00,jvm_memory_used_bytes,gauge,300000464,terminal-handler-sim,terminal-handler-pod-0,container-main,payments,staging,,
2026-03-29T05:18:00+00:00,jvm_gc_pause_seconds_sum,gauge,0.10811286111377147,terminal-handler-sim,terminal-handler-pod-0,container-main,payments,staging,,
2026-03-29T05:18:00+00:00,process_cpu_usage,gauge,0.19184468912608343,terminal-handler-sim,terminal-handler-pod-0,container-main,payments,staging,,
2026-03-29T05:19:00+00:00,jvm_memory_used_bytes,gauge,299999430,terminal-handler-sim,terminal-handler-pod-0,container-main,payments,staging,,
2026-03-29T05:19:00+00:00,jvm_gc_pause_seconds_sum,gauge,0.09415197333252175,terminal-handler-sim,terminal-handler-pod-0,container-main,payments,staging,,
2026-03-29T05:19:00+00:00,process_cpu_usage,gauge,0.1931003922161033,terminal-handler-sim,terminal-handler-pod-0,container-main,payments,staging,,
2026-03-29T05:20:00+00:00,jvm_memory_used_bytes,gauge,299999508,terminal-handler-sim,terminal-handler-pod-0,container-main,payments,staging,,
2026-03-29T05:20:00+00:00,jvm_gc_pause_seconds_sum,gauge,0.10386678083531398,terminal-handler-sim,terminal-handler-pod-0,container-main,payments,staging,,
2026-03-29T05:20:00+00:00,process_cpu_usage,gauge,0.19622476565669508,terminal-handler-sim,terminal-handler-pod-0,container-main,payments,staging,,
2026-03-29T05:21:00+00:00,jvm_memory_used_bytes,gauge,300000361,terminal-handler-sim,terminal-handler-pod-0,container-main,payments,staging,,
2026-03-29T05:21:00+00:00,jvm_gc_pause_seconds_sum,gauge,0.09850312301090271,terminal-handler-sim,terminal-handler-pod-0,container-main,payments,staging,,
2026-03-29T05:21:00+00:00,process_cpu_usage,gauge,0.20748548327907293,terminal-handler-sim,terminal-handler-pod-0,container-main,payments,staging,,
2026-03-29T05:22:00+00:00,jvm_memory_used_bytes,gauge,300000490,terminal-handler-sim,terminal-handler-pod-0,container-main,payments,staging,,
2026-03-29T05:22:00+00:00,jvm_gc_pause_seconds_sum,gauge,0.09661379497772271,terminal-handler-sim,terminal-handler-pod-0,container-main,payments,staging,,
2026-03-29T05:22:00+00:00,process_cpu_usage,gauge,0.2039080581565573,terminal-handler-sim,terminal-handler-pod-0,container-main,payments,staging,,
2026-03-29T05:23:00+00:00,jvm_memory_used_bytes,gauge,299999994,terminal-handler-sim,terminal-handler-pod-0,container-main,payments,staging,,
2026-03-29T05:23:00+00:00,jvm_gc_pause_seconds_sum,gauge,0.0908307049796336,terminal-handler-sim,terminal-handler-pod-0,container-main,payments,staging,,
2026-03-29T05:23:00+00:00,process_cpu_usage,gauge,0.19165188861009275,terminal-handler-sim,terminal-handler-pod-0,container-main,payments,staging,,
2026-03-29T05:24:00+00:00,jvm_memory_used_bytes,gauge,299999752,terminal-handler-sim,terminal-handler-pod-0,container-main,payments,staging,,
2026-03-29T05:24:00+00:00,jvm_gc_pause_seconds_sum,gauge,0.10340327434635559,terminal-handler-sim,terminal-handler-pod-0,container-main,payments,staging,,
2026-03-29T05:24:00+00:00,process_cpu_usage,gauge,0.20460383274804936,terminal-handler-sim,terminal-handler-pod-0,container-main,payments,staging,,
2026-03-29T05:25:00+00:00,jvm_memory_used_bytes,gauge,300000106,terminal-handler-sim,terminal-handler-pod-0,container-main,payments,staging,,
2026-03-29T05:25:00+00:00,jvm_gc_pause_seconds_sum,gauge,0.10325247732709021,terminal-handler-sim,terminal-handler-pod-0,container-main,payments,staging,,
2026-03-29T05:25:00+00:00,process_cpu_usage,gauge,0.20988240008949516,terminal-handler-sim,terminal-handler-pod-0,container-main,payments,staging,,
2026-03-29T05:26:00+00:00,jvm_memory_used_bytes,gauge,300000401,terminal-handler-sim,terminal-handler-pod-0,container-main,payments,staging,,
2026-03-29T05:26:00+00:00,jvm_gc_pause_seconds_sum,gauge,0.10622163713637886,terminal-handler-sim,terminal-handler-pod-0,container-main,payments,staging,,
2026-03-29T05:26:00+00:00,process_cpu_usage,gauge,0.19540324242598625,terminal-handler-sim,terminal-handler-pod-0,container-main,payments,staging,,
2026-03-29T05:27:00+00:00,jvm_memory_used_bytes,gauge,299999142,terminal-handler-sim,terminal-handler-pod-0,container-main,payments,staging,,
2026-03-29T05:27:00+00:00,jvm_gc_pause_seconds_sum,gauge,0.09942906877753738,terminal-handler-sim,terminal-handler-pod-0,container-main,payments,staging,,
2026-03-29T05:27:00+00:00,process_cpu_usage,gauge,0.19409848348540382,terminal-handler-sim,terminal-handler-pod-0,container-main,payments,staging,,
2026-03-29T05:28:00+00:00,jvm_memory_used_bytes,gauge,299999668,terminal-handler-sim,terminal-handler-pod-0,container-main,payments,staging,,
2026-03-29T05:28:00+00:00,jvm_gc_pause_seconds_sum,gauge,0.09597877328224448,terminal-handler-sim,terminal-handler-pod-0,container-main,payments,staging,,
2026-03-29T05:28:00+00:00,process_cpu_usage,gauge,0.19335287087179331,terminal-handler-sim,terminal-handler-pod-0,container-main,payments,staging,,
2026-03-29T05:29:00+00:00,jvm_memory_used_bytes,gauge,299999300,terminal-handler-sim,terminal-handler-pod-0,container-main,payments,staging,,
2026-03-29T05:29:00+00:00,jvm_gc_pause_seconds_sum,gauge,0.10931178003468188,terminal-handler-sim,terminal-handler-pod-0,container-main,payments,staging,,
2026-03-29T05:29:00+00:00,process_cpu_usage,gauge,0.20925565108766775,terminal-handler-sim,terminal-handler-pod-0,container-main,payments,staging,,
2026-03-29T05:30:00+00:00,jvm_memory_used_bytes,gauge,299999038,terminal-handler-sim,terminal-handler-pod-0,container-main,payments,staging,,
2026-03-29T05:30:00+00:00,jvm_gc_pause_seconds_sum,gauge,0.10872587063832438,terminal-handler-sim,terminal-handler-pod-0,container-main,payments,staging,,
2026-03-29T05:30:00+00:00,process_cpu_usage,gauge,0.19352393356244801,terminal-handler-sim,terminal-handler-pod-0,container-main,payments,staging,,
2026-03-29T05:31:00+00:00,jvm_memory_used_bytes,gauge,300000990,terminal-handler-sim,terminal-handler-pod-0,container-main,payments,staging,,
2026-03-29T05:31:00+00:00,jvm_gc_pause_seconds_sum,gauge,0.09924701319100805,terminal-handler-sim,terminal-handler-pod-0,container-main,payments,staging,,
2026-03-29T05:31:00+00:00,process_cpu_usage,gauge,0.19596903960967824,terminal-handler-sim,terminal-handler-pod-0,container-main,payments,staging,,
2026-03-29T05:32:00+00:00,jvm_memory_used_bytes,gauge,299999694,terminal-handler-sim,terminal-handler-pod-0,container-main,payments,staging,,
2026-03-29T05:32:00+00:00,jvm_gc_pause_seconds_sum,gauge,0.10586293860945173,terminal-handler-sim,terminal-handler-pod-0,container-main,payments,staging,,
2026-03-29T05:32:00+00:00,process_cpu_usage,gauge,0.19610826670163012,terminal-handler-sim,terminal-handler-pod-0,container-main,payments,staging,,
2026-03-29T05:33:00+00:00,jvm_memory_used_bytes,gauge,299999339,terminal-handler-sim,terminal-handler-pod-0,container-main,payments,staging,,
2026-03-29T05:33:00+00:00,jvm_gc_pause_seconds_sum,gauge,0.10819143258700643,terminal-handler-sim,terminal-handler-pod-0,container-main,payments,staging,,
2026-03-29T05:33:00+00:00,process_cpu_usage,gauge,0.20561501670106483,terminal-handler-sim,terminal-handler-pod-0,container-main,payments,staging,,
2026-03-29T05:34:00+00:00,jvm_memory_used_bytes,gauge,300000021,terminal-handler-sim,terminal-handler-pod-0,container-main,payments,staging,,
2026-03-29T05:34:00+00:00,jvm_gc_pause_seconds_sum,gauge,0.0904257191922445,terminal-handler-sim,terminal-handler-pod-0,container-main,payments,staging,,
2026-03-29T05:34:00+00:00,process_cpu_usage,gauge,0.19142770313132268,terminal-handler-sim,terminal-handler-pod-0,container-main,payments,staging,,
2026-03-29T05:35:00+00:00,jvm_memory_used_bytes,gauge,300000006,terminal-handler-sim,terminal-handler-pod-0,container-main,payments,staging,,
2026-03-29T05:35:00+00:00,jvm_gc_pause_seconds_sum,gauge,0.1057588071711443,terminal-handler-sim,terminal-handler-pod-0,container-main,payments,staging,,
2026-03-29T05:35:00+00:00,process_cpu_usage,gauge,0.19414163341464508,terminal-handler-sim,terminal-handler-pod-0,container-main,payments,staging,,
2026-03-29T05:36:00+00:00,jvm_memory_used_bytes,gauge,300000538,terminal-handler-sim,terminal-handler-pod-0,container-main,payments,staging,,
2026-03-29T05:36:00+00:00,jvm_gc_pause_seconds_sum,gauge,0.09065537571380813,terminal-handler-sim,terminal-handler-pod-0,container-main,payments,staging,,
2026-03-29T05:36:00+00:00,process_cpu_usage,gauge,0.19449539243586156,terminal-handler-sim,terminal-handler-pod-0,container-main,payments,staging,,
2026-03-29T05:37:00+00:00,jvm_memory_used_bytes,gauge,299999257,terminal-handler-sim,terminal-handler-pod-0,container-main,payments,staging,,
2026-03-29T05:37:00+00:00,jvm_gc_pause_seconds_sum,gauge,0.1030626231683628,terminal-handler-sim,terminal-handler-pod-0,container-main,payments,staging,,
2026-03-29T05:37:00+00:00,process_cpu_usage,gauge,0.19164491412064685,terminal-handler-sim,terminal-handler-pod-0,container-main,payments,staging,,
2026-03-29T05:38:00+00:00,jvm_memory_used_bytes,gauge,300000657,terminal-handler-sim,terminal-handler-pod-0,container-main,payments,staging,,
2026-03-29T05:38:00+00:00,jvm_gc_pause_seconds_sum,gauge,0.10633820359851896,terminal-handler-sim,terminal-handler-pod-0,container-main,payments,staging,,
2026-03-29T05:38:00+00:00,process_cpu_usage,gauge,0.1946092134923809,terminal-handler-sim,terminal-handler-pod-0,container-main,payments,staging,,
2026-03-29T05:39:00+00:00,jvm_memory_used_bytes,gauge,300000238,terminal-handler-sim,terminal-handler-pod-0,container-main,payments,staging,,
2026-03-29T05:39:00+00:00,jvm_gc_pause_seconds_sum,gauge,0.09436199139280033,terminal-handler-sim,terminal-handler-pod-0,container-main,payments,staging,,
2026-03-29T05:39:00+00:00,process_cpu_usage,gauge,0.20838486794607372,terminal-handler-sim,terminal-handler-pod-0,container-main,payments,staging,,
2026-03-29T05:40:00+00:00,jvm_memory_used_bytes,gauge,300000633,terminal-handler-sim,terminal-handler-pod-0,container-main,payments,staging,,
2026-03-29T05:40:00+00:00,jvm_gc_pause_seconds_sum,gauge,0.09210669618988152,terminal-handler-sim,terminal-handler-pod-0,container-main,payments,staging,,
2026-03-29T05:40:00+00:00,process_cpu_usage,gauge,0.19383240406458777,terminal-handler-sim,terminal-handler-pod-0,container-main,payments,staging,,
2026-03-29T05:41:00+00:00,jvm_memory_used_bytes,gauge,300000307,terminal-handler-sim,terminal-handler-pod-0,container-main,payments,staging,,
2026-03-29T05:41:00+00:00,jvm_gc_pause_seconds_sum,gauge,0.0934619296213763,terminal-handler-sim,terminal-handler-pod-0,container-main,payments,staging,,
2026-03-29T05:41:00+00:00,process_cpu_usage,gauge,0.2002990428827424,terminal-handler-sim,terminal-handler-pod-0,container-main,payments,staging,,
2026-03-29T05:42:00+00:00,jvm_memory_used_bytes,gauge,300000314,terminal-handler-sim,terminal-handler-pod-0,container-main,payments,staging,,
2026-03-29T05:42:00+00:00,jvm_gc_pause_seconds_sum,gauge,0.09024451638279327,terminal-handler-sim,terminal-handler-pod-0,container-main,payments,staging,,
2026-03-29T05:42:00+00:00,process_cpu_usage,gauge,0.20069440999562835,terminal-handler-sim,terminal-handler-pod-0,container-main,payments,staging,,
2026-03-29T05:43:00+00:00,jvm_memory_used_bytes,gauge,300000548,terminal-handler-sim,terminal-handler-pod-0,container-main,payments,staging,,
2026-03-29T05:43:00+00:00,jvm_gc_pause_seconds_sum,gauge,0.09678704414505726,terminal-handler-sim,terminal-handler-pod-0,container-main,payments,staging,,
2026-03-29T05:43:00+00:00,process_cpu_usage,gauge,0.19271288644838086,terminal-handler-sim,terminal-handler-pod-0,container-main,payments,staging,,
2026-03-29T05:44:00+00:00,jvm_memory_used_bytes,gauge,300000022,terminal-handler-sim,terminal-handler-pod-0,container-main,payments,staging,,
2026-03-29T05:44:00+00:00,jvm_gc_pause_seconds_sum,gauge,0.09442632479520763,terminal-handler-sim,terminal-handler-pod-0,container-main,payments,staging,,
2026-03-29T05:44:00+00:00,process_cpu_usage,gauge,0.1961765386173953,terminal-handler-sim,terminal-handler-pod-0,container-main,payments,staging,,
2026-03-29T05:45:00+00:00,jvm_memory_used_bytes,gauge,299999228,terminal-handler-sim,terminal-handler-pod-0,container-main,payments,staging,,
2026-03-29T05:45:00+00:00,jvm_gc_pause_seconds_sum,gauge,0.10627050165279237,terminal-handler-sim,terminal-handler-pod-0,container-main,payments,staging,,
2026-03-29T05:45:00+00:00,process_cpu_usage,gauge,0.19906647706149663,terminal-handler-sim,terminal-handler-pod-0,container-main,payments,staging,,
2026-03-29T05:46:00+00:00,jvm_memory_used_bytes,gauge,300000728,terminal-handler-sim,terminal-handler-pod-0,container-main,payments,staging,,
2026-03-29T05:46:00+00:00,jvm_gc_pause_seconds_sum,gauge,0.09709466857104883,terminal-handler-sim,terminal-handler-pod-0,container-main,payments,staging,,
2026-03-29T05:46:00+00:00,process_cpu_usage,gauge,0.20991227705320076,terminal-handler-sim,terminal-handler-pod-0,container-main,payments,staging,,
2026-03-29T05:47:00+00:00,jvm_memory_used_bytes,gauge,300000647,terminal-handler-sim,terminal-handler-pod-0,container-main,payments,staging,,
2026-03-29T05:47:00+00:00,jvm_gc_pause_seconds_sum,gauge,0.10384715156416774,terminal-handler-sim,terminal-handler-pod-0,container-main,payments,staging,,
2026-03-29T05:47:00+00:00,process_cpu_usage,gauge,0.20908654940302296,terminal-handler-sim,terminal-handler-pod-0,container-main,payments,staging,,
2026-03-29T05:48:00+00:00,jvm_memory_used_bytes,gauge,300000531,terminal-handler-sim,terminal-handler-pod-0,container-main,payments,staging,,
2026-03-29T05:48:00+00:00,jvm_gc_pause_seconds_sum,gauge,0.10928795133028885,terminal-handler-sim,terminal-handler-pod-0,container-main,payments,staging,,
2026-03-29T05:48:00+00:00,process_cpu_usage,gauge,0.2063238050393351,terminal-handler-sim,terminal-handler-pod-0,container-main,payments,staging,,
2026-03-29T05:49:00+00:00,jvm_memory_used_bytes,gauge,300000027,terminal-handler-sim,terminal-handler-pod-0,container-main,payments,staging,,
2026-03-29T05:49:00+00:00,jvm_gc_pause_seconds_sum,gauge,0.0989619621836373,terminal-handler-sim,terminal-handler-pod-0,container-main,payments,staging,,
2026-03-29T05:49:00+00:00,process_cpu_usage,gauge,0.2030994081477753,terminal-handler-sim,terminal-handler-pod-0,container-main,payments,staging,,
2026-03-29T05:50:00+00:00,jvm_memory_used_bytes,gauge,300000862,terminal-handler-sim,terminal-handler-pod-0,container-main,payments,staging,,
2026-03-29T05:50:00+00:00,jvm_gc_pause_seconds_sum,gauge,0.10902731353515367,terminal-handler-sim,terminal-handler-pod-0,container-main,payments,staging,,
2026-03-29T05:50:00+00:00,process_cpu_usage,gauge,0.1989921970422182,terminal-handler-sim,terminal-handler-pod-0,container-main,payments,staging,,
2026-03-29T05:51:00+00:00,jvm_memory_used_bytes,gauge,300000981,terminal-handler-sim,terminal-handler-pod-0,container-main,payments,staging,,
2026-03-29T05:51:00+00:00,jvm_gc_pause_seconds_sum,gauge,0.09381280639359765,terminal-handler-sim,terminal-handler-pod-0,container-main,payments,staging,,
2026-03-29T05:51:00+00:00,process_cpu_usage,gauge,0.20866255928462313,terminal-handler-sim,terminal-handler-pod-0,container-main,payments,staging,,
2026-03-29T05:52:00+00:00,jvm_memory_used_bytes,gauge,300000845,terminal-handler-sim,terminal-handler-pod-0,container-main,payments,staging,,
2026-03-29T05:52:00+00:00,jvm_gc_pause_seconds_sum,gauge,0.10679044580479972,terminal-handler-sim,terminal-handler-pod-0,container-main,payments,staging,,
2026-03-29T05:52:00+00:00,process_cpu_usage,gauge,0.19580956642554243,terminal-handler-sim,terminal-handler-pod-0,container-main,payments,staging,,
2026-03-29T05:53:00+00:00,jvm_memory_used_bytes,gauge,299999104,terminal-handler-sim,terminal-handler-pod-0,container-main,payments,staging,,
2026-03-29T05:53:00+00:00,jvm_gc_pause_seconds_sum,gauge,0.09168751371724343,terminal-handler-sim,terminal-handler-pod-0,container-main,payments,staging,,
2026-03-29T05:53:00+00:00,process_cpu_usage,gauge,0.20974240213527748,terminal-handler-sim,terminal-handler-pod-0,container-main,payments,staging,,
2026-03-29T05:54:00+00:00,jvm_memory_used_bytes,gauge,299999603,terminal-handler-sim,terminal-handler-pod-0,container-main,payments,staging,,
2026-03-29T05:54:00+00:00,jvm_gc_pause_seconds_sum,gauge,0.10280264500728932,terminal-handler-sim,terminal-handler-pod-0,container-main,payments,staging,,
2026-03-29T05:54:00+00:00,process_cpu_usage,gauge,0.2068330343296778,terminal-handler-sim,terminal-handler-pod-0,container-main,payments,staging,,
2026-03-29T05:55:00+00:00,jvm_memory_used_bytes,gauge,299999529,terminal-handler-sim,terminal-handler-pod-0,container-main,payments,staging,,
2026-03-29T05:55:00+00:00,jvm_gc_pause_seconds_sum,gauge,0.0998787309796389,terminal-handler-sim,terminal-handler-pod-0,container-main,payments,staging,,
2026-03-29T05:55:00+00:00,process_cpu_usage,gauge,0.1972750271426742,terminal-handler-sim,terminal-handler-pod-0,container-main,payments,staging,,
2026-03-29T05:56:00+00:00,jvm_memory_used_bytes,gauge,299999612,terminal-handler-sim,terminal-handler-pod-0,container-main,payments,staging,,
2026-03-29T05:56:00+00:00,jvm_gc_pause_seconds_sum,gauge,0.09181336592474229,terminal-handler-sim,terminal-handler-pod-0,container-main,payments,staging,,
2026-03-29T05:56:00+00:00,process_cpu_usage,gauge,0.19466088831266454,terminal-handler-sim,terminal-handler-pod-0,container-main,payments,staging,,
2026-03-29T05:57:00+00:00,jvm_memory_used_bytes,gauge,299999624,terminal-handler-sim,terminal-handler-pod-0,container-main,payments,staging,,
2026-03-29T05:57:00+00:00,jvm_gc_pause_seconds_sum,gauge,0.09036217538635291,terminal-handler-sim,terminal-handler-pod-0,container-main,payments,staging,,
2026-03-29T05:57:00+00:00,process_cpu_usage,gauge,0.1938877597261968,terminal-handler-sim,terminal-handler-pod-0,container-main,payments,staging,,
2026-03-29T05:58:00+00:00,jvm_memory_used_bytes,gauge,300000138,terminal-handler-sim,terminal-handler-pod-0,container-main,payments,staging,,
2026-03-29T05:58:00+00:00,jvm_gc_pause_seconds_sum,gauge,0.10420098151979582,terminal-handler-sim,terminal-handler-pod-0,container-main,payments,staging,,
2026-03-29T05:58:00+00:00,process_cpu_usage,gauge,0.1921585275032519,terminal-handler-sim,terminal-handler-pod-0,container-main,payments,staging,,
2026-03-29T05:59:00+00:00,jvm_memory_used_bytes,gauge,300000659,terminal-handler-sim,terminal-handler-pod-0,container-main,payments,staging,,
2026-03-29T05:59:00+00:00,jvm_gc_pause_seconds_sum,gauge,0.10543119402600719,terminal-handler-sim,terminal-handler-pod-0,container-main,payments,staging,,
2026-03-29T05:59:00+00:00,process_cpu_usage,gauge,0.20424776499347413,terminal-handler-sim,terminal-handler-pod-0,container-main,payments,staging,,
2026-03-29T06:00:00+00:00,jvm_memory_used_bytes,gauge,299999094,terminal-handler-sim,terminal-handler-pod-0,container-main,payments,staging,,
2026-03-29T06:00:00+00:00,jvm_gc_pause_seconds_sum,gauge,0.10321345575671265,terminal-handler-sim,terminal-handler-pod-0,container-main,payments,staging,,
2026-03-29T06:00:00+00:00,process_cpu_usage,gauge,0.20562570329907634,terminal-handler-sim,terminal-handler-pod-0,container-main,payments,staging,,
2026-03-29T06:01:00+00:00,jvm_memory_used_bytes,gauge,300000715,terminal-handler-sim,terminal-handler-pod-0,container-main,payments,staging,,
2026-03-29T06:01:00+00:00,jvm_gc_pause_seconds_sum,gauge,0.09874546032210088,terminal-handler-sim,terminal-handler-pod-0,container-main,payments,staging,,
2026-03-29T06:01:00+00:00,process_cpu_usage,gauge,0.20322507873715315,terminal-handler-sim,terminal-handler-pod-0,container-main,payments,staging,,
2026-03-29T06:02:00+00:00,jvm_memory_used_bytes,gauge,300000345,terminal-handler-sim,terminal-handler-pod-0,container-main,payments,staging,,
2026-03-29T06:02:00+00:00,jvm_gc_pause_seconds_sum,gauge,0.0927525308382662,terminal-handler-sim,terminal-handler-pod-0,container-main,payments,staging,,
2026-03-29T06:02:00+00:00,process_cpu_usage,gauge,0.20053239326860228,terminal-handler-sim,terminal-handler-pod-0,container-main,payments,staging,,
2026-03-29T06:03:00+00:00,jvm_memory_used_bytes,gauge,300000292,terminal-handler-sim,terminal-handler-pod-0,container-main,payments,staging,,
2026-03-29T06:03:00+00:00,jvm_gc_pause_seconds_sum,gauge,0.10026739768070608,terminal-handler-sim,terminal-handler-pod-0,container-main,payments,staging,,
2026-03-29T06:03:00+00:00,process_cpu_usage,gauge,0.20792878412980492,terminal-handler-sim,terminal-handler-pod-0,container-main,payments,staging,,
2026-03-29T06:04:00+00:00,jvm_memory_used_bytes,gauge,300000099,terminal-handler-sim,terminal-handler-pod-0,container-main,payments,staging,,
2026-03-29T06:04:00+00:00,jvm_gc_pause_seconds_sum,gauge,0.09340061211072771,terminal-handler-sim,terminal-handler-pod-0,container-main,payments,staging,,
2026-03-29T06:04:00+00:00,process_cpu_usage,gauge,0.19138065154561004,terminal-handler-sim,terminal-handler-pod-0,container-main,payments,staging,,
2026-03-29T06:05:00+00:00,jvm_memory_used_bytes,gauge,299999645,terminal-handler-sim,terminal-handler-pod-0,container-main,payments,staging,,
2026-03-29T06:05:00+00:00,jvm_gc_pause_seconds_sum,gauge,0.1027623905500773,terminal-handler-sim,terminal-handler-pod-0,container-main,payments,staging,,
2026-03-29T06:05:00+00:00,process_cpu_usage,gauge,0.20568954522261204,terminal-handler-sim,terminal-handler-pod-0,container-main,payments,staging,,
2026-03-29T06:06:00+00:00,jvm_memory_used_bytes,gauge,299999994,terminal-handler-sim,terminal-handler-pod-0,container-main,payments,staging,,
2026-03-29T06:06:00+00:00,jvm_gc_pause_seconds_sum,gauge,0.10825400490940262,terminal-handler-sim,terminal-handler-pod-0,container-main,payments,staging,,
2026-03-29T06:06:00+00:00,process_cpu_usage,gauge,0.20648424888091116,terminal-handler-sim,terminal-handler-pod-0,container-main,payments,staging,,
2026-03-29T06:07:00+00:00,jvm_memory_used_bytes,gauge,300000764,terminal-handler-sim,terminal-handler-pod-0,container-main,payments,staging,,
2026-03-29T06:07:00+00:00,jvm_gc_pause_seconds_sum,gauge,0.10599883439248894,terminal-handler-sim,terminal-handler-pod-0,container-main,payments,staging,,
2026-03-29T06:07:00+00:00,process_cpu_usage,gauge,0.2050426625770844,terminal-handler-sim,terminal-handler-pod-0,container-main,payments,staging,,
2026-03-29T06:08:00+00:00,jvm_memory_used_bytes,gauge,299999567,terminal-handler-sim,terminal-handler-pod-0,container-main,payments,staging,,
2026-03-29T06:08:00+00:00,jvm_gc_pause_seconds_sum,gauge,0.09521497519724435,terminal-handler-sim,terminal-handler-pod-0,container-main,payments,staging,,
2026-03-29T06:08:00+00:00,process_cpu_usage,gauge,0.20341839126359135,terminal-handler-sim,terminal-handler-pod-0,container-main,payments,staging,,
2026-03-29T06:09:00+00:00,jvm_memory_used_bytes,gauge,299999899,terminal-handler-sim,terminal-handler-pod-0,container-main,payments,staging,,
2026-03-29T06:09:00+00:00,jvm_gc_pause_seconds_sum,gauge,0.10389435729117535,terminal-handler-sim,terminal-handler-pod-0,container-main,payments,staging,,
2026-03-29T06:09:00+00:00,process_cpu_usage,gauge,0.1946897311928963,terminal-handler-sim,terminal-handler-pod-0,container-main,payments,staging,,
2026-03-29T06:10:00+00:00,jvm_memory_used_bytes,gauge,299999531,terminal-handler-sim,terminal-handler-pod-0,container-main,payments,staging,,
2026-03-29T06:10:00+00:00,jvm_gc_pause_seconds_sum,gauge,0.0980549737986256,terminal-handler-sim,terminal-handler-pod-0,container-main,payments,staging,,
2026-03-29T06:10:00+00:00,process_cpu_usage,gauge,0.19109256251811038,terminal-handler-sim,terminal-handler-pod-0,container-main,payments,staging,,
2026-03-29T06:11:00+00:00,jvm_memory_used_bytes,gauge,300000242,terminal-handler-sim,terminal-handler-pod-0,container-main,payments,staging,,
2026-03-29T06:11:00+00:00,jvm_gc_pause_seconds_sum,gauge,0.0955749499250826,terminal-handler-sim,terminal-handler-pod-0,container-main,payments,staging,,
2026-03-29T06:11:00+00:00,process_cpu_usage,gauge,0.19319855673122938,terminal-handler-sim,terminal-handler-pod-0,container-main,payments,staging,,
2026-03-29T06:12:00+00:00,jvm_memory_used_bytes,gauge,300000127,terminal-handler-sim,terminal-handler-pod-0,container-main,payments,staging,,
2026-03-29T06:12:00+00:00,jvm_gc_pause_seconds_sum,gauge,0.10364426875978529,terminal-handler-sim,terminal-handler-pod-0,container-main,payments,staging,,
2026-03-29T06:12:00+00:00,process_cpu_usage,gauge,0.1992600361782866,terminal-handler-sim,terminal-handler-pod-0,container-main,payments,staging,,
2026-03-29T06:13:00+00:00,jvm_memory_used_bytes,gauge,300000879,terminal-handler-sim,terminal-handler-pod-0,container-main,payments,staging,,
2026-03-29T06:13:00+00:00,jvm_gc_pause_seconds_sum,gauge,0.10079246207746315,terminal-handler-sim,terminal-handler-pod-0,container-main,payments,staging,,
2026-03-29T06:13:00+00:00,process_cpu_usage,gauge,0.20928353132134914,terminal-handler-sim,terminal-handler-pod-0,container-main,payments,staging,,
2026-03-29T06:14:00+00:00,jvm_memory_used_bytes,gauge,300000755,terminal-handler-sim,terminal-handler-pod-0,container-main,payments,staging,,
2026-03-29T06:14:00+00:00,jvm_gc_pause_seconds_sum,gauge,0.1071195724415536,terminal-handler-sim,terminal-handler-pod-0,container-main,payments,staging,,
2026-03-29T06:14:00+00:00,process_cpu_usage,gauge,0.20142609255650287,terminal-handler-sim,terminal-handler-pod-0,container-main,payments,staging,,
2026-03-29T06:15:00+00:00,jvm_memory_used_bytes,gauge,299999527,terminal-handler-sim,terminal-handler-pod-0,container-main,payments,staging,,
2026-03-29T06:15:00+00:00,jvm_gc_pause_seconds_sum,gauge,0.09645517812582771,terminal-handler-sim,terminal-handler-pod-0,container-main,payments,staging,,
2026-03-29T06:15:00+00:00,process_cpu_usage,gauge,0.2067672594957173,terminal-handler-sim,terminal-handler-pod-0,container-main,payments,staging,,
2026-03-29T06:16:00+00:00,jvm_memory_used_bytes,gauge,299999690,terminal-handler-sim,terminal-handler-pod-0,container-main,payments,staging,,
2026-03-29T06:16:00+00:00,jvm_gc_pause_seconds_sum,gauge,0.09876492845618692,terminal-handler-sim,terminal-handler-pod-0,container-main,payments,staging,,
2026-03-29T06:16:00+00:00,process_cpu_usage,gauge,0.19289535216771211,terminal-handler-sim,terminal-handler-pod-0,container-main,payments,staging,,
2026-03-29T06:17:00+00:00,jvm_memory_used_bytes,gauge,299999718,terminal-handler-sim,terminal-handler-pod-0,container-main,payments,staging,,
2026-03-29T06:17:00+00:00,jvm_gc_pause_seconds_sum,gauge,0.09088056360716834,terminal-handler-sim,terminal-handler-pod-0,container-main,payments,staging,,
2026-03-29T06:17:00+00:00,process_cpu_usage,gauge,0.20247219237820044,terminal-handler-sim,terminal-handler-pod-0,container-main,payments,staging,,
2026-03-29T06:18:00+00:00,jvm_memory_used_bytes,gauge,299999359,terminal-handler-sim,terminal-handler-pod-0,container-main,payments,staging,,
2026-03-29T06:18:00+00:00,jvm_gc_pause_seconds_sum,gauge,0.10875912534748379,terminal-handler-sim,terminal-handler-pod-0,container-main,payments,staging,,
2026-03-29T06:18:00+00:00,process_cpu_usage,gauge,0.20516536621488904,terminal-handler-sim,terminal-handler-pod-0,container-main,payments,staging,,
2026-03-29T06:19:00+00:00,jvm_memory_used_bytes,gauge,300000687,terminal-handler-sim,terminal-handler-pod-0,container-main,payments,staging,,
2026-03-29T06:19:00+00:00,jvm_gc_pause_seconds_sum,gauge,0.09864606791709753,terminal-handler-sim,terminal-handler-pod-0,container-main,payments,staging,,
2026-03-29T06:19:00+00:00,process_cpu_usage,gauge,0.20520610893114807,terminal-handler-sim,terminal-handler-pod-0,container-main,payments,staging,,
2026-03-29T06:20:00+00:00,jvm_memory_used_bytes,gauge,299999693,terminal-handler-sim,terminal-handler-pod-0,container-main,payments,staging,,
2026-03-29T06:20:00+00:00,jvm_gc_pause_seconds_sum,gauge,0.10173143553021341,terminal-handler-sim,terminal-handler-pod-0,container-main,payments,staging,,
2026-03-29T06:20:00+00:00,process_cpu_usage,gauge,0.19077045037157772,terminal-handler-sim,terminal-handler-pod-0,container-main,payments,staging,,
2026-03-29T06:21:00+00:00,jvm_memory_used_bytes,gauge,300000435,terminal-handler-sim,terminal-handler-pod-0,container-main,payments,staging,,
2026-03-29T06:21:00+00:00,jvm_gc_pause_seconds_sum,gauge,0.10116616666907796,terminal-handler-sim,terminal-handler-pod-0,container-main,payments,staging,,
2026-03-29T06:21:00+00:00,process_cpu_usage,gauge,0.20767503090277437,terminal-handler-sim,terminal-handler-pod-0,container-main,payments,staging,,
2026-03-29T06:22:00+00:00,jvm_memory_used_bytes,gauge,300000497,terminal-handler-sim,terminal-handler-pod-0,container-main,payments,staging,,
2026-03-29T06:22:00+00:00,jvm_gc_pause_seconds_sum,gauge,0.09126758908747394,terminal-handler-sim,terminal-handler-pod-0,container-main,payments,staging,,
2026-03-29T06:22:00+00:00,process_cpu_usage,gauge,0.2074761043800919,terminal-handler-sim,terminal-handler-pod-0,container-main,payments,staging,,
2026-03-29T06:23:00+00:00,jvm_memory_used_bytes,gauge,300000860,terminal-handler-sim,terminal-handler-pod-0,container-main,payments,staging,,
2026-03-29T06:23:00+00:00,jvm_gc_pause_seconds_sum,gauge,0.09032737942844093,terminal-handler-sim,terminal-handler-pod-0,container-main,payments,staging,,
2026-03-29T06:23:00+00:00,process_cpu_usage,gauge,0.19273806032088275,terminal-handler-sim,terminal-handler-pod-0,container-main,payments,staging,,
2026-03-29T06:24:00+00:00,jvm_memory_used_bytes,gauge,299999996,terminal-handler-sim,terminal-handler-pod-0,container-main,payments,staging,,
2026-03-29T06:24:00+00:00,jvm_gc_pause_seconds_sum,gauge,0.10699115858337373,terminal-handler-sim,terminal-handler-pod-0,container-main,payments,staging,,
2026-03-29T06:24:00+00:00,process_cpu_usage,gauge,0.1980799731215595,terminal-handler-sim,terminal-handler-pod-0,container-main,payments,staging,,
2026-03-29T06:25:00+00:00,jvm_memory_used_bytes,gauge,299999985,terminal-handler-sim,terminal-handler-pod-0,container-main,payments,staging,,
2026-03-29T06:25:00+00:00,jvm_gc_pause_seconds_sum,gauge,0.10759907631921888,terminal-handler-sim,terminal-handler-pod-0,container-main,payments,staging,,
2026-03-29T06:25:00+00:00,process_cpu_usage,gauge,0.20824657903278324,terminal-handler-sim,terminal-handler-pod-0,container-main,payments,staging,,
2026-03-29T06:26:00+00:00,jvm_memory_used_bytes,gauge,300000500,terminal-handler-sim,terminal-handler-pod-0,container-main,payments,staging,,
2026-03-29T06:26:00+00:00,jvm_gc_pause_seconds_sum,gauge,0.09753015179414215,terminal-handler-sim,terminal-handler-pod-0,container-main,payments,staging,,
2026-03-29T06:26:00+00:00,process_cpu_usage,gauge,0.20641118761514685,terminal-handler-sim,terminal-handler-pod-0,container-main,payments,staging,,
2026-03-29T06:27:00+00:00,jvm_memory_used_bytes,gauge,299999756,terminal-handler-sim,terminal-handler-pod-0,container-main,payments,staging,,
2026-03-29T06:27:00+00:00,jvm_gc_pause_seconds_sum,gauge,0.09703648832038123,terminal-handler-sim,terminal-handler-pod-0,container-main,payments,staging,,
2026-03-29T06:27:00+00:00,process_cpu_usage,gauge,0.20268171616166986,terminal-handler-sim,terminal-handler-pod-0,container-main,payments,staging,,
2026-03-29T06:28:00+00:00,jvm_memory_used_bytes,gauge,300000763,terminal-handler-sim,terminal-handler-pod-0,container-main,payments,staging,,
2026-03-29T06:28:00+00:00,jvm_gc_pause_seconds_sum,gauge,0.09423541495595293,terminal-handler-sim,terminal-handler-pod-0,container-main,payments,staging,,
2026-03-29T06:28:00+00:00,process_cpu_usage,gauge,0.1933895550140233,terminal-handler-sim,terminal-handler-pod-0,container-main,payments,staging,,
2026-03-29T06:29:00+00:00,jvm_memory_used_bytes,gauge,300000796,terminal-handler-sim,terminal-handler-pod-0,container-main,payments,staging,,
2026-03-29T06:29:00+00:00,jvm_gc_pause_seconds_sum,gauge,0.1008306053566005,terminal-handler-sim,terminal-handler-pod-0,container-main,payments,staging,,
2026-03-29T06:29:00+00:00,process_cpu_usage,gauge,0.20586040161045988,terminal-handler-sim,terminal-handler-pod-0,container-main,payments,staging,,
2026-03-29T06:30:00+00:00,jvm_memory_used_bytes,gauge,300000573,terminal-handler-sim,terminal-handler-pod-0,container-main,payments,staging,,
2026-03-29T06:30:00+00:00,jvm_gc_pause_seconds_sum,gauge,0.09389846282979399,terminal-handler-sim,terminal-handler-pod-0,container-main,payments,staging,,
2026-03-29T06:30:00+00:00,process_cpu_usage,gauge,0.20538339252601684,terminal-handler-sim,terminal-handler-pod-0,container-main,payments,staging,,
2026-03-29T06:31:00+00:00,jvm_memory_used_bytes,gauge,300000486,terminal-handler-sim,terminal-handler-pod-0,container-main,payments,staging,,
2026-03-29T06:31:00+00:00,jvm_gc_pause_seconds_sum,gauge,0.09764789349755337,terminal-handler-sim,terminal-handler-pod-0,container-main,payments,staging,,
2026-03-29T06:31:00+00:00,process_cpu_usage,gauge,0.20414196855704594,terminal-handler-sim,terminal-handler-pod-0,container-main,payments,staging,,
2026-03-29T06:32:00+00:00,jvm_memory_used_bytes,gauge,300000879,terminal-handler-sim,terminal-handler-pod-0,container-main,payments,staging,,
2026-03-29T06:32:00+00:00,jvm_gc_pause_seconds_sum,gauge,0.09926269214136677,terminal-handler-sim,terminal-handler-pod-0,container-main,payments,staging,,
2026-03-29T06:32:00+00:00,process_cpu_usage,gauge,0.19139475238278383,terminal-handler-sim,terminal-handler-pod-0,container-main,payments,staging,,
2026-03-29T06:33:00+00:00,jvm_memory_used_bytes,gauge,300000022,terminal-handler-sim,terminal-handler-pod-0,container-main,payments,staging,,
2026-03-29T06:33:00+00:00,jvm_gc_pause_seconds_sum,gauge,0.10230466916915726,terminal-handler-sim,terminal-handler-pod-0,container-main,payments,staging,,
2026-03-29T06:33:00+00:00,process_cpu_usage,gauge,0.19316925368709092,terminal-handler-sim,terminal-handler-pod-0,container-main,payments,staging,,
2026-03-29T06:34:00+00:00,jvm_memory_used_bytes,gauge,299999130,terminal-handler-sim,terminal-handler-pod-0,container-main,payments,staging,,
2026-03-29T06:34:00+00:00,jvm_gc_pause_seconds_sum,gauge,0.10679572838850003,terminal-handler-sim,terminal-handler-pod-0,container-main,payments,staging,,
2026-03-29T06:34:00+00:00,process_cpu_usage,gauge,0.19788198758957604,terminal-handler-sim,terminal-handler-pod-0,container-main,payments,staging,,
2026-03-29T06:35:00+00:00,jvm_memory_used_bytes,gauge,299999789,terminal-handler-sim,terminal-handler-pod-0,container-main,payments,staging,,
2026-03-29T06:35:00+00:00,jvm_gc_pause_seconds_sum,gauge,0.09060072646005422,terminal-handler-sim,terminal-handler-pod-0,container-main,payments,staging,,
2026-03-29T06:35:00+00:00,process_cpu_usage,gauge,0.20163575404161344,terminal-handler-sim,terminal-handler-pod-0,container-main,payments,staging,,
2026-03-29T06:36:00+00:00,jvm_memory_used_bytes,gauge,299999957,terminal-handler-sim,terminal-handler-pod-0,container-main,payments,staging,,
2026-03-29T06:36:00+00:00,jvm_gc_pause_seconds_sum,gauge,0.09139439501176176,terminal-handler-sim,terminal-handler-pod-0,container-main,payments,staging,,
2026-03-29T06:36:00+00:00,process_cpu_usage,gauge,0.20840982129265384,terminal-handler-sim,terminal-handler-pod-0,container-main,payments,staging,,
2026-03-29T06:37:00+00:00,jvm_memory_used_bytes,gauge,299999709,terminal-handler-sim,terminal-handler-pod-0,container-main,payments,staging,,
2026-03-29T06:37:00+00:00,jvm_gc_pause_seconds_sum,gauge,0.10972364131833869,terminal-handler-sim,terminal-handler-pod-0,container-main,payments,staging,,
2026-03-29T06:37:00+00:00,process_cpu_usage,gauge,0.2091370198351457,terminal-handler-sim,terminal-handler-pod-0,container-main,payments,staging,,
2026-03-29T06:38:00+00:00,jvm_memory_used_bytes,gauge,300000556,terminal-handler-sim,terminal-handler-pod-0,container-main,payments,staging,,
2026-03-29T06:38:00+00:00,jvm_gc_pause_seconds_sum,gauge,0.10701087052571094,terminal-handler-sim,terminal-handler-pod-0,container-main,payments,staging,,
2026-03-29T06:38:00+00:00,process_cpu_usage,gauge,0.20657288166705245,terminal-handler-sim,terminal-handler-pod-0,container-main,payments,staging,,
2026-03-29T06:39:00+00:00,jvm_memory_used_bytes,gauge,300000698,terminal-handler-sim,terminal-handler-pod-0,container-main,payments,staging,,
2026-03-29T06:39:00+00:00,jvm_gc_pause_seconds_sum,gauge,0.10507748795273308,terminal-handler-sim,terminal-handler-pod-0,container-main,payments,staging,,
2026-03-29T06:39:00+00:00,process_cpu_usage,gauge,0.19277096262396784,terminal-handler-sim,terminal-handler-pod-0,container-main,payments,staging,,
2026-03-29T06:40:00+00:00,jvm_memory_used_bytes,gauge,300000363,terminal-handler-sim,terminal-handler-pod-0,container-main,payments,staging,,
2026-03-29T06:40:00+00:00,jvm_gc_pause_seconds_sum,gauge,0.1044085819036468,terminal-handler-sim,terminal-handler-pod-0,container-main,payments,staging,,
2026-03-29T06:40:00+00:00,process_cpu_usage,gauge,0.20924655521940322,terminal-handler-sim,terminal-handler-pod-0,container-main,payments,staging,,
2026-03-29T06:41:00+00:00,jvm_memory_used_bytes,gauge,299999439,terminal-handler-sim,terminal-handler-pod-0,container-main,payments,staging,,
2026-03-29T06:41:00+00:00,jvm_gc_pause_seconds_sum,gauge,0.09855779927686754,terminal-handler-sim,terminal-handler-pod-0,container-main,payments,staging,,
2026-03-29T06:41:00+00:00,process_cpu_usage,gauge,0.1978529959434854,terminal-handler-sim,terminal-handler-pod-0,container-main,payments,staging,,
2026-03-29T06:42:00+00:00,jvm_memory_used_bytes,gauge,300000297,terminal-handler-sim,terminal-handler-pod-0,container-main,payments,staging,,
2026-03-29T06:42:00+00:00,jvm_gc_pause_seconds_sum,gauge,0.10172403535874909,terminal-handler-sim,terminal-handler-pod-0,container-main,payments,staging,,
2026-03-29T06:42:00+00:00,process_cpu_usage,gauge,0.1916158465470365,terminal-handler-sim,terminal-handler-pod-0,container-main,payments,staging,,
2026-03-29T06:43:00+00:00,jvm_memory_used_bytes,gauge,299999270,terminal-handler-sim,terminal-handler-pod-0,container-main,payments,staging,,
2026-03-29T06:43:00+00:00,jvm_gc_pause_seconds_sum,gauge,0.0933758700317067,terminal-handler-sim,terminal-handler-pod-0,container-main,payments,staging,,
2026-03-29T06:43:00+00:00,process_cpu_usage,gauge,0.20639372328563196,terminal-handler-sim,terminal-handler-pod-0,container-main,payments,staging,,
2026-03-29T06:44:00+00:00,jvm_memory_used_bytes,gauge,299999951,terminal-handler-sim,terminal-handler-pod-0,container-main,payments,staging,,
2026-03-29T06:44:00+00:00,jvm_gc_pause_seconds_sum,gauge,0.10474788600057396,terminal-handler-sim,terminal-handler-pod-0,container-main,payments,staging,,
2026-03-29T06:44:00+00:00,process_cpu_usage,gauge,0.1934307643339226,terminal-handler-sim,terminal-handler-pod-0,container-main,payments,staging,,
2026-03-29T06:45:00+00:00,jvm_memory_used_bytes,gauge,299999395,terminal-handler-sim,terminal-handler-pod-0,container-main,payments,staging,,
2026-03-29T06:45:00+00:00,jvm_gc_pause_seconds_sum,gauge,0.09186815427723669,terminal-handler-sim,terminal-handler-pod-0,container-main,payments,staging,,
2026-03-29T06:45:00+00:00,process_cpu_usage,gauge,0.19760489481454369,terminal-handler-sim,terminal-handler-pod-0,container-main,payments,staging,,
2026-03-29T06:46:00+00:00,jvm_memory_used_bytes,gauge,299999419,terminal-handler-sim,terminal-handler-pod-0,container-main,payments,staging,,
2026-03-29T06:46:00+00:00,jvm_gc_pause_seconds_sum,gauge,0.10277707249008275,terminal-handler-sim,terminal-handler-pod-0,container-main,payments,staging,,
2026-03-29T06:46:00+00:00,process_cpu_usage,gauge,0.20346127734927566,terminal-handler-sim,terminal-handler-pod-0,container-main,payments,staging,,
2026-03-29T06:47:00+00:00,jvm_memory_used_bytes,gauge,300000152,terminal-handler-sim,terminal-handler-pod-0,container-main,payments,staging,,
2026-03-29T06:47:00+00:00,jvm_gc_pause_seconds_sum,gauge,0.09706139477777248,terminal-handler-sim,terminal-handler-pod-0,container-main,payments,staging,,
2026-03-29T06:47:00+00:00,process_cpu_usage,gauge,0.19058862810344102,terminal-handler-sim,terminal-handler-pod-0,container-main,payments,staging,,
2026-03-29T06:48:00+00:00,jvm_memory_used_bytes,gauge,299999238,terminal-handler-sim,terminal-handler-pod-0,container-main,payments,staging,,
2026-03-29T06:48:00+00:00,jvm_gc_pause_seconds_sum,gauge,0.09661124269823634,terminal-handler-sim,terminal-handler-pod-0,container-main,payments,staging,,
2026-03-29T06:48:00+00:00,process_cpu_usage,gauge,0.208674737445751,terminal-handler-sim,terminal-handler-pod-0,container-main,payments,staging,,
2026-03-29T06:49:00+00:00,jvm_memory_used_bytes,gauge,300000878,terminal-handler-sim,terminal-handler-pod-0,container-main,payments,staging,,
2026-03-29T06:49:00+00:00,jvm_gc_pause_seconds_sum,gauge,0.09927364599419719,terminal-handler-sim,terminal-handler-pod-0,container-main,payments,staging,,
2026-03-29T06:49:00+00:00,process_cpu_usage,gauge,0.20840627923812233,terminal-handler-sim,terminal-handler-pod-0,container-main,payments,staging,,
2026-03-29T06:50:00+00:00,jvm_memory_used_bytes,gauge,300000020,terminal-handler-sim,terminal-handler-pod-0,container-main,payments,staging,,
2026-03-29T06:50:00+00:00,jvm_gc_pause_seconds_sum,gauge,0.10308793667336932,terminal-handler-sim,terminal-handler-pod-0,container-main,payments,staging,,
2026-03-29T06:50:00+00:00,process_cpu_usage,gauge,0.1936584425146616,terminal-handler-sim,terminal-handler-pod-0,container-main,payments,staging,,
2026-03-29T06:51:00+00:00,jvm_memory_used_bytes,gauge,299999015,terminal-handler-sim,terminal-handler-pod-0,container-main,payments,staging,,
2026-03-29T06:51:00+00:00,jvm_gc_pause_seconds_sum,gauge,0.1031665514771688,terminal-handler-sim,terminal-handler-pod-0,container-main,payments,staging,,
2026-03-29T06:51:00+00:00,process_cpu_usage,gauge,0.2046117085964827,terminal-handler-sim,terminal-handler-pod-0,container-main,payments,staging,,
2026-03-29T06:52:00+00:00,jvm_memory_used_bytes,gauge,299999288,terminal-handler-sim,terminal-handler-pod-0,container-main,payments,staging,,
2026-03-29T06:52:00+00:00,jvm_gc_pause_seconds_sum,gauge,0.1027555619139137,terminal-handler-sim,terminal-handler-pod-0,container-main,payments,staging,,
2026-03-29T06:52:00+00:00,process_cpu_usage,gauge,0.20301431201408543,terminal-handler-sim,terminal-handler-pod-0,container-main,payments,staging,,
2026-03-29T06:53:00+00:00,jvm_memory_used_bytes,gauge,300000837,terminal-handler-sim,terminal-handler-pod-0,container-main,payments,staging,,
2026-03-29T06:53:00+00:00,jvm_gc_pause_seconds_sum,gauge,0.1017137304033561,terminal-handler-sim,terminal-handler-pod-0,container-main,payments,staging,,
2026-03-29T06:53:00+00:00,process_cpu_usage,gauge,0.19901230377983936,terminal-handler-sim,terminal-handler-pod-0,container-main,payments,staging,,
2026-03-29T06:54:00+00:00,jvm_memory_used_bytes,gauge,300000674,terminal-handler-sim,terminal-handler-pod-0,container-main,payments,staging,,
2026-03-29T06:54:00+00:00,jvm_gc_pause_seconds_sum,gauge,0.1079537466113542,terminal-handler-sim,terminal-handler-pod-0,container-main,payments,staging,,
2026-03-29T06:54:00+00:00,process_cpu_usage,gauge,0.20503157655560048,terminal-handler-sim,terminal-handler-pod-0,container-main,payments,staging,,
2026-03-29T06:55:00+00:00,jvm_memory_used_bytes,gauge,300000243,terminal-handler-sim,terminal-handler-pod-0,container-main,payments,staging,,
2026-03-29T06:55:00+00:00,jvm_gc_pause_seconds_sum,gauge,0.09159458939074765,terminal-handler-sim,terminal-handler-pod-0,container-main,payments,staging,,
2026-03-29T06:55:00+00:00,process_cpu_usage,gauge,0.1974666543441278,terminal-handler-sim,terminal-handler-pod-0,container-main,payments,staging,,
2026-03-29T06:56:00+00:00,jvm_memory_used_bytes,gauge,300000002,terminal-handler-sim,terminal-handler-pod-0,container-main,payments,staging,,
2026-03-29T06:56:00+00:00,jvm_gc_pause_seconds_sum,gauge,0.10924735128870232,terminal-handler-sim,terminal-handler-pod-0,container-main,payments,staging,,
2026-03-29T06:56:00+00:00,process_cpu_usage,gauge,0.19529118471947077,terminal-handler-sim,terminal-handler-pod-0,container-main,payments,staging,,
2026-03-29T06:57:00+00:00,jvm_memory_used_bytes,gauge,300000939,terminal-handler-sim,terminal-handler-pod-0,container-main,payments,staging,,
2026-03-29T06:57:00+00:00,jvm_gc_pause_seconds_sum,gauge,0.09956244759540528,terminal-handler-sim,terminal-handler-pod-0,container-main,payments,staging,,
2026-03-29T06:57:00+00:00,process_cpu_usage,gauge,0.19481085979011606,terminal-handler-sim,terminal-handler-pod-0,container-main,payments,staging,,
2026-03-29T06:58:00+00:00,jvm_memory_used_bytes,gauge,300000953,terminal-handler-sim,terminal-handler-pod-0,container-main,payments,staging,,
2026-03-29T06:58:00+00:00,jvm_gc_pause_seconds_sum,gauge,0.1068635811070134,terminal-handler-sim,terminal-handler-pod-0,container-main,payments,staging,,
2026-03-29T06:58:00+00:00,process_cpu_usage,gauge,0.20649272315458428,terminal-handler-sim,terminal-handler-pod-0,container-main,payments,staging,,
2026-03-29T06:59:00+00:00,jvm_memory_used_bytes,gauge,300000495,terminal-handler-sim,terminal-handler-pod-0,container-main,payments,staging,,
2026-03-29T06:59:00+00:00,jvm_gc_pause_seconds_sum,gauge,0.09668476949174074,terminal-handler-sim,terminal-handler-pod-0,container-main,payments,staging,,
2026-03-29T06:59:00+00:00,process_cpu_usage,gauge,0.20087288202367967,terminal-handler-sim,terminal-handler-pod-0,container-main,payments,staging,,
2026-03-29T07:00:00+00:00,jvm_memory_used_bytes,gauge,299999027,terminal-handler-sim,terminal-handler-pod-0,container-main,payments,staging,,
2026-03-29T07:00:00+00:00,jvm_gc_pause_seconds_sum,gauge,0.10784944347858438,terminal-handler-sim,terminal-handler-pod-0,container-main,payments,staging,,
2026-03-29T07:00:00+00:00,process_cpu_usage,gauge,0.2011434502549537,terminal-handler-sim,terminal-handler-pod-0,container-main,payments,staging,,
2026-03-29T07:01:00+00:00,jvm_memory_used_bytes,gauge,300000091,terminal-handler-sim,terminal-handler-pod-0,container-main,payments,staging,,
2026-03-29T07:01:00+00:00,jvm_gc_pause_seconds_sum,gauge,0.09198956750130041,terminal-handler-sim,terminal-handler-pod-0,container-main,payments,staging,,
2026-03-29T07:01:00+00:00,process_cpu_usage,gauge,0.1988478681638473,terminal-handler-sim,terminal-handler-pod-0,container-main,payments,staging,,
2026-03-29T07:02:00+00:00,jvm_memory_used_bytes,gauge,299999711,terminal-handler-sim,terminal-handler-pod-0,container-main,payments,staging,,
2026-03-29T07:02:00+00:00,jvm_gc_pause_seconds_sum,gauge,0.10688411731795436,terminal-handler-sim,terminal-handler-pod-0,container-main,payments,staging,,
2026-03-29T07:02:00+00:00,process_cpu_usage,gauge,0.20037665872933721,terminal-handler-sim,terminal-handler-pod-0,container-main,payments,staging,,
2026-03-29T07:03:00+00:00,jvm_memory_used_bytes,gauge,299999976,terminal-handler-sim,terminal-handler-pod-0,container-main,payments,staging,,
2026-03-29T07:03:00+00:00,jvm_gc_pause_seconds_sum,gauge,0.1010281327285868,terminal-handler-sim,terminal-handler-pod-0,container-main,payments,staging,,
2026-03-29T07:03:00+00:00,process_cpu_usage,gauge,0.19885583476652707,terminal-handler-sim,terminal-handler-pod-0,container-main,payments,staging,,
2026-03-29T07:04:00+00:00,jvm_memory_used_bytes,gauge,299999944,terminal-handler-sim,terminal-handler-pod-0,container-main,payments,staging,,
2026-03-29T07:04:00+00:00,jvm_gc_pause_seconds_sum,gauge,0.09687926252155074,terminal-handler-sim,terminal-handler-pod-0,container-main,payments,staging,,
2026-03-29T07:04:00+00:00,process_cpu_usage,gauge,0.19777453997733593,terminal-handler-sim,terminal-handler-pod-0,container-main,payments,staging,,
2026-03-29T07:05:00+00:00,jvm_memory_used_bytes,gauge,300000418,terminal-handler-sim,terminal-handler-pod-0,container-main,payments,staging,,
2026-03-29T07:05:00+00:00,jvm_gc_pause_seconds_sum,gauge,0.1030723177801147,terminal-handler-sim,terminal-handler-pod-0,container-main,payments,staging,,
2026-03-29T07:05:00+00:00,process_cpu_usage,gauge,0.20892103778404286,terminal-handler-sim,terminal-handler-pod-0,container-main,payments,staging,,
2026-03-29T07:06:00+00:00,jvm_memory_used_bytes,gauge,300000911,terminal-handler-sim,terminal-handler-pod-0,container-main,payments,staging,,
2026-03-29T07:06:00+00:00,jvm_gc_pause_seconds_sum,gauge,0.09245706443628275,terminal-handler-sim,terminal-handler-pod-0,container-main,payments,staging,,
2026-03-29T07:06:00+00:00,process_cpu_usage,gauge,0.19153208322296408,terminal-handler-sim,terminal-handler-pod-0,container-main,payments,staging,,
2026-03-29T07:07:00+00:00,jvm_memory_used_bytes,gauge,300000266,terminal-handler-sim,terminal-handler-pod-0,container-main,payments,staging,,
2026-03-29T07:07:00+00:00,jvm_gc_pause_seconds_sum,gauge,0.10876490672566791,terminal-handler-sim,terminal-handler-pod-0,container-main,payments,staging,,
2026-03-29T07:07:00+00:00,process_cpu_usage,gauge,0.20773889094158965,terminal-handler-sim,terminal-handler-pod-0,container-main,payments,staging,,
2026-03-29T07:08:00+00:00,jvm_memory_used_bytes,gauge,299999290,terminal-handler-sim,terminal-handler-pod-0,container-main,payments,staging,,
2026-03-29T07:08:00+00:00,jvm_gc_pause_seconds_sum,gauge,0.09549504489394062,terminal-handler-sim,terminal-handler-pod-0,container-main,payments,staging,,
2026-03-29T07:08:00+00:00,process_cpu_usage,gauge,0.20038106281789753,terminal-handler-sim,terminal-handler-pod-0,container-main,payments,staging,,
2026-03-29T07:09:00+00:00,jvm_memory_used_bytes,gauge,300000722,terminal-handler-sim,terminal-handler-pod-0,container-main,payments,staging,,
2026-03-29T07:09:00+00:00,jvm_gc_pause_seconds_sum,gauge,0.10734141839764283,terminal-handler-sim,terminal-handler-pod-0,container-main,payments,staging,,
2026-03-29T07:09:00+00:00,process_cpu_usage,gauge,0.19163861774680888,terminal-handler-sim,terminal-handler-pod-0,container-main,payments,staging,,
2026-03-29T07:10:00+00:00,jvm_memory_used_bytes,gauge,299999146,terminal-handler-sim,terminal-handler-pod-0,container-main,payments,staging,,
2026-03-29T07:10:00+00:00,jvm_gc_pause_seconds_sum,gauge,0.09187002838149642,terminal-handler-sim,terminal-handler-pod-0,container-main,payments,staging,,
2026-03-29T07:10:00+00:00,process_cpu_usage,gauge,0.19682351754223862,terminal-handler-sim,terminal-handler-pod-0,container-main,payments,staging,,
2026-03-29T07:11:00+00:00,jvm_memory_used_bytes,gauge,300000244,terminal-handler-sim,terminal-handler-pod-0,container-main,payments,staging,,
2026-03-29T07:11:00+00:00,jvm_gc_pause_seconds_sum,gauge,0.10031752610950839,terminal-handler-sim,terminal-handler-pod-0,container-main,payments,staging,,
2026-03-29T07:11:00+00:00,process_cpu_usage,gauge,0.1955104409307626,terminal-handler-sim,terminal-handler-pod-0,container-main,payments,staging,,
2026-03-29T07:12:00+00:00,jvm_memory_used_bytes,gauge,300000402,terminal-handler-sim,terminal-handler-pod-0,container-main,payments,staging,,
2026-03-29T07:12:00+00:00,jvm_gc_pause_seconds_sum,gauge,0.09132130615299304,terminal-handler-sim,terminal-handler-pod-0,container-main,payments,staging,,
2026-03-29T07:12:00+00:00,process_cpu_usage,gauge,0.20302482671846966,terminal-handler-sim,terminal-handler-pod-0,container-main,payments,staging,,
2026-03-29T07:13:00+00:00,jvm_memory_used_bytes,gauge,299999693,terminal-handler-sim,terminal-handler-pod-0,container-main,payments,staging,,
2026-03-29T07:13:00+00:00,jvm_gc_pause_seconds_sum,gauge,0.09861616313007603,terminal-handler-sim,terminal-handler-pod-0,container-main,payments,staging,,
2026-03-29T07:13:00+00:00,process_cpu_usage,gauge,0.20668373053048225,terminal-handler-sim,terminal-handler-pod-0,container-main,payments,staging,,
2026-03-29T07:14:00+00:00,jvm_memory_used_bytes,gauge,300000210,terminal-handler-sim,terminal-handler-pod-0,container-main,payments,staging,,
2026-03-29T07:14:00+00:00,jvm_gc_pause_seconds_sum,gauge,0.10121952205624374,terminal-handler-sim,terminal-handler-pod-0,container-main,payments,staging,,
2026-03-29T07:14:00+00:00,process_cpu_usage,gauge,0.20824045581649298,terminal-handler-sim,terminal-handler-pod-0,container-main,payments,staging,,
2026-03-29T07:15:00+00:00,jvm_memory_used_bytes,gauge,299999265,terminal-handler-sim,terminal-handler-pod-0,container-main,payments,staging,,
2026-03-29T07:15:00+00:00,jvm_gc_pause_seconds_sum,gauge,0.10114701599139164,terminal-handler-sim,terminal-handler-pod-0,container-main,payments,staging,,
2026-03-29T07:15:00+00:00,process_cpu_usage,gauge,0.19979775903448824,terminal-handler-sim,terminal-handler-pod-0,container-main,payments,staging,,
2026-03-29T07:16:00+00:00,jvm_memory_used_bytes,gauge,299999594,terminal-handler-sim,terminal-handler-pod-0,container-main,payments,staging,,
2026-03-29T07:16:00+00:00,jvm_gc_pause_seconds_sum,gauge,0.10168610739345882,terminal-handler-sim,terminal-handler-pod-0,container-main,payments,staging,,
2026-03-29T07:16:00+00:00,process_cpu_usage,gauge,0.19442421044675007,terminal-handler-sim,terminal-handler-pod-0,container-main,payments,staging,,
2026-03-29T07:17:00+00:00,jvm_memory_used_bytes,gauge,299999164,terminal-handler-sim,terminal-handler-pod-0,container-main,payments,staging,,
2026-03-29T07:17:00+00:00,jvm_gc_pause_seconds_sum,gauge,0.09546717413171635,terminal-handler-sim,terminal-handler-pod-0,container-main,payments,staging,,
2026-03-29T07:17:00+00:00,process_cpu_usage,gauge,0.1959284971964997,terminal-handler-sim,terminal-handler-pod-0,container-main,payments,staging,,
2026-03-29T07:18:00+00:00,jvm_memory_used_bytes,gauge,299999156,terminal-handler-sim,terminal-handler-pod-0,container-main,payments,staging,,
2026-03-29T07:18:00+00:00,jvm_gc_pause_seconds_sum,gauge,0.10333319196387855,terminal-handler-sim,terminal-handler-pod-0,container-main,payments,staging,,
2026-03-29T07:18:00+00:00,process_cpu_usage,gauge,0.20672504966087674,terminal-handler-sim,terminal-handler-pod-0,container-main,payments,staging,,
2026-03-29T07:19:00+00:00,jvm_memory_used_bytes,gauge,300000154,terminal-handler-sim,terminal-handler-pod-0,container-main,payments,staging,,
2026-03-29T07:19:00+00:00,jvm_gc_pause_seconds_sum,gauge,0.09819161730683489,terminal-handler-sim,terminal-handler-pod-0,container-main,payments,staging,,
2026-03-29T07:19:00+00:00,process_cpu_usage,gauge,0.19208142447394788,terminal-handler-sim,terminal-handler-pod-0,container-main,payments,staging,,
2026-03-29T07:20:00+00:00,jvm_memory_used_bytes,gauge,299999926,terminal-handler-sim,terminal-handler-pod-0,container-main,payments,staging,,
2026-03-29T07:20:00+00:00,jvm_gc_pause_seconds_sum,gauge,0.1097789227693993,terminal-handler-sim,terminal-handler-pod-0,container-main,payments,staging,,
2026-03-29T07:20:00+00:00,process_cpu_usage,gauge,0.20176978597300274,terminal-handler-sim,terminal-handler-pod-0,container-main,payments,staging,,
2026-03-29T07:21:00+00:00,jvm_memory_used_bytes,gauge,300000180,terminal-handler-sim,terminal-handler-pod-0,container-main,payments,staging,,
2026-03-29T07:21:00+00:00,jvm_gc_pause_seconds_sum,gauge,0.1080803101288762,terminal-handler-sim,terminal-handler-pod-0,container-main,payments,staging,,
2026-03-29T07:21:00+00:00,process_cpu_usage,gauge,0.20890825629206852,terminal-handler-sim,terminal-handler-pod-0,container-main,payments,staging,,
2026-03-29T07:22:00+00:00,jvm_memory_used_bytes,gauge,300000362,terminal-handler-sim,terminal-handler-pod-0,container-main,payments,staging,,
2026-03-29T07:22:00+00:00,jvm_gc_pause_seconds_sum,gauge,0.09209154668140895,terminal-handler-sim,terminal-handler-pod-0,container-main,payments,staging,,
2026-03-29T07:22:00+00:00,process_cpu_usage,gauge,0.2017888511789891,terminal-handler-sim,terminal-handler-pod-0,container-main,payments,staging,,
2026-03-29T07:23:00+00:00,jvm_memory_used_bytes,gauge,299999880,terminal-handler-sim,terminal-handler-pod-0,container-main,payments,staging,,
2026-03-29T07:23:00+00:00,jvm_gc_pause_seconds_sum,gauge,0.09975045311443034,terminal-handler-sim,terminal-handler-pod-0,container-main,payments,staging,,
2026-03-29T07:23:00+00:00,process_cpu_usage,gauge,0.2068379623729945,terminal-handler-sim,terminal-handler-pod-0,container-main,payments,staging,,
2026-03-29T07:24:00+00:00,jvm_memory_used_bytes,gauge,299999872,terminal-handler-sim,terminal-handler-pod-0,container-main,payments,staging,,
2026-03-29T07:24:00+00:00,jvm_gc_pause_seconds_sum,gauge,0.09576628121570223,terminal-handler-sim,terminal-handler-pod-0,container-main,payments,staging,,
2026-03-29T07:24:00+00:00,process_cpu_usage,gauge,0.19381717673023158,terminal-handler-sim,terminal-handler-pod-0,container-main,payments,staging,,
2026-03-29T07:25:00+00:00,jvm_memory_used_bytes,gauge,299999106,terminal-handler-sim,terminal-handler-pod-0,container-main,payments,staging,,
2026-03-29T07:25:00+00:00,jvm_gc_pause_seconds_sum,gauge,0.09134718036495618,terminal-handler-sim,terminal-handler-pod-0,container-main,payments,staging,,
2026-03-29T07:25:00+00:00,process_cpu_usage,gauge,0.19621011863493795,terminal-handler-sim,terminal-handler-pod-0,container-main,payments,staging,,
2026-03-29T07:26:00+00:00,jvm_memory_used_bytes,gauge,300000601,terminal-handler-sim,terminal-handler-pod-0,container-main,payments,staging,,
2026-03-29T07:26:00+00:00,jvm_gc_pause_seconds_sum,gauge,0.10095038087527237,terminal-handler-sim,terminal-handler-pod-0,container-main,payments,staging,,
2026-03-29T07:26:00+00:00,process_cpu_usage,gauge,0.2083874246475516,terminal-handler-sim,terminal-handler-pod-0,container-main,payments,staging,,
2026-03-29T07:27:00+00:00,jvm_memory_used_bytes,gauge,299999993,terminal-handler-sim,terminal-handler-pod-0,container-main,payments,staging,,
2026-03-29T07:27:00+00:00,jvm_gc_pause_seconds_sum,gauge,0.09953512564535122,terminal-handler-sim,terminal-handler-pod-0,container-main,payments,staging,,
2026-03-29T07:27:00+00:00,process_cpu_usage,gauge,0.19890988210295457,terminal-handler-sim,terminal-handler-pod-0,container-main,payments,staging,,
2026-03-29T07:28:00+00:00,jvm_memory_used_bytes,gauge,300000747,terminal-handler-sim,terminal-handler-pod-0,container-main,payments,staging,,
2026-03-29T07:28:00+00:00,jvm_gc_pause_seconds_sum,gauge,0.10327498041730954,terminal-handler-sim,terminal-handler-pod-0,container-main,payments,staging,,
2026-03-29T07:28:00+00:00,process_cpu_usage,gauge,0.20681742850482343,terminal-handler-sim,terminal-handler-pod-0,container-main,payments,staging,,
2026-03-29T07:29:00+00:00,jvm_memory_used_bytes,gauge,299999066,terminal-handler-sim,terminal-handler-pod-0,container-main,payments,staging,,
2026-03-29T07:29:00+00:00,jvm_gc_pause_seconds_sum,gauge,0.09872233951274709,terminal-handler-sim,terminal-handler-pod-0,container-main,payments,staging,,
2026-03-29T07:29:00+00:00,process_cpu_usage,gauge,0.20976442732512432,terminal-handler-sim,terminal-handler-pod-0,container-main,payments,staging,,
2026-03-29T07:30:00+00:00,jvm_memory_used_bytes,gauge,300000906,terminal-handler-sim,terminal-handler-pod-0,container-main,payments,staging,,
2026-03-29T07:30:00+00:00,jvm_gc_pause_seconds_sum,gauge,0.10524098302818072,terminal-handler-sim,terminal-handler-pod-0,container-main,payments,staging,,
2026-03-29T07:30:00+00:00,process_cpu_usage,gauge,0.19802965847218598,terminal-handler-sim,terminal-handler-pod-0,container-main,payments,staging,,
2026-03-29T07:31:00+00:00,jvm_memory_used_bytes,gauge,300000343,terminal-handler-sim,terminal-handler-pod-0,container-main,payments,staging,,
2026-03-29T07:31:00+00:00,jvm_gc_pause_seconds_sum,gauge,0.09545850563247106,terminal-handler-sim,terminal-handler-pod-0,container-main,payments,staging,,
2026-03-29T07:31:00+00:00,process_cpu_usage,gauge,0.19385027720334913,terminal-handler-sim,terminal-handler-pod-0,container-main,payments,staging,,
2026-03-29T07:32:00+00:00,jvm_memory_used_bytes,gauge,299999615,terminal-handler-sim,terminal-handler-pod-0,container-main,payments,staging,,
2026-03-29T07:32:00+00:00,jvm_gc_pause_seconds_sum,gauge,0.0935936572032644,terminal-handler-sim,terminal-handler-pod-0,container-main,payments,staging,,
2026-03-29T07:32:00+00:00,process_cpu_usage,gauge,0.20779816040822197,terminal-handler-sim,terminal-handler-pod-0,container-main,payments,staging,,
2026-03-29T07:33:00+00:00,jvm_memory_used_bytes,gauge,300000678,terminal-handler-sim,terminal-handler-pod-0,container-main,payments,staging,,
2026-03-29T07:33:00+00:00,jvm_gc_pause_seconds_sum,gauge,0.10513665690744452,terminal-handler-sim,terminal-handler-pod-0,container-main,payments,staging,,
2026-03-29T07:33:00+00:00,process_cpu_usage,gauge,0.2072521778584816,terminal-handler-sim,terminal-handler-pod-0,container-main,payments,staging,,
2026-03-29T07:34:00+00:00,jvm_memory_used_bytes,gauge,299999419,terminal-handler-sim,terminal-handler-pod-0,container-main,payments,staging,,
2026-03-29T07:34:00+00:00,jvm_gc_pause_seconds_sum,gauge,0.09984564512203692,terminal-handler-sim,terminal-handler-pod-0,container-main,payments,staging,,
2026-03-29T07:34:00+00:00,process_cpu_usage,gauge,0.19263629935052873,terminal-handler-sim,terminal-handler-pod-0,container-main,payments,staging,,
2026-03-29T07:35:00+00:00,jvm_memory_used_bytes,gauge,300000498,terminal-handler-sim,terminal-handler-pod-0,container-main,payments,staging,,
2026-03-29T07:35:00+00:00,jvm_gc_pause_seconds_sum,gauge,0.10877657285945587,terminal-handler-sim,terminal-handler-pod-0,container-main,payments,staging,,
2026-03-29T07:35:00+00:00,process_cpu_usage,gauge,0.2029780124388041,terminal-handler-sim,terminal-handler-pod-0,container-main,payments,staging,,
2026-03-29T07:36:00+00:00,jvm_memory_used_bytes,gauge,299999103,terminal-handler-sim,terminal-handler-pod-0,container-main,payments,staging,,
2026-03-29T07:36:00+00:00,jvm_gc_pause_seconds_sum,gauge,0.09444722569422136,terminal-handler-sim,terminal-handler-pod-0,container-main,payments,staging,,
2026-03-29T07:36:00+00:00,process_cpu_usage,gauge,0.20258266821717247,terminal-handler-sim,terminal-handler-pod-0,container-main,payments,staging,,
2026-03-29T07:37:00+00:00,jvm_memory_used_bytes,gauge,299999128,terminal-handler-sim,terminal-handler-pod-0,container-main,payments,staging,,
2026-03-29T07:37:00+00:00,jvm_gc_pause_seconds_sum,gauge,0.10461675146499341,terminal-handler-sim,terminal-handler-pod-0,container-main,payments,staging,,
2026-03-29T07:37:00+00:00,process_cpu_usage,gauge,0.19159743468633816,terminal-handler-sim,terminal-handler-pod-0,container-main,payments,staging,,
2026-03-29T07:38:00+00:00,jvm_memory_used_bytes,gauge,299999477,terminal-handler-sim,terminal-handler-pod-0,container-main,payments,staging,,
2026-03-29T07:38:00+00:00,jvm_gc_pause_seconds_sum,gauge,0.10102106601493577,terminal-handler-sim,terminal-handler-pod-0,container-main,payments,staging,,
2026-03-29T07:38:00+00:00,process_cpu_usage,gauge,0.20884978002829632,terminal-handler-sim,terminal-handler-pod-0,container-main,payments,staging,,
2026-03-29T07:39:00+00:00,jvm_memory_used_bytes,gauge,300000886,terminal-handler-sim,terminal-handler-pod-0,container-main,payments,staging,,
2026-03-29T07:39:00+00:00,jvm_gc_pause_seconds_sum,gauge,0.10638468950810073,terminal-handler-sim,terminal-handler-pod-0,container-main,payments,staging,,
2026-03-29T07:39:00+00:00,process_cpu_usage,gauge,0.20294400724272166,terminal-handler-sim,terminal-handler-pod-0,container-main,payments,staging,,
2026-03-29T07:40:00+00:00,jvm_memory_used_bytes,gauge,299999774,terminal-handler-sim,terminal-handler-pod-0,container-main,payments,staging,,
2026-03-29T07:40:00+00:00,jvm_gc_pause_seconds_sum,gauge,0.09859187115469996,terminal-handler-sim,terminal-handler-pod-0,container-main,payments,staging,,
2026-03-29T07:40:00+00:00,process_cpu_usage,gauge,0.19603209028982943,terminal-handler-sim,terminal-handler-pod-0,container-main,payments,staging,,
2026-03-29T07:41:00+00:00,jvm_memory_used_bytes,gauge,300000288,terminal-handler-sim,terminal-handler-pod-0,container-main,payments,staging,,
2026-03-29T07:41:00+00:00,jvm_gc_pause_seconds_sum,gauge,0.09273578810352918,terminal-handler-sim,terminal-handler-pod-0,container-main,payments,staging,,
2026-03-29T07:41:00+00:00,process_cpu_usage,gauge,0.20257890214166557,terminal-handler-sim,terminal-handler-pod-0,container-main,payments,staging,,
2026-03-29T07:42:00+00:00,jvm_memory_used_bytes,gauge,300000874,terminal-handler-sim,terminal-handler-pod-0,container-main,payments,staging,,
2026-03-29T07:42:00+00:00,jvm_gc_pause_seconds_sum,gauge,0.09127407112165063,terminal-handler-sim,terminal-handler-pod-0,container-main,payments,staging,,
2026-03-29T07:42:00+00:00,process_cpu_usage,gauge,0.20086912097423834,terminal-handler-sim,terminal-handler-pod-0,container-main,payments,staging,,
2026-03-29T07:43:00+00:00,jvm_memory_used_bytes,gauge,299999234,terminal-handler-sim,terminal-handler-pod-0,container-main,payments,staging,,
2026-03-29T07:43:00+00:00,jvm_gc_pause_seconds_sum,gauge,0.10841403134437123,terminal-handler-sim,terminal-handler-pod-0,container-main,payments,staging,,
2026-03-29T07:43:00+00:00,process_cpu_usage,gauge,0.19381352393356438,terminal-handler-sim,terminal-handler-pod-0,container-main,payments,staging,,
2026-03-29T07:44:00+00:00,jvm_memory_used_bytes,gauge,300000775,terminal-handler-sim,terminal-handler-pod-0,container-main,payments,staging,,
2026-03-29T07:44:00+00:00,jvm_gc_pause_seconds_sum,gauge,0.09036888024939994,terminal-handler-sim,terminal-handler-pod-0,container-main,payments,staging,,
2026-03-29T07:44:00+00:00,process_cpu_usage,gauge,0.19061979358044331,terminal-handler-sim,terminal-handler-pod-0,container-main,payments,staging,,
2026-03-29T07:45:00+00:00,jvm_memory_used_bytes,gauge,299999256,terminal-handler-sim,terminal-handler-pod-0,container-main,payments,staging,,
2026-03-29T07:45:00+00:00,jvm_gc_pause_seconds_sum,gauge,0.1024818093442118,terminal-handler-sim,terminal-handler-pod-0,container-main,payments,staging,,
2026-03-29T07:45:00+00:00,process_cpu_usage,gauge,0.20897631061301059,terminal-handler-sim,terminal-handler-pod-0,container-main,payments,staging,,
2026-03-29T07:46:00+00:00,jvm_memory_used_bytes,gauge,299999931,terminal-handler-sim,terminal-handler-pod-0,container-main,payments,staging,,
2026-03-29T07:46:00+00:00,jvm_gc_pause_seconds_sum,gauge,0.09429643208209545,terminal-handler-sim,terminal-handler-pod-0,container-main,payments,staging,,
2026-03-29T07:46:00+00:00,process_cpu_usage,gauge,0.19385246786539997,terminal-handler-sim,terminal-handler-pod-0,container-main,payments,staging,,
2026-03-29T07:47:00+00:00,jvm_memory_used_bytes,gauge,299999985,terminal-handler-sim,terminal-handler-pod-0,container-main,payments,staging,,
2026-03-29T07:47:00+00:00,jvm_gc_pause_seconds_sum,gauge,0.09379877773981098,terminal-handler-sim,terminal-handler-pod-0,container-main,payments,staging,,
2026-03-29T07:47:00+00:00,process_cpu_usage,gauge,0.1949157183533171,terminal-handler-sim,terminal-handler-pod-0,container-main,payments,staging,,
2026-03-29T07:48:00+00:00,jvm_memory_used_bytes,gauge,300000282,terminal-handler-sim,terminal-handler-pod-0,container-main,payments,staging,,
2026-03-29T07:48:00+00:00,jvm_gc_pause_seconds_sum,gauge,0.09228227418785159,terminal-handler-sim,terminal-handler-pod-0,container-main,payments,staging,,
2026-03-29T07:48:00+00:00,process_cpu_usage,gauge,0.2046099069289915,terminal-handler-sim,terminal-handler-pod-0,container-main,payments,staging,,
2026-03-29T07:49:00+00:00,jvm_memory_used_bytes,gauge,300000117,terminal-handler-sim,terminal-handler-pod-0,container-main,payments,staging,,
2026-03-29T07:49:00+00:00,jvm_gc_pause_seconds_sum,gauge,0.10567881437547855,terminal-handler-sim,terminal-handler-pod-0,container-main,payments,staging,,
2026-03-29T07:49:00+00:00,process_cpu_usage,gauge,0.20001805327032482,terminal-handler-sim,terminal-handler-pod-0,container-main,payments,staging,,
2026-03-29T07:50:00+00:00,jvm_memory_used_bytes,gauge,299999591,terminal-handler-sim,terminal-handler-pod-0,container-main,payments,staging,,
2026-03-29T07:50:00+00:00,jvm_gc_pause_seconds_sum,gauge,0.10590526529559711,terminal-handler-sim,terminal-handler-pod-0,container-main,payments,staging,,
2026-03-29T07:50:00+00:00,process_cpu_usage,gauge,0.19858001294719788,terminal-handler-sim,terminal-handler-pod-0,container-main,payments,staging,,
2026-03-29T07:51:00+00:00,jvm_memory_used_bytes,gauge,300000874,terminal-handler-sim,terminal-handler-pod-0,container-main,payments,staging,,
2026-03-29T07:51:00+00:00,jvm_gc_pause_seconds_sum,gauge,0.09008825872480498,terminal-handler-sim,terminal-handler-pod-0,container-main,payments,staging,,
2026-03-29T07:51:00+00:00,process_cpu_usage,gauge,0.20148665431411905,terminal-handler-sim,terminal-handler-pod-0,container-main,payments,staging,,
2026-03-29T07:52:00+00:00,jvm_memory_used_bytes,gauge,299999287,terminal-handler-sim,terminal-handler-pod-0,container-main,payments,staging,,
2026-03-29T07:52:00+00:00,jvm_gc_pause_seconds_sum,gauge,0.09156096994604146,terminal-handler-sim,terminal-handler-pod-0,container-main,payments,staging,,
2026-03-29T07:52:00+00:00,process_cpu_usage,gauge,0.19257589739693573,terminal-handler-sim,terminal-handler-pod-0,container-main,payments,staging,,
2026-03-29T07:53:00+00:00,jvm_memory_used_bytes,gauge,299999181,terminal-handler-sim,terminal-handler-pod-0,container-main,payments,staging,,
2026-03-29T07:53:00+00:00,jvm_gc_pause_seconds_sum,gauge,0.09279216787870445,terminal-handler-sim,terminal-handler-pod-0,container-main,payments,staging,,
2026-03-29T07:53:00+00:00,process_cpu_usage,gauge,0.20492510521240737,terminal-handler-sim,terminal-handler-pod-0,container-main,payments,staging,,
2026-03-29T07:54:00+00:00,jvm_memory_used_bytes,gauge,300000463,terminal-handler-sim,terminal-handler-pod-0,container-main,payments,staging,,
2026-03-29T07:54:00+00:00,jvm_gc_pause_seconds_sum,gauge,0.1065257889691152,terminal-handler-sim,terminal-handler-pod-0,container-main,payments,staging,,
2026-03-29T07:54:00+00:00,process_cpu_usage,gauge,0.20941929903412476,terminal-handler-sim,terminal-handler-pod-0,container-main,payments,staging,,
2026-03-29T07:55:00+00:00,jvm_memory_used_bytes,gauge,300000934,terminal-handler-sim,terminal-handler-pod-0,container-main,payments,staging,,
2026-03-29T07:55:00+00:00,jvm_gc_pause_seconds_sum,gauge,0.09678322072973683,terminal-handler-sim,terminal-handler-pod-0,container-main,payments,staging,,
2026-03-29T07:55:00+00:00,process_cpu_usage,gauge,0.20118321407584108,terminal-handler-sim,terminal-handler-pod-0,container-main,payments,staging,,
2026-03-29T07:56:00+00:00,jvm_memory_used_bytes,gauge,300000190,terminal-handler-sim,terminal-handler-pod-0,container-main,payments,staging,,
2026-03-29T07:56:00+00:00,jvm_gc_pause_seconds_sum,gauge,0.09795937752341137,terminal-handler-sim,terminal-handler-pod-0,container-main,payments,staging,,
2026-03-29T07:56:00+00:00,process_cpu_usage,gauge,0.1993226516054675,terminal-handler-sim,terminal-handler-pod-0,container-main,payments,staging,,
2026-03-29T07:57:00+00:00,jvm_memory_used_bytes,gauge,299999367,terminal-handler-sim,terminal-handler-pod-0,container-main,payments,staging,,
2026-03-29T07:57:00+00:00,jvm_gc_pause_seconds_sum,gauge,0.10627059538980907,terminal-handler-sim,terminal-handler-pod-0,container-main,payments,staging,,
2026-03-29T07:57:00+00:00,process_cpu_usage,gauge,0.20938303173258482,terminal-handler-sim,terminal-handler-pod-0,container-main,payments,staging,,
2026-03-29T07:58:00+00:00,jvm_memory_used_bytes,gauge,299999916,terminal-handler-sim,terminal-handler-pod-0,container-main,payments,staging,,
2026-03-29T07:58:00+00:00,jvm_gc_pause_seconds_sum,gauge,0.09053878561122304,terminal-handler-sim,terminal-handler-pod-0,container-main,payments,staging,,
2026-03-29T07:58:00+00:00,process_cpu_usage,gauge,0.19184658423455547,terminal-handler-sim,terminal-handler-pod-0,container-main,payments,staging,,
2026-03-29T07:59:00+00:00,jvm_memory_used_bytes,gauge,299999010,terminal-handler-sim,terminal-handler-pod-0,container-main,payments,staging,,
2026-03-29T07:59:00+00:00,jvm_gc_pause_seconds_sum,gauge,0.09014058639318964,terminal-handler-sim,terminal-handler-pod-0,container-main,payments,staging,,
2026-03-29T07:59:00+00:00,process_cpu_usage,gauge,0.20019486872865824,terminal-handler-sim,terminal-handler-pod-0,container-main,payments,staging,,
