timestamp,atm_id,hostname,os_version,cpu_usage_percent,memory_used_mb,memory_total_mb,memory_usage_percent,disk_read_bytes_per_sec,disk_write_bytes_per_sec,disk_free_gb,network_bytes_sent_per_sec,network_bytes_recv_per_sec,network_errors,process_count,system_uptime_seconds,event_log_errors_last_min,_anomaly
2026-03-24T08:00:00+00:00,ATM-GB-0001,host-atm-gb-0001,Windows-Server-2019,8.61,469,4096,11.45,2063.0,4779.7,83.08,7120.85,8612.57,0,101,37599,0,
2026-03-24T08:00:00+00:00,ATM-GB-0002,host-atm-gb-0002,Windows-Server-2019,31.73,548,4096,13.38,810.73,1471.48,169.36,1006.89,6443.82,0,89,44916,0,
2026-03-24T08:00:00+00:00,ATM-GB-0003,host-atm-gb-0003,Windows-Server-2019,15.89,1013,4096,24.73,1905.1,535.54,199.63,186.98,4946.95,0,101,13207,0,
2026-03-24T08:00:00+00:00,ATM-GB-0004,host-atm-gb-0004,Windows-Server-2019,12.63,1460,4096,35.64,1511.18,2474.09,75.19,7926.13,7928.44,0,93,50606,0,
2026-03-24T08:01:00+00:00,ATM-GB-0001,host-atm-gb-0001,Windows-Server-2019,16.75,1266,4096,30.91,2323.75,3868.91,107.75,6549.81,9401.24,0,82,86200,0,
2026-03-24T08:01:00+00:00,ATM-GB-0002,host-atm-gb-0002,Windows-Server-2019,23.51,498,4096,12.16,2727.12,2704.72,96.77,5425.92,1360.22,0,88,5381,0,
2026-03-24T08:01:00+00:00,ATM-GB-0003,host-atm-gb-0003,Windows-Server-2019,30.08,614,4096,14.99,485.82,864.08,42.38,9038.0,4943.79,0,93,17694,0,
2026-03-24T08:01:00+00:00,ATM-GB-0004,host-atm-gb-0004,Windows-Server-2019,33.03,680,4096,16.6,4882.74,4683.76,155.3,9895.08,3364.8,0,109,65178,0,
2026-03-24T08:02:00+00:00,ATM-GB-0001,host-atm-gb-0001,Windows-Server-2019,11.17,1376,4096,33.59,4315.1,4351.93,193.27,5238.67,130.81,0,87,46471,0,
2026-03-24T08:02:00+00:00,ATM-GB-0002,host-atm-gb-0002,Windows-Server-2019,39.15,489,4096,11.94,3522.4,2800.09,191.64,3093.19,9136.82,0,112,24963,0,
2026-03-24T08:02:00+00:00,ATM-GB-0003,host-atm-gb-0003,Windows-Server-2019,35.13,628,4096,15.33,2629.61,596.31,25.45,3893.16,907.8,0,89,53035,0,
2026-03-24T08:02:00+00:00,ATM-GB-0004,host-atm-gb-0004,Windows-Server-2019,5.96,1227,4096,29.96,4645.56,4301.22,180.34,8486.61,8776.16,0,82,24245,0,
2026-03-24T08:03:00+00:00,ATM-GB-0001,host-atm-gb-0001,Windows-Server-2019,15.12,1141,4096,27.86,2300.95,4042.76,71.26,5655.85,2860.61,0,99,52501,0,
2026-03-24T08:03:00+00:00,ATM-GB-0002,host-atm-gb-0002,Windows-Server-2019,26.52,421,4096,10.28,3014.3,4903.09,61.77,9209.04,9883.06,0,116,64724,0,
2026-03-24T08:03:00+00:00,ATM-GB-0003,host-atm-gb-0003,Windows-Server-2019,30.99,868,4096,21.19,3421.88,4282.9,84.05,5174.15,5070.66,0,99,84089,0,
2026-03-24T08:03:00+00:00,ATM-GB-0004,host-atm-gb-0004,Windows-Server-2019,21.71,1175,4096,28.69,2238.85,3888.51,74.08,2862.22,1099.87,0,111,47057,0,
2026-03-24T08:04:00+00:00,ATM-GB-0001,host-atm-gb-0001,Windows-Server-2019,5.42,1077,4096,26.29,3563.7,597.88,82.07,972.58,5659.1,0,102,70936,0,
2026-03-24T08:04:00+00:00,ATM-GB-0002,host-atm-gb-0002,Windows-Server-2019,31.34,1171,4096,28.59,3302.73,1324.69,80.38,7375.41,9275.29,0,80,22742,0,
2026-03-24T08:04:00+00:00,ATM-GB-0003,host-atm-gb-0003,Windows-Server-2019,17.32,1405,4096,34.3,347.03,3617.38,121.46,7428.71,6478.52,0,97,35761,0,
2026-03-24T08:04:00+00:00,ATM-GB-0004,host-atm-gb-0004,Windows-Server-2019,12.54,510,4096,12.45,3823.81,2342.55,147.28,2228.88,3048.38,0,85,64993,0,
2026-03-24T08:05:00+00:00,ATM-GB-0001,host-atm-gb-0001,Windows-Server-2019,10.5,756,4096,18.46,3441.27,4615.57,160.57,8060.78,423.42,0,120,40622,0,
2026-03-24T08:05:00+00:00,ATM-GB-0002,host-atm-gb-0002,Windows-Server-2019,31.79,1268,4096,30.96,1150.42,3090.32,158.92,7084.3,1837.21,0,85,64695,0,
2026-03-24T08:05:00+00:00,ATM-GB-0003,host-atm-gb-0003,Windows-Server-2019,16.01,741,4096,18.09,1287.01,4840.56,153.67,4725.44,7505.88,0,104,36417,0,
2026-03-24T08:05:00+00:00,ATM-GB-0004,host-atm-gb-0004,Windows-Server-2019,11.6,1436,4096,35.06,2995.08,3844.89,179.05,9966.78,6190.19,0,104,84910,0,
2026-03-24T08:06:00+00:00,ATM-GB-0001,host-atm-gb-0001,Windows-Server-2019,35.63,1411,4096,34.45,3963.84,3552.61,109.32,521.04,33.87,0,99,15985,0,
2026-03-24T08:06:00+00:00,ATM-GB-0002,host-atm-gb-0002,Windows-Server-2019,17.53,675,4096,16.48,4436.61,2693.32,34.43,3198.17,8450.4,0,119,61742,0,
2026-03-24T08:06:00+00:00,ATM-GB-0003,host-atm-gb-0003,Windows-Server-2019,9.58,1273,4096,31.08,4413.13,4660.18,144.76,2488.05,588.9,0,110,13349,0,
2026-03-24T08:06:00+00:00,ATM-GB-0004,host-atm-gb-0004,Windows-Server-2019,7.64,1101,4096,26.88,4212.87,441.7,172.75,1066.64,8414.09,0,116,28934,0,
2026-03-24T08:07:00+00:00,ATM-GB-0001,host-atm-gb-0001,Windows-Server-2019,39.66,567,4096,13.84,2422.45,703.88,109.59,5410.77,3921.75,0,101,61617,0,
2026-03-24T08:07:00+00:00,ATM-GB-0002,host-atm-gb-0002,Windows-Server-2019,22.69,506,4096,12.35,4431.01,4095.42,156.46,3511.13,6701.46,0,87,43538,0,
2026-03-24T08:07:00+00:00,ATM-GB-0003,host-atm-gb-0003,Windows-Server-2019,13.24,522,4096,12.74,4113.55,3515.17,34.54,5596.9,4784.7,0,112,8305,0,
2026-03-24T08:07:00+00:00,ATM-GB-0004,host-atm-gb-0004,Windows-Server-2019,16.54,1208,4096,29.49,4638.2,2162.8,106.38,5958.63,131.81,0,120,7211,0,
2026-03-24T08:08:00+00:00,ATM-GB-0001,host-atm-gb-0001,Windows-Server-2019,28.62,657,4096,16.04,4271.21,2542.16,132.76,1026.33,1831.29,0,81,39468,0,
2026-03-24T08:08:00+00:00,ATM-GB-0002,host-atm-gb-0002,Windows-Server-2019,28.02,1310,4096,31.98,2938.91,2457.73,69.3,4518.44,5744.44,0,106,5422,0,
2026-03-24T08:08:00+00:00,ATM-GB-0003,host-atm-gb-0003,Windows-Server-2019,34.95,1004,4096,24.51,757.42,2525.45,106.19,937.65,5028.81,0,110,19075,0,
2026-03-24T08:08:00+00:00,ATM-GB-0004,host-atm-gb-0004,Windows-Server-2019,22.12,869,4096,21.22,1151.21,4729.34,52.19,6689.83,896.34,0,117,41926,0,
2026-03-24T08:09:00+00:00,ATM-GB-0001,host-atm-gb-0001,Windows-Server-2019,29.46,886,4096,21.63,2161.82,4550.11,153.0,8685.08,952.03,0,95,79341,0,
2026-03-24T08:09:00+00:00,ATM-GB-0002,host-atm-gb-0002,Windows-Server-2019,19.54,1480,4096,36.13,4007.05,3892.69,104.43,195.86,984.08,0,94,46658,0,
2026-03-24T08:09:00+00:00,ATM-GB-0003,host-atm-gb-0003,Windows-Server-2019,36.44,1305,4096,31.86,4717.97,545.03,61.03,9031.34,3976.67,0,111,23320,0,
2026-03-24T08:09:00+00:00,ATM-GB-0004,host-atm-gb-0004,Windows-Server-2019,17.3,1270,4096,31.01,1320.75,2234.44,134.5,6248.99,258.79,0,110,81382,0,
2026-03-24T08:10:00+00:00,ATM-GB-0001,host-atm-gb-0001,Windows-Server-2019,29.92,1486,4096,36.28,1472.05,3156.63,111.85,4976.68,640.88,0,101,81517,0,
2026-03-24T08:10:00+00:00,ATM-GB-0002,host-atm-gb-0002,Windows-Server-2019,39.69,1270,4096,31.01,3617.26,4148.4,73.3,8764.43,3932.9,0,101,72597,0,
2026-03-24T08:10:00+00:00,ATM-GB-0003,host-atm-gb-0003,Windows-Server-2019,19.57,424,4096,10.35,1420.66,3611.2,78.7,4555.54,1791.77,0,103,62086,0,
2026-03-24T08:10:00+00:00,ATM-GB-0004,host-atm-gb-0004,Windows-Server-2019,22.43,1494,4096,36.47,4702.15,1222.44,157.78,7649.03,423.12,0,119,14455,0,
2026-03-24T08:11:00+00:00,ATM-GB-0001,host-atm-gb-0001,Windows-Server-2019,7.01,1444,4096,35.25,2259.43,3319.19,156.12,4337.46,2781.76,0,111,79141,0,
2026-03-24T08:11:00+00:00,ATM-GB-0002,host-atm-gb-0002,Windows-Server-2019,25.97,1298,4096,31.69,1752.9,4433.58,196.75,3242.9,5658.92,0,101,47649,0,
2026-03-24T08:11:00+00:00,ATM-GB-0003,host-atm-gb-0003,Windows-Server-2019,8.26,1139,4096,27.81,155.07,1090.39,190.89,2984.6,7159.77,0,113,12471,0,
2026-03-24T08:11:00+00:00,ATM-GB-0004,host-atm-gb-0004,Windows-Server-2019,37.14,1489,4096,36.35,4926.22,2143.09,96.34,4530.47,6519.64,0,119,85064,0,
2026-03-24T08:12:00+00:00,ATM-GB-0001,host-atm-gb-0001,Windows-Server-2019,39.27,816,4096,19.92,848.61,2347.8,73.69,9941.41,808.46,0,105,34612,0,
2026-03-24T08:12:00+00:00,ATM-GB-0002,host-atm-gb-0002,Windows-Server-2019,9.51,881,4096,21.51,158.65,3555.19,102.92,7478.1,9950.38,0,96,45230,0,
2026-03-24T08:12:00+00:00,ATM-GB-0003,host-atm-gb-0003,Windows-Server-2019,29.13,1442,4096,35.21,3173.53,924.34,11.99,4224.27,9525.46,0,115,54119,0,
2026-03-24T08:12:00+00:00,ATM-GB-0004,host-atm-gb-0004,Windows-Server-2019,30.02,1344,4096,32.81,4628.97,1932.65,131.05,3090.62,9693.31,0,101,56501,0,
2026-03-24T08:13:00+00:00,ATM-GB-0001,host-atm-gb-0001,Windows-Server-2019,22.71,1204,4096,29.39,2758.17,4685.92,174.6,2105.13,8521.2,0,88,58828,0,
2026-03-24T08:13:00+00:00,ATM-GB-0002,host-atm-gb-0002,Windows-Server-2019,7.67,1383,4096,33.76,2910.98,2668.57,100.17,9842.01,138.69,0,118,77315,0,
2026-03-24T08:13:00+00:00,ATM-GB-0003,host-atm-gb-0003,Windows-Server-2019,39.5,886,4096,21.63,2481.74,2732.55,146.91,3996.29,255.19,0,81,72586,0,
2026-03-24T08:13:00+00:00,ATM-GB-0004,host-atm-gb-0004,Windows-Server-2019,28.37,516,4096,12.6,4301.05,3601.87,94.53,7189.5,6966.84,0,86,81085,0,
2026-03-24T08:14:00+00:00,ATM-GB-0001,host-atm-gb-0001,Windows-Server-2019,18.98,482,4096,11.77,2273.47,1055.8,34.57,23.83,5364.22,0,106,48714,0,
2026-03-24T08:14:00+00:00,ATM-GB-0002,host-atm-gb-0002,Windows-Server-2019,18.01,1407,4096,34.35,4521.58,2467.93,14.63,9628.73,5212.09,0,105,51559,0,
2026-03-24T08:14:00+00:00,ATM-GB-0003,host-atm-gb-0003,Windows-Server-2019,32.92,905,4096,22.09,3751.33,1048.12,148.47,8035.1,6320.86,0,84,30501,0,
2026-03-24T08:14:00+00:00,ATM-GB-0004,host-atm-gb-0004,Windows-Server-2019,23.08,1291,4096,31.52,2157.48,1879.56,120.79,318.3,5487.35,0,106,54823,0,
2026-03-24T08:15:00+00:00,ATM-GB-0001,host-atm-gb-0001,Windows-Server-2019,37.85,1329,4096,32.45,1060.62,4176.76,79.05,2437.94,4978.73,0,87,21762,0,
2026-03-24T08:15:00+00:00,ATM-GB-0002,host-atm-gb-0002,Windows-Server-2019,26.39,1026,4096,25.05,2312.1,1015.35,196.49,4515.48,9335.72,0,107,65019,0,
2026-03-24T08:15:00+00:00,ATM-GB-0003,host-atm-gb-0003,Windows-Server-2019,39.7,620,4096,15.14,1611.52,695.83,77.23,2914.77,8264.84,0,120,81374,0,
2026-03-24T08:15:00+00:00,ATM-GB-0004,host-atm-gb-0004,Windows-Server-2019,19.84,548,4096,13.38,4676.05,544.83,133.01,5256.36,2170.44,0,81,69427,0,
2026-03-24T08:16:00+00:00,ATM-GB-0001,host-atm-gb-0001,Windows-Server-2019,35.14,747,4096,18.24,2197.95,4371.05,32.11,2751.75,9237.08,0,115,38385,0,
2026-03-24T08:16:00+00:00,ATM-GB-0002,host-atm-gb-0002,Windows-Server-2019,36.99,535,4096,13.06,1411.63,4095.94,145.44,4191.77,8576.68,0,90,79666,0,
2026-03-24T08:16:00+00:00,ATM-GB-0003,host-atm-gb-0003,Windows-Server-2019,27.81,862,4096,21.04,4485.74,1623.76,62.81,7543.31,4127.76,0,103,75487,0,
2026-03-24T08:16:00+00:00,ATM-GB-0004,host-atm-gb-0004,Windows-Server-2019,39.63,538,4096,13.13,2757.9,832.35,188.56,380.54,1302.55,0,81,34046,0,
2026-03-24T08:17:00+00:00,ATM-GB-0001,host-atm-gb-0001,Windows-Server-2019,35.92,967,4096,23.61,2723.85,828.25,24.42,8166.65,4602.84,0,84,48597,0,
2026-03-24T08:17:00+00:00,ATM-GB-0002,host-atm-gb-0002,Windows-Server-2019,33.2,986,4096,24.07,1368.5,2804.86,105.46,4751.84,1238.66,0,96,19172,0,
2026-03-24T08:17:00+00:00,ATM-GB-0003,host-atm-gb-0003,Windows-Server-2019,15.95,1157,4096,28.25,3943.7,3281.5,53.62,4035.59,3095.18,0,113,33159,0,
2026-03-24T08:17:00+00:00,ATM-GB-0004,host-atm-gb-0004,Windows-Server-2019,34.7,1091,4096,26.64,3749.03,2880.58,58.71,6583.07,6544.31,0,120,10260,0,
2026-03-24T08:18:00+00:00,ATM-GB-0001,host-atm-gb-0001,Windows-Server-2019,10.98,506,4096,12.35,4561.56,2871.9,75.78,5813.99,9082.15,0,101,43559,0,
2026-03-24T08:18:00+00:00,ATM-GB-0002,host-atm-gb-0002,Windows-Server-2019,27.21,1440,4096,35.16,1327.3,3414.25,117.49,6306.19,4441.51,0,81,27612,0,
2026-03-24T08:18:00+00:00,ATM-GB-0003,host-atm-gb-0003,Windows-Server-2019,21.71,854,4096,20.85,3337.86,4483.45,35.59,7816.13,5530.98,0,81,67358,0,
2026-03-24T08:18:00+00:00,ATM-GB-0004,host-atm-gb-0004,Windows-Server-2019,26.06,867,4096,21.17,4870.38,2635.08,61.64,8553.7,1768.7,0,85,10569,0,
2026-03-24T08:19:00+00:00,ATM-GB-0001,host-atm-gb-0001,Windows-Server-2019,18.28,776,4096,18.95,1223.1,646.74,55.68,8852.12,8185.49,0,107,52049,0,
2026-03-24T08:19:00+00:00,ATM-GB-0002,host-atm-gb-0002,Windows-Server-2019,27.44,1404,4096,34.28,3908.45,1598.93,159.42,9376.84,8309.58,0,89,30106,0,
2026-03-24T08:19:00+00:00,ATM-GB-0003,host-atm-gb-0003,Windows-Server-2019,37.97,420,4096,10.25,1296.42,2246.55,144.9,8413.27,5592.03,0,80,73110,0,
2026-03-24T08:19:00+00:00,ATM-GB-0004,host-atm-gb-0004,Windows-Server-2019,10.37,1120,4096,27.34,4873.08,4920.91,80.26,2585.65,4126.7,0,102,53843,0,
2026-03-24T08:20:00+00:00,ATM-GB-0001,host-atm-gb-0001,Windows-Server-2019,12.72,1368,4096,33.4,4743.51,2478.21,107.56,879.65,5894.9,0,120,60235,0,
2026-03-24T08:20:00+00:00,ATM-GB-0002,host-atm-gb-0002,Windows-Server-2019,21.81,506,4096,12.35,450.56,4690.58,111.9,2538.33,9374.72,0,117,28693,0,
2026-03-24T08:20:00+00:00,ATM-GB-0003,host-atm-gb-0003,Windows-Server-2019,11.7,526,4096,12.84,4935.63,2959.31,88.35,1461.32,1185.77,0,84,13189,0,
2026-03-24T08:20:00+00:00,ATM-GB-0004,host-atm-gb-0004,Windows-Server-2019,11.29,972,4096,23.73,644.02,2876.46,114.57,3643.13,6971.5,0,81,29567,0,
2026-03-24T08:21:00+00:00,ATM-GB-0001,host-atm-gb-0001,Windows-Server-2019,39.58,639,4096,15.6,1779.21,2804.3,31.78,865.74,3327.72,0,83,6682,0,
2026-03-24T08:21:00+00:00,ATM-GB-0002,host-atm-gb-0002,Windows-Server-2019,14.37,449,4096,10.96,1661.02,1283.74,176.26,1822.43,4887.74,0,84,6861,0,
2026-03-24T08:21:00+00:00,ATM-GB-0003,host-atm-gb-0003,Windows-Server-2019,29.03,418,4096,10.21,1136.77,2646.87,113.41,2309.76,7569.55,0,120,49581,0,
2026-03-24T08:21:00+00:00,ATM-GB-0004,host-atm-gb-0004,Windows-Server-2019,38.67,696,4096,16.99,1511.85,1789.92,127.17,4522.25,540.9,0,87,30110,0,
2026-03-24T08:22:00+00:00,ATM-GB-0001,host-atm-gb-0001,Windows-Server-2019,27.89,429,4096,10.47,2719.45,2791.04,190.33,2645.59,2364.73,0,115,58819,0,
2026-03-24T08:22:00+00:00,ATM-GB-0002,host-atm-gb-0002,Windows-Server-2019,33.92,1255,4096,30.64,3283.72,3481.45,98.12,79.18,2792.23,0,81,72211,0,
2026-03-24T08:22:00+00:00,ATM-GB-0003,host-atm-gb-0003,Windows-Server-2019,19.64,928,4096,22.66,3293.99,1223.23,30.09,1665.08,3260.05,0,86,55547,0,
2026-03-24T08:22:00+00:00,ATM-GB-0004,host-atm-gb-0004,Windows-Server-2019,18.0,920,4096,22.46,1278.5,2696.71,52.72,2881.4,8122.28,0,111,47160,0,
2026-03-24T08:23:00+00:00,ATM-GB-0001,host-atm-gb-0001,Windows-Server-2019,34.22,931,4096,22.73,3171.55,3628.77,190.22,5095.09,1910.05,0,99,49221,0,
2026-03-24T08:23:00+00:00,ATM-GB-0002,host-atm-gb-0002,Windows-Server-2019,35.79,1240,4096,30.27,1147.3,1681.69,68.1,8438.83,762.47,0,107,76722,0,
2026-03-24T08:23:00+00:00,ATM-GB-0003,host-atm-gb-0003,Windows-Server-2019,34.81,1298,4096,31.69,666.95,4436.27,122.16,9925.64,7798.96,0,86,8738,0,
2026-03-24T08:23:00+00:00,ATM-GB-0004,host-atm-gb-0004,Windows-Server-2019,25.54,1152,4096,28.12,4268.46,4771.18,48.29,4377.31,7537.99,0,90,61515,0,
2026-03-24T08:24:00+00:00,ATM-GB-0001,host-atm-gb-0001,Windows-Server-2019,36.24,732,4096,17.87,4145.73,3148.23,74.66,4962.36,1592.17,0,109,38236,0,
2026-03-24T08:24:00+00:00,ATM-GB-0002,host-atm-gb-0002,Windows-Server-2019,18.05,1141,4096,27.86,1112.13,838.37,50.71,6288.83,356.41,0,92,23196,0,
2026-03-24T08:24:00+00:00,ATM-GB-0003,host-atm-gb-0003,Windows-Server-2019,27.63,1090,4096,26.61,295.44,30.34,184.51,2141.03,1018.65,0,83,12314,0,
2026-03-24T08:24:00+00:00,ATM-GB-0004,host-atm-gb-0004,Windows-Server-2019,13.75,1326,4096,32.37,1971.4,4444.74,51.55,6136.73,7062.74,0,100,3802,0,
2026-03-24T08:25:00+00:00,ATM-GB-0001,host-atm-gb-0001,Windows-Server-2019,10.16,1109,4096,27.08,418.03,3765.41,87.06,2853.12,7339.99,0,90,37989,0,
2026-03-24T08:25:00+00:00,ATM-GB-0002,host-atm-gb-0002,Windows-Server-2019,26.46,799,4096,19.51,2082.0,3034.59,97.76,8065.18,3750.69,0,109,66288,0,
2026-03-24T08:25:00+00:00,ATM-GB-0003,host-atm-gb-0003,Windows-Server-2019,38.28,677,4096,16.53,328.39,757.53,46.09,7533.38,9399.18,0,120,39777,0,
2026-03-24T08:25:00+00:00,ATM-GB-0004,host-atm-gb-0004,Windows-Server-2019,38.26,753,4096,18.38,1393.23,622.09,108.22,3929.67,7990.41,0,119,78452,0,
2026-03-24T08:26:00+00:00,ATM-GB-0001,host-atm-gb-0001,Windows-Server-2019,14.06,1216,4096,29.69,702.96,4883.79,131.7,4031.19,3647.87,0,111,13687,0,
2026-03-24T08:26:00+00:00,ATM-GB-0002,host-atm-gb-0002,Windows-Server-2019,28.43,784,4096,19.14,2933.39,3972.62,138.65,410.03,1143.51,0,108,58173,0,
2026-03-24T08:26:00+00:00,ATM-GB-0003,host-atm-gb-0003,Windows-Server-2019,6.98,968,4096,23.63,2045.92,2165.84,192.91,5057.09,6956.15,0,94,63311,0,
2026-03-24T08:26:00+00:00,ATM-GB-0004,host-atm-gb-0004,Windows-Server-2019,39.41,1431,4096,34.94,881.41,967.71,74.53,3380.75,4286.15,0,97,50792,0,
2026-03-24T08:27:00+00:00,ATM-GB-0001,host-atm-gb-0001,Windows-Server-2019,11.01,1236,4096,30.18,1210.79,2972.9,129.37,6984.11,3733.72,0,101,75141,0,
2026-03-24T08:27:00+00:00,ATM-GB-0002,host-atm-gb-0002,Windows-Server-2019,18.93,1315,4096,32.1,3047.09,450.24,168.4,3392.41,4088.83,0,105,12982,0,
2026-03-24T08:27:00+00:00,ATM-GB-0003,host-atm-gb-0003,Windows-Server-2019,20.07,529,4096,12.92,1069.04,4035.42,79.71,7281.51,1396.32,0,108,31534,0,
2026-03-24T08:27:00+00:00,ATM-GB-0004,host-atm-gb-0004,Windows-Server-2019,27.96,1287,4096,31.42,2638.19,4936.24,15.95,6438.73,8494.11,0,111,33632,0,
2026-03-24T08:28:00+00:00,ATM-GB-0001,host-atm-gb-0001,Windows-Server-2019,24.6,1396,4096,34.08,3256.92,2286.8,17.05,5563.08,3229.56,0,89,46843,0,
2026-03-24T08:28:00+00:00,ATM-GB-0002,host-atm-gb-0002,Windows-Server-2019,23.07,414,4096,10.11,2708.72,4610.08,23.8,2309.43,6552.12,0,100,43842,0,
2026-03-24T08:28:00+00:00,ATM-GB-0003,host-atm-gb-0003,Windows-Server-2019,21.28,430,4096,10.5,3659.78,2082.8,62.28,4267.53,2491.57,0,111,28606,0,
2026-03-24T08:28:00+00:00,ATM-GB-0004,host-atm-gb-0004,Windows-Server-2019,19.32,944,4096,23.05,322.95,1917.25,182.12,5412.11,4477.29,0,114,58838,0,
2026-03-24T08:29:00+00:00,ATM-GB-0001,host-atm-gb-0001,Windows-Server-2019,27.64,563,4096,13.75,1866.41,2107.46,49.75,9891.85,2030.35,0,116,50133,0,
2026-03-24T08:29:00+00:00,ATM-GB-0002,host-atm-gb-0002,Windows-Server-2019,32.14,1059,4096,25.85,149.99,3858.41,71.45,3239.63,2834.95,0,82,74731,0,
2026-03-24T08:29:00+00:00,ATM-GB-0003,host-atm-gb-0003,Windows-Server-2019,24.82,1160,4096,28.32,1605.57,2854.02,19.89,1718.88,9797.18,0,109,39785,0,
2026-03-24T08:29:00+00:00,ATM-GB-0004,host-atm-gb-0004,Windows-Server-2019,30.05,592,4096,14.45,3129.18,1852.44,96.77,3147.72,5009.43,0,90,10129,0,
2026-03-24T08:30:00+00:00,ATM-GB-0001,host-atm-gb-0001,Windows-Server-2019,19.54,615,4096,15.01,2225.75,4426.88,118.61,394.13,5784.34,0,110,63872,0,
2026-03-24T08:30:00+00:00,ATM-GB-0002,host-atm-gb-0002,Windows-Server-2019,16.59,549,4096,13.4,228.19,3961.93,34.34,8684.27,6988.06,0,112,23181,0,
2026-03-24T08:30:00+00:00,ATM-GB-0003,host-atm-gb-0003,Windows-Server-2019,10.12,1408,4096,34.38,4930.77,3863.31,151.18,4824.71,3169.57,0,84,65760,0,
2026-03-24T08:30:00+00:00,ATM-GB-0004,host-atm-gb-0004,Windows-Server-2019,16.73,709,4096,17.31,3491.93,3971.53,188.04,3545.43,4442.93,0,113,9389,0,
2026-03-24T08:31:00+00:00,ATM-GB-0001,host-atm-gb-0001,Windows-Server-2019,17.48,1224,4096,29.88,1469.18,2630.22,135.55,2724.27,5352.1,0,83,28166,0,
2026-03-24T08:31:00+00:00,ATM-GB-0002,host-atm-gb-0002,Windows-Server-2019,10.09,590,4096,14.4,1126.28,1896.84,169.89,834.44,1814.38,0,102,33483,0,
2026-03-24T08:31:00+00:00,ATM-GB-0003,host-atm-gb-0003,Windows-Server-2019,25.01,792,4096,19.34,3006.97,202.09,183.29,6399.43,2987.99,0,102,9132,0,
2026-03-24T08:31:00+00:00,ATM-GB-0004,host-atm-gb-0004,Windows-Server-2019,14.65,651,4096,15.89,3451.29,4639.13,98.3,6827.77,9409.09,0,117,64361,0,
2026-03-24T08:32:00+00:00,ATM-GB-0001,host-atm-gb-0001,Windows-Server-2019,28.89,1317,4096,32.15,303.26,1423.71,129.49,4899.42,5941.73,0,92,39737,0,
2026-03-24T08:32:00+00:00,ATM-GB-0002,host-atm-gb-0002,Windows-Server-2019,8.31,714,4096,17.43,3051.2,4186.54,198.25,6297.15,7570.08,0,101,71737,0,
2026-03-24T08:32:00+00:00,ATM-GB-0003,host-atm-gb-0003,Windows-Server-2019,18.09,650,4096,15.87,3789.79,406.9,96.78,7866.29,6823.84,0,97,71266,0,
2026-03-24T08:32:00+00:00,ATM-GB-0004,host-atm-gb-0004,Windows-Server-2019,31.34,944,4096,23.05,4944.97,2323.36,44.66,5178.26,4004.67,0,118,71281,0,
2026-03-24T08:33:00+00:00,ATM-GB-0001,host-atm-gb-0001,Windows-Server-2019,39.69,1070,4096,26.12,589.72,3152.44,35.16,121.72,2432.99,0,102,36389,0,
2026-03-24T08:33:00+00:00,ATM-GB-0002,host-atm-gb-0002,Windows-Server-2019,17.82,616,4096,15.04,4670.05,3600.67,107.18,2312.51,996.66,0,111,12488,0,
2026-03-24T08:33:00+00:00,ATM-GB-0003,host-atm-gb-0003,Windows-Server-2019,14.98,595,4096,14.53,4130.5,1879.34,38.9,900.84,731.89,0,80,79253,0,
2026-03-24T08:33:00+00:00,ATM-GB-0004,host-atm-gb-0004,Windows-Server-2019,27.5,655,4096,15.99,1758.22,4951.44,183.93,6875.04,2278.19,0,104,15789,0,
2026-03-24T08:34:00+00:00,ATM-GB-0001,host-atm-gb-0001,Windows-Server-2019,28.68,1048,4096,25.59,4722.4,480.31,68.22,1539.77,9150.51,0,114,73100,0,
2026-03-24T08:34:00+00:00,ATM-GB-0002,host-atm-gb-0002,Windows-Server-2019,13.73,1447,4096,35.33,1806.34,2499.77,99.74,2668.21,7168.28,0,92,49937,0,
2026-03-24T08:34:00+00:00,ATM-GB-0003,host-atm-gb-0003,Windows-Server-2019,28.21,1078,4096,26.32,2943.98,1686.93,66.78,111.04,5073.43,0,100,53651,0,
2026-03-24T08:34:00+00:00,ATM-GB-0004,host-atm-gb-0004,Windows-Server-2019,32.3,1420,4096,34.67,3218.01,2942.84,159.72,1023.58,4496.14,0,94,4760,0,
2026-03-24T08:35:00+00:00,ATM-GB-0001,host-atm-gb-0001,Windows-Server-2019,39.4,929,4096,22.68,4977.88,3520.95,21.88,1865.37,7322.94,0,102,55337,0,
2026-03-24T08:35:00+00:00,ATM-GB-0002,host-atm-gb-0002,Windows-Server-2019,32.06,754,4096,18.41,3160.32,857.92,150.55,6407.1,1347.46,0,89,8533,0,
2026-03-24T08:35:00+00:00,ATM-GB-0003,host-atm-gb-0003,Windows-Server-2019,32.52,1063,4096,25.95,3657.49,2636.74,45.99,5014.03,7723.55,0,101,9010,0,
2026-03-24T08:35:00+00:00,ATM-GB-0004,host-atm-gb-0004,Windows-Server-2019,37.81,954,4096,23.29,4069.75,1423.05,132.85,7386.51,6979.96,0,103,60816,0,
2026-03-24T08:36:00+00:00,ATM-GB-0001,host-atm-gb-0001,Windows-Server-2019,30.02,1044,4096,25.49,715.04,922.47,178.9,1027.11,6962.32,0,106,72214,0,
2026-03-24T08:36:00+00:00,ATM-GB-0002,host-atm-gb-0002,Windows-Server-2019,25.31,1369,4096,33.42,2423.28,3598.84,123.26,4976.15,6357.58,0,104,11124,0,
2026-03-24T08:36:00+00:00,ATM-GB-0003,host-atm-gb-0003,Windows-Server-2019,16.18,572,4096,13.96,4840.67,4864.43,127.66,1758.02,4306.04,0,84,68914,0,
2026-03-24T08:36:00+00:00,ATM-GB-0004,host-atm-gb-0004,Windows-Server-2019,11.78,921,4096,22.49,2755.75,4505.01,47.03,1043.88,7969.69,0,80,16326,0,
2026-03-24T08:37:00+00:00,ATM-GB-0001,host-atm-gb-0001,Windows-Server-2019,10.23,1127,4096,27.51,1420.28,4488.31,129.97,8163.57,1587.36,0,92,82206,0,
2026-03-24T08:37:00+00:00,ATM-GB-0002,host-atm-gb-0002,Windows-Server-2019,33.14,937,4096,22.88,1445.12,781.81,11.79,5792.59,8087.34,0,111,75799,0,
2026-03-24T08:37:00+00:00,ATM-GB-0003,host-atm-gb-0003,Windows-Server-2019,33.16,1048,4096,25.59,2457.21,4889.68,52.18,8141.89,1436.62,0,97,69522,0,
2026-03-24T08:37:00+00:00,ATM-GB-0004,host-atm-gb-0004,Windows-Server-2019,33.96,1271,4096,31.03,2325.58,965.75,172.74,8031.96,5953.61,0,93,57241,0,
2026-03-24T08:38:00+00:00,ATM-GB-0001,host-atm-gb-0001,Windows-Server-2019,24.32,1292,4096,31.54,3328.77,514.37,50.42,2476.52,2439.84,0,117,39948,0,
2026-03-24T08:38:00+00:00,ATM-GB-0002,host-atm-gb-0002,Windows-Server-2019,8.56,1096,4096,26.76,3499.22,497.49,33.87,8908.94,9678.23,0,82,41526,0,
2026-03-24T08:38:00+00:00,ATM-GB-0003,host-atm-gb-0003,Windows-Server-2019,28.7,1154,4096,28.17,4958.67,4954.74,57.08,420.98,2371.26,0,89,27155,0,
2026-03-24T08:38:00+00:00,ATM-GB-0004,host-atm-gb-0004,Windows-Server-2019,17.63,1402,4096,34.23,3599.43,642.93,24.98,47.36,6132.63,0,107,81864,0,
2026-03-24T08:39:00+00:00,ATM-GB-0001,host-atm-gb-0001,Windows-Server-2019,23.27,1037,4096,25.32,1255.33,4912.86,69.97,1020.69,7669.08,0,98,12398,0,
2026-03-24T08:39:00+00:00,ATM-GB-0002,host-atm-gb-0002,Windows-Server-2019,26.85,1197,4096,29.22,2764.33,4996.28,91.32,3948.95,7312.08,0,114,35286,0,
2026-03-24T08:39:00+00:00,ATM-GB-0003,host-atm-gb-0003,Windows-Server-2019,9.04,737,4096,17.99,3199.54,3910.24,11.22,4059.9,7483.13,0,82,84813,0,
2026-03-24T08:39:00+00:00,ATM-GB-0004,host-atm-gb-0004,Windows-Server-2019,36.62,902,4096,22.02,1120.74,4549.24,28.5,9158.08,2464.51,0,104,54406,0,
2026-03-24T08:40:00+00:00,ATM-GB-0001,host-atm-gb-0001,Windows-Server-2019,24.69,1074,4096,26.22,1791.21,1735.12,165.6,4245.96,9336.29,0,112,42399,0,
2026-03-24T08:40:00+00:00,ATM-GB-0002,host-atm-gb-0002,Windows-Server-2019,35.06,1126,4096,27.49,2102.93,1103.35,181.95,6118.29,6911.39,0,117,39097,0,
2026-03-24T08:40:00+00:00,ATM-GB-0003,host-atm-gb-0003,Windows-Server-2019,6.32,403,4096,9.84,3816.13,2392.54,51.8,7879.52,6621.75,0,83,19897,0,
2026-03-24T08:40:00+00:00,ATM-GB-0004,host-atm-gb-0004,Windows-Server-2019,39.64,831,4096,20.29,304.49,1406.77,77.18,9522.18,2454.37,0,97,49850,0,
2026-03-24T08:41:00+00:00,ATM-GB-0001,host-atm-gb-0001,Windows-Server-2019,13.02,771,4096,18.82,3554.22,1728.32,64.53,2823.04,3090.8,0,94,54926,0,
2026-03-24T08:41:00+00:00,ATM-GB-0002,host-atm-gb-0002,Windows-Server-2019,30.27,402,4096,9.81,4676.7,4994.19,61.91,5684.96,3145.75,0,94,85582,0,
2026-03-24T08:41:00+00:00,ATM-GB-0003,host-atm-gb-0003,Windows-Server-2019,22.68,1290,4096,31.49,3206.88,923.24,53.98,2009.26,619.66,0,87,9627,0,
2026-03-24T08:41:00+00:00,ATM-GB-0004,host-atm-gb-0004,Windows-Server-2019,17.55,1110,4096,27.1,3954.09,3962.15,97.26,6529.68,9845.2,0,98,68596,0,
2026-03-24T08:42:00+00:00,ATM-GB-0001,host-atm-gb-0001,Windows-Server-2019,27.1,1206,4096,29.44,1934.36,251.53,20.02,7230.2,213.29,0,88,64602,0,
2026-03-24T08:42:00+00:00,ATM-GB-0002,host-atm-gb-0002,Windows-Server-2019,18.01,702,4096,17.14,1564.34,1060.04,16.18,2727.56,5099.74,0,108,58291,0,
2026-03-24T08:42:00+00:00,ATM-GB-0003,host-atm-gb-0003,Windows-Server-2019,20.71,1253,4096,30.59,1144.69,1858.35,143.06,1853.68,4990.3,0,81,69574,0,
2026-03-24T08:42:00+00:00,ATM-GB-0004,host-atm-gb-0004,Windows-Server-2019,29.0,522,4096,12.74,4663.48,4500.74,51.86,1220.27,1926.07,0,90,45094,0,
2026-03-24T08:43:00+00:00,ATM-GB-0001,host-atm-gb-0001,Windows-Server-2019,13.68,1263,4096,30.83,1216.06,2653.85,108.96,7374.51,8569.81,0,120,16851,0,
2026-03-24T08:43:00+00:00,ATM-GB-0002,host-atm-gb-0002,Windows-Server-2019,37.78,836,4096,20.41,4003.55,2081.98,135.23,9520.75,4913.4,0,85,6685,0,
2026-03-24T08:43:00+00:00,ATM-GB-0003,host-atm-gb-0003,Windows-Server-2019,10.17,873,4096,21.31,1356.06,107.99,174.56,2490.25,6715.4,0,115,36711,0,
2026-03-24T08:43:00+00:00,ATM-GB-0004,host-atm-gb-0004,Windows-Server-2019,35.11,471,4096,11.5,753.57,4160.28,70.67,9201.14,842.15,0,84,64315,0,
2026-03-24T08:44:00+00:00,ATM-GB-0001,host-atm-gb-0001,Windows-Server-2019,20.58,728,4096,17.77,2776.28,720.1,132.46,259.77,7905.75,0,114,80688,0,
2026-03-24T08:44:00+00:00,ATM-GB-0002,host-atm-gb-0002,Windows-Server-2019,15.48,444,4096,10.84,4323.76,243.28,175.59,9808.42,6529.98,0,100,18409,0,
2026-03-24T08:44:00+00:00,ATM-GB-0003,host-atm-gb-0003,Windows-Server-2019,22.92,1055,4096,25.76,4314.77,555.89,167.7,8902.69,6502.32,0,92,43249,0,
2026-03-24T08:44:00+00:00,ATM-GB-0004,host-atm-gb-0004,Windows-Server-2019,36.6,452,4096,11.04,1312.41,2829.3,182.49,3753.69,7919.5,0,105,51227,0,
2026-03-24T08:45:00+00:00,ATM-GB-0001,host-atm-gb-0001,Windows-Server-2019,24.96,1446,4096,35.3,3491.41,3303.58,194.91,6471.26,7101.25,0,115,14573,0,
2026-03-24T08:45:00+00:00,ATM-GB-0002,host-atm-gb-0002,Windows-Server-2019,21.71,1293,4096,31.57,2765.08,2775.07,160.52,1406.01,465.63,0,108,79588,0,
2026-03-24T08:45:00+00:00,ATM-GB-0003,host-atm-gb-0003,Windows-Server-2019,13.81,418,4096,10.21,604.3,3684.79,40.11,8350.51,4164.76,0,118,61653,0,
2026-03-24T08:45:00+00:00,ATM-GB-0004,host-atm-gb-0004,Windows-Server-2019,13.32,742,4096,18.12,155.96,4159.93,150.73,6383.2,7352.57,0,87,32776,0,
2026-03-24T08:46:00+00:00,ATM-GB-0001,host-atm-gb-0001,Windows-Server-2019,33.05,792,4096,19.34,1701.63,2944.85,109.17,3748.9,4497.88,0,85,22439,0,
2026-03-24T08:46:00+00:00,ATM-GB-0002,host-atm-gb-0002,Windows-Server-2019,38.16,1001,4096,24.44,2928.51,2379.15,115.86,2565.74,2448.63,0,92,17971,0,
2026-03-24T08:46:00+00:00,ATM-GB-0003,host-atm-gb-0003,Windows-Server-2019,34.68,1378,4096,33.64,3090.06,2352.37,125.33,4621.84,1614.33,0,95,6266,0,
2026-03-24T08:46:00+00:00,ATM-GB-0004,host-atm-gb-0004,Windows-Server-2019,28.84,1236,4096,30.18,1290.17,3831.02,192.12,4064.61,2820.97,0,113,9360,0,
2026-03-24T08:47:00+00:00,ATM-GB-0001,host-atm-gb-0001,Windows-Server-2019,5.05,437,4096,10.67,4197.47,1308.06,51.88,6853.37,5230.15,0,97,24331,0,
2026-03-24T08:47:00+00:00,ATM-GB-0002,host-atm-gb-0002,Windows-Server-2019,35.76,800,4096,19.53,4126.36,4821.34,80.22,4375.23,3309.92,0,115,78581,0,
2026-03-24T08:47:00+00:00,ATM-GB-0003,host-atm-gb-0003,Windows-Server-2019,20.91,828,4096,20.21,2870.81,1547.95,32.83,3454.25,348.56,0,83,12656,0,
2026-03-24T08:47:00+00:00,ATM-GB-0004,host-atm-gb-0004,Windows-Server-2019,15.55,1401,4096,34.2,4173.33,4217.38,86.51,3043.35,8806.49,0,97,34870,0,
2026-03-24T08:48:00+00:00,ATM-GB-0001,host-atm-gb-0001,Windows-Server-2019,7.46,1055,4096,25.76,2105.33,1531.21,122.41,1339.71,605.9,0,84,82279,0,
2026-03-24T08:48:00+00:00,ATM-GB-0002,host-atm-gb-0002,Windows-Server-2019,5.52,806,4096,19.68,4900.46,731.26,173.92,8477.05,4832.69,0,117,4101,0,
2026-03-24T08:48:00+00:00,ATM-GB-0003,host-atm-gb-0003,Windows-Server-2019,7.82,1147,4096,28.0,165.64,544.75,96.62,8010.11,8263.45,0,80,34903,0,
2026-03-24T08:48:00+00:00,ATM-GB-0004,host-atm-gb-0004,Windows-Server-2019,33.47,588,4096,14.36,2907.34,3201.13,114.75,136.22,4517.31,0,82,50695,0,
2026-03-24T08:49:00+00:00,ATM-GB-0001,host-atm-gb-0001,Windows-Server-2019,31.29,1363,4096,33.28,789.99,1751.79,80.43,1123.49,4902.25,0,120,54663,0,
2026-03-24T08:49:00+00:00,ATM-GB-0002,host-atm-gb-0002,Windows-Server-2019,29.31,575,4096,14.04,3121.4,921.62,103.16,5601.99,7442.26,0,108,25280,0,
2026-03-24T08:49:00+00:00,ATM-GB-0003,host-atm-gb-0003,Windows-Server-2019,35.08,1426,4096,34.81,3048.26,1382.11,81.56,259.4,6061.36,0,86,44191,0,
2026-03-24T08:49:00+00:00,ATM-GB-0004,host-atm-gb-0004,Windows-Server-2019,28.18,577,4096,14.09,137.56,490.01,94.68,5375.41,2545.2,0,87,82459,0,
2026-03-24T08:50:00+00:00,ATM-GB-0001,host-atm-gb-0001,Windows-Server-2019,24.18,584,4096,14.26,2043.1,1250.09,21.15,3039.58,9314.02,0,120,81763,0,
2026-03-24T08:50:00+00:00,ATM-GB-0002,host-atm-gb-0002,Windows-Server-2019,36.01,654,4096,15.97,582.96,385.41,51.66,9373.74,7770.52,0,118,21420,0,
2026-03-24T08:50:00+00:00,ATM-GB-0003,host-atm-gb-0003,Windows-Server-2019,36.71,1329,4096,32.45,3314.93,3209.86,188.92,2809.78,8116.91,0,95,48461,0,
2026-03-24T08:50:00+00:00,ATM-GB-0004,host-atm-gb-0004,Windows-Server-2019,29.86,1212,4096,29.59,3656.99,2192.15,102.18,5839.91,7458.86,0,116,45434,0,
2026-03-24T08:51:00+00:00,ATM-GB-0001,host-atm-gb-0001,Windows-Server-2019,8.11,1462,4096,35.69,1808.21,2513.51,31.35,1095.73,8385.77,0,111,15871,0,
2026-03-24T08:51:00+00:00,ATM-GB-0002,host-atm-gb-0002,Windows-Server-2019,38.54,517,4096,12.62,1832.79,962.42,154.54,7777.04,6854.62,0,116,34675,0,
2026-03-24T08:51:00+00:00,ATM-GB-0003,host-atm-gb-0003,Windows-Server-2019,31.86,1252,4096,30.57,2128.92,1130.55,195.2,3964.59,7882.21,0,95,7411,0,
2026-03-24T08:51:00+00:00,ATM-GB-0004,host-atm-gb-0004,Windows-Server-2019,28.39,586,4096,14.31,2230.15,3399.37,195.59,8205.88,4134.39,0,93,70854,0,
2026-03-24T08:52:00+00:00,ATM-GB-0001,host-atm-gb-0001,Windows-Server-2019,15.63,940,4096,22.95,2896.73,2462.71,92.71,6605.99,5121.79,0,104,41444,0,
2026-03-24T08:52:00+00:00,ATM-GB-0002,host-atm-gb-0002,Windows-Server-2019,37.79,1490,4096,36.38,1565.1,4929.11,34.92,4048.62,8378.49,0,109,52253,0,
2026-03-24T08:52:00+00:00,ATM-GB-0003,host-atm-gb-0003,Windows-Server-2019,12.63,1341,4096,32.74,182.57,1202.4,46.63,351.7,8438.32,0,119,42438,0,
2026-03-24T08:52:00+00:00,ATM-GB-0004,host-atm-gb-0004,Windows-Server-2019,27.83,1321,4096,32.25,1674.54,2061.56,46.24,628.39,8684.97,0,96,35059,0,
2026-03-24T08:53:00+00:00,ATM-GB-0001,host-atm-gb-0001,Windows-Server-2019,7.71,1282,4096,31.3,2911.55,991.92,83.47,5434.91,3691.07,0,101,70089,0,
2026-03-24T08:53:00+00:00,ATM-GB-0002,host-atm-gb-0002,Windows-Server-2019,7.01,1238,4096,30.22,1244.6,2538.79,138.25,4655.82,9541.38,0,118,22987,0,
2026-03-24T08:53:00+00:00,ATM-GB-0003,host-atm-gb-0003,Windows-Server-2019,37.34,1493,4096,36.45,619.92,4355.66,150.16,1560.67,4215.89,0,111,43712,0,
2026-03-24T08:53:00+00:00,ATM-GB-0004,host-atm-gb-0004,Windows-Server-2019,31.82,909,4096,22.19,4367.14,1724.34,15.56,8792.93,7599.78,0,97,18009,0,
2026-03-24T08:54:00+00:00,ATM-GB-0001,host-atm-gb-0001,Windows-Server-2019,12.71,1142,4096,27.88,433.94,3137.18,127.52,5278.64,4173.84,0,99,59429,0,
2026-03-24T08:54:00+00:00,ATM-GB-0002,host-atm-gb-0002,Windows-Server-2019,15.77,872,4096,21.29,712.68,3936.33,180.56,7408.69,6861.32,0,103,4129,0,
2026-03-24T08:54:00+00:00,ATM-GB-0003,host-atm-gb-0003,Windows-Server-2019,35.51,1191,4096,29.08,97.02,1189.98,97.38,3796.44,2060.38,0,119,67203,0,
2026-03-24T08:54:00+00:00,ATM-GB-0004,host-atm-gb-0004,Windows-Server-2019,15.86,1291,4096,31.52,1630.9,3836.29,102.53,6417.6,228.62,0,85,39477,0,
2026-03-24T08:55:00+00:00,ATM-GB-0001,host-atm-gb-0001,Windows-Server-2019,12.34,1317,4096,32.15,1306.18,4761.02,192.65,9056.62,4847.59,0,118,16816,0,
2026-03-24T08:55:00+00:00,ATM-GB-0002,host-atm-gb-0002,Windows-Server-2019,35.09,1428,4096,34.86,4340.11,3486.56,165.36,1744.79,8698.95,0,84,41733,0,
2026-03-24T08:55:00+00:00,ATM-GB-0003,host-atm-gb-0003,Windows-Server-2019,38.95,857,4096,20.92,2834.28,2215.52,91.16,7061.75,162.04,0,85,38097,0,
2026-03-24T08:55:00+00:00,ATM-GB-0004,host-atm-gb-0004,Windows-Server-2019,10.6,1310,4096,31.98,2793.25,2575.53,86.97,4930.57,3257.41,0,93,25883,0,
2026-03-24T08:56:00+00:00,ATM-GB-0001,host-atm-gb-0001,Windows-Server-2019,20.11,771,4096,18.82,3154.02,2927.56,29.59,3354.03,4260.7,0,98,80958,0,
2026-03-24T08:56:00+00:00,ATM-GB-0002,host-atm-gb-0002,Windows-Server-2019,6.89,408,4096,9.96,651.01,3222.53,184.98,4018.84,6173.89,0,84,54219,0,
2026-03-24T08:56:00+00:00,ATM-GB-0003,host-atm-gb-0003,Windows-Server-2019,35.0,757,4096,18.48,2623.48,4097.04,35.27,2349.75,2563.39,0,95,26773,0,
2026-03-24T08:56:00+00:00,ATM-GB-0004,host-atm-gb-0004,Windows-Server-2019,37.97,1326,4096,32.37,1588.07,3462.37,185.22,5566.08,5144.31,0,85,60200,0,
2026-03-24T08:57:00+00:00,ATM-GB-0001,host-atm-gb-0001,Windows-Server-2019,9.79,1043,4096,25.46,2282.56,4574.04,161.47,2690.67,7400.19,0,114,82970,0,
2026-03-24T08:57:00+00:00,ATM-GB-0002,host-atm-gb-0002,Windows-Server-2019,26.3,753,4096,18.38,4961.05,987.03,79.87,4463.38,1012.58,0,104,34140,0,
2026-03-24T08:57:00+00:00,ATM-GB-0003,host-atm-gb-0003,Windows-Server-2019,30.5,623,4096,15.21,1829.28,1195.06,15.11,1252.5,9256.39,0,105,23697,0,
2026-03-24T08:57:00+00:00,ATM-GB-0004,host-atm-gb-0004,Windows-Server-2019,22.23,462,4096,11.28,2348.82,4470.11,110.69,168.65,7281.34,0,80,41304,0,
2026-03-24T08:58:00+00:00,ATM-GB-0001,host-atm-gb-0001,Windows-Server-2019,25.02,1117,4096,27.27,2869.45,657.77,177.52,5858.82,5294.46,0,108,26147,0,
2026-03-24T08:58:00+00:00,ATM-GB-0002,host-atm-gb-0002,Windows-Server-2019,34.65,901,4096,22.0,904.99,3667.48,125.55,1743.91,4773.92,0,89,49286,0,
2026-03-24T08:58:00+00:00,ATM-GB-0003,host-atm-gb-0003,Windows-Server-2019,26.43,922,4096,22.51,3644.35,2200.69,107.88,6285.8,6613.17,0,118,77812,0,
2026-03-24T08:58:00+00:00,ATM-GB-0004,host-atm-gb-0004,Windows-Server-2019,25.22,1465,4096,35.77,4360.86,3906.03,129.32,8823.88,6609.8,0,81,26541,0,
2026-03-24T08:59:00+00:00,ATM-GB-0001,host-atm-gb-0001,Windows-Server-2019,39.97,1354,4096,33.06,3372.65,286.63,192.04,9318.55,5945.74,0,89,26377,0,
2026-03-24T08:59:00+00:00,ATM-GB-0002,host-atm-gb-0002,Windows-Server-2019,26.14,619,4096,15.11,1573.03,3716.81,75.71,8529.8,1760.64,0,96,45946,0,
2026-03-24T08:59:00+00:00,ATM-GB-0003,host-atm-gb-0003,Windows-Server-2019,9.95,490,4096,11.96,4778.56,3507.24,139.32,4096.93,4103.65,0,85,84269,0,
2026-03-24T08:59:00+00:00,ATM-GB-0004,host-atm-gb-0004,Windows-Server-2019,25.02,1383,4096,33.76,2630.03,4209.06,110.63,5485.43,6823.77,0,106,60470,0,
2026-03-24T09:00:00+00:00,ATM-GB-0001,host-atm-gb-0001,Windows-Server-2019,22.48,1133,4096,27.66,2177.22,3334.01,88.06,5308.09,2547.71,0,95,53300,0,
2026-03-24T09:00:00+00:00,ATM-GB-0002,host-atm-gb-0002,Windows-Server-2019,15.31,850,4096,20.75,1293.2,4949.0,170.59,6092.51,7872.76,0,103,62308,0,
2026-03-24T09:00:00+00:00,ATM-GB-0003,host-atm-gb-0003,Windows-Server-2019,39.17,1114,4096,27.2,44.26,111.75,115.65,8754.25,3605.92,0,92,63895,0,
2026-03-24T09:00:00+00:00,ATM-GB-0004,host-atm-gb-0004,Windows-Server-2019,27.77,1169,4096,28.54,3654.09,360.07,28.04,8386.72,892.74,0,100,17800,0,
2026-03-24T09:01:00+00:00,ATM-GB-0001,host-atm-gb-0001,Windows-Server-2019,8.92,691,4096,16.87,4302.99,2849.92,154.21,1061.49,2408.14,0,104,78364,0,
2026-03-24T09:01:00+00:00,ATM-GB-0002,host-atm-gb-0002,Windows-Server-2019,37.72,1362,4096,33.25,969.87,308.63,141.81,3539.7,1077.92,0,90,11833,0,
2026-03-24T09:01:00+00:00,ATM-GB-0003,host-atm-gb-0003,Windows-Server-2019,31.59,1332,4096,32.52,1460.13,3796.6,33.61,2490.14,107.21,0,92,70888,0,
2026-03-24T09:01:00+00:00,ATM-GB-0004,host-atm-gb-0004,Windows-Server-2019,10.81,806,4096,19.68,3674.56,4612.55,84.71,1530.21,794.71,0,116,52349,0,
2026-03-24T09:02:00+00:00,ATM-GB-0001,host-atm-gb-0001,Windows-Server-2019,7.47,865,4096,21.12,1650.03,3876.11,111.9,766.14,1595.8,0,104,62732,0,
2026-03-24T09:02:00+00:00,ATM-GB-0002,host-atm-gb-0002,Windows-Server-2019,35.7,805,4096,19.65,1509.28,3029.03,125.49,2629.37,1988.64,0,102,25204,0,
2026-03-24T09:02:00+00:00,ATM-GB-0003,host-atm-gb-0003,Windows-Server-2019,16.91,945,4096,23.07,3335.33,425.86,156.75,2818.48,4871.03,0,84,24741,0,
2026-03-24T09:02:00+00:00,ATM-GB-0004,host-atm-gb-0004,Windows-Server-2019,18.51,563,4096,13.75,1933.94,463.22,96.38,7431.97,4382.94,0,104,68757,0,
2026-03-24T09:03:00+00:00,ATM-GB-0001,host-atm-gb-0001,Windows-Server-2019,6.26,1399,4096,34.16,2613.37,687.71,82.32,9143.63,4950.86,0,86,68784,0,
2026-03-24T09:03:00+00:00,ATM-GB-0002,host-atm-gb-0002,Windows-Server-2019,29.55,1410,4096,34.42,2301.87,1494.71,157.59,9466.75,6821.12,0,116,16090,0,
2026-03-24T09:03:00+00:00,ATM-GB-0003,host-atm-gb-0003,Windows-Server-2019,13.14,1248,4096,30.47,3863.69,3215.09,27.87,8162.12,3968.48,0,91,38378,0,
2026-03-24T09:03:00+00:00,ATM-GB-0004,host-atm-gb-0004,Windows-Server-2019,36.36,989,4096,24.15,4793.24,3411.53,78.55,9332.24,3389.46,0,116,44615,0,
2026-03-24T09:04:00+00:00,ATM-GB-0001,host-atm-gb-0001,Windows-Server-2019,10.46,1334,4096,32.57,4570.15,1422.66,109.5,2737.02,8520.83,0,104,64363,0,
2026-03-24T09:04:00+00:00,ATM-GB-0002,host-atm-gb-0002,Windows-Server-2019,17.72,1277,4096,31.18,1556.98,989.03,30.42,4424.99,4314.53,0,114,12727,0,
2026-03-24T09:04:00+00:00,ATM-GB-0003,host-atm-gb-0003,Windows-Server-2019,20.58,1407,4096,34.35,455.59,2168.51,182.3,4131.95,4339.13,0,111,29774,0,
2026-03-24T09:04:00+00:00,ATM-GB-0004,host-atm-gb-0004,Windows-Server-2019,14.03,1459,4096,35.62,581.17,2473.65,116.59,4528.23,787.12,0,113,33912,0,
2026-03-24T09:05:00+00:00,ATM-GB-0001,host-atm-gb-0001,Windows-Server-2019,25.97,531,4096,12.96,2919.04,283.31,164.58,3386.76,1099.98,0,114,58045,0,
2026-03-24T09:05:00+00:00,ATM-GB-0002,host-atm-gb-0002,Windows-Server-2019,31.01,964,4096,23.54,3699.48,3250.0,67.3,5687.71,1009.47,0,112,17326,0,
2026-03-24T09:05:00+00:00,ATM-GB-0003,host-atm-gb-0003,Windows-Server-2019,16.68,494,4096,12.06,303.91,1024.63,49.69,8705.6,2767.7,0,103,66004,0,
2026-03-24T09:05:00+00:00,ATM-GB-0004,host-atm-gb-0004,Windows-Server-2019,14.63,1185,4096,28.93,930.49,3565.2,21.58,423.08,9085.16,0,84,14130,0,
2026-03-24T09:06:00+00:00,ATM-GB-0001,host-atm-gb-0001,Windows-Server-2019,24.95,1475,4096,36.01,2545.79,1125.26,120.88,1134.13,1875.56,0,117,13592,0,
2026-03-24T09:06:00+00:00,ATM-GB-0002,host-atm-gb-0002,Windows-Server-2019,17.26,1208,4096,29.49,2363.84,846.66,65.3,2760.68,5016.67,0,93,47377,0,
2026-03-24T09:06:00+00:00,ATM-GB-0003,host-atm-gb-0003,Windows-Server-2019,12.69,462,4096,11.28,4532.03,1512.28,121.57,2917.43,8728.67,0,111,72425,0,
2026-03-24T09:06:00+00:00,ATM-GB-0004,host-atm-gb-0004,Windows-Server-2019,18.03,908,4096,22.17,619.9,1892.21,51.39,7623.6,3656.24,0,96,23687,0,
2026-03-24T09:07:00+00:00,ATM-GB-0001,host-atm-gb-0001,Windows-Server-2019,5.27,808,4096,19.73,1715.69,3973.36,24.55,8586.94,6081.75,0,104,38028,0,
2026-03-24T09:07:00+00:00,ATM-GB-0002,host-atm-gb-0002,Windows-Server-2019,10.45,449,4096,10.96,3866.55,603.71,38.36,943.1,532.22,0,101,39903,0,
2026-03-24T09:07:00+00:00,ATM-GB-0003,host-atm-gb-0003,Windows-Server-2019,11.3,490,4096,11.96,940.84,4490.31,144.52,8390.71,1918.56,0,110,71370,0,
2026-03-24T09:07:00+00:00,ATM-GB-0004,host-atm-gb-0004,Windows-Server-2019,16.09,1497,4096,36.55,865.2,1541.9,149.32,2567.0,3760.61,0,80,16112,0,
2026-03-24T09:08:00+00:00,ATM-GB-0001,host-atm-gb-0001,Windows-Server-2019,19.37,942,4096,23.0,4904.66,1127.83,115.08,772.08,8161.43,0,105,62028,0,
2026-03-24T09:08:00+00:00,ATM-GB-0002,host-atm-gb-0002,Windows-Server-2019,23.09,879,4096,21.46,326.04,2210.28,104.56,4301.03,2758.77,0,109,73752,0,
2026-03-24T09:08:00+00:00,ATM-GB-0003,host-atm-gb-0003,Windows-Server-2019,27.54,1002,4096,24.46,175.54,2318.41,74.29,1175.88,6815.91,0,92,47450,0,
2026-03-24T09:08:00+00:00,ATM-GB-0004,host-atm-gb-0004,Windows-Server-2019,5.57,1307,4096,31.91,2834.33,2872.74,159.84,9243.16,276.51,0,96,78699,0,
2026-03-24T09:09:00+00:00,ATM-GB-0001,host-atm-gb-0001,Windows-Server-2019,6.85,636,4096,15.53,1603.7,2980.26,162.79,941.61,702.07,0,108,58735,0,
2026-03-24T09:09:00+00:00,ATM-GB-0002,host-atm-gb-0002,Windows-Server-2019,39.54,889,4096,21.7,641.87,1832.6,161.86,2964.85,1237.52,0,93,84229,0,
2026-03-24T09:09:00+00:00,ATM-GB-0003,host-atm-gb-0003,Windows-Server-2019,22.25,414,4096,10.11,1720.8,1241.17,99.65,5762.04,6438.09,0,90,62707,0,
2026-03-24T09:09:00+00:00,ATM-GB-0004,host-atm-gb-0004,Windows-Server-2019,26.25,1354,4096,33.06,1710.46,4884.67,197.7,8708.12,1734.11,0,107,58284,0,
2026-03-24T09:10:00+00:00,ATM-GB-0001,host-atm-gb-0001,Windows-Server-2019,37.13,1257,4096,30.69,840.95,2652.33,85.76,2746.05,6187.03,0,109,3632,0,
2026-03-24T09:10:00+00:00,ATM-GB-0002,host-atm-gb-0002,Windows-Server-2019,8.86,926,4096,22.61,1010.31,4950.0,158.71,4669.3,7545.65,0,87,5449,0,
2026-03-24T09:10:00+00:00,ATM-GB-0003,host-atm-gb-0003,Windows-Server-2019,11.51,973,4096,23.75,1099.91,1996.6,58.78,5009.03,597.67,0,90,49752,0,
2026-03-24T09:10:00+00:00,ATM-GB-0004,host-atm-gb-0004,Windows-Server-2019,37.81,1401,4096,34.2,3060.8,2233.39,70.58,6462.09,8622.79,0,118,24968,0,
2026-03-24T09:11:00+00:00,ATM-GB-0001,host-atm-gb-0001,Windows-Server-2019,9.94,1409,4096,34.4,3375.17,3869.96,153.34,6073.9,9652.6,0,85,43586,0,
2026-03-24T09:11:00+00:00,ATM-GB-0002,host-atm-gb-0002,Windows-Server-2019,25.38,450,4096,10.99,2145.77,1892.61,23.33,9159.04,1376.68,0,95,45251,0,
2026-03-24T09:11:00+00:00,ATM-GB-0003,host-atm-gb-0003,Windows-Server-2019,8.78,606,4096,14.79,1548.72,3876.3,23.71,5622.51,1593.71,0,85,22177,0,
2026-03-24T09:11:00+00:00,ATM-GB-0004,host-atm-gb-0004,Windows-Server-2019,31.33,1459,4096,35.62,3081.72,1570.54,54.18,2111.1,1206.04,0,112,46994,0,
2026-03-24T09:12:00+00:00,ATM-GB-0001,host-atm-gb-0001,Windows-Server-2019,16.53,1025,4096,25.02,1133.37,4894.57,105.44,4861.68,7707.08,0,82,31497,0,
2026-03-24T09:12:00+00:00,ATM-GB-0002,host-atm-gb-0002,Windows-Server-2019,24.3,1269,4096,30.98,4283.63,3011.8,119.98,6298.93,6516.22,0,111,6681,0,
2026-03-24T09:12:00+00:00,ATM-GB-0003,host-atm-gb-0003,Windows-Server-2019,33.59,405,4096,9.89,3564.19,4330.34,40.39,4489.85,2559.12,0,104,58586,0,
2026-03-24T09:12:00+00:00,ATM-GB-0004,host-atm-gb-0004,Windows-Server-2019,25.32,594,4096,14.5,22.47,3045.57,22.44,8181.04,1750.3,0,87,24770,0,
2026-03-24T09:13:00+00:00,ATM-GB-0001,host-atm-gb-0001,Windows-Server-2019,12.23,824,4096,20.12,3342.96,4921.19,58.31,611.06,9205.54,0,82,75706,0,
2026-03-24T09:13:00+00:00,ATM-GB-0002,host-atm-gb-0002,Windows-Server-2019,39.88,1441,4096,35.18,486.55,4846.68,41.37,301.51,9266.43,0,98,20435,0,
2026-03-24T09:13:00+00:00,ATM-GB-0003,host-atm-gb-0003,Windows-Server-2019,10.9,1174,4096,28.66,511.04,3751.95,21.56,9355.07,4398.47,0,93,62829,0,
2026-03-24T09:13:00+00:00,ATM-GB-0004,host-atm-gb-0004,Windows-Server-2019,39.1,1137,4096,27.76,4823.13,4763.36,101.6,8292.47,7546.24,0,93,77347,0,
2026-03-24T09:14:00+00:00,ATM-GB-0001,host-atm-gb-0001,Windows-Server-2019,19.05,664,4096,16.21,4775.21,2958.95,17.8,39.68,9049.61,0,83,78602,0,
2026-03-24T09:14:00+00:00,ATM-GB-0002,host-atm-gb-0002,Windows-Server-2019,31.24,453,4096,11.06,2989.62,3880.12,174.25,9416.28,8638.39,0,116,37340,0,
2026-03-24T09:14:00+00:00,ATM-GB-0003,host-atm-gb-0003,Windows-Server-2019,8.12,1317,4096,32.15,3582.17,3986.15,164.36,9191.64,5325.24,0,97,50598,0,
2026-03-24T09:14:00+00:00,ATM-GB-0004,host-atm-gb-0004,Windows-Server-2019,36.23,849,4096,20.73,1441.16,2408.89,186.59,9741.48,3277.17,0,101,12414,0,
2026-03-24T09:15:00+00:00,ATM-GB-0001,host-atm-gb-0001,Windows-Server-2019,16.37,900,4096,21.97,3487.64,4394.56,101.07,9925.38,1995.89,0,106,30182,0,
2026-03-24T09:15:00+00:00,ATM-GB-0002,host-atm-gb-0002,Windows-Server-2019,9.18,969,4096,23.66,1532.4,424.23,120.39,4670.46,5223.76,0,94,19089,0,
2026-03-24T09:15:00+00:00,ATM-GB-0003,host-atm-gb-0003,Windows-Server-2019,23.32,563,4096,13.75,4389.28,4475.25,15.75,3354.63,4313.43,0,119,58159,0,
2026-03-24T09:15:00+00:00,ATM-GB-0004,host-atm-gb-0004,Windows-Server-2019,24.63,428,4096,10.45,1824.09,176.05,25.16,3445.89,4760.84,0,84,27992,0,
2026-03-24T09:16:00+00:00,ATM-GB-0001,host-atm-gb-0001,Windows-Server-2019,12.02,1030,4096,25.15,263.8,808.47,144.71,668.38,4713.94,0,111,37061,0,
2026-03-24T09:16:00+00:00,ATM-GB-0002,host-atm-gb-0002,Windows-Server-2019,6.89,609,4096,14.87,2350.06,1209.38,153.86,2187.89,7888.71,0,114,22023,0,
2026-03-24T09:16:00+00:00,ATM-GB-0003,host-atm-gb-0003,Windows-Server-2019,10.06,1252,4096,30.57,2425.78,2973.73,13.22,4873.35,5318.37,0,105,83302,0,
2026-03-24T09:16:00+00:00,ATM-GB-0004,host-atm-gb-0004,Windows-Server-2019,29.08,479,4096,11.69,3112.71,3633.29,20.06,8997.23,2853.34,0,111,30770,0,
2026-03-24T09:17:00+00:00,ATM-GB-0001,host-atm-gb-0001,Windows-Server-2019,38.91,1066,4096,26.03,4584.37,390.42,82.59,7382.65,4960.47,0,120,55775,0,
2026-03-24T09:17:00+00:00,ATM-GB-0002,host-atm-gb-0002,Windows-Server-2019,33.32,1137,4096,27.76,2239.63,679.36,60.02,1426.27,2093.96,0,112,19252,0,
2026-03-24T09:17:00+00:00,ATM-GB-0003,host-atm-gb-0003,Windows-Server-2019,11.0,1277,4096,31.18,2548.14,4957.46,174.73,5206.83,1623.58,0,86,65179,0,
2026-03-24T09:17:00+00:00,ATM-GB-0004,host-atm-gb-0004,Windows-Server-2019,16.99,642,4096,15.67,3212.44,4812.0,137.24,9402.6,124.61,0,86,78249,0,
2026-03-24T09:18:00+00:00,ATM-GB-0001,host-atm-gb-0001,Windows-Server-2019,18.21,584,4096,14.26,1947.0,4384.7,108.98,5693.33,6799.34,0,99,17529,0,
2026-03-24T09:18:00+00:00,ATM-GB-0002,host-atm-gb-0002,Windows-Server-2019,14.99,839,4096,20.48,1195.14,4691.64,33.01,7577.78,1052.64,0,82,13269,0,
2026-03-24T09:18:00+00:00,ATM-GB-0003,host-atm-gb-0003,Windows-Server-2019,35.77,490,4096,11.96,2266.23,574.47,171.82,3813.68,3353.16,0,81,19112,0,
2026-03-24T09:18:00+00:00,ATM-GB-0004,host-atm-gb-0004,Windows-Server-2019,16.16,934,4096,22.8,1237.44,484.16,72.03,5643.87,3241.22,0,98,6703,0,
2026-03-24T09:19:00+00:00,ATM-GB-0001,host-atm-gb-0001,Windows-Server-2019,28.04,1446,4096,35.3,2991.3,2155.21,191.4,3769.36,1405.34,0,94,18843,0,
2026-03-24T09:19:00+00:00,ATM-GB-0002,host-atm-gb-0002,Windows-Server-2019,31.66,693,4096,16.92,2765.89,3104.9,167.54,7221.03,4160.59,0,88,27772,0,
2026-03-24T09:19:00+00:00,ATM-GB-0003,host-atm-gb-0003,Windows-Server-2019,8.85,501,4096,12.23,806.78,800.19,144.0,3524.51,8826.07,0,104,15656,0,
2026-03-24T09:19:00+00:00,ATM-GB-0004,host-atm-gb-0004,Windows-Server-2019,38.73,512,4096,12.5,4545.34,4558.52,104.33,4563.41,2799.27,0,91,81139,0,
2026-03-24T09:20:00+00:00,ATM-GB-0001,host-atm-gb-0001,Windows-Server-2019,12.65,940,4096,22.95,3733.93,2057.93,40.56,2064.32,9835.43,0,97,55655,0,
2026-03-24T09:20:00+00:00,ATM-GB-0002,host-atm-gb-0002,Windows-Server-2019,26.79,1092,4096,26.66,3583.28,1284.66,108.09,697.39,7747.51,0,92,55725,0,
2026-03-24T09:20:00+00:00,ATM-GB-0003,host-atm-gb-0003,Windows-Server-2019,30.92,524,4096,12.79,4389.75,1903.12,112.16,7032.01,8037.82,0,109,57023,0,
2026-03-24T09:20:00+00:00,ATM-GB-0004,host-atm-gb-0004,Windows-Server-2019,8.17,1412,4096,34.47,3053.8,4965.82,19.04,9288.55,8021.35,0,96,81439,0,
2026-03-24T09:21:00+00:00,ATM-GB-0001,host-atm-gb-0001,Windows-Server-2019,8.01,1095,4096,26.73,1983.73,4735.87,176.62,8870.9,2004.59,0,115,14709,0,
2026-03-24T09:21:00+00:00,ATM-GB-0002,host-atm-gb-0002,Windows-Server-2019,26.89,457,4096,11.16,3423.33,1078.38,146.24,2036.78,7232.55,0,118,50958,0,
2026-03-24T09:21:00+00:00,ATM-GB-0003,host-atm-gb-0003,Windows-Server-2019,33.16,966,4096,23.58,4639.5,1632.39,65.12,8567.54,5090.36,0,92,65736,0,
2026-03-24T09:21:00+00:00,ATM-GB-0004,host-atm-gb-0004,Windows-Server-2019,7.32,670,4096,16.36,1936.2,4860.3,151.33,9628.85,4352.38,0,86,30716,0,
2026-03-24T09:22:00+00:00,ATM-GB-0001,host-atm-gb-0001,Windows-Server-2019,12.39,437,4096,10.67,2681.62,2156.57,191.36,3508.6,2746.56,0,90,29295,0,
2026-03-24T09:22:00+00:00,ATM-GB-0002,host-atm-gb-0002,Windows-Server-2019,21.63,1117,4096,27.27,2056.69,3900.04,68.69,4899.58,5857.97,0,100,4258,0,
2026-03-24T09:22:00+00:00,ATM-GB-0003,host-atm-gb-0003,Windows-Server-2019,18.72,803,4096,19.6,1300.11,4549.29,109.08,2093.26,2578.66,0,80,46431,0,
2026-03-24T09:22:00+00:00,ATM-GB-0004,host-atm-gb-0004,Windows-Server-2019,26.15,1414,4096,34.52,3805.71,4843.12,165.57,938.92,8082.79,0,98,63543,0,
2026-03-24T09:23:00+00:00,ATM-GB-0001,host-atm-gb-0001,Windows-Server-2019,27.68,566,4096,13.82,4165.72,1588.45,102.38,8482.61,2741.27,0,115,33532,0,
2026-03-24T09:23:00+00:00,ATM-GB-0002,host-atm-gb-0002,Windows-Server-2019,27.14,519,4096,12.67,170.57,4721.37,132.46,2044.54,601.27,0,88,27604,0,
2026-03-24T09:23:00+00:00,ATM-GB-0003,host-atm-gb-0003,Windows-Server-2019,10.63,1092,4096,26.66,4761.96,1188.0,86.29,2987.05,8448.19,0,80,38503,0,
2026-03-24T09:23:00+00:00,ATM-GB-0004,host-atm-gb-0004,Windows-Server-2019,13.21,407,4096,9.94,3017.81,962.78,146.33,9289.54,1349.94,0,112,51250,0,
2026-03-24T09:24:00+00:00,ATM-GB-0001,host-atm-gb-0001,Windows-Server-2019,17.32,1004,4096,24.51,759.09,1771.39,28.68,7043.19,1937.28,0,115,6630,0,
2026-03-24T09:24:00+00:00,ATM-GB-0002,host-atm-gb-0002,Windows-Server-2019,8.14,1026,4096,25.05,797.61,4053.0,54.96,2358.04,3402.73,0,107,35922,0,
2026-03-24T09:24:00+00:00,ATM-GB-0003,host-atm-gb-0003,Windows-Server-2019,35.98,1451,4096,35.42,2979.61,3761.41,73.42,5978.53,4812.15,0,85,68664,0,
2026-03-24T09:24:00+00:00,ATM-GB-0004,host-atm-gb-0004,Windows-Server-2019,7.92,1358,4096,33.15,4146.25,175.43,100.28,4332.63,1839.1,0,89,82365,0,
2026-03-24T09:25:00+00:00,ATM-GB-0001,host-atm-gb-0001,Windows-Server-2019,5.57,855,4096,20.87,4352.52,2422.74,120.99,4189.62,8204.75,0,101,72350,0,
2026-03-24T09:25:00+00:00,ATM-GB-0002,host-atm-gb-0002,Windows-Server-2019,37.65,562,4096,13.72,3004.44,4823.76,70.8,3622.03,7506.95,0,105,36103,0,
2026-03-24T09:25:00+00:00,ATM-GB-0003,host-atm-gb-0003,Windows-Server-2019,6.05,491,4096,11.99,3595.53,2155.9,87.76,5386.42,393.41,0,108,27891,0,
2026-03-24T09:25:00+00:00,ATM-GB-0004,host-atm-gb-0004,Windows-Server-2019,13.19,1164,4096,28.42,1695.49,443.75,197.97,9777.44,7880.16,0,88,10267,0,
2026-03-24T09:26:00+00:00,ATM-GB-0001,host-atm-gb-0001,Windows-Server-2019,14.02,589,4096,14.38,1278.42,308.24,178.19,6320.95,4766.58,0,81,32431,0,
2026-03-24T09:26:00+00:00,ATM-GB-0002,host-atm-gb-0002,Windows-Server-2019,19.27,519,4096,12.67,3826.72,3383.8,44.34,1797.64,4831.21,0,96,56815,0,
2026-03-24T09:26:00+00:00,ATM-GB-0003,host-atm-gb-0003,Windows-Server-2019,38.46,1357,4096,33.13,4924.82,3682.84,122.91,8178.76,7212.1,0,82,36560,0,
2026-03-24T09:26:00+00:00,ATM-GB-0004,host-atm-gb-0004,Windows-Server-2019,20.85,934,4096,22.8,707.24,3423.25,126.79,6778.83,2352.26,0,90,48476,0,
2026-03-24T09:27:00+00:00,ATM-GB-0001,host-atm-gb-0001,Windows-Server-2019,38.75,1375,4096,33.57,4274.98,4091.34,162.22,3540.65,712.31,0,95,43205,0,
2026-03-24T09:27:00+00:00,ATM-GB-0002,host-atm-gb-0002,Windows-Server-2019,27.49,522,4096,12.74,938.88,3764.11,145.4,383.0,7935.7,0,85,20460,0,
2026-03-24T09:27:00+00:00,ATM-GB-0003,host-atm-gb-0003,Windows-Server-2019,18.62,904,4096,22.07,4868.77,2160.09,110.4,787.81,5065.13,0,104,70753,0,
2026-03-24T09:27:00+00:00,ATM-GB-0004,host-atm-gb-0004,Windows-Server-2019,11.03,1145,4096,27.95,2419.91,923.48,54.42,744.48,9846.54,0,108,43864,0,
2026-03-24T09:28:00+00:00,ATM-GB-0001,host-atm-gb-0001,Windows-Server-2019,12.37,886,4096,21.63,2955.45,2127.82,51.28,526.44,1557.26,0,106,10324,0,
2026-03-24T09:28:00+00:00,ATM-GB-0002,host-atm-gb-0002,Windows-Server-2019,9.15,413,4096,10.08,4515.87,3122.04,50.35,55.95,2706.5,0,81,81051,0,
2026-03-24T09:28:00+00:00,ATM-GB-0003,host-atm-gb-0003,Windows-Server-2019,23.15,1431,4096,34.94,4118.92,1795.37,120.92,1766.39,973.84,0,114,39002,0,
2026-03-24T09:28:00+00:00,ATM-GB-0004,host-atm-gb-0004,Windows-Server-2019,7.29,1205,4096,29.42,2251.0,4063.49,99.58,3295.0,4067.39,0,99,40227,0,
2026-03-24T09:29:00+00:00,ATM-GB-0001,host-atm-gb-0001,Windows-Server-2019,17.45,697,4096,17.02,1502.4,4010.78,64.71,2948.33,9753.64,0,113,7328,0,
2026-03-24T09:29:00+00:00,ATM-GB-0002,host-atm-gb-0002,Windows-Server-2019,33.5,1125,4096,27.47,4271.98,25.56,30.86,6861.11,672.93,0,91,35372,0,
2026-03-24T09:29:00+00:00,ATM-GB-0003,host-atm-gb-0003,Windows-Server-2019,19.24,797,4096,19.46,288.88,3207.38,19.37,9178.24,7637.26,0,97,66552,0,
2026-03-24T09:29:00+00:00,ATM-GB-0004,host-atm-gb-0004,Windows-Server-2019,11.4,1210,4096,29.54,104.14,652.08,26.17,6779.35,4574.75,0,92,3679,0,
2026-03-24T09:30:00+00:00,ATM-GB-0001,host-atm-gb-0001,Windows-Server-2019,20.09,1039,4096,25.37,3641.52,3805.04,189.61,3340.14,7490.16,0,99,85834,0,
2026-03-24T09:30:00+00:00,ATM-GB-0002,host-atm-gb-0002,Windows-Server-2019,24.61,555,4096,13.55,3934.47,625.01,131.64,5054.62,2105.24,0,117,70948,0,
2026-03-24T09:30:00+00:00,ATM-GB-0003,host-atm-gb-0003,Windows-Server-2019,38.44,1027,4096,25.07,920.66,2265.23,188.2,7165.75,2985.93,0,87,51378,0,
2026-03-24T09:30:00+00:00,ATM-GB-0004,host-atm-gb-0004,Windows-Server-2019,24.08,747,4096,18.24,4015.68,442.9,132.9,9677.59,4584.22,0,114,80467,0,
2026-03-24T09:31:00+00:00,ATM-GB-0001,host-atm-gb-0001,Windows-Server-2019,28.98,1455,4096,35.52,992.55,2392.86,179.39,4252.45,3310.71,0,116,19096,0,
2026-03-24T09:31:00+00:00,ATM-GB-0002,host-atm-gb-0002,Windows-Server-2019,17.39,1274,4096,31.1,868.56,4070.35,95.84,6046.34,4844.02,0,87,11448,0,
2026-03-24T09:31:00+00:00,ATM-GB-0003,host-atm-gb-0003,Windows-Server-2019,19.59,1112,4096,27.15,4876.53,1953.06,80.93,2830.83,637.63,0,81,64724,0,
2026-03-24T09:31:00+00:00,ATM-GB-0004,host-atm-gb-0004,Windows-Server-2019,5.19,1136,4096,27.73,3710.94,488.32,173.23,6529.68,9912.34,0,98,20178,0,
2026-03-24T09:32:00+00:00,ATM-GB-0001,host-atm-gb-0001,Windows-Server-2019,17.93,707,4096,17.26,1223.68,4225.36,189.63,9971.54,6106.36,0,102,15712,0,
2026-03-24T09:32:00+00:00,ATM-GB-0002,host-atm-gb-0002,Windows-Server-2019,29.41,429,4096,10.47,4394.54,2047.4,55.36,2572.35,2592.77,0,117,58202,0,
2026-03-24T09:32:00+00:00,ATM-GB-0003,host-atm-gb-0003,Windows-Server-2019,34.41,637,4096,15.55,2132.55,860.03,116.37,7988.33,9036.4,0,99,10498,0,
2026-03-24T09:32:00+00:00,ATM-GB-0004,host-atm-gb-0004,Windows-Server-2019,14.95,552,4096,13.48,1282.36,1488.29,81.49,5347.94,9839.15,0,96,81205,0,
2026-03-24T09:33:00+00:00,ATM-GB-0001,host-atm-gb-0001,Windows-Server-2019,31.96,734,4096,17.92,2927.18,4186.03,33.84,1203.57,1085.17,0,85,27148,0,
2026-03-24T09:33:00+00:00,ATM-GB-0002,host-atm-gb-0002,Windows-Server-2019,29.74,600,4096,14.65,3744.02,4256.73,37.9,5315.51,2162.61,0,102,38938,0,
2026-03-24T09:33:00+00:00,ATM-GB-0003,host-atm-gb-0003,Windows-Server-2019,8.33,400,4096,9.77,1526.14,4906.17,174.93,9641.81,5024.0,0,98,9052,0,
2026-03-24T09:33:00+00:00,ATM-GB-0004,host-atm-gb-0004,Windows-Server-2019,21.36,1333,4096,32.54,929.35,1633.68,77.22,1093.02,5436.82,0,96,4607,0,
2026-03-24T09:34:00+00:00,ATM-GB-0001,host-atm-gb-0001,Windows-Server-2019,35.74,1241,4096,30.3,970.96,4377.1,48.02,6710.55,989.99,0,98,60202,0,
2026-03-24T09:34:00+00:00,ATM-GB-0002,host-atm-gb-0002,Windows-Server-2019,8.57,490,4096,11.96,202.91,4090.05,99.97,1932.24,8591.28,0,87,57883,0,
2026-03-24T09:34:00+00:00,ATM-GB-0003,host-atm-gb-0003,Windows-Server-2019,39.86,1121,4096,27.37,2432.92,82.34,17.5,3973.12,3276.17,0,111,18689,0,
2026-03-24T09:34:00+00:00,ATM-GB-0004,host-atm-gb-0004,Windows-Server-2019,34.2,1410,4096,34.42,58.59,2669.59,126.06,1566.07,6869.39,0,111,33585,0,
2026-03-24T09:35:00+00:00,ATM-GB-0001,host-atm-gb-0001,Windows-Server-2019,19.29,403,4096,9.84,1506.75,4835.6,86.16,4710.96,4979.24,0,87,13991,0,
2026-03-24T09:35:00+00:00,ATM-GB-0002,host-atm-gb-0002,Windows-Server-2019,34.93,1394,4096,34.03,4952.48,2405.18,144.56,2502.97,2173.89,0,83,79274,0,
2026-03-24T09:35:00+00:00,ATM-GB-0003,host-atm-gb-0003,Windows-Server-2019,13.59,536,4096,13.09,4254.34,4506.63,34.97,1992.06,8457.11,0,114,15460,0,
2026-03-24T09:35:00+00:00,ATM-GB-0004,host-atm-gb-0004,Windows-Server-2019,26.28,714,4096,17.43,3204.7,4995.81,184.06,6040.51,2359.75,0,95,36737,0,
2026-03-24T09:36:00+00:00,ATM-GB-0001,host-atm-gb-0001,Windows-Server-2019,24.82,1292,4096,31.54,3576.62,3961.68,56.78,4554.0,3633.56,0,104,10222,0,
2026-03-24T09:36:00+00:00,ATM-GB-0002,host-atm-gb-0002,Windows-Server-2019,28.38,1128,4096,27.54,3851.52,3508.51,199.4,8941.8,6119.77,0,83,36093,0,
2026-03-24T09:36:00+00:00,ATM-GB-0003,host-atm-gb-0003,Windows-Server-2019,15.76,946,4096,23.1,374.49,4560.71,68.56,9384.79,1030.33,0,117,72974,0,
2026-03-24T09:36:00+00:00,ATM-GB-0004,host-atm-gb-0004,Windows-Server-2019,9.35,613,4096,14.97,3237.39,164.84,69.78,8124.71,5160.39,0,94,47336,0,
2026-03-24T09:37:00+00:00,ATM-GB-0001,host-atm-gb-0001,Windows-Server-2019,18.26,707,4096,17.26,249.51,1200.7,43.54,4128.3,721.72,0,109,71205,0,
2026-03-24T09:37:00+00:00,ATM-GB-0002,host-atm-gb-0002,Windows-Server-2019,31.25,1464,4096,35.74,1335.5,3980.08,182.79,1966.89,6365.07,0,116,32920,0,
2026-03-24T09:37:00+00:00,ATM-GB-0003,host-atm-gb-0003,Windows-Server-2019,21.66,1496,4096,36.52,4479.03,289.83,115.59,8211.86,7398.69,0,113,41533,0,
2026-03-24T09:37:00+00:00,ATM-GB-0004,host-atm-gb-0004,Windows-Server-2019,6.48,1174,4096,28.66,140.81,124.01,150.77,5682.18,3323.7,0,107,36723,0,
2026-03-24T09:38:00+00:00,ATM-GB-0001,host-atm-gb-0001,Windows-Server-2019,31.34,731,4096,17.85,5.9,3135.02,55.89,583.08,8267.75,0,104,52349,0,
2026-03-24T09:38:00+00:00,ATM-GB-0002,host-atm-gb-0002,Windows-Server-2019,23.95,616,4096,15.04,1435.1,347.91,131.14,328.99,5489.43,0,98,15965,0,
2026-03-24T09:38:00+00:00,ATM-GB-0003,host-atm-gb-0003,Windows-Server-2019,5.82,460,4096,11.23,3592.8,1338.5,164.42,7146.6,2128.9,0,106,42491,0,
2026-03-24T09:38:00+00:00,ATM-GB-0004,host-atm-gb-0004,Windows-Server-2019,7.44,690,4096,16.85,4148.87,2487.61,191.17,635.37,4438.12,0,111,11569,0,
2026-03-24T09:39:00+00:00,ATM-GB-0001,host-atm-gb-0001,Windows-Server-2019,29.82,619,4096,15.11,914.05,3712.15,152.02,4785.02,9262.4,0,84,64150,0,
2026-03-24T09:39:00+00:00,ATM-GB-0002,host-atm-gb-0002,Windows-Server-2019,29.12,958,4096,23.39,4869.51,3410.59,51.67,2049.75,7526.95,0,89,5868,0,
2026-03-24T09:39:00+00:00,ATM-GB-0003,host-atm-gb-0003,Windows-Server-2019,22.14,755,4096,18.43,4015.1,3864.98,199.53,1945.86,3661.23,0,82,31431,0,
2026-03-24T09:39:00+00:00,ATM-GB-0004,host-atm-gb-0004,Windows-Server-2019,18.67,607,4096,14.82,4527.61,2478.86,76.47,4475.83,1300.83,0,114,31157,0,
2026-03-24T09:40:00+00:00,ATM-GB-0001,host-atm-gb-0001,Windows-Server-2019,15.4,1418,4096,34.62,2651.42,2093.28,163.34,9538.33,8975.78,0,113,66596,0,
2026-03-24T09:40:00+00:00,ATM-GB-0002,host-atm-gb-0002,Windows-Server-2019,19.71,457,4096,11.16,4648.28,4294.4,74.68,6614.64,6971.57,0,112,31561,0,
2026-03-24T09:40:00+00:00,ATM-GB-0003,host-atm-gb-0003,Windows-Server-2019,32.05,467,4096,11.4,2247.03,4180.99,14.31,1322.46,1832.92,0,90,52756,0,
2026-03-24T09:40:00+00:00,ATM-GB-0004,host-atm-gb-0004,Windows-Server-2019,38.89,1389,4096,33.91,4419.46,1570.18,180.46,6623.93,3478.29,0,89,76224,0,
2026-03-24T09:41:00+00:00,ATM-GB-0001,host-atm-gb-0001,Windows-Server-2019,31.77,1491,4096,36.4,2334.85,975.67,76.75,6415.33,8733.86,0,88,79528,0,
2026-03-24T09:41:00+00:00,ATM-GB-0002,host-atm-gb-0002,Windows-Server-2019,24.8,942,4096,23.0,2093.65,3659.92,79.81,2982.65,5283.45,0,102,29723,0,
2026-03-24T09:41:00+00:00,ATM-GB-0003,host-atm-gb-0003,Windows-Server-2019,32.41,714,4096,17.43,952.76,4568.84,76.23,5575.21,1673.92,0,107,45446,0,
2026-03-24T09:41:00+00:00,ATM-GB-0004,host-atm-gb-0004,Windows-Server-2019,31.21,853,4096,20.83,3309.67,2491.27,59.63,3121.44,8832.85,0,108,9067,0,
2026-03-24T09:42:00+00:00,ATM-GB-0001,host-atm-gb-0001,Windows-Server-2019,36.55,641,4096,15.65,2570.55,2227.56,54.67,4089.84,787.99,0,98,73876,0,
2026-03-24T09:42:00+00:00,ATM-GB-0002,host-atm-gb-0002,Windows-Server-2019,36.92,538,4096,13.13,810.29,3635.85,67.48,6979.2,1798.42,0,116,40745,0,
2026-03-24T09:42:00+00:00,ATM-GB-0003,host-atm-gb-0003,Windows-Server-2019,9.88,866,4096,21.14,736.0,3325.68,96.26,554.09,4410.87,0,114,45687,0,
2026-03-24T09:42:00+00:00,ATM-GB-0004,host-atm-gb-0004,Windows-Server-2019,22.81,784,4096,19.14,1025.73,3667.51,102.32,2910.33,6309.01,0,115,59727,0,
2026-03-24T09:43:00+00:00,ATM-GB-0001,host-atm-gb-0001,Windows-Server-2019,24.82,770,4096,18.8,2005.47,3637.83,82.07,8194.78,4827.19,0,85,73140,0,
2026-03-24T09:43:00+00:00,ATM-GB-0002,host-atm-gb-0002,Windows-Server-2019,13.95,1024,4096,25.0,3570.65,423.98,147.35,8141.96,5084.02,0,103,44805,0,
2026-03-24T09:43:00+00:00,ATM-GB-0003,host-atm-gb-0003,Windows-Server-2019,24.82,1412,4096,34.47,4120.96,1722.45,45.96,3635.35,1519.94,0,105,72859,0,
2026-03-24T09:43:00+00:00,ATM-GB-0004,host-atm-gb-0004,Windows-Server-2019,29.31,1429,4096,34.89,2050.03,1215.44,133.31,1632.79,1037.86,0,115,54996,0,
2026-03-24T09:44:00+00:00,ATM-GB-0001,host-atm-gb-0001,Windows-Server-2019,14.73,509,4096,12.43,896.69,4861.93,22.31,2310.8,8215.29,0,80,28011,0,
2026-03-24T09:44:00+00:00,ATM-GB-0002,host-atm-gb-0002,Windows-Server-2019,19.89,1272,4096,31.05,3092.21,4835.91,188.34,1164.94,5258.99,0,100,85358,0,
2026-03-24T09:44:00+00:00,ATM-GB-0003,host-atm-gb-0003,Windows-Server-2019,6.67,845,4096,20.63,1017.54,3028.4,50.17,4984.8,9392.67,0,101,25298,0,
2026-03-24T09:44:00+00:00,ATM-GB-0004,host-atm-gb-0004,Windows-Server-2019,27.6,867,4096,21.17,4373.31,1959.11,121.37,2235.9,3468.72,0,95,41979,0,
2026-03-24T09:45:00+00:00,ATM-GB-0001,host-atm-gb-0001,Windows-Server-2019,16.58,851,4096,20.78,2025.95,4725.09,46.57,3220.98,5776.34,0,92,20411,0,
2026-03-24T09:45:00+00:00,ATM-GB-0002,host-atm-gb-0002,Windows-Server-2019,21.67,1378,4096,33.64,2371.36,3236.26,123.07,3495.12,1790.0,0,112,55243,0,
2026-03-24T09:45:00+00:00,ATM-GB-0003,host-atm-gb-0003,Windows-Server-2019,10.04,713,4096,17.41,1460.03,3162.88,75.4,6277.8,1703.43,0,114,59446,0,
2026-03-24T09:45:00+00:00,ATM-GB-0004,host-atm-gb-0004,Windows-Server-2019,37.34,650,4096,15.87,2661.54,3504.38,155.87,7127.53,2593.98,0,99,32042,0,
2026-03-24T09:46:00+00:00,ATM-GB-0001,host-atm-gb-0001,Windows-Server-2019,23.74,1347,4096,32.89,1487.7,4889.6,79.07,6933.93,629.74,0,114,30647,0,
2026-03-24T09:46:00+00:00,ATM-GB-0002,host-atm-gb-0002,Windows-Server-2019,37.97,423,4096,10.33,4628.51,3619.63,96.01,1436.55,1051.86,0,89,62802,0,
2026-03-24T09:46:00+00:00,ATM-GB-0003,host-atm-gb-0003,Windows-Server-2019,11.26,680,4096,16.6,3536.21,1434.23,29.1,2452.1,5303.99,0,88,80673,0,
2026-03-24T09:46:00+00:00,ATM-GB-0004,host-atm-gb-0004,Windows-Server-2019,35.38,603,4096,14.72,4634.01,720.19,60.62,910.42,1464.56,0,106,42917,0,
2026-03-24T09:47:00+00:00,ATM-GB-0001,host-atm-gb-0001,Windows-Server-2019,18.36,1343,4096,32.79,4905.44,3665.02,10.72,4505.64,2890.64,0,98,20654,0,
2026-03-24T09:47:00+00:00,ATM-GB-0002,host-atm-gb-0002,Windows-Server-2019,20.18,1105,4096,26.98,3763.41,2220.2,60.88,3496.43,5828.24,0,116,45758,0,
2026-03-24T09:47:00+00:00,ATM-GB-0003,host-atm-gb-0003,Windows-Server-2019,10.0,847,4096,20.68,2581.17,3383.67,35.87,1658.86,7516.36,0,116,80775,0,
2026-03-24T09:47:00+00:00,ATM-GB-0004,host-atm-gb-0004,Windows-Server-2019,10.59,637,4096,15.55,1665.13,2710.79,64.62,2996.5,9099.97,0,82,64712,0,
2026-03-24T09:48:00+00:00,ATM-GB-0001,host-atm-gb-0001,Windows-Server-2019,32.89,1159,4096,28.3,4371.98,2360.25,186.79,4755.63,2521.97,0,110,6907,0,
2026-03-24T09:48:00+00:00,ATM-GB-0002,host-atm-gb-0002,Windows-Server-2019,39.92,1193,4096,29.13,334.87,2571.31,42.11,738.47,6179.64,0,82,10584,0,
2026-03-24T09:48:00+00:00,ATM-GB-0003,host-atm-gb-0003,Windows-Server-2019,39.0,1330,4096,32.47,4042.71,4177.54,122.27,2107.52,9467.83,0,83,70342,0,
2026-03-24T09:48:00+00:00,ATM-GB-0004,host-atm-gb-0004,Windows-Server-2019,39.7,1298,4096,31.69,3315.34,1811.11,86.06,3177.6,4859.69,0,104,61827,0,
2026-03-24T09:49:00+00:00,ATM-GB-0001,host-atm-gb-0001,Windows-Server-2019,16.02,902,4096,22.02,2694.73,2503.86,161.08,5594.62,4045.45,0,85,85846,0,
2026-03-24T09:49:00+00:00,ATM-GB-0002,host-atm-gb-0002,Windows-Server-2019,7.06,1297,4096,31.67,2460.33,4672.99,198.98,5450.11,1430.87,0,87,50765,0,
2026-03-24T09:49:00+00:00,ATM-GB-0003,host-atm-gb-0003,Windows-Server-2019,5.43,939,4096,22.92,2173.25,720.11,161.62,4625.55,3690.0,0,107,79123,0,
2026-03-24T09:49:00+00:00,ATM-GB-0004,host-atm-gb-0004,Windows-Server-2019,5.29,897,4096,21.9,4036.41,3445.72,19.39,3207.12,3837.15,0,113,70883,0,
2026-03-24T09:50:00+00:00,ATM-GB-0001,host-atm-gb-0001,Windows-Server-2019,18.77,930,4096,22.71,3041.3,4849.47,190.43,2424.97,2244.41,0,105,24361,0,
2026-03-24T09:50:00+00:00,ATM-GB-0002,host-atm-gb-0002,Windows-Server-2019,7.63,597,4096,14.58,2102.84,2284.85,49.83,491.63,4880.63,0,102,64561,0,
2026-03-24T09:50:00+00:00,ATM-GB-0003,host-atm-gb-0003,Windows-Server-2019,24.42,542,4096,13.23,914.31,4743.42,176.66,9768.42,7259.87,0,107,32486,0,
2026-03-24T09:50:00+00:00,ATM-GB-0004,host-atm-gb-0004,Windows-Server-2019,29.36,1299,4096,31.71,2883.35,3101.39,134.27,4900.94,1409.57,0,114,15637,0,
2026-03-24T09:51:00+00:00,ATM-GB-0001,host-atm-gb-0001,Windows-Server-2019,5.55,528,4096,12.89,3857.82,2364.66,160.37,4093.86,3614.09,0,119,8771,0,
2026-03-24T09:51:00+00:00,ATM-GB-0002,host-atm-gb-0002,Windows-Server-2019,25.99,680,4096,16.6,1578.15,1110.43,101.53,1369.69,6456.77,0,100,8139,0,
2026-03-24T09:51:00+00:00,ATM-GB-0003,host-atm-gb-0003,Windows-Server-2019,13.16,488,4096,11.91,1146.93,1139.31,94.79,3635.49,7693.84,0,98,20802,0,
2026-03-24T09:51:00+00:00,ATM-GB-0004,host-atm-gb-0004,Windows-Server-2019,31.29,503,4096,12.28,3088.73,297.45,157.88,5181.07,9387.28,0,93,74656,0,
2026-03-24T09:52:00+00:00,ATM-GB-0001,host-atm-gb-0001,Windows-Server-2019,7.0,1215,4096,29.66,3731.97,2010.5,68.07,7316.61,4266.37,0,119,71767,0,
2026-03-24T09:52:00+00:00,ATM-GB-0002,host-atm-gb-0002,Windows-Server-2019,12.1,1253,4096,30.59,4141.99,83.37,184.94,7651.56,1140.29,0,107,39271,0,
2026-03-24T09:52:00+00:00,ATM-GB-0003,host-atm-gb-0003,Windows-Server-2019,23.31,811,4096,19.8,618.12,2000.81,32.59,8227.24,8276.67,0,106,43306,0,
2026-03-24T09:52:00+00:00,ATM-GB-0004,host-atm-gb-0004,Windows-Server-2019,18.73,601,4096,14.67,336.08,355.43,170.13,9717.41,244.07,0,97,72424,0,
2026-03-24T09:53:00+00:00,ATM-GB-0001,host-atm-gb-0001,Windows-Server-2019,17.21,1392,4096,33.98,165.59,3011.21,82.28,9331.55,7393.1,0,87,11371,0,
2026-03-24T09:53:00+00:00,ATM-GB-0002,host-atm-gb-0002,Windows-Server-2019,33.86,574,4096,14.01,261.03,3326.22,54.4,144.79,1575.98,0,93,19162,0,
2026-03-24T09:53:00+00:00,ATM-GB-0003,host-atm-gb-0003,Windows-Server-2019,24.87,560,4096,13.67,230.29,2082.58,42.69,9390.92,3426.49,0,108,54078,0,
2026-03-24T09:53:00+00:00,ATM-GB-0004,host-atm-gb-0004,Windows-Server-2019,33.64,1324,4096,32.32,4143.5,1182.18,199.16,5031.92,4778.94,0,99,85935,0,
2026-03-24T09:54:00+00:00,ATM-GB-0001,host-atm-gb-0001,Windows-Server-2019,13.21,1281,4096,31.27,44.26,1538.36,117.17,4641.7,5993.74,0,116,38862,0,
2026-03-24T09:54:00+00:00,ATM-GB-0002,host-atm-gb-0002,Windows-Server-2019,17.77,555,4096,13.55,4511.96,3640.25,186.99,7107.85,6613.3,0,106,42635,0,
2026-03-24T09:54:00+00:00,ATM-GB-0003,host-atm-gb-0003,Windows-Server-2019,30.01,418,4096,10.21,2015.36,2768.26,156.6,3249.29,3624.08,0,88,39443,0,
2026-03-24T09:54:00+00:00,ATM-GB-0004,host-atm-gb-0004,Windows-Server-2019,7.74,528,4096,12.89,2422.23,1771.57,18.56,2357.93,986.13,0,88,49599,0,
2026-03-24T09:55:00+00:00,ATM-GB-0001,host-atm-gb-0001,Windows-Server-2019,20.88,557,4096,13.6,2393.18,2088.72,25.48,1961.15,5604.34,0,102,34220,0,
2026-03-24T09:55:00+00:00,ATM-GB-0002,host-atm-gb-0002,Windows-Server-2019,28.07,837,4096,20.43,4761.18,2506.83,127.9,6538.82,3623.94,0,99,35346,0,
2026-03-24T09:55:00+00:00,ATM-GB-0003,host-atm-gb-0003,Windows-Server-2019,21.96,529,4096,12.92,118.86,4065.95,45.36,1870.85,1023.68,0,115,17875,0,
2026-03-24T09:55:00+00:00,ATM-GB-0004,host-atm-gb-0004,Windows-Server-2019,25.26,1150,4096,28.08,4978.91,3913.66,84.14,7497.28,1835.2,0,108,79904,0,
2026-03-24T09:56:00+00:00,ATM-GB-0001,host-atm-gb-0001,Windows-Server-2019,37.22,1294,4096,31.59,2131.65,2531.83,126.63,7993.8,2162.37,0,113,81127,0,
2026-03-24T09:56:00+00:00,ATM-GB-0002,host-atm-gb-0002,Windows-Server-2019,13.57,997,4096,24.34,2098.42,3961.39,92.46,6130.4,634.67,0,109,60236,0,
2026-03-24T09:56:00+00:00,ATM-GB-0003,host-atm-gb-0003,Windows-Server-2019,38.75,1128,4096,27.54,2850.94,1154.49,176.96,5792.46,781.16,0,89,45613,0,
2026-03-24T09:56:00+00:00,ATM-GB-0004,host-atm-gb-0004,Windows-Server-2019,35.64,1085,4096,26.49,1631.45,1770.91,157.73,1627.63,9579.4,0,96,39114,0,
2026-03-24T09:57:00+00:00,ATM-GB-0001,host-atm-gb-0001,Windows-Server-2019,15.66,1241,4096,30.3,4326.38,2940.24,198.09,3207.28,7565.66,0,92,48080,0,
2026-03-24T09:57:00+00:00,ATM-GB-0002,host-atm-gb-0002,Windows-Server-2019,14.86,551,4096,13.45,4468.77,181.85,198.58,1220.51,9582.48,0,118,27776,0,
2026-03-24T09:57:00+00:00,ATM-GB-0003,host-atm-gb-0003,Windows-Server-2019,37.07,1026,4096,25.05,4477.29,3805.71,185.97,5304.27,8785.47,0,117,80049,0,
2026-03-24T09:57:00+00:00,ATM-GB-0004,host-atm-gb-0004,Windows-Server-2019,25.59,1088,4096,26.56,4197.83,2051.02,186.94,7516.8,7715.14,0,108,23657,0,
2026-03-24T09:58:00+00:00,ATM-GB-0001,host-atm-gb-0001,Windows-Server-2019,26.47,595,4096,14.53,516.28,894.93,82.56,9888.76,1998.77,0,101,67191,0,
2026-03-24T09:58:00+00:00,ATM-GB-0002,host-atm-gb-0002,Windows-Server-2019,20.71,1417,4096,34.59,4507.68,2104.36,195.13,5952.2,5905.25,0,87,11695,0,
2026-03-24T09:58:00+00:00,ATM-GB-0003,host-atm-gb-0003,Windows-Server-2019,26.8,1221,4096,29.81,1661.25,1211.42,108.47,6116.97,4461.62,0,103,4540,0,
2026-03-24T09:58:00+00:00,ATM-GB-0004,host-atm-gb-0004,Windows-Server-2019,17.35,1314,4096,32.08,157.99,2648.69,139.49,9032.72,2053.52,0,96,18482,0,
2026-03-24T09:59:00+00:00,ATM-GB-0001,host-atm-gb-0001,Windows-Server-2019,27.23,573,4096,13.99,1687.4,2417.99,156.98,6389.56,1846.16,0,112,52248,0,
2026-03-24T09:59:00+00:00,ATM-GB-0002,host-atm-gb-0002,Windows-Server-2019,21.11,551,4096,13.45,912.82,4024.44,102.03,7110.82,1890.12,0,103,71808,0,
2026-03-24T09:59:00+00:00,ATM-GB-0003,host-atm-gb-0003,Windows-Server-2019,11.55,1108,4096,27.05,2611.23,1696.11,139.29,3389.05,5386.07,0,112,39180,0,
2026-03-24T09:59:00+00:00,ATM-GB-0004,host-atm-gb-0004,Windows-Server-2019,30.87,779,4096,19.02,4380.82,1878.57,173.89,6394.06,5055.63,0,87,36692,0,
2026-03-24T10:00:00+00:00,ATM-GB-0001,host-atm-gb-0001,Windows-Server-2019,18.99,1386,4096,33.84,3558.55,4966.87,17.66,7146.11,4756.56,0,108,23380,0,
2026-03-24T10:00:00+00:00,ATM-GB-0002,host-atm-gb-0002,Windows-Server-2019,25.55,1457,4096,35.57,2714.49,2298.78,166.72,7098.62,2824.33,0,117,77600,0,
2026-03-24T10:00:00+00:00,ATM-GB-0003,host-atm-gb-0003,Windows-Server-2019,31.1,554,4096,13.53,4001.67,4579.95,24.78,167.76,1312.27,0,86,15078,0,
2026-03-24T10:00:00+00:00,ATM-GB-0004,host-atm-gb-0004,Windows-Server-2019,26.43,1089,4096,26.59,3416.39,2284.69,115.88,7611.63,7088.75,0,106,25782,0,
2026-03-24T10:01:00+00:00,ATM-GB-0001,host-atm-gb-0001,Windows-Server-2019,11.53,1266,4096,30.91,3436.99,1165.72,18.73,4249.49,4553.83,0,110,67775,0,
2026-03-24T10:01:00+00:00,ATM-GB-0002,host-atm-gb-0002,Windows-Server-2019,25.34,487,4096,11.89,1916.61,2505.44,107.56,1428.36,16.51,0,90,19753,0,
2026-03-24T10:01:00+00:00,ATM-GB-0003,host-atm-gb-0003,Windows-Server-2019,8.13,1137,4096,27.76,3079.53,1968.35,135.74,6406.15,2273.19,0,82,74161,0,
2026-03-24T10:01:00+00:00,ATM-GB-0004,host-atm-gb-0004,Windows-Server-2019,10.13,673,4096,16.43,4050.44,1120.03,70.34,6826.43,5799.87,0,84,33435,0,
2026-03-24T10:02:00+00:00,ATM-GB-0001,host-atm-gb-0001,Windows-Server-2019,39.11,864,4096,21.09,2890.42,2765.77,17.21,2039.67,7476.72,0,84,51267,0,
2026-03-24T10:02:00+00:00,ATM-GB-0002,host-atm-gb-0002,Windows-Server-2019,26.15,1289,4096,31.47,2449.08,3383.55,85.46,8742.69,2522.86,0,112,13221,0,
2026-03-24T10:02:00+00:00,ATM-GB-0003,host-atm-gb-0003,Windows-Server-2019,12.08,994,4096,24.27,2756.84,973.39,14.24,3664.21,5067.27,0,111,44686,0,
2026-03-24T10:02:00+00:00,ATM-GB-0004,host-atm-gb-0004,Windows-Server-2019,36.76,1106,4096,27.0,3865.58,4792.45,145.18,1003.03,1872.15,0,96,9025,0,
2026-03-24T10:03:00+00:00,ATM-GB-0001,host-atm-gb-0001,Windows-Server-2019,31.16,1304,4096,31.84,3993.41,2300.99,122.13,2481.98,6433.57,0,112,71580,0,
2026-03-24T10:03:00+00:00,ATM-GB-0002,host-atm-gb-0002,Windows-Server-2019,34.35,776,4096,18.95,3220.19,4057.46,88.73,7819.91,2453.43,0,117,51032,0,
2026-03-24T10:03:00+00:00,ATM-GB-0003,host-atm-gb-0003,Windows-Server-2019,23.08,1451,4096,35.42,612.08,2093.55,44.53,762.67,9222.19,0,100,55601,0,
2026-03-24T10:03:00+00:00,ATM-GB-0004,host-atm-gb-0004,Windows-Server-2019,9.48,978,4096,23.88,1466.19,2360.59,142.92,1094.01,9332.75,0,119,43655,0,
2026-03-24T10:04:00+00:00,ATM-GB-0001,host-atm-gb-0001,Windows-Server-2019,28.27,1490,4096,36.38,2321.25,3154.34,30.15,3860.31,9683.02,0,117,42927,0,
2026-03-24T10:04:00+00:00,ATM-GB-0002,host-atm-gb-0002,Windows-Server-2019,24.99,701,4096,17.11,3746.06,4981.76,135.89,5607.48,3379.96,0,102,63486,0,
2026-03-24T10:04:00+00:00,ATM-GB-0003,host-atm-gb-0003,Windows-Server-2019,26.79,590,4096,14.4,3972.79,2680.82,51.61,5495.28,471.27,0,118,22414,0,
2026-03-24T10:04:00+00:00,ATM-GB-0004,host-atm-gb-0004,Windows-Server-2019,13.12,824,4096,20.12,3475.57,2446.95,76.08,1244.45,2213.59,0,85,5898,0,
2026-03-24T10:05:00+00:00,ATM-GB-0001,host-atm-gb-0001,Windows-Server-2019,12.32,760,4096,18.55,2832.32,1644.83,75.65,6635.27,146.04,0,93,20948,0,
2026-03-24T10:05:00+00:00,ATM-GB-0002,host-atm-gb-0002,Windows-Server-2019,5.96,950,4096,23.19,4712.5,762.46,66.02,5850.83,2751.98,0,108,84222,0,
2026-03-24T10:05:00+00:00,ATM-GB-0003,host-atm-gb-0003,Windows-Server-2019,23.34,1173,4096,28.64,4520.35,3775.3,66.66,170.88,1697.62,0,95,78484,0,
2026-03-24T10:05:00+00:00,ATM-GB-0004,host-atm-gb-0004,Windows-Server-2019,37.79,798,4096,19.48,2716.46,4827.26,48.63,3322.62,1944.71,0,90,16194,0,
2026-03-24T10:06:00+00:00,ATM-GB-0001,host-atm-gb-0001,Windows-Server-2019,26.97,1137,4096,27.76,3890.7,1611.92,11.09,7858.43,4196.38,0,102,19742,0,
2026-03-24T10:06:00+00:00,ATM-GB-0002,host-atm-gb-0002,Windows-Server-2019,11.48,949,4096,23.17,4172.49,84.29,133.77,9234.15,4642.66,0,114,37769,0,
2026-03-24T10:06:00+00:00,ATM-GB-0003,host-atm-gb-0003,Windows-Server-2019,11.57,874,4096,21.34,3075.72,3215.27,112.89,8708.73,5464.36,0,81,45383,0,
2026-03-24T10:06:00+00:00,ATM-GB-0004,host-atm-gb-0004,Windows-Server-2019,17.58,506,4096,12.35,1553.13,1654.65,56.18,99.71,3375.05,0,107,18932,0,
2026-03-24T10:07:00+00:00,ATM-GB-0001,host-atm-gb-0001,Windows-Server-2019,37.36,704,4096,17.19,137.39,2282.44,127.59,113.31,9327.89,0,100,82045,0,
2026-03-24T10:07:00+00:00,ATM-GB-0002,host-atm-gb-0002,Windows-Server-2019,26.87,1312,4096,32.03,2828.68,595.41,141.41,1527.99,1019.77,0,99,75908,0,
2026-03-24T10:07:00+00:00,ATM-GB-0003,host-atm-gb-0003,Windows-Server-2019,33.53,1169,4096,28.54,4025.14,1847.61,195.75,8758.83,6749.95,0,84,53538,0,
2026-03-24T10:07:00+00:00,ATM-GB-0004,host-atm-gb-0004,Windows-Server-2019,30.75,992,4096,24.22,3403.88,2102.92,188.03,5196.24,6352.41,0,110,41079,0,
2026-03-24T10:08:00+00:00,ATM-GB-0001,host-atm-gb-0001,Windows-Server-2019,32.91,733,4096,17.9,2143.7,160.25,167.35,2797.83,4416.95,0,119,84580,0,
2026-03-24T10:08:00+00:00,ATM-GB-0002,host-atm-gb-0002,Windows-Server-2019,23.17,1398,4096,34.13,2933.82,2317.87,192.89,2435.19,7671.55,0,108,63599,0,
2026-03-24T10:08:00+00:00,ATM-GB-0003,host-atm-gb-0003,Windows-Server-2019,13.79,1280,4096,31.25,961.41,2966.54,153.96,6616.39,5362.82,0,109,29760,0,
2026-03-24T10:08:00+00:00,ATM-GB-0004,host-atm-gb-0004,Windows-Server-2019,13.82,1005,4096,24.54,4751.32,1151.69,32.89,5251.93,5231.15,0,81,17997,0,
2026-03-24T10:09:00+00:00,ATM-GB-0001,host-atm-gb-0001,Windows-Server-2019,33.76,827,4096,20.19,1598.74,3457.86,173.42,6969.17,7076.26,0,119,22325,0,
2026-03-24T10:09:00+00:00,ATM-GB-0002,host-atm-gb-0002,Windows-Server-2019,28.28,960,4096,23.44,2016.93,4197.57,143.9,5675.21,3736.37,0,109,69202,0,
2026-03-24T10:09:00+00:00,ATM-GB-0003,host-atm-gb-0003,Windows-Server-2019,22.06,1285,4096,31.37,2650.77,1024.88,165.06,9037.85,8332.08,0,120,37398,0,
2026-03-24T10:09:00+00:00,ATM-GB-0004,host-atm-gb-0004,Windows-Server-2019,18.78,979,4096,23.9,2080.52,228.32,143.25,3274.12,6471.96,0,81,49329,0,
2026-03-24T10:10:00+00:00,ATM-GB-0001,host-atm-gb-0001,Windows-Server-2019,22.24,968,4096,23.63,3402.62,3778.1,78.18,8826.64,9559.98,0,89,83325,0,
2026-03-24T10:10:00+00:00,ATM-GB-0002,host-atm-gb-0002,Windows-Server-2019,15.52,828,4096,20.21,2671.16,2912.74,55.34,935.24,3509.79,0,90,15845,0,
2026-03-24T10:10:00+00:00,ATM-GB-0003,host-atm-gb-0003,Windows-Server-2019,19.62,1350,4096,32.96,3939.12,1607.36,197.71,7168.43,6475.8,0,98,60334,0,
2026-03-24T10:10:00+00:00,ATM-GB-0004,host-atm-gb-0004,Windows-Server-2019,35.97,711,4096,17.36,4653.36,1314.12,89.76,381.21,5681.31,0,82,82378,0,
2026-03-24T10:11:00+00:00,ATM-GB-0001,host-atm-gb-0001,Windows-Server-2019,10.73,1191,4096,29.08,1389.69,676.03,83.56,3355.0,1047.42,0,81,60277,0,
2026-03-24T10:11:00+00:00,ATM-GB-0002,host-atm-gb-0002,Windows-Server-2019,27.81,672,4096,16.41,2935.81,2945.67,43.19,1767.84,2796.37,0,88,6779,0,
2026-03-24T10:11:00+00:00,ATM-GB-0003,host-atm-gb-0003,Windows-Server-2019,6.45,959,4096,23.41,3590.83,4191.28,80.55,2602.19,5350.69,0,110,32761,0,
2026-03-24T10:11:00+00:00,ATM-GB-0004,host-atm-gb-0004,Windows-Server-2019,27.11,1201,4096,29.32,4273.02,2558.31,17.44,1042.21,3690.83,0,113,60984,0,
2026-03-24T10:12:00+00:00,ATM-GB-0001,host-atm-gb-0001,Windows-Server-2019,11.36,1420,4096,34.67,774.33,1736.58,135.81,2353.5,1467.1,0,92,69821,0,
2026-03-24T10:12:00+00:00,ATM-GB-0002,host-atm-gb-0002,Windows-Server-2019,24.13,1092,4096,26.66,4168.54,367.81,80.59,7613.24,2082.12,0,104,5454,0,
2026-03-24T10:12:00+00:00,ATM-GB-0003,host-atm-gb-0003,Windows-Server-2019,22.42,974,4096,23.78,236.59,4352.47,85.98,2668.6,1228.0,0,88,47283,0,
2026-03-24T10:12:00+00:00,ATM-GB-0004,host-atm-gb-0004,Windows-Server-2019,25.06,812,4096,19.82,1718.32,2896.76,80.62,4881.96,7194.18,0,103,32304,0,
2026-03-24T10:13:00+00:00,ATM-GB-0001,host-atm-gb-0001,Windows-Server-2019,18.37,1142,4096,27.88,769.72,2234.12,31.36,321.45,1871.47,0,104,55478,0,
2026-03-24T10:13:00+00:00,ATM-GB-0002,host-atm-gb-0002,Windows-Server-2019,38.81,1265,4096,30.88,3725.77,2952.47,124.44,3995.05,5361.57,0,106,50614,0,
2026-03-24T10:13:00+00:00,ATM-GB-0003,host-atm-gb-0003,Windows-Server-2019,14.96,1327,4096,32.4,2908.15,3982.72,131.56,7620.62,3361.46,0,84,80286,0,
2026-03-24T10:13:00+00:00,ATM-GB-0004,host-atm-gb-0004,Windows-Server-2019,17.76,869,4096,21.22,4844.99,3336.69,49.97,740.13,7243.48,0,119,41466,0,
2026-03-24T10:14:00+00:00,ATM-GB-0001,host-atm-gb-0001,Windows-Server-2019,23.21,657,4096,16.04,3112.42,2788.71,115.87,8256.45,4736.33,0,89,4597,0,
2026-03-24T10:14:00+00:00,ATM-GB-0002,host-atm-gb-0002,Windows-Server-2019,19.39,1334,4096,32.57,202.39,74.51,172.32,9948.48,4807.73,0,98,63310,0,
2026-03-24T10:14:00+00:00,ATM-GB-0003,host-atm-gb-0003,Windows-Server-2019,10.49,476,4096,11.62,1727.14,2927.18,103.92,8253.04,4076.79,0,107,21785,0,
2026-03-24T10:14:00+00:00,ATM-GB-0004,host-atm-gb-0004,Windows-Server-2019,25.46,1417,4096,34.59,3412.39,1832.54,117.75,9118.31,1237.81,0,115,62407,0,
2026-03-24T10:15:00+00:00,ATM-GB-0001,host-atm-gb-0001,Windows-Server-2019,14.42,932,4096,22.75,3157.21,198.03,83.88,8850.96,8125.68,0,107,84155,0,
2026-03-24T10:15:00+00:00,ATM-GB-0002,host-atm-gb-0002,Windows-Server-2019,16.46,597,4096,14.58,2007.99,1789.66,61.57,1032.04,8925.96,0,95,74993,0,
2026-03-24T10:15:00+00:00,ATM-GB-0003,host-atm-gb-0003,Windows-Server-2019,10.67,885,4096,21.61,1779.64,4248.42,188.09,5707.91,97.07,0,117,73922,0,
2026-03-24T10:15:00+00:00,ATM-GB-0004,host-atm-gb-0004,Windows-Server-2019,35.7,889,4096,21.7,3085.5,3519.11,102.81,143.05,8729.19,0,115,71824,0,
2026-03-24T10:16:00+00:00,ATM-GB-0001,host-atm-gb-0001,Windows-Server-2019,6.93,665,4096,16.24,1367.21,620.65,130.88,4367.17,8090.31,0,113,58924,0,
2026-03-24T10:16:00+00:00,ATM-GB-0002,host-atm-gb-0002,Windows-Server-2019,31.4,745,4096,18.19,73.23,2967.97,22.07,7580.34,881.11,0,82,84107,0,
2026-03-24T10:16:00+00:00,ATM-GB-0003,host-atm-gb-0003,Windows-Server-2019,13.87,735,4096,17.94,2383.71,2720.89,196.55,5564.24,4001.9,0,104,7256,0,
2026-03-24T10:16:00+00:00,ATM-GB-0004,host-atm-gb-0004,Windows-Server-2019,34.26,653,4096,15.94,369.72,2275.37,72.47,4223.13,2240.5,0,115,13961,0,
2026-03-24T10:17:00+00:00,ATM-GB-0001,host-atm-gb-0001,Windows-Server-2019,30.67,1155,4096,28.2,1664.3,3532.83,132.72,7646.23,713.51,0,87,18939,0,
2026-03-24T10:17:00+00:00,ATM-GB-0002,host-atm-gb-0002,Windows-Server-2019,32.26,971,4096,23.71,3356.73,4674.38,31.25,1515.48,4985.5,0,113,70779,0,
2026-03-24T10:17:00+00:00,ATM-GB-0003,host-atm-gb-0003,Windows-Server-2019,13.88,750,4096,18.31,3750.13,4616.06,94.21,5561.13,6987.01,0,119,67806,0,
2026-03-24T10:17:00+00:00,ATM-GB-0004,host-atm-gb-0004,Windows-Server-2019,36.26,1344,4096,32.81,3872.55,3462.13,28.18,7711.76,4447.86,0,99,41910,0,
2026-03-24T10:18:00+00:00,ATM-GB-0001,host-atm-gb-0001,Windows-Server-2019,34.45,1139,4096,27.81,1668.37,4760.88,87.8,3881.88,8557.62,0,88,20075,0,
2026-03-24T10:18:00+00:00,ATM-GB-0002,host-atm-gb-0002,Windows-Server-2019,25.33,926,4096,22.61,4192.23,3349.59,180.98,8143.04,1255.95,0,104,49304,0,
2026-03-24T10:18:00+00:00,ATM-GB-0003,host-atm-gb-0003,Windows-Server-2019,11.29,1160,4096,28.32,2799.86,4507.49,88.55,5767.64,8335.44,0,97,36220,0,
2026-03-24T10:18:00+00:00,ATM-GB-0004,host-atm-gb-0004,Windows-Server-2019,20.37,527,4096,12.87,958.69,3602.88,193.34,2071.81,3046.98,0,113,41726,0,
2026-03-24T10:19:00+00:00,ATM-GB-0001,host-atm-gb-0001,Windows-Server-2019,10.19,489,4096,11.94,1231.28,290.29,120.28,291.08,1708.43,0,95,65275,0,
2026-03-24T10:19:00+00:00,ATM-GB-0002,host-atm-gb-0002,Windows-Server-2019,24.84,929,4096,22.68,2261.39,1880.51,82.64,7541.05,7709.75,0,88,22444,0,
2026-03-24T10:19:00+00:00,ATM-GB-0003,host-atm-gb-0003,Windows-Server-2019,22.95,482,4096,11.77,1327.47,577.98,88.64,1678.46,5069.66,0,89,10538,0,
2026-03-24T10:19:00+00:00,ATM-GB-0004,host-atm-gb-0004,Windows-Server-2019,37.47,910,4096,22.22,3976.28,2196.54,131.83,5669.58,690.04,0,89,75477,0,
2026-03-24T10:20:00+00:00,ATM-GB-0001,host-atm-gb-0001,Windows-Server-2019,11.56,1197,4096,29.22,2622.2,334.86,114.25,7531.49,8954.34,0,93,76821,0,
2026-03-24T10:20:00+00:00,ATM-GB-0002,host-atm-gb-0002,Windows-Server-2019,21.33,452,4096,11.04,1466.54,2213.48,45.41,1195.24,1534.51,0,105,41268,0,
2026-03-24T10:20:00+00:00,ATM-GB-0003,host-atm-gb-0003,Windows-Server-2019,33.75,583,4096,14.23,177.55,4194.2,109.75,6323.34,4705.34,0,102,75121,0,
2026-03-24T10:20:00+00:00,ATM-GB-0004,host-atm-gb-0004,Windows-Server-2019,34.02,1153,4096,28.15,2325.87,4662.2,12.68,902.98,2318.52,0,103,81868,0,
2026-03-24T10:21:00+00:00,ATM-GB-0001,host-atm-gb-0001,Windows-Server-2019,27.57,851,4096,20.78,1146.36,2445.67,25.6,1640.48,9691.2,0,106,66464,0,
2026-03-24T10:21:00+00:00,ATM-GB-0002,host-atm-gb-0002,Windows-Server-2019,23.91,1305,4096,31.86,579.86,353.02,84.42,2248.56,8657.67,0,108,5588,0,
2026-03-24T10:21:00+00:00,ATM-GB-0003,host-atm-gb-0003,Windows-Server-2019,7.73,955,4096,23.32,1974.09,520.15,166.39,335.81,5814.13,0,91,79514,0,
2026-03-24T10:21:00+00:00,ATM-GB-0004,host-atm-gb-0004,Windows-Server-2019,25.77,1102,4096,26.9,25.08,2498.48,97.3,2541.97,7381.62,0,115,19689,0,
2026-03-24T10:22:00+00:00,ATM-GB-0001,host-atm-gb-0001,Windows-Server-2019,21.61,842,4096,20.56,2830.89,185.33,175.4,3133.42,8123.8,0,105,73853,0,
2026-03-24T10:22:00+00:00,ATM-GB-0002,host-atm-gb-0002,Windows-Server-2019,5.51,671,4096,16.38,2054.21,905.36,187.21,7492.48,1727.59,0,106,15551,0,
2026-03-24T10:22:00+00:00,ATM-GB-0003,host-atm-gb-0003,Windows-Server-2019,34.35,412,4096,10.06,4054.96,1534.05,43.17,299.68,9049.22,0,104,20821,0,
2026-03-24T10:22:00+00:00,ATM-GB-0004,host-atm-gb-0004,Windows-Server-2019,21.67,1086,4096,26.51,239.47,1878.14,32.01,1390.4,8245.33,0,106,5853,0,
2026-03-24T10:23:00+00:00,ATM-GB-0001,host-atm-gb-0001,Windows-Server-2019,15.9,892,4096,21.78,2281.47,221.68,56.37,8746.0,3439.51,0,94,11990,0,
2026-03-24T10:23:00+00:00,ATM-GB-0002,host-atm-gb-0002,Windows-Server-2019,31.45,1340,4096,32.71,1408.37,2479.25,32.64,6015.12,929.64,0,119,47241,0,
2026-03-24T10:23:00+00:00,ATM-GB-0003,host-atm-gb-0003,Windows-Server-2019,5.34,1256,4096,30.66,1638.42,4188.74,60.23,3303.71,7320.33,0,107,73825,0,
2026-03-24T10:23:00+00:00,ATM-GB-0004,host-atm-gb-0004,Windows-Server-2019,13.83,1022,4096,24.95,2394.17,4130.24,69.99,5545.63,36.24,0,80,72918,0,
2026-03-24T10:24:00+00:00,ATM-GB-0001,host-atm-gb-0001,Windows-Server-2019,36.98,788,4096,19.24,463.27,4865.29,168.21,92.83,1340.48,0,108,44955,0,
2026-03-24T10:24:00+00:00,ATM-GB-0002,host-atm-gb-0002,Windows-Server-2019,21.83,951,4096,23.22,118.6,1088.81,140.22,8599.12,5262.22,0,84,5696,0,
2026-03-24T10:24:00+00:00,ATM-GB-0003,host-atm-gb-0003,Windows-Server-2019,30.08,868,4096,21.19,4438.87,533.9,41.1,5324.62,6750.09,0,113,57498,0,
2026-03-24T10:24:00+00:00,ATM-GB-0004,host-atm-gb-0004,Windows-Server-2019,16.25,462,4096,11.28,544.9,2337.52,172.17,4181.77,376.81,0,107,74975,0,
2026-03-24T10:25:00+00:00,ATM-GB-0001,host-atm-gb-0001,Windows-Server-2019,23.67,441,4096,10.77,1997.56,3129.59,184.7,2074.49,9601.98,0,85,13745,0,
2026-03-24T10:25:00+00:00,ATM-GB-0002,host-atm-gb-0002,Windows-Server-2019,11.78,491,4096,11.99,2631.99,3604.08,50.47,993.69,1376.02,0,85,22871,0,
2026-03-24T10:25:00+00:00,ATM-GB-0003,host-atm-gb-0003,Windows-Server-2019,6.33,824,4096,20.12,4058.16,2861.36,125.38,9138.38,9865.07,0,111,35741,0,
2026-03-24T10:25:00+00:00,ATM-GB-0004,host-atm-gb-0004,Windows-Server-2019,31.24,706,4096,17.24,4590.29,2.21,196.26,6823.55,5824.13,0,86,14399,0,
2026-03-24T10:26:00+00:00,ATM-GB-0001,host-atm-gb-0001,Windows-Server-2019,31.36,939,4096,22.92,2207.42,2844.05,194.12,3226.24,8440.59,0,81,22847,0,
2026-03-24T10:26:00+00:00,ATM-GB-0002,host-atm-gb-0002,Windows-Server-2019,38.99,1173,4096,28.64,4961.16,2178.48,43.58,7447.72,6658.81,0,96,78354,0,
2026-03-24T10:26:00+00:00,ATM-GB-0003,host-atm-gb-0003,Windows-Server-2019,26.92,1447,4096,35.33,3520.02,553.65,136.24,8299.19,1267.59,0,111,51806,0,
2026-03-24T10:26:00+00:00,ATM-GB-0004,host-atm-gb-0004,Windows-Server-2019,26.39,554,4096,13.53,4154.07,2424.24,103.89,1132.84,66.13,0,118,22399,0,
2026-03-24T10:27:00+00:00,ATM-GB-0001,host-atm-gb-0001,Windows-Server-2019,7.38,490,4096,11.96,844.65,3879.51,103.04,3856.63,8626.92,0,100,58736,0,
2026-03-24T10:27:00+00:00,ATM-GB-0002,host-atm-gb-0002,Windows-Server-2019,33.02,706,4096,17.24,1197.12,4141.13,144.35,4530.38,6764.25,0,119,38839,0,
2026-03-24T10:27:00+00:00,ATM-GB-0003,host-atm-gb-0003,Windows-Server-2019,36.95,659,4096,16.09,2746.02,2801.13,192.93,9846.79,129.73,0,111,61268,0,
2026-03-24T10:27:00+00:00,ATM-GB-0004,host-atm-gb-0004,Windows-Server-2019,21.33,1405,4096,34.3,1797.04,1209.46,197.41,3276.37,3108.29,0,95,33662,0,
2026-03-24T10:28:00+00:00,ATM-GB-0001,host-atm-gb-0001,Windows-Server-2019,38.74,1266,4096,30.91,4344.58,1333.14,142.83,1088.19,3870.97,0,95,46463,0,
2026-03-24T10:28:00+00:00,ATM-GB-0002,host-atm-gb-0002,Windows-Server-2019,5.93,1440,4096,35.16,2847.95,1328.25,143.92,186.92,2847.43,0,103,45410,0,
2026-03-24T10:28:00+00:00,ATM-GB-0003,host-atm-gb-0003,Windows-Server-2019,18.94,470,4096,11.47,2382.51,4200.59,16.01,7070.76,3505.86,0,118,14905,0,
2026-03-24T10:28:00+00:00,ATM-GB-0004,host-atm-gb-0004,Windows-Server-2019,15.59,1114,4096,27.2,576.13,2966.64,120.2,6625.84,9909.61,0,83,56329,0,
2026-03-24T10:29:00+00:00,ATM-GB-0001,host-atm-gb-0001,Windows-Server-2019,11.6,515,4096,12.57,478.04,2523.78,26.65,8597.9,134.57,0,119,78768,0,
2026-03-24T10:29:00+00:00,ATM-GB-0002,host-atm-gb-0002,Windows-Server-2019,29.36,1026,4096,25.05,2432.52,2287.99,146.3,2133.47,1802.21,0,111,71647,0,
2026-03-24T10:29:00+00:00,ATM-GB-0003,host-atm-gb-0003,Windows-Server-2019,27.47,1472,4096,35.94,1177.76,4625.63,190.56,1504.19,4442.16,0,111,25034,0,
2026-03-24T10:29:00+00:00,ATM-GB-0004,host-atm-gb-0004,Windows-Server-2019,33.75,1347,4096,32.89,4060.82,4757.67,115.55,4261.66,5772.83,0,111,7259,0,
2026-03-24T10:30:00+00:00,ATM-GB-0001,host-atm-gb-0001,Windows-Server-2019,32.48,1470,4096,35.89,2303.21,4013.24,112.77,9069.09,3428.73,0,91,35405,0,
2026-03-24T10:30:00+00:00,ATM-GB-0002,host-atm-gb-0002,Windows-Server-2019,15.37,556,4096,13.57,2148.9,1806.63,145.61,9983.37,5158.28,0,98,5129,0,
2026-03-24T10:30:00+00:00,ATM-GB-0003,host-atm-gb-0003,Windows-Server-2019,18.8,1119,4096,27.32,394.25,3138.13,15.66,2626.18,3015.1,0,101,53084,0,
2026-03-24T10:30:00+00:00,ATM-GB-0004,host-atm-gb-0004,Windows-Server-2019,32.01,607,4096,14.82,1530.24,441.08,63.64,2470.84,7064.69,0,107,5975,0,
2026-03-24T10:31:00+00:00,ATM-GB-0001,host-atm-gb-0001,Windows-Server-2019,18.67,1101,4096,26.88,4730.79,43.85,92.22,3508.01,9783.76,0,85,85143,0,
2026-03-24T10:31:00+00:00,ATM-GB-0002,host-atm-gb-0002,Windows-Server-2019,10.46,1360,4096,33.2,3867.75,3321.93,169.59,327.7,843.14,0,93,10920,0,
2026-03-24T10:31:00+00:00,ATM-GB-0003,host-atm-gb-0003,Windows-Server-2019,6.72,671,4096,16.38,1197.31,2808.79,17.69,9334.08,4408.08,0,82,25115,0,
2026-03-24T10:31:00+00:00,ATM-GB-0004,host-atm-gb-0004,Windows-Server-2019,6.64,1360,4096,33.2,2114.12,3419.26,145.28,6912.15,6757.92,0,106,40367,0,
2026-03-24T10:32:00+00:00,ATM-GB-0001,host-atm-gb-0001,Windows-Server-2019,12.78,1159,4096,28.3,3865.61,779.84,24.64,5709.03,5793.62,0,98,26307,0,
2026-03-24T10:32:00+00:00,ATM-GB-0002,host-atm-gb-0002,Windows-Server-2019,35.99,1125,4096,27.47,2714.04,3449.87,73.51,7314.8,1983.25,0,100,13005,0,
2026-03-24T10:32:00+00:00,ATM-GB-0003,host-atm-gb-0003,Windows-Server-2019,35.43,648,4096,15.82,4535.55,2099.21,48.32,4809.32,877.54,0,91,17973,0,
2026-03-24T10:32:00+00:00,ATM-GB-0004,host-atm-gb-0004,Windows-Server-2019,13.78,1366,4096,33.35,237.36,4846.3,63.05,6518.33,735.56,0,88,54360,0,
2026-03-24T10:33:00+00:00,ATM-GB-0001,host-atm-gb-0001,Windows-Server-2019,30.41,600,4096,14.65,2318.9,1601.18,34.2,4189.16,6010.63,0,82,78849,0,
2026-03-24T10:33:00+00:00,ATM-GB-0002,host-atm-gb-0002,Windows-Server-2019,28.15,1340,4096,32.71,216.8,4869.14,66.46,3786.18,3167.05,0,113,23952,0,
2026-03-24T10:33:00+00:00,ATM-GB-0003,host-atm-gb-0003,Windows-Server-2019,17.45,618,4096,15.09,4949.42,2236.24,31.12,1578.01,5066.21,0,108,49301,0,
2026-03-24T10:33:00+00:00,ATM-GB-0004,host-atm-gb-0004,Windows-Server-2019,24.02,1226,4096,29.93,254.93,1429.25,32.58,7739.19,1193.56,0,88,85574,0,
2026-03-24T10:34:00+00:00,ATM-GB-0001,host-atm-gb-0001,Windows-Server-2019,36.68,858,4096,20.95,1351.63,4347.93,16.6,5503.62,9665.45,0,111,73550,0,
2026-03-24T10:34:00+00:00,ATM-GB-0002,host-atm-gb-0002,Windows-Server-2019,39.65,1158,4096,28.27,1935.53,2249.86,13.7,8038.0,3747.2,0,98,8218,0,
2026-03-24T10:34:00+00:00,ATM-GB-0003,host-atm-gb-0003,Windows-Server-2019,19.78,845,4096,20.63,1701.64,1840.23,14.65,6880.21,688.06,0,80,70629,0,
2026-03-24T10:34:00+00:00,ATM-GB-0004,host-atm-gb-0004,Windows-Server-2019,22.97,488,4096,11.91,1169.94,4362.19,42.53,108.5,1375.5,0,113,5885,0,
2026-03-24T10:35:00+00:00,ATM-GB-0001,host-atm-gb-0001,Windows-Server-2019,14.58,1161,4096,28.34,2484.63,2575.08,88.85,7433.44,9217.88,0,90,83100,0,
2026-03-24T10:35:00+00:00,ATM-GB-0002,host-atm-gb-0002,Windows-Server-2019,14.62,1492,4096,36.43,2911.77,2613.88,135.68,3929.3,8446.87,0,88,5586,0,
2026-03-24T10:35:00+00:00,ATM-GB-0003,host-atm-gb-0003,Windows-Server-2019,7.0,1113,4096,27.17,4033.42,387.02,85.91,2550.03,372.6,0,81,52296,0,
2026-03-24T10:35:00+00:00,ATM-GB-0004,host-atm-gb-0004,Windows-Server-2019,27.25,525,4096,12.82,1075.08,1147.72,171.51,1091.28,6972.23,0,110,59353,0,
2026-03-24T10:36:00+00:00,ATM-GB-0001,host-atm-gb-0001,Windows-Server-2019,24.87,1162,4096,28.37,4407.25,3369.69,174.26,696.61,9419.07,0,93,11972,0,
2026-03-24T10:36:00+00:00,ATM-GB-0002,host-atm-gb-0002,Windows-Server-2019,19.65,746,4096,18.21,4289.01,4894.35,182.43,3482.16,6695.18,0,106,40296,0,
2026-03-24T10:36:00+00:00,ATM-GB-0003,host-atm-gb-0003,Windows-Server-2019,22.59,1274,4096,31.1,639.57,4767.06,155.26,7110.25,2447.85,0,111,68890,0,
2026-03-24T10:36:00+00:00,ATM-GB-0004,host-atm-gb-0004,Windows-Server-2019,19.1,780,4096,19.04,4116.16,896.69,57.94,9777.96,5458.67,0,89,4896,0,
2026-03-24T10:37:00+00:00,ATM-GB-0001,host-atm-gb-0001,Windows-Server-2019,20.15,815,4096,19.9,1666.08,3809.95,131.76,1278.21,4139.83,0,82,76276,0,
2026-03-24T10:37:00+00:00,ATM-GB-0002,host-atm-gb-0002,Windows-Server-2019,36.79,751,4096,18.33,2587.25,3571.48,93.21,9612.44,5971.18,0,101,61510,0,
2026-03-24T10:37:00+00:00,ATM-GB-0003,host-atm-gb-0003,Windows-Server-2019,28.11,1173,4096,28.64,1727.68,2507.41,146.16,4307.64,6982.39,0,101,17744,0,
2026-03-24T10:37:00+00:00,ATM-GB-0004,host-atm-gb-0004,Windows-Server-2019,15.8,928,4096,22.66,4246.9,4039.97,53.22,8651.46,3563.06,0,107,56047,0,
2026-03-24T10:38:00+00:00,ATM-GB-0001,host-atm-gb-0001,Windows-Server-2019,6.79,1431,4096,34.94,1382.85,140.34,148.52,7667.38,1627.15,0,117,32076,0,
2026-03-24T10:38:00+00:00,ATM-GB-0002,host-atm-gb-0002,Windows-Server-2019,34.73,1059,4096,25.85,944.91,2562.34,36.8,3689.37,3301.61,0,89,15936,0,
2026-03-24T10:38:00+00:00,ATM-GB-0003,host-atm-gb-0003,Windows-Server-2019,10.57,1141,4096,27.86,1482.76,3392.05,183.94,8589.16,4121.81,0,114,49859,0,
2026-03-24T10:38:00+00:00,ATM-GB-0004,host-atm-gb-0004,Windows-Server-2019,33.6,531,4096,12.96,1047.94,4543.25,165.84,4986.82,3444.22,0,83,74596,0,
2026-03-24T10:39:00+00:00,ATM-GB-0001,host-atm-gb-0001,Windows-Server-2019,25.56,850,4096,20.75,4133.6,2298.07,91.31,6060.75,5210.19,0,94,56705,0,
2026-03-24T10:39:00+00:00,ATM-GB-0002,host-atm-gb-0002,Windows-Server-2019,21.26,633,4096,15.45,1489.56,4422.04,186.22,8091.21,5541.66,0,82,71065,0,
2026-03-24T10:39:00+00:00,ATM-GB-0003,host-atm-gb-0003,Windows-Server-2019,6.78,817,4096,19.95,2135.42,798.69,37.12,7296.09,1704.72,0,95,21940,0,
2026-03-24T10:39:00+00:00,ATM-GB-0004,host-atm-gb-0004,Windows-Server-2019,23.12,629,4096,15.36,700.37,581.66,74.95,3852.91,2403.03,0,99,41353,0,
2026-03-24T10:40:00+00:00,ATM-GB-0001,host-atm-gb-0001,Windows-Server-2019,7.3,1391,4096,33.96,2330.49,1128.83,14.67,435.03,7170.08,0,119,5569,0,
2026-03-24T10:40:00+00:00,ATM-GB-0002,host-atm-gb-0002,Windows-Server-2019,13.98,466,4096,11.38,1900.68,4868.83,40.7,3811.6,2902.85,0,106,78674,0,
2026-03-24T10:40:00+00:00,ATM-GB-0003,host-atm-gb-0003,Windows-Server-2019,8.2,529,4096,12.92,3394.68,815.67,181.07,7512.99,584.83,0,108,80629,0,
2026-03-24T10:40:00+00:00,ATM-GB-0004,host-atm-gb-0004,Windows-Server-2019,19.67,1243,4096,30.35,4703.31,402.51,112.96,6599.46,3811.88,0,112,67297,0,
2026-03-24T10:41:00+00:00,ATM-GB-0001,host-atm-gb-0001,Windows-Server-2019,22.99,998,4096,24.37,1519.84,4853.3,12.59,6652.76,2550.87,0,108,14005,0,
2026-03-24T10:41:00+00:00,ATM-GB-0002,host-atm-gb-0002,Windows-Server-2019,10.37,1252,4096,30.57,3790.42,1227.98,150.38,3105.38,3586.6,0,98,19338,0,
2026-03-24T10:41:00+00:00,ATM-GB-0003,host-atm-gb-0003,Windows-Server-2019,32.85,1241,4096,30.3,3290.05,3671.71,114.27,3904.51,6811.51,0,97,62597,0,
2026-03-24T10:41:00+00:00,ATM-GB-0004,host-atm-gb-0004,Windows-Server-2019,21.82,1013,4096,24.73,2534.07,807.21,128.03,1525.49,8528.26,0,81,23158,0,
2026-03-24T10:42:00+00:00,ATM-GB-0001,host-atm-gb-0001,Windows-Server-2019,6.77,800,4096,19.53,3574.5,862.62,154.63,215.07,9011.01,0,88,33008,0,
2026-03-24T10:42:00+00:00,ATM-GB-0002,host-atm-gb-0002,Windows-Server-2019,9.97,825,4096,20.14,4696.41,4541.98,73.73,3745.69,7859.83,0,89,8197,0,
2026-03-24T10:42:00+00:00,ATM-GB-0003,host-atm-gb-0003,Windows-Server-2019,24.15,1349,4096,32.93,1627.92,4441.77,122.01,8246.63,7778.67,0,91,31644,0,
2026-03-24T10:42:00+00:00,ATM-GB-0004,host-atm-gb-0004,Windows-Server-2019,39.54,651,4096,15.89,3943.73,4679.9,115.69,6232.8,9783.42,0,120,44401,0,
2026-03-24T10:43:00+00:00,ATM-GB-0001,host-atm-gb-0001,Windows-Server-2019,19.6,631,4096,15.41,2119.22,109.54,150.46,7208.62,2625.58,0,109,41830,0,
2026-03-24T10:43:00+00:00,ATM-GB-0002,host-atm-gb-0002,Windows-Server-2019,32.57,1078,4096,26.32,680.86,4801.05,50.08,476.12,7904.4,0,80,8066,0,
2026-03-24T10:43:00+00:00,ATM-GB-0003,host-atm-gb-0003,Windows-Server-2019,10.64,1175,4096,28.69,3402.14,1906.45,114.83,1668.05,8009.77,0,94,50718,0,
2026-03-24T10:43:00+00:00,ATM-GB-0004,host-atm-gb-0004,Windows-Server-2019,12.26,1330,4096,32.47,2412.32,1382.05,87.04,6015.12,1846.39,0,80,18608,0,
2026-03-24T10:44:00+00:00,ATM-GB-0001,host-atm-gb-0001,Windows-Server-2019,22.06,1386,4096,33.84,4860.17,2479.46,160.99,148.35,9300.52,0,120,52495,0,
2026-03-24T10:44:00+00:00,ATM-GB-0002,host-atm-gb-0002,Windows-Server-2019,29.02,614,4096,14.99,4940.41,1123.67,64.23,5449.09,6051.74,0,119,54533,0,
2026-03-24T10:44:00+00:00,ATM-GB-0003,host-atm-gb-0003,Windows-Server-2019,8.36,703,4096,17.16,1357.96,2779.64,36.91,4325.91,6461.68,0,101,40394,0,
2026-03-24T10:44:00+00:00,ATM-GB-0004,host-atm-gb-0004,Windows-Server-2019,19.67,752,4096,18.36,4851.31,765.31,184.43,3586.64,6771.11,0,94,64963,0,
2026-03-24T10:45:00+00:00,ATM-GB-0001,host-atm-gb-0001,Windows-Server-2019,10.23,827,4096,20.19,1047.67,537.64,35.29,6495.15,4672.67,0,113,45645,0,
2026-03-24T10:45:00+00:00,ATM-GB-0002,host-atm-gb-0002,Windows-Server-2019,30.2,1460,4096,35.64,1186.94,1008.94,85.98,3978.87,9661.84,0,105,83432,0,
2026-03-24T10:45:00+00:00,ATM-GB-0003,host-atm-gb-0003,Windows-Server-2019,19.79,525,4096,12.82,1128.32,261.82,193.64,6486.91,7908.39,0,93,76167,0,
2026-03-24T10:45:00+00:00,ATM-GB-0004,host-atm-gb-0004,Windows-Server-2019,32.02,1093,4096,26.68,507.28,4385.64,61.07,6556.97,3666.62,0,117,35064,0,
2026-03-24T10:46:00+00:00,ATM-GB-0001,host-atm-gb-0001,Windows-Server-2019,11.71,1077,4096,26.29,4242.26,1216.78,116.81,7344.84,3160.59,0,115,83022,0,
2026-03-24T10:46:00+00:00,ATM-GB-0002,host-atm-gb-0002,Windows-Server-2019,38.43,785,4096,19.17,4533.58,1065.45,43.35,818.86,4508.15,0,116,47812,0,
2026-03-24T10:46:00+00:00,ATM-GB-0003,host-atm-gb-0003,Windows-Server-2019,14.44,1456,4096,35.55,3514.94,1830.26,24.3,8229.49,607.73,0,106,12091,0,
2026-03-24T10:46:00+00:00,ATM-GB-0004,host-atm-gb-0004,Windows-Server-2019,21.93,695,4096,16.97,3606.99,711.08,177.73,1747.83,2479.63,0,94,4209,0,
2026-03-24T10:47:00+00:00,ATM-GB-0001,host-atm-gb-0001,Windows-Server-2019,15.96,1025,4096,25.02,1576.38,2100.85,75.34,6154.22,5351.99,0,104,16992,0,
2026-03-24T10:47:00+00:00,ATM-GB-0002,host-atm-gb-0002,Windows-Server-2019,16.49,820,4096,20.02,4609.94,1644.42,115.12,2714.02,4639.41,0,96,63356,0,
2026-03-24T10:47:00+00:00,ATM-GB-0003,host-atm-gb-0003,Windows-Server-2019,21.54,801,4096,19.56,181.88,2783.4,85.15,3770.24,6444.14,0,88,30033,0,
2026-03-24T10:47:00+00:00,ATM-GB-0004,host-atm-gb-0004,Windows-Server-2019,20.83,894,4096,21.83,4959.86,2773.54,63.53,3290.6,147.72,0,105,64774,0,
2026-03-24T10:48:00+00:00,ATM-GB-0001,host-atm-gb-0001,Windows-Server-2019,19.08,1171,4096,28.59,410.11,4193.58,189.55,5486.22,393.15,0,82,34703,0,
2026-03-24T10:48:00+00:00,ATM-GB-0002,host-atm-gb-0002,Windows-Server-2019,22.16,758,4096,18.51,1184.93,2062.61,14.54,4398.74,9629.3,0,119,82869,0,
2026-03-24T10:48:00+00:00,ATM-GB-0003,host-atm-gb-0003,Windows-Server-2019,13.95,860,4096,21.0,2781.14,1121.29,11.61,6830.76,6638.87,0,90,10078,0,
2026-03-24T10:48:00+00:00,ATM-GB-0004,host-atm-gb-0004,Windows-Server-2019,10.16,1087,4096,26.54,2395.15,4194.4,86.76,9570.83,8895.36,0,116,16897,0,
2026-03-24T10:49:00+00:00,ATM-GB-0001,host-atm-gb-0001,Windows-Server-2019,11.82,1223,4096,29.86,3818.69,2616.97,63.45,1100.64,2852.72,0,118,20767,0,
2026-03-24T10:49:00+00:00,ATM-GB-0002,host-atm-gb-0002,Windows-Server-2019,34.12,668,4096,16.31,3572.44,3532.91,138.96,3598.21,8829.73,0,96,44423,0,
2026-03-24T10:49:00+00:00,ATM-GB-0003,host-atm-gb-0003,Windows-Server-2019,27.0,846,4096,20.65,379.98,136.52,43.3,4077.77,5405.16,0,101,42275,0,
2026-03-24T10:49:00+00:00,ATM-GB-0004,host-atm-gb-0004,Windows-Server-2019,28.05,867,4096,21.17,2822.57,735.15,62.92,8619.46,540.71,0,80,47188,0,
2026-03-24T10:50:00+00:00,ATM-GB-0001,host-atm-gb-0001,Windows-Server-2019,5.56,941,4096,22.97,4594.66,4426.4,72.76,2067.14,4375.54,0,107,33749,0,
2026-03-24T10:50:00+00:00,ATM-GB-0002,host-atm-gb-0002,Windows-Server-2019,20.24,1456,4096,35.55,2416.42,3449.42,89.23,8164.54,608.08,0,106,51522,0,
2026-03-24T10:50:00+00:00,ATM-GB-0003,host-atm-gb-0003,Windows-Server-2019,36.29,1054,4096,25.73,3220.09,4399.53,49.66,2926.96,8001.3,0,116,42730,0,
2026-03-24T10:50:00+00:00,ATM-GB-0004,host-atm-gb-0004,Windows-Server-2019,19.64,1092,4096,26.66,4724.43,1318.41,183.44,331.0,4325.25,0,111,5065,0,
2026-03-24T10:51:00+00:00,ATM-GB-0001,host-atm-gb-0001,Windows-Server-2019,25.58,1453,4096,35.47,4961.5,3084.84,35.69,6566.23,8463.3,0,80,78854,0,
2026-03-24T10:51:00+00:00,ATM-GB-0002,host-atm-gb-0002,Windows-Server-2019,27.04,1412,4096,34.47,2083.78,3540.14,196.7,6099.31,7798.83,0,99,32266,0,
2026-03-24T10:51:00+00:00,ATM-GB-0003,host-atm-gb-0003,Windows-Server-2019,12.84,579,4096,14.14,830.27,4322.93,149.76,4162.94,9306.2,0,89,60049,0,
2026-03-24T10:51:00+00:00,ATM-GB-0004,host-atm-gb-0004,Windows-Server-2019,34.79,1117,4096,27.27,3999.71,179.88,85.16,4119.95,4421.15,0,98,74214,0,
2026-03-24T10:52:00+00:00,ATM-GB-0001,host-atm-gb-0001,Windows-Server-2019,14.08,669,4096,16.33,1588.43,3899.78,174.17,9080.07,463.86,0,104,78872,0,
2026-03-24T10:52:00+00:00,ATM-GB-0002,host-atm-gb-0002,Windows-Server-2019,23.3,690,4096,16.85,755.04,2216.11,142.31,1114.69,7567.31,0,89,22026,0,
2026-03-24T10:52:00+00:00,ATM-GB-0003,host-atm-gb-0003,Windows-Server-2019,36.37,1284,4096,31.35,4602.43,2224.7,53.25,7100.22,3066.4,0,114,65673,0,
2026-03-24T10:52:00+00:00,ATM-GB-0004,host-atm-gb-0004,Windows-Server-2019,15.4,1342,4096,32.76,3523.27,376.27,195.67,5722.38,7466.44,0,90,78767,0,
2026-03-24T10:53:00+00:00,ATM-GB-0001,host-atm-gb-0001,Windows-Server-2019,6.53,504,4096,12.3,3766.69,2737.13,135.93,7489.02,3890.11,0,116,51631,0,
2026-03-24T10:53:00+00:00,ATM-GB-0002,host-atm-gb-0002,Windows-Server-2019,14.36,1319,4096,32.2,1940.03,1175.16,103.29,3905.16,428.21,0,83,6182,0,
2026-03-24T10:53:00+00:00,ATM-GB-0003,host-atm-gb-0003,Windows-Server-2019,9.59,835,4096,20.39,4830.45,1547.04,92.29,7030.84,3001.15,0,103,66108,0,
2026-03-24T10:53:00+00:00,ATM-GB-0004,host-atm-gb-0004,Windows-Server-2019,21.54,1144,4096,27.93,4663.54,1488.74,163.24,400.62,9810.07,0,98,10716,0,
2026-03-24T10:54:00+00:00,ATM-GB-0001,host-atm-gb-0001,Windows-Server-2019,14.3,970,4096,23.68,4256.08,1360.13,18.2,5911.14,8354.29,0,91,9478,0,
2026-03-24T10:54:00+00:00,ATM-GB-0002,host-atm-gb-0002,Windows-Server-2019,32.88,1041,4096,25.42,2070.97,4766.16,87.21,6786.6,2556.35,0,89,24753,0,
2026-03-24T10:54:00+00:00,ATM-GB-0003,host-atm-gb-0003,Windows-Server-2019,14.58,749,4096,18.29,3103.15,4971.27,194.01,6829.88,2584.05,0,95,58158,0,
2026-03-24T10:54:00+00:00,ATM-GB-0004,host-atm-gb-0004,Windows-Server-2019,39.62,986,4096,24.07,532.67,1267.18,47.62,9506.89,5522.3,0,82,85340,0,
2026-03-24T10:55:00+00:00,ATM-GB-0001,host-atm-gb-0001,Windows-Server-2019,11.4,719,4096,17.55,4484.85,2157.86,136.55,3371.57,4441.44,0,88,55804,0,
2026-03-24T10:55:00+00:00,ATM-GB-0002,host-atm-gb-0002,Windows-Server-2019,37.5,791,4096,19.31,2985.95,4689.95,159.86,5864.58,8425.19,0,119,33326,0,
2026-03-24T10:55:00+00:00,ATM-GB-0003,host-atm-gb-0003,Windows-Server-2019,26.83,620,4096,15.14,4923.04,562.72,178.06,7503.44,1259.95,0,107,57768,0,
2026-03-24T10:55:00+00:00,ATM-GB-0004,host-atm-gb-0004,Windows-Server-2019,38.28,450,4096,10.99,1688.52,4571.66,65.15,1318.71,9469.67,0,112,34722,0,
2026-03-24T10:56:00+00:00,ATM-GB-0001,host-atm-gb-0001,Windows-Server-2019,9.57,1247,4096,30.44,4750.97,4189.07,11.68,4260.18,3880.87,0,84,20027,0,
2026-03-24T10:56:00+00:00,ATM-GB-0002,host-atm-gb-0002,Windows-Server-2019,34.25,1146,4096,27.98,3571.37,1036.49,197.63,1109.28,2740.43,0,85,68814,0,
2026-03-24T10:56:00+00:00,ATM-GB-0003,host-atm-gb-0003,Windows-Server-2019,25.47,976,4096,23.83,2315.68,1104.47,48.67,3213.01,7878.8,0,111,29894,0,
2026-03-24T10:56:00+00:00,ATM-GB-0004,host-atm-gb-0004,Windows-Server-2019,39.37,647,4096,15.8,4152.35,870.02,10.45,8375.61,5779.66,0,83,35534,0,
2026-03-24T10:57:00+00:00,ATM-GB-0001,host-atm-gb-0001,Windows-Server-2019,21.23,975,4096,23.8,4491.6,2806.39,99.62,5184.33,7371.92,0,95,22545,0,
2026-03-24T10:57:00+00:00,ATM-GB-0002,host-atm-gb-0002,Windows-Server-2019,24.42,748,4096,18.26,3350.05,4777.57,179.24,3238.56,2160.33,0,101,75547,0,
2026-03-24T10:57:00+00:00,ATM-GB-0003,host-atm-gb-0003,Windows-Server-2019,20.63,1150,4096,28.08,3115.43,4950.71,169.24,2012.85,2452.04,0,88,42618,0,
2026-03-24T10:57:00+00:00,ATM-GB-0004,host-atm-gb-0004,Windows-Server-2019,22.81,1190,4096,29.05,3104.64,3526.17,113.3,343.1,4559.91,0,116,70327,0,
2026-03-24T10:58:00+00:00,ATM-GB-0001,host-atm-gb-0001,Windows-Server-2019,34.95,710,4096,17.33,3594.65,4042.47,182.01,1015.85,8550.48,0,97,80234,0,
2026-03-24T10:58:00+00:00,ATM-GB-0002,host-atm-gb-0002,Windows-Server-2019,15.01,1173,4096,28.64,907.46,951.5,179.34,4320.63,5809.69,0,113,35052,0,
2026-03-24T10:58:00+00:00,ATM-GB-0003,host-atm-gb-0003,Windows-Server-2019,30.98,1121,4096,27.37,1801.3,1345.1,196.81,4115.87,2456.03,0,120,54668,0,
2026-03-24T10:58:00+00:00,ATM-GB-0004,host-atm-gb-0004,Windows-Server-2019,25.34,570,4096,13.92,2684.0,2333.51,71.37,8734.64,6207.1,0,82,49634,0,
2026-03-24T10:59:00+00:00,ATM-GB-0001,host-atm-gb-0001,Windows-Server-2019,9.61,481,4096,11.74,1423.21,3692.35,155.86,7397.75,5789.61,0,86,35330,0,
2026-03-24T10:59:00+00:00,ATM-GB-0002,host-atm-gb-0002,Windows-Server-2019,38.46,755,4096,18.43,2603.18,401.86,47.57,8613.62,2905.11,0,103,44650,0,
2026-03-24T10:59:00+00:00,ATM-GB-0003,host-atm-gb-0003,Windows-Server-2019,14.88,1429,4096,34.89,3133.63,2036.53,180.38,7197.91,1591.78,0,87,50141,0,
2026-03-24T10:59:00+00:00,ATM-GB-0004,host-atm-gb-0004,Windows-Server-2019,36.72,635,4096,15.5,1226.56,1213.92,169.41,8656.26,943.91,0,115,80693,0,
2026-03-24T11:00:00+00:00,ATM-GB-0001,host-atm-gb-0001,Windows-Server-2019,30.04,1231,4096,30.05,3614.4,1073.37,55.8,9680.11,9513.01,0,87,66623,0,
2026-03-24T11:00:00+00:00,ATM-GB-0002,host-atm-gb-0002,Windows-Server-2019,19.16,551,4096,13.45,4788.21,2248.8,51.82,6496.04,2665.09,0,111,7359,0,
2026-03-24T11:00:00+00:00,ATM-GB-0003,host-atm-gb-0003,Windows-Server-2019,25.97,1455,4096,35.52,4153.73,869.81,105.06,2794.96,8677.42,0,100,75984,0,
2026-03-24T11:00:00+00:00,ATM-GB-0004,host-atm-gb-0004,Windows-Server-2019,29.34,877,4096,21.41,1874.49,934.48,199.37,7357.93,992.19,0,83,52190,0,
2026-03-24T11:01:00+00:00,ATM-GB-0001,host-atm-gb-0001,Windows-Server-2019,7.72,1405,4096,34.3,3684.51,3015.6,137.59,8390.01,818.16,0,88,4889,0,
2026-03-24T11:01:00+00:00,ATM-GB-0002,host-atm-gb-0002,Windows-Server-2019,7.03,955,4096,23.32,2182.07,4308.95,117.96,1569.8,8759.45,0,107,7846,0,
2026-03-24T11:01:00+00:00,ATM-GB-0003,host-atm-gb-0003,Windows-Server-2019,12.75,582,4096,14.21,3688.66,1025.63,145.36,3309.07,6212.4,0,92,46798,0,
2026-03-24T11:01:00+00:00,ATM-GB-0004,host-atm-gb-0004,Windows-Server-2019,27.41,1410,4096,34.42,1672.19,3048.29,126.56,4.81,5236.04,0,92,18341,0,
2026-03-24T11:02:00+00:00,ATM-GB-0001,host-atm-gb-0001,Windows-Server-2019,39.93,1287,4096,31.42,4396.38,803.17,127.55,6534.76,3725.23,0,91,33632,0,
2026-03-24T11:02:00+00:00,ATM-GB-0002,host-atm-gb-0002,Windows-Server-2019,27.99,432,4096,10.55,623.32,4567.24,58.52,7546.35,9326.19,0,93,41238,0,
2026-03-24T11:02:00+00:00,ATM-GB-0003,host-atm-gb-0003,Windows-Server-2019,16.97,614,4096,14.99,1496.35,828.02,180.33,7523.09,9217.52,0,120,4816,0,
2026-03-24T11:02:00+00:00,ATM-GB-0004,host-atm-gb-0004,Windows-Server-2019,9.47,1329,4096,32.45,1753.34,4010.6,11.56,7281.02,8748.41,0,94,68113,0,
2026-03-24T11:03:00+00:00,ATM-GB-0001,host-atm-gb-0001,Windows-Server-2019,17.01,1020,4096,24.9,3702.59,1046.1,18.76,4355.77,1391.84,0,102,65701,0,
2026-03-24T11:03:00+00:00,ATM-GB-0002,host-atm-gb-0002,Windows-Server-2019,12.48,1082,4096,26.42,4242.31,4880.17,59.79,8452.02,1719.05,0,97,61511,0,
2026-03-24T11:03:00+00:00,ATM-GB-0003,host-atm-gb-0003,Windows-Server-2019,30.65,1356,4096,33.11,2613.78,3677.15,115.78,8499.62,4680.68,0,94,5600,0,
2026-03-24T11:03:00+00:00,ATM-GB-0004,host-atm-gb-0004,Windows-Server-2019,39.16,605,4096,14.77,4924.03,4535.58,95.1,6487.0,4865.16,0,92,73065,0,
2026-03-24T11:04:00+00:00,ATM-GB-0001,host-atm-gb-0001,Windows-Server-2019,6.93,699,4096,17.07,2306.7,2721.11,92.85,6494.45,8217.44,0,113,70588,0,
2026-03-24T11:04:00+00:00,ATM-GB-0002,host-atm-gb-0002,Windows-Server-2019,10.59,971,4096,23.71,2246.44,3047.56,61.71,7338.74,4171.76,0,104,71625,0,
2026-03-24T11:04:00+00:00,ATM-GB-0003,host-atm-gb-0003,Windows-Server-2019,35.76,754,4096,18.41,683.61,2682.41,82.99,3858.19,9457.18,0,84,11721,0,
2026-03-24T11:04:00+00:00,ATM-GB-0004,host-atm-gb-0004,Windows-Server-2019,31.47,992,4096,24.22,383.2,388.69,136.62,9342.5,6469.33,0,82,74301,0,
2026-03-24T11:05:00+00:00,ATM-GB-0001,host-atm-gb-0001,Windows-Server-2019,34.63,710,4096,17.33,4118.12,1550.97,100.31,5967.78,693.62,0,97,41975,0,
2026-03-24T11:05:00+00:00,ATM-GB-0002,host-atm-gb-0002,Windows-Server-2019,19.41,585,4096,14.28,860.75,2351.07,69.59,6658.45,1621.6,0,98,47573,0,
2026-03-24T11:05:00+00:00,ATM-GB-0003,host-atm-gb-0003,Windows-Server-2019,25.33,868,4096,21.19,152.79,781.61,192.64,9967.42,4440.91,0,112,65098,0,
2026-03-24T11:05:00+00:00,ATM-GB-0004,host-atm-gb-0004,Windows-Server-2019,38.71,693,4096,16.92,396.09,4404.16,160.16,5986.58,1375.1,0,111,9299,0,
2026-03-24T11:06:00+00:00,ATM-GB-0001,host-atm-gb-0001,Windows-Server-2019,38.84,730,4096,17.82,4312.14,2081.6,49.43,6784.73,4935.05,0,98,59248,0,
2026-03-24T11:06:00+00:00,ATM-GB-0002,host-atm-gb-0002,Windows-Server-2019,28.97,1056,4096,25.78,4537.69,1233.6,61.46,6754.8,9529.41,0,117,66516,0,
2026-03-24T11:06:00+00:00,ATM-GB-0003,host-atm-gb-0003,Windows-Server-2019,26.91,742,4096,18.12,4275.8,15.24,179.81,674.9,4533.85,0,92,41321,0,
2026-03-24T11:06:00+00:00,ATM-GB-0004,host-atm-gb-0004,Windows-Server-2019,14.02,1039,4096,25.37,2885.17,2998.81,90.66,3883.01,7289.51,0,103,86045,0,
2026-03-24T11:07:00+00:00,ATM-GB-0001,host-atm-gb-0001,Windows-Server-2019,24.74,603,4096,14.72,2857.61,1535.43,131.56,5307.23,8749.65,0,103,9723,0,
2026-03-24T11:07:00+00:00,ATM-GB-0002,host-atm-gb-0002,Windows-Server-2019,22.07,1307,4096,31.91,4927.25,1855.62,107.83,3784.32,489.68,0,93,28004,0,
2026-03-24T11:07:00+00:00,ATM-GB-0003,host-atm-gb-0003,Windows-Server-2019,5.86,1497,4096,36.55,43.25,1862.39,101.01,9848.21,8027.1,0,92,61463,0,
2026-03-24T11:07:00+00:00,ATM-GB-0004,host-atm-gb-0004,Windows-Server-2019,24.69,1229,4096,30.0,707.81,2709.18,36.06,1613.49,4267.83,0,105,18682,0,
2026-03-24T11:08:00+00:00,ATM-GB-0001,host-atm-gb-0001,Windows-Server-2019,9.93,826,4096,20.17,1949.2,1524.88,144.54,9142.85,3297.58,0,107,44994,0,
2026-03-24T11:08:00+00:00,ATM-GB-0002,host-atm-gb-0002,Windows-Server-2019,37.16,1238,4096,30.22,332.38,3749.75,103.11,6727.07,5359.37,0,119,56715,0,
2026-03-24T11:08:00+00:00,ATM-GB-0003,host-atm-gb-0003,Windows-Server-2019,25.13,559,4096,13.65,68.55,3120.31,56.28,9994.8,5901.73,0,87,10540,0,
2026-03-24T11:08:00+00:00,ATM-GB-0004,host-atm-gb-0004,Windows-Server-2019,26.12,836,4096,20.41,4418.96,1805.87,18.88,6338.28,8131.58,0,84,10049,0,
2026-03-24T11:09:00+00:00,ATM-GB-0001,host-atm-gb-0001,Windows-Server-2019,36.2,1162,4096,28.37,833.88,2901.61,65.51,3227.31,5165.39,0,102,12110,0,
2026-03-24T11:09:00+00:00,ATM-GB-0002,host-atm-gb-0002,Windows-Server-2019,8.84,534,4096,13.04,3378.11,3660.93,64.2,4689.78,1773.91,0,116,46811,0,
2026-03-24T11:09:00+00:00,ATM-GB-0003,host-atm-gb-0003,Windows-Server-2019,13.87,1444,4096,35.25,2797.87,336.72,130.51,8896.72,4886.68,0,99,54145,0,
2026-03-24T11:09:00+00:00,ATM-GB-0004,host-atm-gb-0004,Windows-Server-2019,23.62,754,4096,18.41,4883.2,510.84,54.18,7315.95,1569.17,0,109,16329,0,
2026-03-24T11:10:00+00:00,ATM-GB-0001,host-atm-gb-0001,Windows-Server-2019,15.97,411,4096,10.03,508.75,2589.58,171.97,5029.03,3464.26,0,107,33569,0,
2026-03-24T11:10:00+00:00,ATM-GB-0002,host-atm-gb-0002,Windows-Server-2019,24.32,844,4096,20.61,2825.95,879.98,152.04,3747.48,3590.14,0,80,34026,0,
2026-03-24T11:10:00+00:00,ATM-GB-0003,host-atm-gb-0003,Windows-Server-2019,14.67,1294,4096,31.59,16.84,1992.99,158.2,112.12,5510.77,0,103,40909,0,
2026-03-24T11:10:00+00:00,ATM-GB-0004,host-atm-gb-0004,Windows-Server-2019,21.51,573,4096,13.99,4057.23,4417.65,179.75,5203.87,9355.93,0,84,41419,0,
2026-03-24T11:11:00+00:00,ATM-GB-0001,host-atm-gb-0001,Windows-Server-2019,18.53,743,4096,18.14,3794.96,1488.59,124.23,5457.19,1260.03,0,85,7094,0,
2026-03-24T11:11:00+00:00,ATM-GB-0002,host-atm-gb-0002,Windows-Server-2019,17.45,1433,4096,34.99,3858.4,1750.46,112.11,9184.23,9278.97,0,117,81537,0,
2026-03-24T11:11:00+00:00,ATM-GB-0003,host-atm-gb-0003,Windows-Server-2019,23.89,604,4096,14.75,2372.37,1879.86,91.22,3384.66,6836.69,0,85,69720,0,
2026-03-24T11:11:00+00:00,ATM-GB-0004,host-atm-gb-0004,Windows-Server-2019,34.64,869,4096,21.22,402.67,3228.53,112.93,1391.95,3702.59,0,113,50900,0,
2026-03-24T11:12:00+00:00,ATM-GB-0001,host-atm-gb-0001,Windows-Server-2019,30.44,1122,4096,27.39,2842.19,366.65,96.5,290.77,7466.2,0,87,83645,0,
2026-03-24T11:12:00+00:00,ATM-GB-0002,host-atm-gb-0002,Windows-Server-2019,19.13,1168,4096,28.52,3878.07,4443.01,107.27,6687.09,2457.0,0,88,19039,0,
2026-03-24T11:12:00+00:00,ATM-GB-0003,host-atm-gb-0003,Windows-Server-2019,9.73,682,4096,16.65,2992.93,1498.8,42.95,4387.22,2726.01,0,120,67161,0,
2026-03-24T11:12:00+00:00,ATM-GB-0004,host-atm-gb-0004,Windows-Server-2019,18.33,877,4096,21.41,420.64,3606.07,155.13,2662.55,8105.54,0,99,70872,0,
2026-03-24T11:13:00+00:00,ATM-GB-0001,host-atm-gb-0001,Windows-Server-2019,25.8,945,4096,23.07,2219.66,4184.03,79.33,5792.55,6198.65,0,114,46616,0,
2026-03-24T11:13:00+00:00,ATM-GB-0002,host-atm-gb-0002,Windows-Server-2019,37.15,769,4096,18.77,2504.59,4935.37,82.0,911.18,601.39,0,106,16956,0,
2026-03-24T11:13:00+00:00,ATM-GB-0003,host-atm-gb-0003,Windows-Server-2019,32.41,1157,4096,28.25,5.85,4047.86,95.51,2452.82,3285.51,0,104,49978,0,
2026-03-24T11:13:00+00:00,ATM-GB-0004,host-atm-gb-0004,Windows-Server-2019,20.96,1381,4096,33.72,3866.71,1820.6,60.97,9075.8,2284.23,0,100,55534,0,
2026-03-24T11:14:00+00:00,ATM-GB-0001,host-atm-gb-0001,Windows-Server-2019,21.98,1438,4096,35.11,1276.79,3284.34,165.23,4848.67,5521.85,0,120,31137,0,
2026-03-24T11:14:00+00:00,ATM-GB-0002,host-atm-gb-0002,Windows-Server-2019,11.64,1110,4096,27.1,3962.36,4613.41,168.06,7844.98,8279.04,0,119,69868,0,
2026-03-24T11:14:00+00:00,ATM-GB-0003,host-atm-gb-0003,Windows-Server-2019,16.53,1338,4096,32.67,2428.81,514.84,124.53,9144.38,7794.32,0,86,78411,0,
2026-03-24T11:14:00+00:00,ATM-GB-0004,host-atm-gb-0004,Windows-Server-2019,20.17,1161,4096,28.34,4310.8,4907.89,91.22,8495.5,7980.88,0,117,10835,0,
2026-03-24T11:15:00+00:00,ATM-GB-0001,host-atm-gb-0001,Windows-Server-2019,9.06,963,4096,23.51,2040.87,485.77,174.34,3130.72,4577.06,0,86,47066,0,
2026-03-24T11:15:00+00:00,ATM-GB-0002,host-atm-gb-0002,Windows-Server-2019,36.71,723,4096,17.65,724.58,1655.52,169.7,3376.69,3805.48,0,85,7012,0,
2026-03-24T11:15:00+00:00,ATM-GB-0003,host-atm-gb-0003,Windows-Server-2019,21.15,1489,4096,36.35,3485.44,4217.27,96.93,744.79,3683.43,0,83,71067,0,
2026-03-24T11:15:00+00:00,ATM-GB-0004,host-atm-gb-0004,Windows-Server-2019,16.91,721,4096,17.6,2526.71,4560.04,197.75,695.33,4686.68,0,91,26432,0,
2026-03-24T11:16:00+00:00,ATM-GB-0001,host-atm-gb-0001,Windows-Server-2019,17.86,1423,4096,34.74,3208.21,1792.49,126.79,1346.42,3968.0,0,86,36881,0,
2026-03-24T11:16:00+00:00,ATM-GB-0002,host-atm-gb-0002,Windows-Server-2019,28.81,1474,4096,35.99,4620.84,397.53,126.13,3868.38,877.46,0,116,49837,0,
2026-03-24T11:16:00+00:00,ATM-GB-0003,host-atm-gb-0003,Windows-Server-2019,28.15,672,4096,16.41,4940.61,2920.36,186.78,79.78,3506.45,0,80,47115,0,
2026-03-24T11:16:00+00:00,ATM-GB-0004,host-atm-gb-0004,Windows-Server-2019,7.85,598,4096,14.6,1428.31,1082.3,156.45,8405.05,377.02,0,113,26203,0,
2026-03-24T11:17:00+00:00,ATM-GB-0001,host-atm-gb-0001,Windows-Server-2019,8.36,984,4096,24.02,3786.54,35.42,102.12,3274.79,9438.37,0,98,59527,0,
2026-03-24T11:17:00+00:00,ATM-GB-0002,host-atm-gb-0002,Windows-Server-2019,19.48,1421,4096,34.69,4650.85,1687.26,90.48,5206.25,5592.25,0,109,57184,0,
2026-03-24T11:17:00+00:00,ATM-GB-0003,host-atm-gb-0003,Windows-Server-2019,26.33,1211,4096,29.57,2774.0,3977.34,173.65,3567.56,8943.49,0,117,29691,0,
2026-03-24T11:17:00+00:00,ATM-GB-0004,host-atm-gb-0004,Windows-Server-2019,37.41,1031,4096,25.17,654.31,2171.87,177.43,2046.26,8866.42,0,113,33743,0,
2026-03-24T11:18:00+00:00,ATM-GB-0001,host-atm-gb-0001,Windows-Server-2019,32.52,810,4096,19.78,1433.14,3836.55,183.8,4456.08,4842.74,0,86,72589,0,
2026-03-24T11:18:00+00:00,ATM-GB-0002,host-atm-gb-0002,Windows-Server-2019,28.38,1292,4096,31.54,3572.41,770.81,35.17,7338.74,7424.81,0,106,21498,0,
2026-03-24T11:18:00+00:00,ATM-GB-0003,host-atm-gb-0003,Windows-Server-2019,25.02,696,4096,16.99,4931.73,4912.16,99.33,2153.2,2830.32,0,110,36247,0,
2026-03-24T11:18:00+00:00,ATM-GB-0004,host-atm-gb-0004,Windows-Server-2019,13.25,894,4096,21.83,3841.42,2536.98,78.32,8456.13,9934.4,0,88,83135,0,
2026-03-24T11:19:00+00:00,ATM-GB-0001,host-atm-gb-0001,Windows-Server-2019,19.22,442,4096,10.79,3394.28,1548.01,31.91,1180.59,4592.62,0,111,82552,0,
2026-03-24T11:19:00+00:00,ATM-GB-0002,host-atm-gb-0002,Windows-Server-2019,35.61,708,4096,17.29,3808.05,2472.46,54.65,3129.24,8950.4,0,112,81415,0,
2026-03-24T11:19:00+00:00,ATM-GB-0003,host-atm-gb-0003,Windows-Server-2019,36.53,1111,4096,27.12,3816.36,3368.74,44.26,7813.51,7718.05,0,112,30044,0,
2026-03-24T11:19:00+00:00,ATM-GB-0004,host-atm-gb-0004,Windows-Server-2019,26.85,455,4096,11.11,3042.47,2524.35,148.22,4018.74,5383.93,0,108,69553,0,
2026-03-24T11:20:00+00:00,ATM-GB-0001,host-atm-gb-0001,Windows-Server-2019,31.83,844,4096,20.61,3491.72,407.07,43.44,5203.21,8902.8,0,81,31146,0,
2026-03-24T11:20:00+00:00,ATM-GB-0002,host-atm-gb-0002,Windows-Server-2019,20.97,1266,4096,30.91,3467.47,2036.59,143.15,8602.68,8926.61,0,84,44366,0,
2026-03-24T11:20:00+00:00,ATM-GB-0003,host-atm-gb-0003,Windows-Server-2019,27.56,1017,4096,24.83,2659.15,2471.0,36.69,7545.76,3917.14,0,110,73245,0,
2026-03-24T11:20:00+00:00,ATM-GB-0004,host-atm-gb-0004,Windows-Server-2019,36.36,477,4096,11.65,1774.97,1814.58,92.17,7086.28,1721.21,0,89,44516,0,
2026-03-24T11:21:00+00:00,ATM-GB-0001,host-atm-gb-0001,Windows-Server-2019,36.23,1061,4096,25.9,2760.03,2823.62,54.22,9451.61,8968.92,0,104,6978,0,
2026-03-24T11:21:00+00:00,ATM-GB-0002,host-atm-gb-0002,Windows-Server-2019,7.16,526,4096,12.84,724.86,1887.41,31.87,980.04,1463.22,0,84,10676,0,
2026-03-24T11:21:00+00:00,ATM-GB-0003,host-atm-gb-0003,Windows-Server-2019,8.41,596,4096,14.55,2354.2,4995.88,65.55,4123.69,9329.6,0,103,60910,0,
2026-03-24T11:21:00+00:00,ATM-GB-0004,host-atm-gb-0004,Windows-Server-2019,29.7,1270,4096,31.01,3783.85,85.2,90.02,4240.36,3188.49,0,102,70567,0,
2026-03-24T11:22:00+00:00,ATM-GB-0001,host-atm-gb-0001,Windows-Server-2019,24.95,762,4096,18.6,2166.65,1969.91,117.61,1882.21,1767.75,0,105,72914,0,
2026-03-24T11:22:00+00:00,ATM-GB-0002,host-atm-gb-0002,Windows-Server-2019,24.36,1401,4096,34.2,1604.08,1253.41,154.43,5620.44,8452.19,0,82,37476,0,
2026-03-24T11:22:00+00:00,ATM-GB-0003,host-atm-gb-0003,Windows-Server-2019,7.05,1251,4096,30.54,2212.89,2379.73,95.47,5519.63,9266.19,0,98,11691,0,
2026-03-24T11:22:00+00:00,ATM-GB-0004,host-atm-gb-0004,Windows-Server-2019,9.32,1389,4096,33.91,399.41,1335.15,191.4,691.02,6637.52,0,117,51485,0,
2026-03-24T11:23:00+00:00,ATM-GB-0001,host-atm-gb-0001,Windows-Server-2019,39.83,1362,4096,33.25,3902.03,1628.64,22.99,8309.03,118.64,0,97,20589,0,
2026-03-24T11:23:00+00:00,ATM-GB-0002,host-atm-gb-0002,Windows-Server-2019,14.52,1361,4096,33.23,2036.62,870.8,13.41,7037.32,7907.69,0,103,38033,0,
2026-03-24T11:23:00+00:00,ATM-GB-0003,host-atm-gb-0003,Windows-Server-2019,35.35,947,4096,23.12,3947.83,743.97,185.85,8677.7,7636.65,0,105,72668,0,
2026-03-24T11:23:00+00:00,ATM-GB-0004,host-atm-gb-0004,Windows-Server-2019,10.16,833,4096,20.34,98.18,4626.02,133.04,8378.79,4848.87,0,92,75664,0,
2026-03-24T11:24:00+00:00,ATM-GB-0001,host-atm-gb-0001,Windows-Server-2019,18.4,431,4096,10.52,1130.77,4814.69,120.91,3922.17,2071.13,0,98,85336,0,
2026-03-24T11:24:00+00:00,ATM-GB-0002,host-atm-gb-0002,Windows-Server-2019,24.09,1112,4096,27.15,3275.72,264.82,58.83,4730.65,8398.61,0,91,35381,0,
2026-03-24T11:24:00+00:00,ATM-GB-0003,host-atm-gb-0003,Windows-Server-2019,10.97,1209,4096,29.52,4702.83,2219.11,175.85,2417.87,9810.31,0,113,57558,0,
2026-03-24T11:24:00+00:00,ATM-GB-0004,host-atm-gb-0004,Windows-Server-2019,16.8,1062,4096,25.93,305.63,921.12,146.22,1617.78,1126.87,0,82,8723,0,
2026-03-24T11:25:00+00:00,ATM-GB-0001,host-atm-gb-0001,Windows-Server-2019,12.4,1090,4096,26.61,4769.75,4369.02,183.18,5154.87,7252.18,0,118,25328,0,
2026-03-24T11:25:00+00:00,ATM-GB-0002,host-atm-gb-0002,Windows-Server-2019,28.47,611,4096,14.92,522.09,4431.93,114.22,6697.83,8343.31,0,120,30478,0,
2026-03-24T11:25:00+00:00,ATM-GB-0003,host-atm-gb-0003,Windows-Server-2019,26.95,469,4096,11.45,4272.33,3589.11,184.8,1131.03,751.13,0,105,65339,0,
2026-03-24T11:25:00+00:00,ATM-GB-0004,host-atm-gb-0004,Windows-Server-2019,25.79,888,4096,21.68,4245.63,4614.84,125.65,4579.81,9533.18,0,117,57506,0,
2026-03-24T11:26:00+00:00,ATM-GB-0001,host-atm-gb-0001,Windows-Server-2019,39.91,1482,4096,36.18,3024.24,4918.77,14.02,4922.37,9627.99,0,104,12547,0,
2026-03-24T11:26:00+00:00,ATM-GB-0002,host-atm-gb-0002,Windows-Server-2019,15.61,917,4096,22.39,1209.65,1957.39,75.63,3444.51,5757.18,0,103,4482,0,
2026-03-24T11:26:00+00:00,ATM-GB-0003,host-atm-gb-0003,Windows-Server-2019,30.13,1345,4096,32.84,3379.32,70.89,30.57,2717.88,9406.47,0,104,73028,0,
2026-03-24T11:26:00+00:00,ATM-GB-0004,host-atm-gb-0004,Windows-Server-2019,38.92,809,4096,19.75,3939.53,1074.8,171.18,4660.83,8533.42,0,102,48521,0,
2026-03-24T11:27:00+00:00,ATM-GB-0001,host-atm-gb-0001,Windows-Server-2019,33.27,1128,4096,27.54,1548.13,1899.94,179.37,5948.49,9117.2,0,105,50859,0,
2026-03-24T11:27:00+00:00,ATM-GB-0002,host-atm-gb-0002,Windows-Server-2019,21.05,400,4096,9.77,3123.68,119.19,153.34,4280.78,8778.39,0,120,77436,0,
2026-03-24T11:27:00+00:00,ATM-GB-0003,host-atm-gb-0003,Windows-Server-2019,17.64,629,4096,15.36,1848.21,1377.06,70.75,9825.99,9748.22,0,107,68375,0,
2026-03-24T11:27:00+00:00,ATM-GB-0004,host-atm-gb-0004,Windows-Server-2019,25.22,945,4096,23.07,1608.33,4056.35,72.5,4770.75,5097.45,0,84,83699,0,
2026-03-24T11:28:00+00:00,ATM-GB-0001,host-atm-gb-0001,Windows-Server-2019,37.29,921,4096,22.49,343.88,4384.68,131.61,6608.99,6469.23,0,85,57259,0,
2026-03-24T11:28:00+00:00,ATM-GB-0002,host-atm-gb-0002,Windows-Server-2019,34.92,723,4096,17.65,265.78,1324.21,45.7,1634.44,6443.22,0,118,44531,0,
2026-03-24T11:28:00+00:00,ATM-GB-0003,host-atm-gb-0003,Windows-Server-2019,33.01,1428,4096,34.86,2751.46,3551.52,16.04,7714.83,5997.9,0,84,8609,0,
2026-03-24T11:28:00+00:00,ATM-GB-0004,host-atm-gb-0004,Windows-Server-2019,22.9,480,4096,11.72,1822.71,4836.8,47.17,8223.88,3468.45,0,110,53111,0,
2026-03-24T11:29:00+00:00,ATM-GB-0001,host-atm-gb-0001,Windows-Server-2019,34.63,943,4096,23.02,2704.71,1580.15,120.58,3023.64,3202.38,0,105,56604,0,
2026-03-24T11:29:00+00:00,ATM-GB-0002,host-atm-gb-0002,Windows-Server-2019,25.31,899,4096,21.95,3954.07,4213.01,25.65,713.06,1445.24,0,80,71811,0,
2026-03-24T11:29:00+00:00,ATM-GB-0003,host-atm-gb-0003,Windows-Server-2019,38.44,1402,4096,34.23,431.94,2358.33,149.76,2219.52,4862.07,0,112,43577,0,
2026-03-24T11:29:00+00:00,ATM-GB-0004,host-atm-gb-0004,Windows-Server-2019,5.3,916,4096,22.36,3645.52,1619.97,153.7,4078.61,6330.61,0,86,8716,0,
2026-03-24T11:30:00+00:00,ATM-GB-0001,host-atm-gb-0001,Windows-Server-2019,32.32,598,4096,14.6,1493.59,2846.58,88.31,1388.24,9854.66,0,110,83218,0,
2026-03-24T11:30:00+00:00,ATM-GB-0002,host-atm-gb-0002,Windows-Server-2019,34.55,829,4096,20.24,1302.45,1974.62,193.98,1645.77,2922.6,0,108,65097,0,
2026-03-24T11:30:00+00:00,ATM-GB-0003,host-atm-gb-0003,Windows-Server-2019,5.06,496,4096,12.11,2435.53,4614.42,171.22,2331.09,6048.29,0,93,64150,0,
2026-03-24T11:30:00+00:00,ATM-GB-0004,host-atm-gb-0004,Windows-Server-2019,29.98,489,4096,11.94,2368.27,2705.14,68.2,8216.36,7894.24,0,92,46933,0,
2026-03-24T11:31:00+00:00,ATM-GB-0001,host-atm-gb-0001,Windows-Server-2019,23.32,1345,4096,32.84,1490.38,3828.09,24.71,7756.36,4429.07,0,104,81776,0,
2026-03-24T11:31:00+00:00,ATM-GB-0002,host-atm-gb-0002,Windows-Server-2019,16.96,1166,4096,28.47,2898.31,3782.51,180.84,3487.11,8602.41,0,96,66308,0,
2026-03-24T11:31:00+00:00,ATM-GB-0003,host-atm-gb-0003,Windows-Server-2019,19.37,951,4096,23.22,4086.6,1552.51,161.61,3664.36,8658.81,0,116,46229,0,
2026-03-24T11:31:00+00:00,ATM-GB-0004,host-atm-gb-0004,Windows-Server-2019,12.95,536,4096,13.09,2543.58,1182.27,102.83,2916.69,7834.97,0,87,79427,0,
2026-03-24T11:32:00+00:00,ATM-GB-0001,host-atm-gb-0001,Windows-Server-2019,21.73,1186,4096,28.96,244.74,1431.04,154.85,7537.84,122.04,0,106,7675,0,
2026-03-24T11:32:00+00:00,ATM-GB-0002,host-atm-gb-0002,Windows-Server-2019,12.99,714,4096,17.43,2954.7,3733.74,167.32,7615.97,3658.96,0,95,53579,0,
2026-03-24T11:32:00+00:00,ATM-GB-0003,host-atm-gb-0003,Windows-Server-2019,24.99,549,4096,13.4,1016.16,4238.99,92.98,1352.47,2206.81,0,116,58721,0,
2026-03-24T11:32:00+00:00,ATM-GB-0004,host-atm-gb-0004,Windows-Server-2019,17.22,889,4096,21.7,4862.17,4548.68,48.88,5904.52,9999.48,0,118,12756,0,
2026-03-24T11:33:00+00:00,ATM-GB-0001,host-atm-gb-0001,Windows-Server-2019,5.04,1157,4096,28.25,1598.71,2999.26,146.28,263.82,5387.34,0,115,54880,0,
2026-03-24T11:33:00+00:00,ATM-GB-0002,host-atm-gb-0002,Windows-Server-2019,17.94,970,4096,23.68,3729.35,1464.38,134.64,7044.43,6355.12,0,90,28902,0,
2026-03-24T11:33:00+00:00,ATM-GB-0003,host-atm-gb-0003,Windows-Server-2019,19.13,1111,4096,27.12,3243.08,1788.4,22.7,280.07,3185.6,0,97,56976,0,
2026-03-24T11:33:00+00:00,ATM-GB-0004,host-atm-gb-0004,Windows-Server-2019,26.14,1486,4096,36.28,2837.04,3001.26,182.33,7677.88,7570.83,0,105,20852,0,
2026-03-24T11:34:00+00:00,ATM-GB-0001,host-atm-gb-0001,Windows-Server-2019,5.47,834,4096,20.36,3581.93,2895.87,155.55,8033.76,2555.53,0,90,40652,0,
2026-03-24T11:34:00+00:00,ATM-GB-0002,host-atm-gb-0002,Windows-Server-2019,33.24,830,4096,20.26,3681.86,303.5,46.01,5926.54,3199.17,0,83,23027,0,
2026-03-24T11:34:00+00:00,ATM-GB-0003,host-atm-gb-0003,Windows-Server-2019,33.31,1490,4096,36.38,4333.55,3891.56,78.98,4647.29,1877.04,0,95,56859,0,
2026-03-24T11:34:00+00:00,ATM-GB-0004,host-atm-gb-0004,Windows-Server-2019,36.49,1472,4096,35.94,202.41,277.1,144.8,8218.45,9282.16,0,99,38525,0,
2026-03-24T11:35:00+00:00,ATM-GB-0001,host-atm-gb-0001,Windows-Server-2019,23.31,993,4096,24.24,2397.44,3306.48,129.91,4428.9,5415.91,0,120,25713,0,
2026-03-24T11:35:00+00:00,ATM-GB-0002,host-atm-gb-0002,Windows-Server-2019,39.71,1165,4096,28.44,4751.9,4628.08,99.39,4093.69,5647.81,0,103,51270,0,
2026-03-24T11:35:00+00:00,ATM-GB-0003,host-atm-gb-0003,Windows-Server-2019,13.78,1053,4096,25.71,2498.12,2688.43,10.15,3435.0,8305.89,0,87,5067,0,
2026-03-24T11:35:00+00:00,ATM-GB-0004,host-atm-gb-0004,Windows-Server-2019,36.57,417,4096,10.18,2701.3,4946.34,141.43,5365.11,6308.81,0,84,51690,0,
2026-03-24T11:36:00+00:00,ATM-GB-0001,host-atm-gb-0001,Windows-Server-2019,14.02,985,4096,24.05,62.02,1195.49,23.75,5650.79,7019.85,0,102,56676,0,
2026-03-24T11:36:00+00:00,ATM-GB-0002,host-atm-gb-0002,Windows-Server-2019,39.74,567,4096,13.84,1599.02,767.74,111.22,377.52,7194.5,0,109,64480,0,
2026-03-24T11:36:00+00:00,ATM-GB-0003,host-atm-gb-0003,Windows-Server-2019,11.85,1323,4096,32.3,3244.82,1568.95,55.22,5890.02,6592.51,0,99,36718,0,
2026-03-24T11:36:00+00:00,ATM-GB-0004,host-atm-gb-0004,Windows-Server-2019,29.0,807,4096,19.7,972.88,3445.53,123.95,9389.19,207.51,0,107,34199,0,
2026-03-24T11:37:00+00:00,ATM-GB-0001,host-atm-gb-0001,Windows-Server-2019,23.85,1288,4096,31.45,699.37,3123.34,171.28,2245.57,1987.0,0,105,81280,0,
2026-03-24T11:37:00+00:00,ATM-GB-0002,host-atm-gb-0002,Windows-Server-2019,7.33,1214,4096,29.64,1395.95,2516.96,151.39,7697.21,4825.74,0,119,79858,0,
2026-03-24T11:37:00+00:00,ATM-GB-0003,host-atm-gb-0003,Windows-Server-2019,23.36,642,4096,15.67,1955.47,2219.04,199.1,5978.5,1569.42,0,91,9516,0,
2026-03-24T11:37:00+00:00,ATM-GB-0004,host-atm-gb-0004,Windows-Server-2019,25.39,1417,4096,34.59,1470.38,4038.79,143.04,7765.45,851.83,0,96,39903,0,
2026-03-24T11:38:00+00:00,ATM-GB-0001,host-atm-gb-0001,Windows-Server-2019,28.45,858,4096,20.95,1275.78,2949.66,105.41,5064.45,2715.49,0,95,80727,0,
2026-03-24T11:38:00+00:00,ATM-GB-0002,host-atm-gb-0002,Windows-Server-2019,28.54,688,4096,16.8,3394.5,3102.03,28.47,9997.21,1828.24,0,83,73938,0,
2026-03-24T11:38:00+00:00,ATM-GB-0003,host-atm-gb-0003,Windows-Server-2019,10.23,1474,4096,35.99,3142.49,592.99,10.18,3429.94,8398.23,0,111,60957,0,
2026-03-24T11:38:00+00:00,ATM-GB-0004,host-atm-gb-0004,Windows-Server-2019,34.85,439,4096,10.72,3860.45,365.71,58.52,699.4,1701.81,0,82,68564,0,
2026-03-24T11:39:00+00:00,ATM-GB-0001,host-atm-gb-0001,Windows-Server-2019,18.03,987,4096,24.1,1569.94,570.66,109.62,6335.57,6853.18,0,84,7833,0,
2026-03-24T11:39:00+00:00,ATM-GB-0002,host-atm-gb-0002,Windows-Server-2019,23.95,906,4096,22.12,3521.06,3143.43,20.11,1429.98,3641.0,0,117,36594,0,
2026-03-24T11:39:00+00:00,ATM-GB-0003,host-atm-gb-0003,Windows-Server-2019,8.93,679,4096,16.58,1966.67,4347.94,153.96,2413.75,1332.5,0,80,45000,0,
2026-03-24T11:39:00+00:00,ATM-GB-0004,host-atm-gb-0004,Windows-Server-2019,14.45,1253,4096,30.59,1853.68,4667.68,23.4,3706.97,8940.06,0,82,46978,0,
2026-03-24T11:40:00+00:00,ATM-GB-0001,host-atm-gb-0001,Windows-Server-2019,29.81,1071,4096,26.15,4343.81,1688.76,162.81,6282.51,4143.09,0,80,64685,0,
2026-03-24T11:40:00+00:00,ATM-GB-0002,host-atm-gb-0002,Windows-Server-2019,16.99,878,4096,21.44,3867.21,3110.42,194.52,2389.73,514.19,0,99,79142,0,
2026-03-24T11:40:00+00:00,ATM-GB-0003,host-atm-gb-0003,Windows-Server-2019,27.19,480,4096,11.72,4567.03,3961.92,29.09,4252.2,705.52,0,95,10442,0,
2026-03-24T11:40:00+00:00,ATM-GB-0004,host-atm-gb-0004,Windows-Server-2019,26.34,739,4096,18.04,158.64,3457.74,156.48,4983.11,789.78,0,108,58926,0,
2026-03-24T11:41:00+00:00,ATM-GB-0001,host-atm-gb-0001,Windows-Server-2019,24.56,461,4096,11.25,2272.07,4481.93,88.02,4918.21,1769.93,0,112,72677,0,
2026-03-24T11:41:00+00:00,ATM-GB-0002,host-atm-gb-0002,Windows-Server-2019,10.4,1193,4096,29.13,3096.08,4987.61,127.32,6877.07,2050.64,0,107,23651,0,
2026-03-24T11:41:00+00:00,ATM-GB-0003,host-atm-gb-0003,Windows-Server-2019,20.0,822,4096,20.07,1154.63,439.7,140.59,8173.9,9914.85,0,106,62455,0,
2026-03-24T11:41:00+00:00,ATM-GB-0004,host-atm-gb-0004,Windows-Server-2019,27.69,1447,4096,35.33,3144.89,3493.6,12.8,2650.15,128.77,0,90,11016,0,
2026-03-24T11:42:00+00:00,ATM-GB-0001,host-atm-gb-0001,Windows-Server-2019,11.7,498,4096,12.16,3121.86,2501.04,178.82,1044.73,3722.15,0,96,29804,0,
2026-03-24T11:42:00+00:00,ATM-GB-0002,host-atm-gb-0002,Windows-Server-2019,6.73,812,4096,19.82,624.94,3199.35,89.99,6299.76,4205.21,0,89,79834,0,
2026-03-24T11:42:00+00:00,ATM-GB-0003,host-atm-gb-0003,Windows-Server-2019,22.29,602,4096,14.7,3653.94,396.3,159.61,1017.04,9437.68,0,85,7642,0,
2026-03-24T11:42:00+00:00,ATM-GB-0004,host-atm-gb-0004,Windows-Server-2019,17.89,418,4096,10.21,4386.5,3060.27,190.68,9916.13,7794.06,0,103,47331,0,
2026-03-24T11:43:00+00:00,ATM-GB-0001,host-atm-gb-0001,Windows-Server-2019,38.48,500,4096,12.21,205.16,844.8,193.15,8571.92,8267.3,0,98,53607,0,
2026-03-24T11:43:00+00:00,ATM-GB-0002,host-atm-gb-0002,Windows-Server-2019,31.49,1456,4096,35.55,130.52,1589.73,177.6,7377.16,1708.33,0,89,4174,0,
2026-03-24T11:43:00+00:00,ATM-GB-0003,host-atm-gb-0003,Windows-Server-2019,34.04,1487,4096,36.3,1469.7,3651.98,179.15,1998.1,4081.26,0,120,72070,0,
2026-03-24T11:43:00+00:00,ATM-GB-0004,host-atm-gb-0004,Windows-Server-2019,30.7,775,4096,18.92,3607.51,1385.42,93.45,9845.63,8107.54,0,88,41377,0,
2026-03-24T11:44:00+00:00,ATM-GB-0001,host-atm-gb-0001,Windows-Server-2019,28.93,851,4096,20.78,3844.18,2032.85,55.16,2479.71,9188.62,0,90,85695,0,
2026-03-24T11:44:00+00:00,ATM-GB-0002,host-atm-gb-0002,Windows-Server-2019,25.74,1091,4096,26.64,3168.43,545.04,123.19,4874.36,6031.33,0,106,43138,0,
2026-03-24T11:44:00+00:00,ATM-GB-0003,host-atm-gb-0003,Windows-Server-2019,39.95,423,4096,10.33,3321.0,4342.45,54.38,7408.12,6454.97,0,117,64075,0,
2026-03-24T11:44:00+00:00,ATM-GB-0004,host-atm-gb-0004,Windows-Server-2019,12.81,1452,4096,35.45,4596.23,2206.97,101.24,7745.86,420.14,0,90,65977,0,
2026-03-24T11:45:00+00:00,ATM-GB-0001,host-atm-gb-0001,Windows-Server-2019,34.8,1030,4096,25.15,3726.36,1175.65,90.15,8081.13,4484.64,0,119,16639,0,
2026-03-24T11:45:00+00:00,ATM-GB-0002,host-atm-gb-0002,Windows-Server-2019,14.71,1443,4096,35.23,4718.45,3469.34,164.52,6647.68,137.41,0,110,66384,0,
2026-03-24T11:45:00+00:00,ATM-GB-0003,host-atm-gb-0003,Windows-Server-2019,7.83,1382,4096,33.74,876.19,284.82,189.1,8431.84,7680.3,0,103,28866,0,
2026-03-24T11:45:00+00:00,ATM-GB-0004,host-atm-gb-0004,Windows-Server-2019,5.25,638,4096,15.58,3378.26,2078.69,89.91,513.41,5435.93,0,117,16206,0,
2026-03-24T11:46:00+00:00,ATM-GB-0001,host-atm-gb-0001,Windows-Server-2019,22.1,640,4096,15.62,4055.45,3329.8,75.81,2741.17,5710.04,0,108,48451,0,
2026-03-24T11:46:00+00:00,ATM-GB-0002,host-atm-gb-0002,Windows-Server-2019,39.51,1053,4096,25.71,3032.53,3631.41,90.07,3187.89,1974.93,0,106,42005,0,
2026-03-24T11:46:00+00:00,ATM-GB-0003,host-atm-gb-0003,Windows-Server-2019,16.84,716,4096,17.48,1243.26,363.84,178.17,6421.59,9599.71,0,80,28945,0,
2026-03-24T11:46:00+00:00,ATM-GB-0004,host-atm-gb-0004,Windows-Server-2019,28.26,1175,4096,28.69,4601.73,1391.72,95.39,3337.25,2272.28,0,97,74832,0,
2026-03-24T11:47:00+00:00,ATM-GB-0001,host-atm-gb-0001,Windows-Server-2019,13.87,1345,4096,32.84,1692.3,897.97,48.14,4000.07,5027.88,0,91,46064,0,
2026-03-24T11:47:00+00:00,ATM-GB-0002,host-atm-gb-0002,Windows-Server-2019,39.32,749,4096,18.29,17.62,2641.87,53.06,2047.01,6492.93,0,118,56184,0,
2026-03-24T11:47:00+00:00,ATM-GB-0003,host-atm-gb-0003,Windows-Server-2019,17.08,916,4096,22.36,3695.17,884.34,183.87,2872.68,7849.75,0,91,73953,0,
2026-03-24T11:47:00+00:00,ATM-GB-0004,host-atm-gb-0004,Windows-Server-2019,30.39,906,4096,22.12,2404.53,3862.82,45.63,4513.07,369.54,0,112,66102,0,
2026-03-24T11:48:00+00:00,ATM-GB-0001,host-atm-gb-0001,Windows-Server-2019,39.16,555,4096,13.55,1659.89,2833.48,85.87,9461.58,2883.57,0,107,22569,0,
2026-03-24T11:48:00+00:00,ATM-GB-0002,host-atm-gb-0002,Windows-Server-2019,28.49,829,4096,20.24,4280.66,3650.45,70.24,8758.13,2606.98,0,89,58418,0,
2026-03-24T11:48:00+00:00,ATM-GB-0003,host-atm-gb-0003,Windows-Server-2019,24.53,770,4096,18.8,2238.99,4013.28,20.31,7227.14,9180.82,0,118,3755,0,
2026-03-24T11:48:00+00:00,ATM-GB-0004,host-atm-gb-0004,Windows-Server-2019,9.93,976,4096,23.83,2335.36,2801.82,175.76,219.96,8177.2,0,94,82087,0,
2026-03-24T11:49:00+00:00,ATM-GB-0001,host-atm-gb-0001,Windows-Server-2019,11.27,1125,4096,27.47,4391.41,4965.28,58.39,5674.16,7534.7,0,114,66828,0,
2026-03-24T11:49:00+00:00,ATM-GB-0002,host-atm-gb-0002,Windows-Server-2019,12.75,589,4096,14.38,671.51,1342.94,26.91,4803.94,3954.15,0,108,63729,0,
2026-03-24T11:49:00+00:00,ATM-GB-0003,host-atm-gb-0003,Windows-Server-2019,31.03,1428,4096,34.86,3922.1,3712.87,66.59,8512.14,713.99,0,80,11120,0,
2026-03-24T11:49:00+00:00,ATM-GB-0004,host-atm-gb-0004,Windows-Server-2019,7.22,970,4096,23.68,2521.69,4359.13,194.93,8853.62,8426.19,0,104,27486,0,
2026-03-24T11:50:00+00:00,ATM-GB-0001,host-atm-gb-0001,Windows-Server-2019,19.44,1076,4096,26.27,6.67,799.07,182.02,5370.59,2325.37,0,116,22594,0,
2026-03-24T11:50:00+00:00,ATM-GB-0002,host-atm-gb-0002,Windows-Server-2019,35.14,609,4096,14.87,4698.3,4190.2,177.73,9998.8,3552.23,0,93,34195,0,
2026-03-24T11:50:00+00:00,ATM-GB-0003,host-atm-gb-0003,Windows-Server-2019,30.81,785,4096,19.17,1445.24,1382.54,17.68,2566.62,4465.33,0,102,12349,0,
2026-03-24T11:50:00+00:00,ATM-GB-0004,host-atm-gb-0004,Windows-Server-2019,12.39,538,4096,13.13,1122.3,1564.15,86.69,3694.8,4815.94,0,88,31320,0,
2026-03-24T11:51:00+00:00,ATM-GB-0001,host-atm-gb-0001,Windows-Server-2019,16.77,1344,4096,32.81,1444.78,4939.31,156.99,5941.13,4975.13,0,87,51425,0,
2026-03-24T11:51:00+00:00,ATM-GB-0002,host-atm-gb-0002,Windows-Server-2019,15.82,578,4096,14.11,4464.69,2498.49,124.14,9000.38,6162.15,0,94,66768,0,
2026-03-24T11:51:00+00:00,ATM-GB-0003,host-atm-gb-0003,Windows-Server-2019,11.24,567,4096,13.84,879.18,1952.08,199.67,913.23,5153.73,0,119,75762,0,
2026-03-24T11:51:00+00:00,ATM-GB-0004,host-atm-gb-0004,Windows-Server-2019,16.41,657,4096,16.04,4888.04,583.65,55.67,9051.34,284.75,0,100,66007,0,
2026-03-24T11:52:00+00:00,ATM-GB-0001,host-atm-gb-0001,Windows-Server-2019,21.14,722,4096,17.63,4653.38,2260.16,86.87,8170.47,4518.06,0,119,51223,0,
2026-03-24T11:52:00+00:00,ATM-GB-0002,host-atm-gb-0002,Windows-Server-2019,30.92,615,4096,15.01,2495.53,2357.05,163.93,628.56,2233.62,0,93,21937,0,
2026-03-24T11:52:00+00:00,ATM-GB-0003,host-atm-gb-0003,Windows-Server-2019,6.14,1448,4096,35.35,1484.74,4276.5,99.21,1894.31,6934.66,0,87,66414,0,
2026-03-24T11:52:00+00:00,ATM-GB-0004,host-atm-gb-0004,Windows-Server-2019,34.68,1116,4096,27.25,662.63,3737.31,51.99,3519.2,6203.26,0,84,85762,0,
2026-03-24T11:53:00+00:00,ATM-GB-0001,host-atm-gb-0001,Windows-Server-2019,17.93,770,4096,18.8,296.25,1573.38,76.46,854.84,3199.39,0,93,15979,0,
2026-03-24T11:53:00+00:00,ATM-GB-0002,host-atm-gb-0002,Windows-Server-2019,30.23,1480,4096,36.13,3552.2,1427.37,91.67,1444.2,5335.9,0,95,14232,0,
2026-03-24T11:53:00+00:00,ATM-GB-0003,host-atm-gb-0003,Windows-Server-2019,17.37,1381,4096,33.72,164.43,811.7,25.16,235.62,2728.82,0,104,74671,0,
2026-03-24T11:53:00+00:00,ATM-GB-0004,host-atm-gb-0004,Windows-Server-2019,7.41,482,4096,11.77,308.9,3550.2,31.26,4708.08,6504.33,0,119,66203,0,
2026-03-24T11:54:00+00:00,ATM-GB-0001,host-atm-gb-0001,Windows-Server-2019,14.15,1122,4096,27.39,4587.66,1298.39,43.39,4412.32,9804.04,0,102,82262,0,
2026-03-24T11:54:00+00:00,ATM-GB-0002,host-atm-gb-0002,Windows-Server-2019,17.33,1020,4096,24.9,3087.84,4000.39,83.91,1773.89,2498.5,0,89,67679,0,
2026-03-24T11:54:00+00:00,ATM-GB-0003,host-atm-gb-0003,Windows-Server-2019,20.71,1287,4096,31.42,2536.52,2881.99,192.98,5880.23,8256.9,0,83,52638,0,
2026-03-24T11:54:00+00:00,ATM-GB-0004,host-atm-gb-0004,Windows-Server-2019,10.03,553,4096,13.5,4446.58,3617.7,38.23,9383.03,9545.19,0,80,71034,0,
2026-03-24T11:55:00+00:00,ATM-GB-0001,host-atm-gb-0001,Windows-Server-2019,19.44,487,4096,11.89,577.91,394.75,64.28,6068.45,9344.3,0,116,33880,0,
2026-03-24T11:55:00+00:00,ATM-GB-0002,host-atm-gb-0002,Windows-Server-2019,11.59,1061,4096,25.9,1555.34,4393.97,166.07,5744.58,8452.2,0,91,32102,0,
2026-03-24T11:55:00+00:00,ATM-GB-0003,host-atm-gb-0003,Windows-Server-2019,33.65,458,4096,11.18,4366.88,2459.69,135.44,866.0,3113.13,0,119,21305,0,
2026-03-24T11:55:00+00:00,ATM-GB-0004,host-atm-gb-0004,Windows-Server-2019,5.16,765,4096,18.68,853.23,3757.65,147.62,2595.98,7333.58,0,111,11871,0,
2026-03-24T11:56:00+00:00,ATM-GB-0001,host-atm-gb-0001,Windows-Server-2019,16.66,447,4096,10.91,931.51,216.93,183.09,6019.95,6450.15,0,93,11755,0,
2026-03-24T11:56:00+00:00,ATM-GB-0002,host-atm-gb-0002,Windows-Server-2019,31.35,1074,4096,26.22,494.12,3192.61,154.07,812.69,8554.66,0,81,70171,0,
2026-03-24T11:56:00+00:00,ATM-GB-0003,host-atm-gb-0003,Windows-Server-2019,32.36,797,4096,19.46,3529.71,3566.81,160.59,6338.74,2847.14,0,81,67242,0,
2026-03-24T11:56:00+00:00,ATM-GB-0004,host-atm-gb-0004,Windows-Server-2019,29.31,877,4096,21.41,3202.11,1498.67,47.48,1807.89,1423.86,0,106,60587,0,
2026-03-24T11:57:00+00:00,ATM-GB-0001,host-atm-gb-0001,Windows-Server-2019,37.04,766,4096,18.7,2955.23,3691.73,41.04,7941.99,3315.87,0,97,51216,0,
2026-03-24T11:57:00+00:00,ATM-GB-0002,host-atm-gb-0002,Windows-Server-2019,8.6,1418,4096,34.62,750.99,4111.84,183.62,7064.35,1252.23,0,104,27842,0,
2026-03-24T11:57:00+00:00,ATM-GB-0003,host-atm-gb-0003,Windows-Server-2019,28.89,729,4096,17.8,3055.26,4983.01,64.11,1241.7,943.34,0,84,51293,0,
2026-03-24T11:57:00+00:00,ATM-GB-0004,host-atm-gb-0004,Windows-Server-2019,18.12,519,4096,12.67,4130.51,4065.64,21.34,8346.95,140.23,0,117,77510,0,
2026-03-24T11:58:00+00:00,ATM-GB-0001,host-atm-gb-0001,Windows-Server-2019,23.11,839,4096,20.48,2125.59,3363.89,92.76,34.03,3113.2,0,118,76142,0,
2026-03-24T11:58:00+00:00,ATM-GB-0002,host-atm-gb-0002,Windows-Server-2019,25.2,880,4096,21.48,651.37,1788.64,72.54,6348.77,5932.69,0,86,42263,0,
2026-03-24T11:58:00+00:00,ATM-GB-0003,host-atm-gb-0003,Windows-Server-2019,8.08,627,4096,15.31,4705.21,1885.25,165.12,3213.59,2185.34,0,91,48034,0,
2026-03-24T11:58:00+00:00,ATM-GB-0004,host-atm-gb-0004,Windows-Server-2019,7.73,574,4096,14.01,87.48,1525.93,11.89,5608.06,1988.27,0,120,70289,0,
2026-03-24T11:59:00+00:00,ATM-GB-0001,host-atm-gb-0001,Windows-Server-2019,39.54,905,4096,22.09,4357.77,286.77,162.94,9797.65,8686.41,0,120,43445,0,
2026-03-24T11:59:00+00:00,ATM-GB-0002,host-atm-gb-0002,Windows-Server-2019,18.58,936,4096,22.85,2584.88,1719.85,129.49,6598.32,5771.45,0,108,17503,0,
2026-03-24T11:59:00+00:00,ATM-GB-0003,host-atm-gb-0003,Windows-Server-2019,35.73,988,4096,24.12,2387.22,4651.7,26.09,5303.2,6944.73,0,91,55694,0,
2026-03-24T11:59:00+00:00,ATM-GB-0004,host-atm-gb-0004,Windows-Server-2019,33.27,406,4096,9.91,565.05,3414.3,155.14,9525.41,8725.09,0,102,45025,0,
2026-03-24T12:00:00+00:00,ATM-GB-0001,host-atm-gb-0001,Windows-Server-2019,38.44,831,4096,20.29,4363.99,2425.19,124.06,5478.79,3753.55,0,90,53311,0,
2026-03-24T12:00:00+00:00,ATM-GB-0002,host-atm-gb-0002,Windows-Server-2019,37.96,1428,4096,34.86,4861.0,2886.76,48.93,7895.24,9337.98,0,99,47458,0,
2026-03-24T12:00:00+00:00,ATM-GB-0003,host-atm-gb-0003,Windows-Server-2019,27.58,770,4096,18.8,34.03,1127.89,143.19,3150.91,9675.25,0,81,34178,0,
2026-03-24T12:00:00+00:00,ATM-GB-0004,host-atm-gb-0004,Windows-Server-2019,8.44,1232,4096,30.08,1148.4,4304.2,82.51,6280.17,7596.56,0,106,54471,0,
2026-03-24T12:01:00+00:00,ATM-GB-0001,host-atm-gb-0001,Windows-Server-2019,31.91,906,4096,22.12,3731.33,245.89,149.36,7282.46,7879.69,0,102,63409,0,
2026-03-24T12:01:00+00:00,ATM-GB-0002,host-atm-gb-0002,Windows-Server-2019,21.3,723,4096,17.65,4919.48,4952.66,198.8,1464.93,163.31,0,103,27825,0,
2026-03-24T12:01:00+00:00,ATM-GB-0003,host-atm-gb-0003,Windows-Server-2019,38.47,446,4096,10.89,2768.59,4546.99,119.31,3659.31,9501.5,0,85,51619,0,
2026-03-24T12:01:00+00:00,ATM-GB-0004,host-atm-gb-0004,Windows-Server-2019,11.88,1338,4096,32.67,4633.23,87.46,66.69,5463.92,1152.19,0,113,33334,0,
2026-03-24T12:02:00+00:00,ATM-GB-0001,host-atm-gb-0001,Windows-Server-2019,27.04,571,4096,13.94,730.48,591.03,66.9,2694.89,1176.88,0,110,54357,0,
2026-03-24T12:02:00+00:00,ATM-GB-0002,host-atm-gb-0002,Windows-Server-2019,37.79,1186,4096,28.96,777.76,3357.62,146.28,9931.44,6426.84,0,90,78962,0,
2026-03-24T12:02:00+00:00,ATM-GB-0003,host-atm-gb-0003,Windows-Server-2019,25.77,1464,4096,35.74,3255.81,2514.53,136.96,7023.51,5362.66,0,83,18452,0,
2026-03-24T12:02:00+00:00,ATM-GB-0004,host-atm-gb-0004,Windows-Server-2019,26.65,684,4096,16.7,2151.68,4133.52,158.03,4254.5,8854.26,0,113,56209,0,
2026-03-24T12:03:00+00:00,ATM-GB-0001,host-atm-gb-0001,Windows-Server-2019,36.49,1419,4096,34.64,495.26,3861.37,98.97,2930.89,4728.61,0,86,16638,0,
2026-03-24T12:03:00+00:00,ATM-GB-0002,host-atm-gb-0002,Windows-Server-2019,13.68,1256,4096,30.66,332.12,3168.12,49.2,6891.26,338.58,0,105,42764,0,
2026-03-24T12:03:00+00:00,ATM-GB-0003,host-atm-gb-0003,Windows-Server-2019,27.43,1325,4096,32.35,485.49,4570.54,162.87,5737.61,5549.84,0,96,79833,0,
2026-03-24T12:03:00+00:00,ATM-GB-0004,host-atm-gb-0004,Windows-Server-2019,17.21,636,4096,15.53,684.82,268.27,109.61,1757.24,4120.23,0,104,78705,0,
2026-03-24T12:04:00+00:00,ATM-GB-0001,host-atm-gb-0001,Windows-Server-2019,20.91,1467,4096,35.82,1437.7,2262.12,81.33,3916.58,890.21,0,108,42053,0,
2026-03-24T12:04:00+00:00,ATM-GB-0002,host-atm-gb-0002,Windows-Server-2019,31.1,1252,4096,30.57,3190.83,4784.97,178.0,6152.1,1215.97,0,86,69757,0,
2026-03-24T12:04:00+00:00,ATM-GB-0003,host-atm-gb-0003,Windows-Server-2019,10.07,697,4096,17.02,2727.47,2511.67,148.0,9071.97,7772.38,0,83,75261,0,
2026-03-24T12:04:00+00:00,ATM-GB-0004,host-atm-gb-0004,Windows-Server-2019,7.48,1301,4096,31.76,3670.2,2423.6,198.33,6026.95,4051.87,0,115,42358,0,
2026-03-24T12:05:00+00:00,ATM-GB-0001,host-atm-gb-0001,Windows-Server-2019,11.16,1313,4096,32.06,4754.06,4287.49,81.86,6093.29,5403.87,0,94,14197,0,
2026-03-24T12:05:00+00:00,ATM-GB-0002,host-atm-gb-0002,Windows-Server-2019,13.05,1414,4096,34.52,4930.18,1018.97,116.52,70.12,8175.39,0,86,7618,0,
2026-03-24T12:05:00+00:00,ATM-GB-0003,host-atm-gb-0003,Windows-Server-2019,8.59,467,4096,11.4,2639.26,2758.79,27.35,4687.6,9360.97,0,104,34282,0,
2026-03-24T12:05:00+00:00,ATM-GB-0004,host-atm-gb-0004,Windows-Server-2019,26.27,1247,4096,30.44,1591.82,1088.37,32.81,8828.65,3892.52,0,97,63155,0,
2026-03-24T12:06:00+00:00,ATM-GB-0001,host-atm-gb-0001,Windows-Server-2019,36.89,993,4096,24.24,955.62,4876.35,161.89,7544.47,3447.93,0,101,19916,0,
2026-03-24T12:06:00+00:00,ATM-GB-0002,host-atm-gb-0002,Windows-Server-2019,23.31,1344,4096,32.81,898.12,955.97,75.22,1483.41,6475.72,0,106,17695,0,
2026-03-24T12:06:00+00:00,ATM-GB-0003,host-atm-gb-0003,Windows-Server-2019,35.36,1078,4096,26.32,747.69,4368.48,171.72,4267.15,6498.98,0,112,68710,0,
2026-03-24T12:06:00+00:00,ATM-GB-0004,host-atm-gb-0004,Windows-Server-2019,34.64,1265,4096,30.88,4991.6,1655.23,185.39,5904.04,4426.5,0,92,69069,0,
2026-03-24T12:07:00+00:00,ATM-GB-0001,host-atm-gb-0001,Windows-Server-2019,25.87,407,4096,9.94,4536.3,1715.15,138.89,2003.9,5714.12,0,117,52363,0,
2026-03-24T12:07:00+00:00,ATM-GB-0002,host-atm-gb-0002,Windows-Server-2019,37.83,837,4096,20.43,2806.28,4440.98,111.25,9412.88,7979.34,0,89,45807,0,
2026-03-24T12:07:00+00:00,ATM-GB-0003,host-atm-gb-0003,Windows-Server-2019,29.0,950,4096,23.19,4035.67,75.74,171.37,9807.96,6694.16,0,101,71838,0,
2026-03-24T12:07:00+00:00,ATM-GB-0004,host-atm-gb-0004,Windows-Server-2019,16.95,1175,4096,28.69,1754.34,4905.22,44.71,6490.78,9077.04,0,97,26032,0,
2026-03-24T12:08:00+00:00,ATM-GB-0001,host-atm-gb-0001,Windows-Server-2019,12.58,1046,4096,25.54,4571.38,3242.59,14.94,5991.76,7714.69,0,100,14121,0,
2026-03-24T12:08:00+00:00,ATM-GB-0002,host-atm-gb-0002,Windows-Server-2019,21.46,1187,4096,28.98,4105.79,2963.82,127.11,6929.36,456.55,0,94,52353,0,
2026-03-24T12:08:00+00:00,ATM-GB-0003,host-atm-gb-0003,Windows-Server-2019,34.18,657,4096,16.04,1780.94,806.86,150.59,7148.93,5428.93,0,105,14034,0,
2026-03-24T12:08:00+00:00,ATM-GB-0004,host-atm-gb-0004,Windows-Server-2019,34.15,1140,4096,27.83,2472.47,4700.65,197.25,5186.24,1020.82,0,115,49579,0,
2026-03-24T12:09:00+00:00,ATM-GB-0001,host-atm-gb-0001,Windows-Server-2019,31.82,1057,4096,25.81,68.01,1405.03,66.17,8579.34,9059.22,0,113,36842,0,
2026-03-24T12:09:00+00:00,ATM-GB-0002,host-atm-gb-0002,Windows-Server-2019,16.7,991,4096,24.19,2973.98,3127.38,28.12,7657.4,5363.17,0,104,27638,0,
2026-03-24T12:09:00+00:00,ATM-GB-0003,host-atm-gb-0003,Windows-Server-2019,36.79,1089,4096,26.59,277.69,3118.73,61.28,8099.02,2714.47,0,99,58298,0,
2026-03-24T12:09:00+00:00,ATM-GB-0004,host-atm-gb-0004,Windows-Server-2019,21.44,1428,4096,34.86,3905.03,2654.22,45.42,7002.61,1629.35,0,103,39556,0,
2026-03-24T12:10:00+00:00,ATM-GB-0001,host-atm-gb-0001,Windows-Server-2019,22.41,1177,4096,28.74,835.31,4600.86,128.72,4580.78,4550.44,0,89,71823,0,
2026-03-24T12:10:00+00:00,ATM-GB-0002,host-atm-gb-0002,Windows-Server-2019,19.0,1446,4096,35.3,1830.68,1054.54,54.66,6047.4,5532.48,0,107,84662,0,
2026-03-24T12:10:00+00:00,ATM-GB-0003,host-atm-gb-0003,Windows-Server-2019,34.89,1389,4096,33.91,3264.57,4380.62,147.96,5826.47,3335.37,0,101,50968,0,
2026-03-24T12:10:00+00:00,ATM-GB-0004,host-atm-gb-0004,Windows-Server-2019,26.79,1412,4096,34.47,2211.1,892.52,96.92,7210.44,787.31,0,119,35650,0,
2026-03-24T12:11:00+00:00,ATM-GB-0001,host-atm-gb-0001,Windows-Server-2019,22.4,652,4096,15.92,4511.98,3363.02,44.21,6852.34,2219.76,0,116,84183,0,
2026-03-24T12:11:00+00:00,ATM-GB-0002,host-atm-gb-0002,Windows-Server-2019,12.94,618,4096,15.09,4446.38,1983.51,161.22,2516.55,6964.98,0,115,53081,0,
2026-03-24T12:11:00+00:00,ATM-GB-0003,host-atm-gb-0003,Windows-Server-2019,24.87,447,4096,10.91,1675.45,3322.96,22.78,2069.02,9845.01,0,90,4741,0,
2026-03-24T12:11:00+00:00,ATM-GB-0004,host-atm-gb-0004,Windows-Server-2019,23.57,1195,4096,29.17,2911.92,3666.89,90.53,2884.2,706.38,0,107,75473,0,
2026-03-24T12:12:00+00:00,ATM-GB-0001,host-atm-gb-0001,Windows-Server-2019,33.3,801,4096,19.56,3635.97,2549.86,78.55,5741.44,8430.73,0,107,39312,0,
2026-03-24T12:12:00+00:00,ATM-GB-0002,host-atm-gb-0002,Windows-Server-2019,31.77,646,4096,15.77,1796.97,4428.48,195.26,3958.57,5097.8,0,99,31376,0,
2026-03-24T12:12:00+00:00,ATM-GB-0003,host-atm-gb-0003,Windows-Server-2019,11.41,932,4096,22.75,135.26,4752.9,196.09,7886.4,7362.12,0,119,31862,0,
2026-03-24T12:12:00+00:00,ATM-GB-0004,host-atm-gb-0004,Windows-Server-2019,34.44,530,4096,12.94,3363.98,483.19,23.76,8749.33,2533.18,0,105,55032,0,
2026-03-24T12:13:00+00:00,ATM-GB-0001,host-atm-gb-0001,Windows-Server-2019,6.05,963,4096,23.51,258.08,2930.37,40.42,3229.83,7971.54,0,98,18604,0,
2026-03-24T12:13:00+00:00,ATM-GB-0002,host-atm-gb-0002,Windows-Server-2019,7.91,1094,4096,26.71,2609.23,2588.45,189.43,6393.15,6271.45,0,108,67581,0,
2026-03-24T12:13:00+00:00,ATM-GB-0003,host-atm-gb-0003,Windows-Server-2019,15.2,1393,4096,34.01,1940.08,506.61,86.83,11.28,8405.77,0,97,63290,0,
2026-03-24T12:13:00+00:00,ATM-GB-0004,host-atm-gb-0004,Windows-Server-2019,36.26,657,4096,16.04,48.98,4209.81,68.38,4698.84,216.43,0,94,58840,0,
2026-03-24T12:14:00+00:00,ATM-GB-0001,host-atm-gb-0001,Windows-Server-2019,35.39,1110,4096,27.1,3943.74,2276.18,137.52,6946.94,9750.45,0,109,41184,0,
2026-03-24T12:14:00+00:00,ATM-GB-0002,host-atm-gb-0002,Windows-Server-2019,33.44,611,4096,14.92,1258.36,1339.17,157.68,1234.83,6862.1,0,109,48250,0,
2026-03-24T12:14:00+00:00,ATM-GB-0003,host-atm-gb-0003,Windows-Server-2019,27.76,525,4096,12.82,2898.26,964.63,163.42,4704.14,3395.48,0,92,66554,0,
2026-03-24T12:14:00+00:00,ATM-GB-0004,host-atm-gb-0004,Windows-Server-2019,11.48,1263,4096,30.83,2831.9,3344.09,100.18,2319.13,5462.43,0,103,47854,0,
2026-03-24T12:15:00+00:00,ATM-GB-0001,host-atm-gb-0001,Windows-Server-2019,8.48,1451,4096,35.42,3611.25,830.53,140.21,261.42,3941.43,0,106,18652,0,
2026-03-24T12:15:00+00:00,ATM-GB-0002,host-atm-gb-0002,Windows-Server-2019,34.2,644,4096,15.72,2261.17,2160.81,42.54,7478.95,4492.86,0,83,9941,0,
2026-03-24T12:15:00+00:00,ATM-GB-0003,host-atm-gb-0003,Windows-Server-2019,32.22,949,4096,23.17,2525.91,442.94,55.65,593.64,9491.28,0,91,35035,0,
2026-03-24T12:15:00+00:00,ATM-GB-0004,host-atm-gb-0004,Windows-Server-2019,36.36,423,4096,10.33,914.85,4471.28,14.57,4889.35,2157.78,0,116,63009,0,
2026-03-24T12:16:00+00:00,ATM-GB-0001,host-atm-gb-0001,Windows-Server-2019,32.58,1097,4096,26.78,4658.98,1220.41,134.86,8271.21,4515.74,0,101,64660,0,
2026-03-24T12:16:00+00:00,ATM-GB-0002,host-atm-gb-0002,Windows-Server-2019,12.15,622,4096,15.19,3175.64,1789.76,84.72,7355.23,1704.6,0,91,83944,0,
2026-03-24T12:16:00+00:00,ATM-GB-0003,host-atm-gb-0003,Windows-Server-2019,38.04,954,4096,23.29,2409.46,1028.72,188.21,8588.73,6312.13,0,105,86146,0,
2026-03-24T12:16:00+00:00,ATM-GB-0004,host-atm-gb-0004,Windows-Server-2019,6.92,493,4096,12.04,772.03,4323.12,66.12,6373.65,8583.02,0,107,50499,0,
2026-03-24T12:17:00+00:00,ATM-GB-0001,host-atm-gb-0001,Windows-Server-2019,28.09,1114,4096,27.2,2018.55,4926.14,114.46,6513.47,1636.85,0,109,28652,0,
2026-03-24T12:17:00+00:00,ATM-GB-0002,host-atm-gb-0002,Windows-Server-2019,24.81,752,4096,18.36,4750.5,336.44,49.5,2091.87,4972.34,0,80,74313,0,
2026-03-24T12:17:00+00:00,ATM-GB-0003,host-atm-gb-0003,Windows-Server-2019,5.99,1366,4096,33.35,966.66,2217.79,45.71,1421.5,1556.48,0,94,57300,0,
2026-03-24T12:17:00+00:00,ATM-GB-0004,host-atm-gb-0004,Windows-Server-2019,37.32,790,4096,19.29,607.76,3118.07,45.33,6608.01,2763.76,0,108,83229,0,
2026-03-24T12:18:00+00:00,ATM-GB-0001,host-atm-gb-0001,Windows-Server-2019,21.16,1427,4096,34.84,3453.09,1361.14,12.89,2221.65,1492.62,0,98,83079,0,
2026-03-24T12:18:00+00:00,ATM-GB-0002,host-atm-gb-0002,Windows-Server-2019,7.48,1215,4096,29.66,1988.33,4441.02,25.3,5227.74,4983.27,0,107,73917,0,
2026-03-24T12:18:00+00:00,ATM-GB-0003,host-atm-gb-0003,Windows-Server-2019,20.17,1283,4096,31.32,1311.62,2928.74,74.44,9220.36,635.64,0,116,72855,0,
2026-03-24T12:18:00+00:00,ATM-GB-0004,host-atm-gb-0004,Windows-Server-2019,38.56,474,4096,11.57,1026.22,2786.25,34.27,8716.36,429.84,0,88,60662,0,
2026-03-24T12:19:00+00:00,ATM-GB-0001,host-atm-gb-0001,Windows-Server-2019,37.79,411,4096,10.03,2462.46,4985.38,128.36,7525.67,2140.19,0,113,27441,0,
2026-03-24T12:19:00+00:00,ATM-GB-0002,host-atm-gb-0002,Windows-Server-2019,35.09,1491,4096,36.4,4233.29,1731.11,171.82,2483.74,8747.8,0,115,82790,0,
2026-03-24T12:19:00+00:00,ATM-GB-0003,host-atm-gb-0003,Windows-Server-2019,24.89,973,4096,23.75,2036.3,1205.15,16.58,4133.0,2404.93,0,80,13961,0,
2026-03-24T12:19:00+00:00,ATM-GB-0004,host-atm-gb-0004,Windows-Server-2019,29.41,1197,4096,29.22,2532.57,891.59,58.58,6765.6,2035.06,0,98,25282,0,
2026-03-24T12:20:00+00:00,ATM-GB-0001,host-atm-gb-0001,Windows-Server-2019,35.11,513,4096,12.52,3655.89,2774.87,62.18,524.31,7583.7,0,81,47743,0,
2026-03-24T12:20:00+00:00,ATM-GB-0002,host-atm-gb-0002,Windows-Server-2019,16.84,1238,4096,30.22,3139.63,4930.2,97.5,9581.01,9673.4,0,100,66944,0,
2026-03-24T12:20:00+00:00,ATM-GB-0003,host-atm-gb-0003,Windows-Server-2019,25.07,690,4096,16.85,3651.61,3719.72,45.04,2509.24,3458.54,0,120,60676,0,
2026-03-24T12:20:00+00:00,ATM-GB-0004,host-atm-gb-0004,Windows-Server-2019,34.76,551,4096,13.45,67.19,3286.22,141.11,8933.53,6751.39,0,97,6136,0,
2026-03-24T12:21:00+00:00,ATM-GB-0001,host-atm-gb-0001,Windows-Server-2019,7.51,611,4096,14.92,470.38,2108.64,134.94,6385.58,9249.12,0,110,48288,0,
2026-03-24T12:21:00+00:00,ATM-GB-0002,host-atm-gb-0002,Windows-Server-2019,6.34,1489,4096,36.35,3480.56,2924.48,150.53,6978.09,4565.68,0,120,23360,0,
2026-03-24T12:21:00+00:00,ATM-GB-0003,host-atm-gb-0003,Windows-Server-2019,20.05,1431,4096,34.94,4115.17,832.23,77.97,2228.94,4438.2,0,120,53920,0,
2026-03-24T12:21:00+00:00,ATM-GB-0004,host-atm-gb-0004,Windows-Server-2019,20.52,575,4096,14.04,1214.27,1985.93,134.74,8160.57,2670.81,0,85,30365,0,
2026-03-24T12:22:00+00:00,ATM-GB-0001,host-atm-gb-0001,Windows-Server-2019,7.32,1342,4096,32.76,3051.06,4089.16,140.68,3223.5,4707.7,0,117,69763,0,
2026-03-24T12:22:00+00:00,ATM-GB-0002,host-atm-gb-0002,Windows-Server-2019,25.79,530,4096,12.94,1088.99,4960.79,132.95,6996.45,3605.76,0,109,52427,0,
2026-03-24T12:22:00+00:00,ATM-GB-0003,host-atm-gb-0003,Windows-Server-2019,19.42,508,4096,12.4,2509.67,661.7,125.44,6392.61,8375.42,0,90,74342,0,
2026-03-24T12:22:00+00:00,ATM-GB-0004,host-atm-gb-0004,Windows-Server-2019,22.01,1308,4096,31.93,4154.17,126.85,72.3,1554.41,2351.22,0,106,27138,0,
2026-03-24T12:23:00+00:00,ATM-GB-0001,host-atm-gb-0001,Windows-Server-2019,7.44,745,4096,18.19,1113.79,2336.01,111.2,1570.66,1756.05,0,120,44829,0,
2026-03-24T12:23:00+00:00,ATM-GB-0002,host-atm-gb-0002,Windows-Server-2019,34.32,1436,4096,35.06,2273.92,4943.0,146.41,9173.16,4481.72,0,107,10672,0,
2026-03-24T12:23:00+00:00,ATM-GB-0003,host-atm-gb-0003,Windows-Server-2019,24.37,425,4096,10.38,876.11,1580.84,149.82,6401.23,4681.09,0,100,61949,0,
2026-03-24T12:23:00+00:00,ATM-GB-0004,host-atm-gb-0004,Windows-Server-2019,9.56,522,4096,12.74,4495.94,1580.72,68.88,7361.18,9692.04,0,98,28581,0,
2026-03-24T12:24:00+00:00,ATM-GB-0001,host-atm-gb-0001,Windows-Server-2019,20.85,638,4096,15.58,3323.85,1845.83,93.95,8550.11,6437.8,0,88,23598,0,
2026-03-24T12:24:00+00:00,ATM-GB-0002,host-atm-gb-0002,Windows-Server-2019,14.22,760,4096,18.55,1424.56,1949.84,76.1,7809.17,1104.76,0,118,83069,0,
2026-03-24T12:24:00+00:00,ATM-GB-0003,host-atm-gb-0003,Windows-Server-2019,20.92,1214,4096,29.64,1151.72,4199.34,17.41,2901.5,1087.85,0,115,41043,0,
2026-03-24T12:24:00+00:00,ATM-GB-0004,host-atm-gb-0004,Windows-Server-2019,11.46,553,4096,13.5,1486.74,4909.07,23.7,6858.17,6708.8,0,82,19782,0,
2026-03-24T12:25:00+00:00,ATM-GB-0001,host-atm-gb-0001,Windows-Server-2019,38.09,834,4096,20.36,3077.42,2486.33,122.16,6566.69,157.81,0,93,45813,0,
2026-03-24T12:25:00+00:00,ATM-GB-0002,host-atm-gb-0002,Windows-Server-2019,21.38,455,4096,11.11,3606.42,240.18,132.1,8410.16,2256.73,0,117,63700,0,
2026-03-24T12:25:00+00:00,ATM-GB-0003,host-atm-gb-0003,Windows-Server-2019,29.02,919,4096,22.44,2337.39,3050.58,86.02,9579.0,3781.03,0,119,61782,0,
2026-03-24T12:25:00+00:00,ATM-GB-0004,host-atm-gb-0004,Windows-Server-2019,22.01,568,4096,13.87,2898.3,379.5,99.68,6675.23,6014.21,0,120,35954,0,
2026-03-24T12:26:00+00:00,ATM-GB-0001,host-atm-gb-0001,Windows-Server-2019,35.2,1180,4096,28.81,171.55,547.1,173.17,1438.37,4876.55,0,91,61934,0,
2026-03-24T12:26:00+00:00,ATM-GB-0002,host-atm-gb-0002,Windows-Server-2019,35.4,668,4096,16.31,2911.28,703.88,29.19,9183.37,3609.38,0,100,15013,0,
2026-03-24T12:26:00+00:00,ATM-GB-0003,host-atm-gb-0003,Windows-Server-2019,14.72,1109,4096,27.08,4691.49,666.52,32.32,3361.33,8936.12,0,108,55040,0,
2026-03-24T12:26:00+00:00,ATM-GB-0004,host-atm-gb-0004,Windows-Server-2019,10.02,534,4096,13.04,29.43,1844.29,50.02,4255.49,7732.88,0,101,16301,0,
2026-03-24T12:27:00+00:00,ATM-GB-0001,host-atm-gb-0001,Windows-Server-2019,21.96,523,4096,12.77,3467.09,4846.7,86.49,6807.27,732.71,0,101,25605,0,
2026-03-24T12:27:00+00:00,ATM-GB-0002,host-atm-gb-0002,Windows-Server-2019,22.07,823,4096,20.09,359.72,2432.01,61.79,5227.19,6295.8,0,88,54713,0,
2026-03-24T12:27:00+00:00,ATM-GB-0003,host-atm-gb-0003,Windows-Server-2019,29.7,555,4096,13.55,4198.84,2957.11,143.0,4344.49,5290.55,0,83,67521,0,
2026-03-24T12:27:00+00:00,ATM-GB-0004,host-atm-gb-0004,Windows-Server-2019,27.46,1477,4096,36.06,807.0,4132.1,96.95,8568.77,6929.8,0,89,53627,0,
2026-03-24T12:28:00+00:00,ATM-GB-0001,host-atm-gb-0001,Windows-Server-2019,28.16,1167,4096,28.49,951.94,2749.44,179.63,7462.42,6486.83,0,80,68458,0,
2026-03-24T12:28:00+00:00,ATM-GB-0002,host-atm-gb-0002,Windows-Server-2019,29.58,1149,4096,28.05,2361.68,2430.22,107.11,6752.18,1439.09,0,101,60178,0,
2026-03-24T12:28:00+00:00,ATM-GB-0003,host-atm-gb-0003,Windows-Server-2019,19.26,732,4096,17.87,2446.37,4666.51,50.87,5139.77,4901.32,0,112,5944,0,
2026-03-24T12:28:00+00:00,ATM-GB-0004,host-atm-gb-0004,Windows-Server-2019,39.56,965,4096,23.56,2338.48,1389.44,197.06,5947.13,3745.0,0,101,17111,0,
2026-03-24T12:29:00+00:00,ATM-GB-0001,host-atm-gb-0001,Windows-Server-2019,25.01,939,4096,22.92,3080.03,1461.05,194.27,3466.1,2001.61,0,104,46100,0,
2026-03-24T12:29:00+00:00,ATM-GB-0002,host-atm-gb-0002,Windows-Server-2019,39.55,736,4096,17.97,480.71,4342.61,187.37,7917.4,646.42,0,106,42103,0,
2026-03-24T12:29:00+00:00,ATM-GB-0003,host-atm-gb-0003,Windows-Server-2019,15.91,818,4096,19.97,382.55,4351.89,185.29,97.94,5967.42,0,110,77609,0,
2026-03-24T12:29:00+00:00,ATM-GB-0004,host-atm-gb-0004,Windows-Server-2019,24.17,892,4096,21.78,1881.06,1479.19,107.08,6707.6,4329.7,0,85,37289,0,
2026-03-24T12:30:00+00:00,ATM-GB-0001,host-atm-gb-0001,Windows-Server-2019,12.38,950,4096,23.19,613.47,3288.36,158.46,3925.73,8200.01,0,88,54903,0,
2026-03-24T12:30:00+00:00,ATM-GB-0002,host-atm-gb-0002,Windows-Server-2019,34.08,1086,4096,26.51,3273.58,3506.9,75.32,5983.58,9955.99,0,97,29854,0,
2026-03-24T12:30:00+00:00,ATM-GB-0003,host-atm-gb-0003,Windows-Server-2019,19.83,513,4096,12.52,1405.71,4391.0,189.99,6232.6,1510.99,0,91,69627,0,
2026-03-24T12:30:00+00:00,ATM-GB-0004,host-atm-gb-0004,Windows-Server-2019,8.34,929,4096,22.68,603.62,3264.15,113.07,8887.42,2676.36,0,97,83479,0,
2026-03-24T12:31:00+00:00,ATM-GB-0001,host-atm-gb-0001,Windows-Server-2019,6.6,1244,4096,30.37,3014.5,2680.29,97.43,8029.27,6844.17,0,101,58690,0,
2026-03-24T12:31:00+00:00,ATM-GB-0002,host-atm-gb-0002,Windows-Server-2019,7.51,1277,4096,31.18,895.06,4193.31,74.86,417.4,9116.9,0,93,11167,0,
2026-03-24T12:31:00+00:00,ATM-GB-0003,host-atm-gb-0003,Windows-Server-2019,7.55,1185,4096,28.93,747.14,2826.14,195.75,5943.44,2741.78,0,112,71537,0,
2026-03-24T12:31:00+00:00,ATM-GB-0004,host-atm-gb-0004,Windows-Server-2019,27.76,736,4096,17.97,4901.5,3241.69,84.09,4839.64,1605.38,0,90,70459,0,
2026-03-24T12:32:00+00:00,ATM-GB-0001,host-atm-gb-0001,Windows-Server-2019,31.71,784,4096,19.14,326.77,4593.36,167.25,2381.17,7966.23,0,118,8515,0,
2026-03-24T12:32:00+00:00,ATM-GB-0002,host-atm-gb-0002,Windows-Server-2019,14.76,724,4096,17.68,4790.11,1203.94,124.56,9892.81,431.92,0,95,58999,0,
2026-03-24T12:32:00+00:00,ATM-GB-0003,host-atm-gb-0003,Windows-Server-2019,15.62,1453,4096,35.47,2348.21,4427.12,50.99,2108.93,530.87,0,119,29972,0,
2026-03-24T12:32:00+00:00,ATM-GB-0004,host-atm-gb-0004,Windows-Server-2019,23.1,1036,4096,25.29,404.63,823.36,154.93,7730.41,5469.83,0,110,63035,0,
2026-03-24T12:33:00+00:00,ATM-GB-0001,host-atm-gb-0001,Windows-Server-2019,22.77,923,4096,22.53,2546.84,900.11,73.0,6594.87,2476.87,0,89,72603,0,
2026-03-24T12:33:00+00:00,ATM-GB-0002,host-atm-gb-0002,Windows-Server-2019,39.16,678,4096,16.55,3402.91,2148.13,153.02,4785.36,7337.4,0,115,30442,0,
2026-03-24T12:33:00+00:00,ATM-GB-0003,host-atm-gb-0003,Windows-Server-2019,31.92,1441,4096,35.18,4497.62,2853.56,43.26,1989.66,8315.52,0,87,63332,0,
2026-03-24T12:33:00+00:00,ATM-GB-0004,host-atm-gb-0004,Windows-Server-2019,14.01,1095,4096,26.73,3366.52,4457.27,153.55,7792.53,808.63,0,94,31246,0,
2026-03-24T12:34:00+00:00,ATM-GB-0001,host-atm-gb-0001,Windows-Server-2019,21.25,945,4096,23.07,2526.04,1288.64,100.83,9914.92,2789.61,0,91,78345,0,
2026-03-24T12:34:00+00:00,ATM-GB-0002,host-atm-gb-0002,Windows-Server-2019,15.86,529,4096,12.92,4962.9,2900.0,59.28,5796.94,2806.65,0,90,86136,0,
2026-03-24T12:34:00+00:00,ATM-GB-0003,host-atm-gb-0003,Windows-Server-2019,37.08,782,4096,19.09,4348.73,239.83,89.02,4838.21,1050.07,0,107,11692,0,
2026-03-24T12:34:00+00:00,ATM-GB-0004,host-atm-gb-0004,Windows-Server-2019,24.14,1416,4096,34.57,3321.68,1956.11,38.18,9425.68,2435.52,0,92,70461,0,
2026-03-24T12:35:00+00:00,ATM-GB-0001,host-atm-gb-0001,Windows-Server-2019,18.49,1431,4096,34.94,4182.84,2419.67,88.44,4757.0,8031.42,0,102,69588,0,
2026-03-24T12:35:00+00:00,ATM-GB-0002,host-atm-gb-0002,Windows-Server-2019,28.5,1486,4096,36.28,3412.13,704.93,58.84,4948.7,2580.91,0,93,64424,0,
2026-03-24T12:35:00+00:00,ATM-GB-0003,host-atm-gb-0003,Windows-Server-2019,30.44,1396,4096,34.08,1838.61,2231.17,31.58,8196.1,1167.12,0,96,49395,0,
2026-03-24T12:35:00+00:00,ATM-GB-0004,host-atm-gb-0004,Windows-Server-2019,6.58,1294,4096,31.59,2711.05,2095.8,158.27,6189.71,9554.41,0,107,49837,0,
2026-03-24T12:36:00+00:00,ATM-GB-0001,host-atm-gb-0001,Windows-Server-2019,29.6,596,4096,14.55,3570.57,2441.05,77.62,3478.38,1057.69,0,96,51159,0,
2026-03-24T12:36:00+00:00,ATM-GB-0002,host-atm-gb-0002,Windows-Server-2019,39.6,1115,4096,27.22,3160.47,3565.79,114.49,9263.7,6839.93,0,87,78029,0,
2026-03-24T12:36:00+00:00,ATM-GB-0003,host-atm-gb-0003,Windows-Server-2019,36.53,1020,4096,24.9,816.27,1907.03,112.1,722.98,9358.88,0,120,74079,0,
2026-03-24T12:36:00+00:00,ATM-GB-0004,host-atm-gb-0004,Windows-Server-2019,28.93,1233,4096,30.1,1248.85,1184.86,61.26,4376.4,2043.66,0,110,66855,0,
2026-03-24T12:37:00+00:00,ATM-GB-0001,host-atm-gb-0001,Windows-Server-2019,15.88,1439,4096,35.13,1424.15,4285.28,81.02,6359.1,6665.36,0,116,65183,0,
2026-03-24T12:37:00+00:00,ATM-GB-0002,host-atm-gb-0002,Windows-Server-2019,18.43,616,4096,15.04,2422.35,488.28,154.48,1342.65,3997.87,0,96,35482,0,
2026-03-24T12:37:00+00:00,ATM-GB-0003,host-atm-gb-0003,Windows-Server-2019,16.95,671,4096,16.38,472.67,449.77,178.3,8593.38,9166.23,0,82,28531,0,
2026-03-24T12:37:00+00:00,ATM-GB-0004,host-atm-gb-0004,Windows-Server-2019,25.53,1323,4096,32.3,3081.63,3179.82,51.27,3602.6,8268.13,0,83,26737,0,
2026-03-24T12:38:00+00:00,ATM-GB-0001,host-atm-gb-0001,Windows-Server-2019,20.32,749,4096,18.29,4969.16,2136.29,179.8,4004.68,5068.0,0,96,12091,0,
2026-03-24T12:38:00+00:00,ATM-GB-0002,host-atm-gb-0002,Windows-Server-2019,18.57,911,4096,22.24,4899.14,3767.9,27.98,7934.22,7310.06,0,119,37928,0,
2026-03-24T12:38:00+00:00,ATM-GB-0003,host-atm-gb-0003,Windows-Server-2019,27.14,867,4096,21.17,1745.07,3166.61,59.64,965.0,9194.18,0,101,20298,0,
2026-03-24T12:38:00+00:00,ATM-GB-0004,host-atm-gb-0004,Windows-Server-2019,34.77,807,4096,19.7,374.19,2122.9,151.53,6814.17,338.98,0,92,27498,0,
2026-03-24T12:39:00+00:00,ATM-GB-0001,host-atm-gb-0001,Windows-Server-2019,24.98,1303,4096,31.81,4911.05,4700.79,186.5,3283.17,1146.89,0,106,75051,0,
2026-03-24T12:39:00+00:00,ATM-GB-0002,host-atm-gb-0002,Windows-Server-2019,6.66,1168,4096,28.52,733.52,98.81,145.04,9686.03,8779.58,0,82,68998,0,
2026-03-24T12:39:00+00:00,ATM-GB-0003,host-atm-gb-0003,Windows-Server-2019,8.1,778,4096,18.99,3116.33,4917.11,169.06,9285.57,5252.1,0,83,26601,0,
2026-03-24T12:39:00+00:00,ATM-GB-0004,host-atm-gb-0004,Windows-Server-2019,23.09,464,4096,11.33,1142.85,3790.33,190.71,6578.27,2011.71,0,89,81056,0,
2026-03-24T12:40:00+00:00,ATM-GB-0001,host-atm-gb-0001,Windows-Server-2019,9.32,1063,4096,25.95,763.28,1319.12,109.87,2752.32,5170.4,0,104,55370,0,
2026-03-24T12:40:00+00:00,ATM-GB-0002,host-atm-gb-0002,Windows-Server-2019,32.88,943,4096,23.02,4572.74,2858.91,66.35,2969.7,9676.11,0,84,84617,0,
2026-03-24T12:40:00+00:00,ATM-GB-0003,host-atm-gb-0003,Windows-Server-2019,9.95,446,4096,10.89,1621.91,3327.57,53.61,3603.99,600.99,0,118,62367,0,
2026-03-24T12:40:00+00:00,ATM-GB-0004,host-atm-gb-0004,Windows-Server-2019,13.45,797,4096,19.46,1529.48,4755.2,103.29,8670.08,730.07,0,115,15007,0,
2026-03-24T12:41:00+00:00,ATM-GB-0001,host-atm-gb-0001,Windows-Server-2019,26.31,698,4096,17.04,4698.68,169.94,58.69,917.94,3238.24,0,115,8561,0,
2026-03-24T12:41:00+00:00,ATM-GB-0002,host-atm-gb-0002,Windows-Server-2019,23.9,929,4096,22.68,3133.87,1674.61,190.83,988.01,7019.2,0,113,75415,0,
2026-03-24T12:41:00+00:00,ATM-GB-0003,host-atm-gb-0003,Windows-Server-2019,39.56,1381,4096,33.72,117.98,180.66,12.08,8234.82,1426.69,0,113,73401,0,
2026-03-24T12:41:00+00:00,ATM-GB-0004,host-atm-gb-0004,Windows-Server-2019,9.24,1357,4096,33.13,4929.11,4081.28,137.3,3544.09,6523.24,0,86,79303,0,
2026-03-24T12:42:00+00:00,ATM-GB-0001,host-atm-gb-0001,Windows-Server-2019,29.06,1157,4096,28.25,1825.17,705.41,41.48,9296.73,7043.94,0,101,52397,0,
2026-03-24T12:42:00+00:00,ATM-GB-0002,host-atm-gb-0002,Windows-Server-2019,6.55,1228,4096,29.98,2812.73,611.35,179.28,3871.65,4160.33,0,109,11532,0,
2026-03-24T12:42:00+00:00,ATM-GB-0003,host-atm-gb-0003,Windows-Server-2019,16.66,503,4096,12.28,3131.19,1952.88,120.7,4081.33,7004.84,0,98,16096,0,
2026-03-24T12:42:00+00:00,ATM-GB-0004,host-atm-gb-0004,Windows-Server-2019,30.36,836,4096,20.41,446.56,439.98,178.84,698.59,1546.06,0,97,85836,0,
2026-03-24T12:43:00+00:00,ATM-GB-0001,host-atm-gb-0001,Windows-Server-2019,17.31,501,4096,12.23,1888.62,1704.86,124.65,9821.06,8278.73,0,87,61030,0,
2026-03-24T12:43:00+00:00,ATM-GB-0002,host-atm-gb-0002,Windows-Server-2019,25.33,888,4096,21.68,1337.25,320.16,187.62,1395.57,6340.22,0,100,51676,0,
2026-03-24T12:43:00+00:00,ATM-GB-0003,host-atm-gb-0003,Windows-Server-2019,9.08,620,4096,15.14,821.59,3076.26,52.75,8098.07,2197.27,0,96,61466,0,
2026-03-24T12:43:00+00:00,ATM-GB-0004,host-atm-gb-0004,Windows-Server-2019,6.63,506,4096,12.35,1353.5,1784.15,152.51,105.97,7081.77,0,113,49712,0,
2026-03-24T12:44:00+00:00,ATM-GB-0001,host-atm-gb-0001,Windows-Server-2019,15.29,1172,4096,28.61,3891.32,722.96,109.72,6823.44,8871.49,0,113,39455,0,
2026-03-24T12:44:00+00:00,ATM-GB-0002,host-atm-gb-0002,Windows-Server-2019,35.78,1244,4096,30.37,3058.67,3146.7,163.43,4194.95,7644.16,0,95,48195,0,
2026-03-24T12:44:00+00:00,ATM-GB-0003,host-atm-gb-0003,Windows-Server-2019,20.88,1145,4096,27.95,2216.12,373.19,160.86,2523.66,8108.69,0,117,83341,0,
2026-03-24T12:44:00+00:00,ATM-GB-0004,host-atm-gb-0004,Windows-Server-2019,22.46,1433,4096,34.99,3912.86,2517.66,82.51,4212.32,2807.8,0,114,31536,0,
2026-03-24T12:45:00+00:00,ATM-GB-0001,host-atm-gb-0001,Windows-Server-2019,5.02,492,4096,12.01,4490.46,4409.17,40.28,8055.09,3894.97,0,115,12155,0,
2026-03-24T12:45:00+00:00,ATM-GB-0002,host-atm-gb-0002,Windows-Server-2019,25.18,409,4096,9.99,4050.04,4466.24,176.55,1463.65,8065.58,0,105,33285,0,
2026-03-24T12:45:00+00:00,ATM-GB-0003,host-atm-gb-0003,Windows-Server-2019,34.27,1069,4096,26.1,545.09,3075.01,43.82,1883.34,8899.59,0,118,67550,0,
2026-03-24T12:45:00+00:00,ATM-GB-0004,host-atm-gb-0004,Windows-Server-2019,12.87,1089,4096,26.59,4990.26,2157.53,169.36,6512.3,1529.28,0,120,67569,0,
2026-03-24T12:46:00+00:00,ATM-GB-0001,host-atm-gb-0001,Windows-Server-2019,29.54,660,4096,16.11,3688.12,3117.01,100.85,4651.36,2720.51,0,118,76377,0,
2026-03-24T12:46:00+00:00,ATM-GB-0002,host-atm-gb-0002,Windows-Server-2019,8.71,1475,4096,36.01,2537.34,4537.47,64.34,3275.86,150.84,0,120,53583,0,
2026-03-24T12:46:00+00:00,ATM-GB-0003,host-atm-gb-0003,Windows-Server-2019,21.66,988,4096,24.12,3218.53,557.87,193.01,2136.24,846.16,0,107,38898,0,
2026-03-24T12:46:00+00:00,ATM-GB-0004,host-atm-gb-0004,Windows-Server-2019,15.43,912,4096,22.27,2434.59,4693.53,13.26,905.95,9541.36,0,111,67281,0,
2026-03-24T12:47:00+00:00,ATM-GB-0001,host-atm-gb-0001,Windows-Server-2019,6.23,795,4096,19.41,3031.68,1667.64,113.54,2958.45,8674.93,0,80,22361,0,
2026-03-24T12:47:00+00:00,ATM-GB-0002,host-atm-gb-0002,Windows-Server-2019,29.06,1346,4096,32.86,2629.33,1611.14,142.43,9481.07,4896.7,0,109,76075,0,
2026-03-24T12:47:00+00:00,ATM-GB-0003,host-atm-gb-0003,Windows-Server-2019,13.48,1404,4096,34.28,1206.47,215.51,170.62,8666.78,5827.75,0,98,12633,0,
2026-03-24T12:47:00+00:00,ATM-GB-0004,host-atm-gb-0004,Windows-Server-2019,5.73,1210,4096,29.54,4525.33,3899.28,98.84,8811.64,2569.75,0,108,56342,0,
2026-03-24T12:48:00+00:00,ATM-GB-0001,host-atm-gb-0001,Windows-Server-2019,33.57,825,4096,20.14,739.23,1827.1,122.74,4284.92,2423.3,0,113,49655,0,
2026-03-24T12:48:00+00:00,ATM-GB-0002,host-atm-gb-0002,Windows-Server-2019,30.86,1081,4096,26.39,1297.33,1719.96,59.68,3913.73,4869.54,0,103,42978,0,
2026-03-24T12:48:00+00:00,ATM-GB-0003,host-atm-gb-0003,Windows-Server-2019,8.85,988,4096,24.12,4445.42,2050.31,71.0,1299.47,2903.84,0,93,42478,0,
2026-03-24T12:48:00+00:00,ATM-GB-0004,host-atm-gb-0004,Windows-Server-2019,33.79,437,4096,10.67,3014.59,2874.24,71.61,5521.53,9884.42,0,96,49609,0,
2026-03-24T12:49:00+00:00,ATM-GB-0001,host-atm-gb-0001,Windows-Server-2019,34.52,772,4096,18.85,2447.09,16.69,159.04,5863.79,4594.01,0,109,6667,0,
2026-03-24T12:49:00+00:00,ATM-GB-0002,host-atm-gb-0002,Windows-Server-2019,6.53,868,4096,21.19,3178.11,1542.15,177.47,4766.64,4674.02,0,100,38881,0,
2026-03-24T12:49:00+00:00,ATM-GB-0003,host-atm-gb-0003,Windows-Server-2019,21.64,838,4096,20.46,4233.35,1566.76,162.16,4268.09,2139.33,0,99,83677,0,
2026-03-24T12:49:00+00:00,ATM-GB-0004,host-atm-gb-0004,Windows-Server-2019,11.67,1276,4096,31.15,2040.94,2746.92,15.97,6567.28,3012.62,0,94,29630,0,
2026-03-24T12:50:00+00:00,ATM-GB-0001,host-atm-gb-0001,Windows-Server-2019,33.57,1268,4096,30.96,4280.07,1142.15,161.92,1612.92,6610.25,0,114,75825,0,
2026-03-24T12:50:00+00:00,ATM-GB-0002,host-atm-gb-0002,Windows-Server-2019,21.05,859,4096,20.97,2958.95,4315.74,135.44,5360.51,2018.55,0,105,32130,0,
2026-03-24T12:50:00+00:00,ATM-GB-0003,host-atm-gb-0003,Windows-Server-2019,10.57,673,4096,16.43,3137.02,980.83,19.99,6636.51,270.27,0,100,4138,0,
2026-03-24T12:50:00+00:00,ATM-GB-0004,host-atm-gb-0004,Windows-Server-2019,17.63,1004,4096,24.51,2396.55,3619.9,123.62,3073.59,2109.0,0,98,70220,0,
2026-03-24T12:51:00+00:00,ATM-GB-0001,host-atm-gb-0001,Windows-Server-2019,31.78,891,4096,21.75,4418.04,812.87,88.03,6282.17,8949.32,0,96,53345,0,
2026-03-24T12:51:00+00:00,ATM-GB-0002,host-atm-gb-0002,Windows-Server-2019,11.41,718,4096,17.53,2874.33,3485.85,76.8,9686.12,9904.67,0,119,62048,0,
2026-03-24T12:51:00+00:00,ATM-GB-0003,host-atm-gb-0003,Windows-Server-2019,38.36,1088,4096,26.56,1526.09,2123.37,142.27,9760.86,1060.19,0,106,14744,0,
2026-03-24T12:51:00+00:00,ATM-GB-0004,host-atm-gb-0004,Windows-Server-2019,35.55,826,4096,20.17,1656.6,4806.09,62.87,3380.04,9138.75,0,114,58142,0,
2026-03-24T12:52:00+00:00,ATM-GB-0001,host-atm-gb-0001,Windows-Server-2019,25.1,939,4096,22.92,3309.27,3577.43,49.8,6833.99,8742.02,0,93,48553,0,
2026-03-24T12:52:00+00:00,ATM-GB-0002,host-atm-gb-0002,Windows-Server-2019,9.62,1433,4096,34.99,2406.24,104.54,68.17,3164.59,8445.37,0,90,78383,0,
2026-03-24T12:52:00+00:00,ATM-GB-0003,host-atm-gb-0003,Windows-Server-2019,32.98,737,4096,17.99,2282.82,919.38,165.27,7100.71,2393.32,0,100,79294,0,
2026-03-24T12:52:00+00:00,ATM-GB-0004,host-atm-gb-0004,Windows-Server-2019,16.61,1310,4096,31.98,1300.25,2535.92,190.16,5110.34,3350.29,0,105,39146,0,
2026-03-24T12:53:00+00:00,ATM-GB-0001,host-atm-gb-0001,Windows-Server-2019,6.1,1320,4096,32.23,1635.54,2418.1,48.78,1392.34,3171.92,0,82,73918,0,
2026-03-24T12:53:00+00:00,ATM-GB-0002,host-atm-gb-0002,Windows-Server-2019,29.99,887,4096,21.66,70.2,2743.44,114.06,9403.58,4319.69,0,110,32273,0,
2026-03-24T12:53:00+00:00,ATM-GB-0003,host-atm-gb-0003,Windows-Server-2019,30.4,1114,4096,27.2,2646.39,1350.56,97.04,2967.51,6458.91,0,92,61729,0,
2026-03-24T12:53:00+00:00,ATM-GB-0004,host-atm-gb-0004,Windows-Server-2019,6.24,1037,4096,25.32,4208.14,2238.18,151.49,8746.92,865.87,0,93,28271,0,
2026-03-24T12:54:00+00:00,ATM-GB-0001,host-atm-gb-0001,Windows-Server-2019,35.9,1307,4096,31.91,2096.73,2577.16,194.66,7987.66,6445.63,0,80,63880,0,
2026-03-24T12:54:00+00:00,ATM-GB-0002,host-atm-gb-0002,Windows-Server-2019,28.14,986,4096,24.07,4084.01,3048.27,60.69,4093.99,6362.78,0,85,14964,0,
2026-03-24T12:54:00+00:00,ATM-GB-0003,host-atm-gb-0003,Windows-Server-2019,34.3,1296,4096,31.64,618.65,1353.79,92.96,1073.36,9672.86,0,91,28489,0,
2026-03-24T12:54:00+00:00,ATM-GB-0004,host-atm-gb-0004,Windows-Server-2019,18.43,1007,4096,24.58,1086.05,1105.94,109.01,8872.25,6344.86,0,100,13161,0,
2026-03-24T12:55:00+00:00,ATM-GB-0001,host-atm-gb-0001,Windows-Server-2019,33.56,563,4096,13.75,3451.55,2613.46,87.31,250.39,522.69,0,107,54013,0,
2026-03-24T12:55:00+00:00,ATM-GB-0002,host-atm-gb-0002,Windows-Server-2019,35.47,1114,4096,27.2,2826.0,3484.52,98.09,7581.83,1388.23,0,82,34328,0,
2026-03-24T12:55:00+00:00,ATM-GB-0003,host-atm-gb-0003,Windows-Server-2019,7.78,584,4096,14.26,4748.58,3449.52,162.76,7952.78,15.94,0,118,33177,0,
2026-03-24T12:55:00+00:00,ATM-GB-0004,host-atm-gb-0004,Windows-Server-2019,25.97,512,4096,12.5,3210.13,2101.31,168.14,8229.28,1931.26,0,85,82016,0,
2026-03-24T12:56:00+00:00,ATM-GB-0001,host-atm-gb-0001,Windows-Server-2019,31.72,727,4096,17.75,2577.19,4562.07,94.33,2503.31,7637.69,0,101,12220,0,
2026-03-24T12:56:00+00:00,ATM-GB-0002,host-atm-gb-0002,Windows-Server-2019,5.75,1174,4096,28.66,3379.59,1800.49,164.39,8335.21,5435.55,0,86,33043,0,
2026-03-24T12:56:00+00:00,ATM-GB-0003,host-atm-gb-0003,Windows-Server-2019,31.86,1455,4096,35.52,3329.45,3111.86,118.54,7572.13,4741.66,0,81,50287,0,
2026-03-24T12:56:00+00:00,ATM-GB-0004,host-atm-gb-0004,Windows-Server-2019,10.85,1040,4096,25.39,3313.24,284.75,191.28,9600.26,9277.7,0,109,24110,0,
2026-03-24T12:57:00+00:00,ATM-GB-0001,host-atm-gb-0001,Windows-Server-2019,32.49,681,4096,16.63,2279.92,1682.56,165.07,9343.45,589.91,0,120,33599,0,
2026-03-24T12:57:00+00:00,ATM-GB-0002,host-atm-gb-0002,Windows-Server-2019,37.73,1167,4096,28.49,2875.97,951.39,90.24,5314.95,6277.79,0,116,3651,0,
2026-03-24T12:57:00+00:00,ATM-GB-0003,host-atm-gb-0003,Windows-Server-2019,30.06,536,4096,13.09,4767.72,3958.19,112.59,7217.74,3415.48,0,88,56819,0,
2026-03-24T12:57:00+00:00,ATM-GB-0004,host-atm-gb-0004,Windows-Server-2019,21.36,1306,4096,31.88,4530.99,1348.38,199.86,1817.48,819.8,0,109,78193,0,
2026-03-24T12:58:00+00:00,ATM-GB-0001,host-atm-gb-0001,Windows-Server-2019,36.24,906,4096,22.12,1586.7,1094.29,85.54,8931.18,5997.07,0,83,47273,0,
2026-03-24T12:58:00+00:00,ATM-GB-0002,host-atm-gb-0002,Windows-Server-2019,23.45,1376,4096,33.59,4135.89,3838.08,129.86,4802.32,7618.26,0,87,32244,0,
2026-03-24T12:58:00+00:00,ATM-GB-0003,host-atm-gb-0003,Windows-Server-2019,12.09,1449,4096,35.38,3099.31,2376.45,196.16,4460.4,3656.0,0,108,63371,0,
2026-03-24T12:58:00+00:00,ATM-GB-0004,host-atm-gb-0004,Windows-Server-2019,6.68,552,4096,13.48,3700.36,3862.96,121.62,8967.81,4482.97,0,92,61041,0,
2026-03-24T12:59:00+00:00,ATM-GB-0001,host-atm-gb-0001,Windows-Server-2019,10.7,1001,4096,24.44,436.26,2462.04,126.01,1415.55,5573.76,0,104,74383,0,
2026-03-24T12:59:00+00:00,ATM-GB-0002,host-atm-gb-0002,Windows-Server-2019,22.62,938,4096,22.9,1015.19,3857.47,165.74,1645.54,4093.85,0,115,68336,0,
2026-03-24T12:59:00+00:00,ATM-GB-0003,host-atm-gb-0003,Windows-Server-2019,6.68,553,4096,13.5,2274.42,4317.22,128.51,703.2,4610.26,0,108,33647,0,
2026-03-24T12:59:00+00:00,ATM-GB-0004,host-atm-gb-0004,Windows-Server-2019,29.11,1485,4096,36.25,4226.77,884.54,24.23,128.63,8541.96,0,83,52190,0,
2026-03-24T13:00:00+00:00,ATM-GB-0001,host-atm-gb-0001,Windows-Server-2019,31.95,1067,4096,26.05,2107.96,1102.51,72.97,7478.64,2130.8,0,118,41620,0,
2026-03-24T13:00:00+00:00,ATM-GB-0002,host-atm-gb-0002,Windows-Server-2019,24.19,1465,4096,35.77,4317.57,1393.32,92.51,110.94,8008.62,0,88,45866,0,
2026-03-24T13:00:00+00:00,ATM-GB-0003,host-atm-gb-0003,Windows-Server-2019,26.05,694,4096,16.94,3640.83,552.57,81.23,768.58,7574.03,0,96,32854,0,
2026-03-24T13:00:00+00:00,ATM-GB-0004,host-atm-gb-0004,Windows-Server-2019,12.21,983,4096,24.0,1874.76,1955.53,134.32,115.91,2048.87,0,113,11283,0,
2026-03-24T13:01:00+00:00,ATM-GB-0001,host-atm-gb-0001,Windows-Server-2019,15.69,943,4096,23.02,2393.29,2784.5,37.71,4242.17,4196.76,0,92,76502,0,
2026-03-24T13:01:00+00:00,ATM-GB-0002,host-atm-gb-0002,Windows-Server-2019,33.94,794,4096,19.38,2410.88,3617.72,133.58,166.85,6239.1,0,114,83978,0,
2026-03-24T13:01:00+00:00,ATM-GB-0003,host-atm-gb-0003,Windows-Server-2019,24.9,1153,4096,28.15,4869.78,1408.2,156.45,4730.33,3420.06,0,82,72737,0,
2026-03-24T13:01:00+00:00,ATM-GB-0004,host-atm-gb-0004,Windows-Server-2019,26.86,488,4096,11.91,2649.11,2718.99,193.11,9733.81,1849.99,0,102,14675,0,
2026-03-24T13:02:00+00:00,ATM-GB-0001,host-atm-gb-0001,Windows-Server-2019,24.99,1237,4096,30.2,3082.37,3728.97,99.77,7402.35,6122.46,0,86,73420,0,
2026-03-24T13:02:00+00:00,ATM-GB-0002,host-atm-gb-0002,Windows-Server-2019,19.83,1223,4096,29.86,2725.85,1241.55,188.92,3346.16,5435.98,0,113,47170,0,
2026-03-24T13:02:00+00:00,ATM-GB-0003,host-atm-gb-0003,Windows-Server-2019,10.33,1298,4096,31.69,2388.94,3729.73,152.17,796.58,6942.99,0,106,48198,0,
2026-03-24T13:02:00+00:00,ATM-GB-0004,host-atm-gb-0004,Windows-Server-2019,14.22,1138,4096,27.78,2995.84,4359.06,138.1,3209.7,8425.06,0,118,19661,0,
2026-03-24T13:03:00+00:00,ATM-GB-0001,host-atm-gb-0001,Windows-Server-2019,32.93,417,4096,10.18,1787.22,3194.49,134.29,1062.62,5071.98,0,106,77272,0,
2026-03-24T13:03:00+00:00,ATM-GB-0002,host-atm-gb-0002,Windows-Server-2019,15.9,1393,4096,34.01,1904.17,1530.02,118.26,4216.29,182.73,0,99,78550,0,
2026-03-24T13:03:00+00:00,ATM-GB-0003,host-atm-gb-0003,Windows-Server-2019,25.11,1146,4096,27.98,2980.45,4372.08,121.3,7531.55,8651.16,0,109,77365,0,
2026-03-24T13:03:00+00:00,ATM-GB-0004,host-atm-gb-0004,Windows-Server-2019,12.88,500,4096,12.21,4517.14,599.64,14.31,2963.1,7368.28,0,95,81825,0,
2026-03-24T13:04:00+00:00,ATM-GB-0001,host-atm-gb-0001,Windows-Server-2019,32.07,993,4096,24.24,2796.5,3485.78,139.69,2256.02,9790.89,0,117,12072,0,
2026-03-24T13:04:00+00:00,ATM-GB-0002,host-atm-gb-0002,Windows-Server-2019,10.25,942,4096,23.0,824.5,1313.05,183.13,9657.05,3626.89,0,80,13226,0,
2026-03-24T13:04:00+00:00,ATM-GB-0003,host-atm-gb-0003,Windows-Server-2019,12.76,1410,4096,34.42,1174.46,1771.09,194.57,5341.21,1666.05,0,118,81848,0,
2026-03-24T13:04:00+00:00,ATM-GB-0004,host-atm-gb-0004,Windows-Server-2019,30.07,1030,4096,25.15,433.63,2919.95,119.42,423.19,6641.25,0,102,11218,0,
2026-03-24T13:05:00+00:00,ATM-GB-0001,host-atm-gb-0001,Windows-Server-2019,21.15,472,4096,11.52,4707.77,3494.57,149.94,4914.53,4452.43,0,97,63893,0,
2026-03-24T13:05:00+00:00,ATM-GB-0002,host-atm-gb-0002,Windows-Server-2019,26.57,658,4096,16.06,457.12,3506.72,101.36,8425.88,5383.72,0,118,51110,0,
2026-03-24T13:05:00+00:00,ATM-GB-0003,host-atm-gb-0003,Windows-Server-2019,30.16,501,4096,12.23,2988.44,1111.76,126.32,5049.92,2670.04,0,107,15558,0,
2026-03-24T13:05:00+00:00,ATM-GB-0004,host-atm-gb-0004,Windows-Server-2019,34.91,693,4096,16.92,2555.08,4131.61,178.69,2843.19,5301.35,0,110,38771,0,
2026-03-24T13:06:00+00:00,ATM-GB-0001,host-atm-gb-0001,Windows-Server-2019,38.54,868,4096,21.19,4545.18,2858.38,33.71,4382.56,1147.97,0,82,25996,0,
2026-03-24T13:06:00+00:00,ATM-GB-0002,host-atm-gb-0002,Windows-Server-2019,9.45,538,4096,13.13,2497.18,3815.33,19.3,4581.29,7586.36,0,82,32365,0,
2026-03-24T13:06:00+00:00,ATM-GB-0003,host-atm-gb-0003,Windows-Server-2019,20.23,588,4096,14.36,3242.7,3780.64,29.67,4052.4,4942.02,0,88,35194,0,
2026-03-24T13:06:00+00:00,ATM-GB-0004,host-atm-gb-0004,Windows-Server-2019,34.98,1231,4096,30.05,3875.27,2549.54,145.94,4227.91,7861.0,0,100,53167,0,
2026-03-24T13:07:00+00:00,ATM-GB-0001,host-atm-gb-0001,Windows-Server-2019,20.93,732,4096,17.87,1903.03,3037.88,162.97,837.47,9173.3,0,120,47127,0,
2026-03-24T13:07:00+00:00,ATM-GB-0002,host-atm-gb-0002,Windows-Server-2019,5.35,848,4096,20.7,82.8,568.03,98.25,8766.04,9620.83,0,111,13983,0,
2026-03-24T13:07:00+00:00,ATM-GB-0003,host-atm-gb-0003,Windows-Server-2019,15.06,548,4096,13.38,4358.63,2434.61,89.21,3252.27,1507.8,0,103,72069,0,
2026-03-24T13:07:00+00:00,ATM-GB-0004,host-atm-gb-0004,Windows-Server-2019,13.17,874,4096,21.34,3779.23,4565.04,108.45,7217.05,7624.59,0,91,9526,0,
2026-03-24T13:08:00+00:00,ATM-GB-0001,host-atm-gb-0001,Windows-Server-2019,11.18,470,4096,11.47,29.36,4168.84,119.33,5270.93,8502.26,0,107,85665,0,
2026-03-24T13:08:00+00:00,ATM-GB-0002,host-atm-gb-0002,Windows-Server-2019,19.2,1027,4096,25.07,2071.3,2031.66,59.24,6125.92,3998.97,0,83,37664,0,
2026-03-24T13:08:00+00:00,ATM-GB-0003,host-atm-gb-0003,Windows-Server-2019,22.56,1121,4096,27.37,1751.24,3763.79,162.21,5708.57,3284.85,0,115,47651,0,
2026-03-24T13:08:00+00:00,ATM-GB-0004,host-atm-gb-0004,Windows-Server-2019,35.73,1493,4096,36.45,3889.88,1231.36,194.73,1982.76,6938.02,0,105,70267,0,
2026-03-24T13:09:00+00:00,ATM-GB-0001,host-atm-gb-0001,Windows-Server-2019,6.62,816,4096,19.92,4184.65,4090.35,78.96,4614.02,2096.38,0,91,78885,0,
2026-03-24T13:09:00+00:00,ATM-GB-0002,host-atm-gb-0002,Windows-Server-2019,24.42,603,4096,14.72,1921.14,723.38,144.04,4530.11,4567.81,0,90,42581,0,
2026-03-24T13:09:00+00:00,ATM-GB-0003,host-atm-gb-0003,Windows-Server-2019,20.91,941,4096,22.97,1042.65,4211.25,19.26,7689.55,8189.44,0,93,46728,0,
2026-03-24T13:09:00+00:00,ATM-GB-0004,host-atm-gb-0004,Windows-Server-2019,11.78,809,4096,19.75,2998.92,2575.01,39.93,1941.19,5765.94,0,83,83261,0,
2026-03-24T13:10:00+00:00,ATM-GB-0001,host-atm-gb-0001,Windows-Server-2019,39.09,1243,4096,30.35,1289.92,4484.88,20.92,5871.09,9249.3,0,108,14083,0,
2026-03-24T13:10:00+00:00,ATM-GB-0002,host-atm-gb-0002,Windows-Server-2019,8.49,617,4096,15.06,3815.07,2721.84,73.8,6976.87,8907.89,0,102,37344,0,
2026-03-24T13:10:00+00:00,ATM-GB-0003,host-atm-gb-0003,Windows-Server-2019,38.27,1311,4096,32.01,762.34,3995.15,194.43,9370.09,6306.1,0,81,37187,0,
2026-03-24T13:10:00+00:00,ATM-GB-0004,host-atm-gb-0004,Windows-Server-2019,27.6,1448,4096,35.35,1880.38,4944.36,24.87,7523.01,6448.63,0,120,55857,0,
2026-03-24T13:11:00+00:00,ATM-GB-0001,host-atm-gb-0001,Windows-Server-2019,12.76,899,4096,21.95,1509.79,4850.73,98.43,1038.53,2580.15,0,93,77666,0,
2026-03-24T13:11:00+00:00,ATM-GB-0002,host-atm-gb-0002,Windows-Server-2019,34.26,852,4096,20.8,128.78,4850.16,134.12,524.86,8726.37,0,90,26917,0,
2026-03-24T13:11:00+00:00,ATM-GB-0003,host-atm-gb-0003,Windows-Server-2019,28.72,1447,4096,35.33,1804.16,4059.92,23.41,4093.56,4638.58,0,109,28063,0,
2026-03-24T13:11:00+00:00,ATM-GB-0004,host-atm-gb-0004,Windows-Server-2019,6.43,1037,4096,25.32,4928.02,592.68,43.94,3479.15,4439.73,0,101,24290,0,
2026-03-24T13:12:00+00:00,ATM-GB-0001,host-atm-gb-0001,Windows-Server-2019,15.95,864,4096,21.09,2457.45,4030.5,87.47,1371.74,1009.37,0,114,12500,0,
2026-03-24T13:12:00+00:00,ATM-GB-0002,host-atm-gb-0002,Windows-Server-2019,15.03,1012,4096,24.71,640.33,1929.18,36.24,2013.75,6126.15,0,84,31182,0,
2026-03-24T13:12:00+00:00,ATM-GB-0003,host-atm-gb-0003,Windows-Server-2019,15.71,1224,4096,29.88,1116.62,4321.43,142.24,619.18,2844.14,0,93,74435,0,
2026-03-24T13:12:00+00:00,ATM-GB-0004,host-atm-gb-0004,Windows-Server-2019,25.04,802,4096,19.58,2983.52,903.09,93.91,4814.22,3680.85,0,111,68881,0,
2026-03-24T13:13:00+00:00,ATM-GB-0001,host-atm-gb-0001,Windows-Server-2019,11.39,1385,4096,33.81,4685.76,1971.77,124.39,156.64,7803.82,0,102,62580,0,
2026-03-24T13:13:00+00:00,ATM-GB-0002,host-atm-gb-0002,Windows-Server-2019,35.08,1184,4096,28.91,3021.86,939.61,198.2,4810.3,3588.32,0,85,80440,0,
2026-03-24T13:13:00+00:00,ATM-GB-0003,host-atm-gb-0003,Windows-Server-2019,12.56,475,4096,11.6,3874.31,421.08,32.66,3971.0,5768.83,0,111,82672,0,
2026-03-24T13:13:00+00:00,ATM-GB-0004,host-atm-gb-0004,Windows-Server-2019,24.18,1444,4096,35.25,1481.99,1270.39,73.14,5216.56,5478.96,0,108,41173,0,
2026-03-24T13:14:00+00:00,ATM-GB-0001,host-atm-gb-0001,Windows-Server-2019,5.53,736,4096,17.97,3764.74,605.08,30.87,9666.46,331.43,0,89,22342,0,
2026-03-24T13:14:00+00:00,ATM-GB-0002,host-atm-gb-0002,Windows-Server-2019,8.56,1049,4096,25.61,687.6,246.52,144.54,515.21,9046.89,0,103,22574,0,
2026-03-24T13:14:00+00:00,ATM-GB-0003,host-atm-gb-0003,Windows-Server-2019,8.92,1351,4096,32.98,2976.83,67.9,43.35,3187.38,9775.96,0,105,70412,0,
2026-03-24T13:14:00+00:00,ATM-GB-0004,host-atm-gb-0004,Windows-Server-2019,16.02,525,4096,12.82,2813.82,2635.32,161.47,6646.12,7726.49,0,99,41776,0,
2026-03-24T13:15:00+00:00,ATM-GB-0001,host-atm-gb-0001,Windows-Server-2019,35.67,955,4096,23.32,4587.68,4424.02,160.67,8271.4,429.94,0,118,47897,0,
2026-03-24T13:15:00+00:00,ATM-GB-0002,host-atm-gb-0002,Windows-Server-2019,34.08,1097,4096,26.78,1027.41,757.29,157.2,8147.58,3797.8,0,111,71655,0,
2026-03-24T13:15:00+00:00,ATM-GB-0003,host-atm-gb-0003,Windows-Server-2019,14.88,830,4096,20.26,174.82,230.11,72.45,1887.21,2097.35,0,110,58805,0,
2026-03-24T13:15:00+00:00,ATM-GB-0004,host-atm-gb-0004,Windows-Server-2019,23.26,907,4096,22.14,951.25,4033.75,189.14,9421.05,8148.99,0,100,38932,0,
2026-03-24T13:16:00+00:00,ATM-GB-0001,host-atm-gb-0001,Windows-Server-2019,21.26,1194,4096,29.15,4850.73,1532.62,133.04,1279.48,1225.79,0,88,79875,0,
2026-03-24T13:16:00+00:00,ATM-GB-0002,host-atm-gb-0002,Windows-Server-2019,39.35,446,4096,10.89,3271.67,1138.09,155.37,9646.15,4051.14,0,120,43903,0,
2026-03-24T13:16:00+00:00,ATM-GB-0003,host-atm-gb-0003,Windows-Server-2019,32.0,1269,4096,30.98,1139.45,4521.24,137.61,9626.75,6436.34,0,83,81949,0,
2026-03-24T13:16:00+00:00,ATM-GB-0004,host-atm-gb-0004,Windows-Server-2019,11.82,428,4096,10.45,3178.93,4897.99,108.51,2362.15,8341.19,0,92,45615,0,
2026-03-24T13:17:00+00:00,ATM-GB-0001,host-atm-gb-0001,Windows-Server-2019,37.49,1449,4096,35.38,4364.23,2602.0,120.43,6148.5,779.01,0,87,57145,0,
2026-03-24T13:17:00+00:00,ATM-GB-0002,host-atm-gb-0002,Windows-Server-2019,38.23,723,4096,17.65,3142.58,1765.84,186.92,4304.99,3680.02,0,95,73548,0,
2026-03-24T13:17:00+00:00,ATM-GB-0003,host-atm-gb-0003,Windows-Server-2019,38.75,1287,4096,31.42,875.58,684.43,113.45,6943.06,6317.31,0,101,57518,0,
2026-03-24T13:17:00+00:00,ATM-GB-0004,host-atm-gb-0004,Windows-Server-2019,31.95,807,4096,19.7,3426.11,4257.71,12.49,2154.66,2620.44,0,118,49854,0,
2026-03-24T13:18:00+00:00,ATM-GB-0001,host-atm-gb-0001,Windows-Server-2019,8.87,1259,4096,30.74,2104.46,1887.05,70.66,6596.53,1045.38,0,119,66640,0,
2026-03-24T13:18:00+00:00,ATM-GB-0002,host-atm-gb-0002,Windows-Server-2019,25.59,1387,4096,33.86,4338.77,959.47,176.81,8855.41,2561.7,0,83,20842,0,
2026-03-24T13:18:00+00:00,ATM-GB-0003,host-atm-gb-0003,Windows-Server-2019,9.67,1251,4096,30.54,2024.75,2980.79,60.07,2262.14,5986.41,0,90,60386,0,
2026-03-24T13:18:00+00:00,ATM-GB-0004,host-atm-gb-0004,Windows-Server-2019,9.43,1419,4096,34.64,3339.89,798.35,22.26,911.26,216.3,0,85,21633,0,
2026-03-24T13:19:00+00:00,ATM-GB-0001,host-atm-gb-0001,Windows-Server-2019,20.87,744,4096,18.16,1037.73,3818.83,13.18,3079.39,863.74,0,114,75137,0,
2026-03-24T13:19:00+00:00,ATM-GB-0002,host-atm-gb-0002,Windows-Server-2019,11.15,1028,4096,25.1,3093.48,1846.24,10.76,6238.31,7299.81,0,105,41227,0,
2026-03-24T13:19:00+00:00,ATM-GB-0003,host-atm-gb-0003,Windows-Server-2019,37.47,1103,4096,26.93,739.15,4791.51,118.39,8511.22,7609.98,0,86,55952,0,
2026-03-24T13:19:00+00:00,ATM-GB-0004,host-atm-gb-0004,Windows-Server-2019,18.63,652,4096,15.92,3862.66,3837.82,153.33,690.22,9386.93,0,107,46638,0,
2026-03-24T13:20:00+00:00,ATM-GB-0001,host-atm-gb-0001,Windows-Server-2019,33.91,605,4096,14.77,2296.59,487.25,45.57,94.19,4091.66,0,86,14320,0,
2026-03-24T13:20:00+00:00,ATM-GB-0002,host-atm-gb-0002,Windows-Server-2019,37.14,404,4096,9.86,2993.87,541.97,159.71,7155.49,8264.86,0,86,16849,0,
2026-03-24T13:20:00+00:00,ATM-GB-0003,host-atm-gb-0003,Windows-Server-2019,7.72,554,4096,13.53,3574.3,2115.0,177.68,6186.47,1838.28,0,81,85194,0,
2026-03-24T13:20:00+00:00,ATM-GB-0004,host-atm-gb-0004,Windows-Server-2019,6.22,658,4096,16.06,2584.33,3136.78,196.21,4428.15,8293.36,0,106,43523,0,
2026-03-24T13:21:00+00:00,ATM-GB-0001,host-atm-gb-0001,Windows-Server-2019,23.06,973,4096,23.75,290.47,3425.57,134.13,5371.09,5220.86,0,108,49630,0,
2026-03-24T13:21:00+00:00,ATM-GB-0002,host-atm-gb-0002,Windows-Server-2019,12.64,722,4096,17.63,1503.42,2732.97,105.03,8990.59,5622.86,0,92,62728,0,
2026-03-24T13:21:00+00:00,ATM-GB-0003,host-atm-gb-0003,Windows-Server-2019,6.53,921,4096,22.49,4145.71,3393.67,44.57,9154.39,3798.94,0,102,41312,0,
2026-03-24T13:21:00+00:00,ATM-GB-0004,host-atm-gb-0004,Windows-Server-2019,35.64,1362,4096,33.25,2753.76,3339.77,132.71,1313.91,1055.86,0,106,66320,0,
2026-03-24T13:22:00+00:00,ATM-GB-0001,host-atm-gb-0001,Windows-Server-2019,13.7,1217,4096,29.71,3077.56,389.61,20.38,1025.93,7246.45,0,116,12697,0,
2026-03-24T13:22:00+00:00,ATM-GB-0002,host-atm-gb-0002,Windows-Server-2019,8.31,981,4096,23.95,4925.93,362.58,185.36,4445.67,6013.79,0,111,14179,0,
2026-03-24T13:22:00+00:00,ATM-GB-0003,host-atm-gb-0003,Windows-Server-2019,39.08,1107,4096,27.03,2010.47,3736.73,134.78,846.91,6584.21,0,105,62546,0,
2026-03-24T13:22:00+00:00,ATM-GB-0004,host-atm-gb-0004,Windows-Server-2019,37.04,558,4096,13.62,3579.45,2208.65,90.17,3943.89,8580.17,0,118,43102,0,
2026-03-24T13:23:00+00:00,ATM-GB-0001,host-atm-gb-0001,Windows-Server-2019,7.29,1156,4096,28.22,820.14,4423.21,169.54,542.73,7468.67,0,83,17629,0,
2026-03-24T13:23:00+00:00,ATM-GB-0002,host-atm-gb-0002,Windows-Server-2019,27.13,1112,4096,27.15,749.85,3719.61,72.53,8140.16,4525.81,0,80,39810,0,
2026-03-24T13:23:00+00:00,ATM-GB-0003,host-atm-gb-0003,Windows-Server-2019,33.23,1043,4096,25.46,1505.67,1162.79,100.67,218.56,6193.41,0,111,18167,0,
2026-03-24T13:23:00+00:00,ATM-GB-0004,host-atm-gb-0004,Windows-Server-2019,35.79,890,4096,21.73,94.25,3493.53,169.76,4498.91,2025.59,0,96,70284,0,
2026-03-24T13:24:00+00:00,ATM-GB-0001,host-atm-gb-0001,Windows-Server-2019,15.42,737,4096,17.99,1909.77,1408.49,72.48,2906.67,4046.72,0,91,47818,0,
2026-03-24T13:24:00+00:00,ATM-GB-0002,host-atm-gb-0002,Windows-Server-2019,13.6,986,4096,24.07,1560.68,2054.27,113.02,2210.68,1134.86,0,117,42593,0,
2026-03-24T13:24:00+00:00,ATM-GB-0003,host-atm-gb-0003,Windows-Server-2019,17.42,501,4096,12.23,1856.39,2038.68,199.62,8552.12,7205.91,0,88,59310,0,
2026-03-24T13:24:00+00:00,ATM-GB-0004,host-atm-gb-0004,Windows-Server-2019,38.49,987,4096,24.1,1099.74,682.86,48.75,2076.01,5401.21,0,116,32504,0,
2026-03-24T13:25:00+00:00,ATM-GB-0001,host-atm-gb-0001,Windows-Server-2019,23.53,917,4096,22.39,3157.35,991.99,47.4,3013.91,7155.72,0,116,58882,0,
2026-03-24T13:25:00+00:00,ATM-GB-0002,host-atm-gb-0002,Windows-Server-2019,28.94,604,4096,14.75,1617.62,1211.3,116.39,3971.31,9581.02,0,115,49963,0,
2026-03-24T13:25:00+00:00,ATM-GB-0003,host-atm-gb-0003,Windows-Server-2019,5.46,694,4096,16.94,2787.9,848.28,103.65,7021.27,6186.47,0,82,27611,0,
2026-03-24T13:25:00+00:00,ATM-GB-0004,host-atm-gb-0004,Windows-Server-2019,8.82,764,4096,18.65,2912.33,903.99,85.44,2951.22,137.16,0,120,29409,0,
2026-03-24T13:26:00+00:00,ATM-GB-0001,host-atm-gb-0001,Windows-Server-2019,6.81,923,4096,22.53,2796.85,3308.9,21.52,5915.65,9169.85,0,102,47053,0,
2026-03-24T13:26:00+00:00,ATM-GB-0002,host-atm-gb-0002,Windows-Server-2019,20.87,1397,4096,34.11,2919.71,4606.75,24.22,3057.02,2167.61,0,80,12088,0,
2026-03-24T13:26:00+00:00,ATM-GB-0003,host-atm-gb-0003,Windows-Server-2019,8.71,1485,4096,36.25,1555.43,4224.38,56.14,3660.89,3448.58,0,85,72627,0,
2026-03-24T13:26:00+00:00,ATM-GB-0004,host-atm-gb-0004,Windows-Server-2019,14.78,638,4096,15.58,2520.72,3396.13,114.17,8023.76,8312.38,0,98,17428,0,
2026-03-24T13:27:00+00:00,ATM-GB-0001,host-atm-gb-0001,Windows-Server-2019,12.6,675,4096,16.48,4292.96,4334.04,154.94,5163.82,6904.43,0,101,49166,0,
2026-03-24T13:27:00+00:00,ATM-GB-0002,host-atm-gb-0002,Windows-Server-2019,37.37,934,4096,22.8,3023.03,4553.78,143.91,3868.69,3752.21,0,118,57665,0,
2026-03-24T13:27:00+00:00,ATM-GB-0003,host-atm-gb-0003,Windows-Server-2019,22.99,658,4096,16.06,2442.53,3213.01,75.41,2283.58,1906.08,0,116,33555,0,
2026-03-24T13:27:00+00:00,ATM-GB-0004,host-atm-gb-0004,Windows-Server-2019,12.96,931,4096,22.73,556.24,3954.77,196.96,6184.48,8253.11,0,107,17163,0,
2026-03-24T13:28:00+00:00,ATM-GB-0001,host-atm-gb-0001,Windows-Server-2019,7.72,1150,4096,28.08,1986.36,1157.23,46.53,2778.25,7666.57,0,117,67307,0,
2026-03-24T13:28:00+00:00,ATM-GB-0002,host-atm-gb-0002,Windows-Server-2019,15.43,1497,4096,36.55,1330.94,1732.35,121.92,8937.85,1128.81,0,120,47689,0,
2026-03-24T13:28:00+00:00,ATM-GB-0003,host-atm-gb-0003,Windows-Server-2019,15.83,1307,4096,31.91,4483.23,3411.63,130.8,2184.25,6012.64,0,118,29545,0,
2026-03-24T13:28:00+00:00,ATM-GB-0004,host-atm-gb-0004,Windows-Server-2019,22.9,1466,4096,35.79,2201.17,2485.36,119.86,4005.8,8860.55,0,100,76889,0,
2026-03-24T13:29:00+00:00,ATM-GB-0001,host-atm-gb-0001,Windows-Server-2019,36.77,1007,4096,24.58,398.93,4186.38,39.4,7066.18,7969.49,0,113,14090,0,
2026-03-24T13:29:00+00:00,ATM-GB-0002,host-atm-gb-0002,Windows-Server-2019,16.29,1496,4096,36.52,3065.82,3353.48,134.87,3141.48,8356.41,0,80,22068,0,
2026-03-24T13:29:00+00:00,ATM-GB-0003,host-atm-gb-0003,Windows-Server-2019,19.55,499,4096,12.18,800.75,2190.77,144.89,9075.27,7928.59,0,118,4599,0,
2026-03-24T13:29:00+00:00,ATM-GB-0004,host-atm-gb-0004,Windows-Server-2019,11.97,869,4096,21.22,4372.86,2168.75,169.09,1333.88,6243.16,0,81,50544,0,
2026-03-24T13:30:00+00:00,ATM-GB-0001,host-atm-gb-0001,Windows-Server-2019,32.26,764,4096,18.65,3686.89,449.49,87.39,8720.44,4210.08,0,118,15076,0,
2026-03-24T13:30:00+00:00,ATM-GB-0002,host-atm-gb-0002,Windows-Server-2019,21.69,711,4096,17.36,81.89,1106.14,113.87,7487.78,1286.95,0,107,61429,0,
2026-03-24T13:30:00+00:00,ATM-GB-0003,host-atm-gb-0003,Windows-Server-2019,31.84,1306,4096,31.88,3506.45,319.18,45.97,779.27,4008.42,0,84,53416,0,
2026-03-24T13:30:00+00:00,ATM-GB-0004,host-atm-gb-0004,Windows-Server-2019,18.72,1429,4096,34.89,995.89,3013.29,25.64,9171.19,5341.18,0,120,32331,0,
2026-03-24T13:31:00+00:00,ATM-GB-0001,host-atm-gb-0001,Windows-Server-2019,21.1,519,4096,12.67,3924.33,3072.86,44.0,7485.72,779.77,0,106,21485,0,
2026-03-24T13:31:00+00:00,ATM-GB-0002,host-atm-gb-0002,Windows-Server-2019,33.96,436,4096,10.64,2900.71,119.09,92.79,6996.21,7652.77,0,94,14099,0,
2026-03-24T13:31:00+00:00,ATM-GB-0003,host-atm-gb-0003,Windows-Server-2019,19.89,1178,4096,28.76,4778.97,4163.7,179.16,2418.1,4217.63,0,83,83577,0,
2026-03-24T13:31:00+00:00,ATM-GB-0004,host-atm-gb-0004,Windows-Server-2019,19.65,1237,4096,30.2,4776.94,1566.22,67.72,2592.8,7698.76,0,87,74296,0,
2026-03-24T13:32:00+00:00,ATM-GB-0001,host-atm-gb-0001,Windows-Server-2019,32.25,892,4096,21.78,4800.28,2556.69,118.92,1672.8,3443.94,0,113,44109,0,
2026-03-24T13:32:00+00:00,ATM-GB-0002,host-atm-gb-0002,Windows-Server-2019,15.5,682,4096,16.65,1878.75,3792.67,115.78,209.16,4530.27,0,101,19288,0,
2026-03-24T13:32:00+00:00,ATM-GB-0003,host-atm-gb-0003,Windows-Server-2019,22.95,673,4096,16.43,3148.01,3238.15,156.08,1342.96,7589.23,0,118,63402,0,
2026-03-24T13:32:00+00:00,ATM-GB-0004,host-atm-gb-0004,Windows-Server-2019,25.75,1357,4096,33.13,363.38,3305.65,28.04,3403.15,4021.7,0,109,69905,0,
2026-03-24T13:33:00+00:00,ATM-GB-0001,host-atm-gb-0001,Windows-Server-2019,24.62,1382,4096,33.74,561.77,2615.87,152.91,2478.33,857.08,0,94,76925,0,
2026-03-24T13:33:00+00:00,ATM-GB-0002,host-atm-gb-0002,Windows-Server-2019,7.77,1081,4096,26.39,919.73,4877.76,161.58,2668.38,2617.89,0,85,65972,0,
2026-03-24T13:33:00+00:00,ATM-GB-0003,host-atm-gb-0003,Windows-Server-2019,10.07,763,4096,18.63,1007.41,2270.96,140.15,7873.11,7251.37,0,107,46381,0,
2026-03-24T13:33:00+00:00,ATM-GB-0004,host-atm-gb-0004,Windows-Server-2019,36.17,597,4096,14.58,2679.43,2193.56,13.86,4716.03,3780.82,0,86,61114,0,
2026-03-24T13:34:00+00:00,ATM-GB-0001,host-atm-gb-0001,Windows-Server-2019,29.09,1011,4096,24.68,2890.72,1764.26,153.15,9175.87,2846.5,0,94,51000,0,
2026-03-24T13:34:00+00:00,ATM-GB-0002,host-atm-gb-0002,Windows-Server-2019,15.37,1480,4096,36.13,4462.87,143.13,114.21,7246.77,7291.7,0,89,64540,0,
2026-03-24T13:34:00+00:00,ATM-GB-0003,host-atm-gb-0003,Windows-Server-2019,10.71,569,4096,13.89,2387.39,2963.33,38.81,696.15,862.51,0,83,56726,0,
2026-03-24T13:34:00+00:00,ATM-GB-0004,host-atm-gb-0004,Windows-Server-2019,23.06,1420,4096,34.67,11.58,1813.17,31.42,7944.35,4215.64,0,95,60426,0,
2026-03-24T13:35:00+00:00,ATM-GB-0001,host-atm-gb-0001,Windows-Server-2019,6.35,1266,4096,30.91,3586.19,3092.3,136.71,7039.54,4671.81,0,99,80337,0,
2026-03-24T13:35:00+00:00,ATM-GB-0002,host-atm-gb-0002,Windows-Server-2019,21.33,562,4096,13.72,3876.97,1321.08,152.91,3933.03,7244.58,0,95,61669,0,
2026-03-24T13:35:00+00:00,ATM-GB-0003,host-atm-gb-0003,Windows-Server-2019,35.58,680,4096,16.6,175.67,273.96,97.22,1805.76,2153.51,0,100,44387,0,
2026-03-24T13:35:00+00:00,ATM-GB-0004,host-atm-gb-0004,Windows-Server-2019,17.1,968,4096,23.63,2869.81,4397.46,40.17,7521.92,5158.35,0,89,10068,0,
2026-03-24T13:36:00+00:00,ATM-GB-0001,host-atm-gb-0001,Windows-Server-2019,20.41,744,4096,18.16,4656.28,1544.72,67.13,4309.73,5406.43,0,97,38112,0,
2026-03-24T13:36:00+00:00,ATM-GB-0002,host-atm-gb-0002,Windows-Server-2019,21.63,936,4096,22.85,945.66,1548.66,158.16,6437.59,5754.15,0,114,6333,0,
2026-03-24T13:36:00+00:00,ATM-GB-0003,host-atm-gb-0003,Windows-Server-2019,21.52,586,4096,14.31,3976.31,487.48,167.53,8774.37,7275.97,0,106,13166,0,
2026-03-24T13:36:00+00:00,ATM-GB-0004,host-atm-gb-0004,Windows-Server-2019,26.33,1203,4096,29.37,4727.37,1789.81,23.31,7053.62,8512.95,0,110,61067,0,
2026-03-24T13:37:00+00:00,ATM-GB-0001,host-atm-gb-0001,Windows-Server-2019,26.81,578,4096,14.11,2160.18,3866.41,196.75,4994.14,6812.89,0,119,59986,0,
2026-03-24T13:37:00+00:00,ATM-GB-0002,host-atm-gb-0002,Windows-Server-2019,9.16,1444,4096,35.25,144.14,2563.08,102.42,4725.99,9265.43,0,89,64118,0,
2026-03-24T13:37:00+00:00,ATM-GB-0003,host-atm-gb-0003,Windows-Server-2019,38.39,1359,4096,33.18,2887.47,856.78,109.5,5832.54,6819.51,0,83,42178,0,
2026-03-24T13:37:00+00:00,ATM-GB-0004,host-atm-gb-0004,Windows-Server-2019,31.15,601,4096,14.67,4993.18,2629.17,30.28,8206.03,5042.78,0,112,18960,0,
2026-03-24T13:38:00+00:00,ATM-GB-0001,host-atm-gb-0001,Windows-Server-2019,24.38,1226,4096,29.93,3117.33,3759.34,25.51,6481.5,7045.14,0,88,49371,0,
2026-03-24T13:38:00+00:00,ATM-GB-0002,host-atm-gb-0002,Windows-Server-2019,17.51,1199,4096,29.27,2091.69,2383.3,19.21,9622.36,6045.83,0,113,56893,0,
2026-03-24T13:38:00+00:00,ATM-GB-0003,host-atm-gb-0003,Windows-Server-2019,15.06,1071,4096,26.15,197.55,867.59,84.02,6880.91,5397.54,0,91,41524,0,
2026-03-24T13:38:00+00:00,ATM-GB-0004,host-atm-gb-0004,Windows-Server-2019,6.7,1243,4096,30.35,20.51,3933.15,137.66,8172.38,4799.15,0,97,71271,0,
2026-03-24T13:39:00+00:00,ATM-GB-0001,host-atm-gb-0001,Windows-Server-2019,35.98,927,4096,22.63,396.6,286.99,180.96,3016.39,2774.79,0,120,22082,0,
2026-03-24T13:39:00+00:00,ATM-GB-0002,host-atm-gb-0002,Windows-Server-2019,12.42,1078,4096,26.32,1268.6,1499.35,75.27,4874.78,6818.94,0,111,17342,0,
2026-03-24T13:39:00+00:00,ATM-GB-0003,host-atm-gb-0003,Windows-Server-2019,39.08,1087,4096,26.54,1007.27,2995.64,31.5,7125.2,8085.83,0,82,80131,0,
2026-03-24T13:39:00+00:00,ATM-GB-0004,host-atm-gb-0004,Windows-Server-2019,39.93,1114,4096,27.2,135.54,2254.99,58.68,2857.58,78.26,0,120,53841,0,
2026-03-24T13:40:00+00:00,ATM-GB-0001,host-atm-gb-0001,Windows-Server-2019,33.36,1440,4096,35.16,1781.12,3175.08,190.15,9646.91,9753.4,0,82,27326,0,
2026-03-24T13:40:00+00:00,ATM-GB-0002,host-atm-gb-0002,Windows-Server-2019,15.16,1031,4096,25.17,1214.99,3466.22,97.44,815.59,1971.4,0,95,71236,0,
2026-03-24T13:40:00+00:00,ATM-GB-0003,host-atm-gb-0003,Windows-Server-2019,17.1,863,4096,21.07,3826.09,402.73,36.25,1954.04,2532.41,0,103,75700,0,
2026-03-24T13:40:00+00:00,ATM-GB-0004,host-atm-gb-0004,Windows-Server-2019,30.19,856,4096,20.9,3645.28,4668.58,170.6,2260.74,9331.62,0,89,16944,0,
2026-03-24T13:41:00+00:00,ATM-GB-0001,host-atm-gb-0001,Windows-Server-2019,13.01,817,4096,19.95,1891.42,3266.16,47.25,5404.91,6331.43,0,91,60198,0,
2026-03-24T13:41:00+00:00,ATM-GB-0002,host-atm-gb-0002,Windows-Server-2019,17.94,465,4096,11.35,2287.87,2955.87,112.29,3206.74,6848.46,0,90,4913,0,
2026-03-24T13:41:00+00:00,ATM-GB-0003,host-atm-gb-0003,Windows-Server-2019,32.23,1102,4096,26.9,1355.35,2470.01,60.79,6620.41,703.8,0,118,80017,0,
2026-03-24T13:41:00+00:00,ATM-GB-0004,host-atm-gb-0004,Windows-Server-2019,31.53,404,4096,9.86,2827.03,4828.71,37.19,3408.46,589.25,0,84,22411,0,
2026-03-24T13:42:00+00:00,ATM-GB-0001,host-atm-gb-0001,Windows-Server-2019,15.42,559,4096,13.65,3554.85,4529.87,88.55,9562.44,7727.8,0,106,84732,0,
2026-03-24T13:42:00+00:00,ATM-GB-0002,host-atm-gb-0002,Windows-Server-2019,9.55,524,4096,12.79,787.99,3859.91,181.02,6512.66,4983.45,0,80,40161,0,
2026-03-24T13:42:00+00:00,ATM-GB-0003,host-atm-gb-0003,Windows-Server-2019,10.54,1125,4096,27.47,573.09,916.92,36.73,411.24,4149.01,0,117,46615,0,
2026-03-24T13:42:00+00:00,ATM-GB-0004,host-atm-gb-0004,Windows-Server-2019,14.54,483,4096,11.79,1755.03,1681.65,168.32,6538.64,7937.13,0,115,67670,0,
2026-03-24T13:43:00+00:00,ATM-GB-0001,host-atm-gb-0001,Windows-Server-2019,29.88,610,4096,14.89,1954.91,24.17,116.28,3285.97,9708.71,0,111,58754,0,
2026-03-24T13:43:00+00:00,ATM-GB-0002,host-atm-gb-0002,Windows-Server-2019,20.32,1082,4096,26.42,3306.99,4418.75,152.03,3030.96,5942.93,0,119,51988,0,
2026-03-24T13:43:00+00:00,ATM-GB-0003,host-atm-gb-0003,Windows-Server-2019,17.27,1340,4096,32.71,4685.99,4185.07,30.51,6186.33,9055.03,0,90,19224,0,
2026-03-24T13:43:00+00:00,ATM-GB-0004,host-atm-gb-0004,Windows-Server-2019,15.04,405,4096,9.89,1484.37,4808.63,175.35,7784.95,8511.08,0,93,23502,0,
2026-03-24T13:44:00+00:00,ATM-GB-0001,host-atm-gb-0001,Windows-Server-2019,14.26,1370,4096,33.45,1039.64,3021.24,183.27,2463.82,3125.59,0,116,84637,0,
2026-03-24T13:44:00+00:00,ATM-GB-0002,host-atm-gb-0002,Windows-Server-2019,14.07,738,4096,18.02,1711.54,2270.09,125.75,7628.62,7733.99,0,111,31157,0,
2026-03-24T13:44:00+00:00,ATM-GB-0003,host-atm-gb-0003,Windows-Server-2019,21.46,906,4096,22.12,4755.89,1882.61,147.93,1644.16,2596.3,0,93,61231,0,
2026-03-24T13:44:00+00:00,ATM-GB-0004,host-atm-gb-0004,Windows-Server-2019,6.41,1281,4096,31.27,3822.19,2433.93,139.89,5654.02,5566.89,0,117,70822,0,
2026-03-24T13:45:00+00:00,ATM-GB-0001,host-atm-gb-0001,Windows-Server-2019,20.47,585,4096,14.28,4568.89,225.11,195.83,5655.08,4198.45,0,89,48185,0,
2026-03-24T13:45:00+00:00,ATM-GB-0002,host-atm-gb-0002,Windows-Server-2019,28.7,1352,4096,33.01,1709.52,127.78,31.21,3335.43,9057.03,0,100,18403,0,
2026-03-24T13:45:00+00:00,ATM-GB-0003,host-atm-gb-0003,Windows-Server-2019,6.95,1166,4096,28.47,2013.47,1558.53,80.31,6712.84,2850.2,0,104,11541,0,
2026-03-24T13:45:00+00:00,ATM-GB-0004,host-atm-gb-0004,Windows-Server-2019,21.82,546,4096,13.33,4007.13,1135.48,192.74,6142.72,2541.71,0,90,23700,0,
2026-03-24T13:46:00+00:00,ATM-GB-0001,host-atm-gb-0001,Windows-Server-2019,10.92,1417,4096,34.59,3328.52,3406.17,16.5,17.1,5360.95,0,94,5454,0,
2026-03-24T13:46:00+00:00,ATM-GB-0002,host-atm-gb-0002,Windows-Server-2019,30.69,1037,4096,25.32,1618.67,2495.79,90.64,4467.74,2899.78,0,90,82576,0,
2026-03-24T13:46:00+00:00,ATM-GB-0003,host-atm-gb-0003,Windows-Server-2019,13.77,917,4096,22.39,1214.81,2827.56,47.29,7739.69,5913.49,0,101,46022,0,
2026-03-24T13:46:00+00:00,ATM-GB-0004,host-atm-gb-0004,Windows-Server-2019,15.59,808,4096,19.73,2646.02,3290.76,32.29,5513.62,2377.58,0,109,14537,0,
2026-03-24T13:47:00+00:00,ATM-GB-0001,host-atm-gb-0001,Windows-Server-2019,35.39,943,4096,23.02,326.61,245.56,81.76,8652.27,6701.87,0,93,8204,0,
2026-03-24T13:47:00+00:00,ATM-GB-0002,host-atm-gb-0002,Windows-Server-2019,18.75,712,4096,17.38,2782.28,402.3,64.92,47.46,1349.71,0,98,71130,0,
2026-03-24T13:47:00+00:00,ATM-GB-0003,host-atm-gb-0003,Windows-Server-2019,6.29,692,4096,16.89,4610.65,2166.85,113.82,4178.81,3045.21,0,105,12697,0,
2026-03-24T13:47:00+00:00,ATM-GB-0004,host-atm-gb-0004,Windows-Server-2019,11.32,1199,4096,29.27,4823.03,1448.1,34.89,2340.78,5474.09,0,94,81613,0,
2026-03-24T13:48:00+00:00,ATM-GB-0001,host-atm-gb-0001,Windows-Server-2019,23.95,1424,4096,34.77,4166.98,2642.08,69.23,8463.35,8545.3,0,85,5354,0,
2026-03-24T13:48:00+00:00,ATM-GB-0002,host-atm-gb-0002,Windows-Server-2019,5.55,1228,4096,29.98,2125.99,2983.81,159.95,7042.66,9414.44,0,94,36838,0,
2026-03-24T13:48:00+00:00,ATM-GB-0003,host-atm-gb-0003,Windows-Server-2019,12.08,1116,4096,27.25,3870.15,123.91,72.46,2675.2,8890.5,0,97,79256,0,
2026-03-24T13:48:00+00:00,ATM-GB-0004,host-atm-gb-0004,Windows-Server-2019,7.16,1309,4096,31.96,2325.31,918.7,161.76,7444.49,8317.94,0,90,29856,0,
2026-03-24T13:49:00+00:00,ATM-GB-0001,host-atm-gb-0001,Windows-Server-2019,15.53,609,4096,14.87,2172.43,2449.37,168.91,6142.22,4394.03,0,114,30171,0,
2026-03-24T13:49:00+00:00,ATM-GB-0002,host-atm-gb-0002,Windows-Server-2019,5.28,1372,4096,33.5,3366.21,2050.41,85.0,4386.28,1798.34,0,88,60149,0,
2026-03-24T13:49:00+00:00,ATM-GB-0003,host-atm-gb-0003,Windows-Server-2019,5.9,855,4096,20.87,4057.86,2989.27,74.35,4665.02,1264.12,0,89,10413,0,
2026-03-24T13:49:00+00:00,ATM-GB-0004,host-atm-gb-0004,Windows-Server-2019,15.84,1183,4096,28.88,1619.42,974.85,190.28,6965.97,5610.31,0,86,32023,0,
2026-03-24T13:50:00+00:00,ATM-GB-0001,host-atm-gb-0001,Windows-Server-2019,21.2,403,4096,9.84,3458.51,4843.29,179.88,8942.02,3783.65,0,83,28266,0,
2026-03-24T13:50:00+00:00,ATM-GB-0002,host-atm-gb-0002,Windows-Server-2019,29.83,1478,4096,36.08,1916.23,3263.65,57.95,6158.03,5134.88,0,117,78021,0,
2026-03-24T13:50:00+00:00,ATM-GB-0003,host-atm-gb-0003,Windows-Server-2019,6.89,1095,4096,26.73,3859.8,3869.79,178.15,8356.01,567.04,0,106,64519,0,
2026-03-24T13:50:00+00:00,ATM-GB-0004,host-atm-gb-0004,Windows-Server-2019,36.55,1499,4096,36.6,2322.5,2801.63,138.18,4152.41,3764.43,0,101,33702,0,
2026-03-24T13:51:00+00:00,ATM-GB-0001,host-atm-gb-0001,Windows-Server-2019,12.64,998,4096,24.37,4065.83,3826.17,11.97,752.54,4974.52,0,109,3754,0,
2026-03-24T13:51:00+00:00,ATM-GB-0002,host-atm-gb-0002,Windows-Server-2019,38.48,1414,4096,34.52,652.38,4924.27,28.32,1359.02,1545.41,0,104,84440,0,
2026-03-24T13:51:00+00:00,ATM-GB-0003,host-atm-gb-0003,Windows-Server-2019,29.42,749,4096,18.29,2919.66,3191.69,170.11,3643.75,7644.33,0,116,7054,0,
2026-03-24T13:51:00+00:00,ATM-GB-0004,host-atm-gb-0004,Windows-Server-2019,20.51,799,4096,19.51,3206.62,4023.74,132.73,952.79,8358.36,0,97,7015,0,
2026-03-24T13:52:00+00:00,ATM-GB-0001,host-atm-gb-0001,Windows-Server-2019,10.15,1023,4096,24.98,4510.28,3640.27,182.6,4672.7,6108.22,0,120,33074,0,
2026-03-24T13:52:00+00:00,ATM-GB-0002,host-atm-gb-0002,Windows-Server-2019,20.95,1322,4096,32.28,4806.0,3199.05,68.94,5758.09,869.67,0,117,53305,0,
2026-03-24T13:52:00+00:00,ATM-GB-0003,host-atm-gb-0003,Windows-Server-2019,27.15,1026,4096,25.05,1785.7,1443.05,35.27,5618.2,2753.74,0,83,23127,0,
2026-03-24T13:52:00+00:00,ATM-GB-0004,host-atm-gb-0004,Windows-Server-2019,32.91,615,4096,15.01,274.83,531.06,100.29,5480.64,5150.08,0,101,41736,0,
2026-03-24T13:53:00+00:00,ATM-GB-0001,host-atm-gb-0001,Windows-Server-2019,11.34,1257,4096,30.69,3882.18,3334.61,199.39,127.29,768.21,0,87,19090,0,
2026-03-24T13:53:00+00:00,ATM-GB-0002,host-atm-gb-0002,Windows-Server-2019,21.76,569,4096,13.89,4217.81,260.36,73.73,8427.43,7223.36,0,98,50598,0,
2026-03-24T13:53:00+00:00,ATM-GB-0003,host-atm-gb-0003,Windows-Server-2019,15.33,797,4096,19.46,3425.01,1137.72,57.6,4028.97,5603.34,0,91,26174,0,
2026-03-24T13:53:00+00:00,ATM-GB-0004,host-atm-gb-0004,Windows-Server-2019,38.47,1344,4096,32.81,185.22,2147.92,13.22,1118.33,2803.22,0,96,31778,0,
2026-03-24T13:54:00+00:00,ATM-GB-0001,host-atm-gb-0001,Windows-Server-2019,35.76,1052,4096,25.68,2721.72,2168.95,153.51,7498.58,6440.77,0,87,7208,0,
2026-03-24T13:54:00+00:00,ATM-GB-0002,host-atm-gb-0002,Windows-Server-2019,8.26,1331,4096,32.5,4529.83,2203.8,159.41,1646.67,7214.45,0,80,73933,0,
2026-03-24T13:54:00+00:00,ATM-GB-0003,host-atm-gb-0003,Windows-Server-2019,29.34,649,4096,15.84,1049.25,2011.78,33.76,2767.42,156.15,0,98,75224,0,
2026-03-24T13:54:00+00:00,ATM-GB-0004,host-atm-gb-0004,Windows-Server-2019,5.0,628,4096,15.33,2371.33,744.71,94.72,7978.04,8987.62,0,117,50391,0,
2026-03-24T13:55:00+00:00,ATM-GB-0001,host-atm-gb-0001,Windows-Server-2019,21.6,855,4096,20.87,1366.94,4488.46,40.69,1130.25,2191.2,0,91,44501,0,
2026-03-24T13:55:00+00:00,ATM-GB-0002,host-atm-gb-0002,Windows-Server-2019,5.42,439,4096,10.72,461.11,3129.95,133.9,9467.49,879.56,0,118,9224,0,
2026-03-24T13:55:00+00:00,ATM-GB-0003,host-atm-gb-0003,Windows-Server-2019,7.3,612,4096,14.94,2128.39,4162.16,179.02,667.77,2216.49,0,83,70084,0,
2026-03-24T13:55:00+00:00,ATM-GB-0004,host-atm-gb-0004,Windows-Server-2019,6.91,1019,4096,24.88,4295.11,1482.75,187.91,4572.32,9832.02,0,110,85087,0,
2026-03-24T13:56:00+00:00,ATM-GB-0001,host-atm-gb-0001,Windows-Server-2019,26.77,860,4096,21.0,1387.9,2013.43,47.57,7332.39,2074.41,0,103,64361,0,
2026-03-24T13:56:00+00:00,ATM-GB-0002,host-atm-gb-0002,Windows-Server-2019,20.6,450,4096,10.99,1714.86,2924.46,29.67,2876.78,3957.62,0,96,10060,0,
2026-03-24T13:56:00+00:00,ATM-GB-0003,host-atm-gb-0003,Windows-Server-2019,37.37,473,4096,11.55,2837.4,3730.62,133.88,3490.23,7599.28,0,108,20351,0,
2026-03-24T13:56:00+00:00,ATM-GB-0004,host-atm-gb-0004,Windows-Server-2019,26.86,876,4096,21.39,1170.7,3623.94,10.63,4472.0,6290.88,0,109,59573,0,
2026-03-24T13:57:00+00:00,ATM-GB-0001,host-atm-gb-0001,Windows-Server-2019,11.78,1021,4096,24.93,77.88,722.75,193.18,1085.92,9635.73,0,108,17513,0,
2026-03-24T13:57:00+00:00,ATM-GB-0002,host-atm-gb-0002,Windows-Server-2019,5.14,782,4096,19.09,895.84,1335.22,124.79,5905.8,3723.48,0,84,47351,0,
2026-03-24T13:57:00+00:00,ATM-GB-0003,host-atm-gb-0003,Windows-Server-2019,8.25,1252,4096,30.57,835.25,478.28,193.16,7889.5,3631.23,0,85,64954,0,
2026-03-24T13:57:00+00:00,ATM-GB-0004,host-atm-gb-0004,Windows-Server-2019,23.34,503,4096,12.28,684.32,1931.6,165.75,828.95,3004.38,0,104,20788,0,
2026-03-24T13:58:00+00:00,ATM-GB-0001,host-atm-gb-0001,Windows-Server-2019,33.57,723,4096,17.65,4846.32,2632.86,60.87,1050.05,2521.95,0,105,84023,0,
2026-03-24T13:58:00+00:00,ATM-GB-0002,host-atm-gb-0002,Windows-Server-2019,12.92,1299,4096,31.71,2703.1,3998.63,14.74,5645.06,2470.23,0,113,13451,0,
2026-03-24T13:58:00+00:00,ATM-GB-0003,host-atm-gb-0003,Windows-Server-2019,34.13,980,4096,23.93,3814.29,2812.16,103.61,5955.97,8240.03,0,86,71015,0,
2026-03-24T13:58:00+00:00,ATM-GB-0004,host-atm-gb-0004,Windows-Server-2019,6.58,1117,4096,27.27,4730.67,1696.1,162.08,8823.37,8140.45,0,82,39033,0,
2026-03-24T13:59:00+00:00,ATM-GB-0001,host-atm-gb-0001,Windows-Server-2019,12.97,961,4096,23.46,645.96,1748.91,109.76,7216.72,8091.37,0,120,74177,0,
2026-03-24T13:59:00+00:00,ATM-GB-0002,host-atm-gb-0002,Windows-Server-2019,26.33,621,4096,15.16,498.37,4174.79,45.41,4216.23,7613.81,0,90,18169,0,
2026-03-24T13:59:00+00:00,ATM-GB-0003,host-atm-gb-0003,Windows-Server-2019,15.14,963,4096,23.51,2049.81,2710.46,153.98,4489.15,3351.87,0,81,50865,0,
2026-03-24T13:59:00+00:00,ATM-GB-0004,host-atm-gb-0004,Windows-Server-2019,15.76,556,4096,13.57,3134.54,3351.8,42.45,5421.95,7935.12,0,99,9745,0,
2026-03-24T14:00:00+00:00,ATM-GB-0001,host-atm-gb-0001,Windows-Server-2019,11.05,543,4096,13.26,263.26,3444.56,136.01,157.75,8117.16,0,87,74531,0,
2026-03-24T14:00:00+00:00,ATM-GB-0002,host-atm-gb-0002,Windows-Server-2019,37.27,878,4096,21.44,4862.58,2575.97,96.59,5738.04,4104.66,0,116,4304,0,
2026-03-24T14:00:00+00:00,ATM-GB-0003,host-atm-gb-0003,Windows-Server-2019,26.65,918,4096,22.41,2709.9,4329.92,21.44,5357.05,8609.56,0,109,29772,0,
2026-03-24T14:00:00+00:00,ATM-GB-0004,host-atm-gb-0004,Windows-Server-2019,33.4,486,4096,11.87,4747.98,4627.9,133.39,7048.71,4870.31,0,108,22692,0,
2026-03-24T14:01:00+00:00,ATM-GB-0001,host-atm-gb-0001,Windows-Server-2019,29.54,1139,4096,27.81,1276.31,2662.94,125.2,3670.59,4665.85,0,117,76504,0,
2026-03-24T14:01:00+00:00,ATM-GB-0002,host-atm-gb-0002,Windows-Server-2019,36.71,735,4096,17.94,1457.84,1229.1,40.28,3603.23,8599.62,0,111,79942,0,
2026-03-24T14:01:00+00:00,ATM-GB-0003,host-atm-gb-0003,Windows-Server-2019,32.16,800,4096,19.53,488.19,1908.07,154.47,8461.48,3926.76,0,98,43273,0,
2026-03-24T14:01:00+00:00,ATM-GB-0004,host-atm-gb-0004,Windows-Server-2019,21.17,1058,4096,25.83,895.57,3962.1,96.66,9913.82,1242.37,0,102,7554,0,
2026-03-24T14:02:00+00:00,ATM-GB-0001,host-atm-gb-0001,Windows-Server-2019,22.11,1256,4096,30.66,1521.09,1919.92,10.41,4810.41,6044.96,0,108,30659,0,
2026-03-24T14:02:00+00:00,ATM-GB-0002,host-atm-gb-0002,Windows-Server-2019,33.57,1159,4096,28.3,3851.73,2238.94,108.01,8348.99,7851.21,0,111,49983,0,
2026-03-24T14:02:00+00:00,ATM-GB-0003,host-atm-gb-0003,Windows-Server-2019,11.92,838,4096,20.46,2690.96,4216.55,159.62,5338.81,6824.38,0,114,56805,0,
2026-03-24T14:02:00+00:00,ATM-GB-0004,host-atm-gb-0004,Windows-Server-2019,24.83,1100,4096,26.86,2371.79,2116.39,66.51,2882.41,1994.08,0,93,48252,0,
2026-03-24T14:03:00+00:00,ATM-GB-0001,host-atm-gb-0001,Windows-Server-2019,17.81,989,4096,24.15,1066.47,3758.3,116.94,9072.95,3310.36,0,87,11556,0,
2026-03-24T14:03:00+00:00,ATM-GB-0002,host-atm-gb-0002,Windows-Server-2019,12.28,719,4096,17.55,4226.57,1813.55,98.97,5364.58,9813.47,0,92,62719,0,
2026-03-24T14:03:00+00:00,ATM-GB-0003,host-atm-gb-0003,Windows-Server-2019,29.5,590,4096,14.4,1554.22,2656.5,180.21,3461.99,1005.26,0,107,48273,0,
2026-03-24T14:03:00+00:00,ATM-GB-0004,host-atm-gb-0004,Windows-Server-2019,17.05,517,4096,12.62,2624.17,4821.51,28.71,8197.81,9058.02,0,107,79599,0,
2026-03-24T14:04:00+00:00,ATM-GB-0001,host-atm-gb-0001,Windows-Server-2019,23.71,1390,4096,33.94,2425.73,849.64,105.28,9539.65,9170.96,0,94,70276,0,
2026-03-24T14:04:00+00:00,ATM-GB-0002,host-atm-gb-0002,Windows-Server-2019,35.51,926,4096,22.61,715.15,3418.45,156.46,1223.17,3090.93,0,113,71113,0,
2026-03-24T14:04:00+00:00,ATM-GB-0003,host-atm-gb-0003,Windows-Server-2019,28.89,1077,4096,26.29,1461.01,3280.73,143.4,6891.67,2706.7,0,113,29064,0,
2026-03-24T14:04:00+00:00,ATM-GB-0004,host-atm-gb-0004,Windows-Server-2019,35.52,1347,4096,32.89,3093.63,2054.27,122.59,3446.86,8866.09,0,80,49933,0,
2026-03-24T14:05:00+00:00,ATM-GB-0001,host-atm-gb-0001,Windows-Server-2019,12.7,981,4096,23.95,2013.87,2842.56,40.83,5111.63,2846.72,0,87,23172,0,
2026-03-24T14:05:00+00:00,ATM-GB-0002,host-atm-gb-0002,Windows-Server-2019,24.34,1124,4096,27.44,4538.02,1763.62,57.47,7910.97,1354.35,0,97,50191,0,
2026-03-24T14:05:00+00:00,ATM-GB-0003,host-atm-gb-0003,Windows-Server-2019,21.08,772,4096,18.85,3769.68,3611.01,82.05,4974.65,9516.27,0,120,78889,0,
2026-03-24T14:05:00+00:00,ATM-GB-0004,host-atm-gb-0004,Windows-Server-2019,7.78,1170,4096,28.56,4542.61,2875.3,33.67,1085.52,7951.45,0,108,71714,0,
2026-03-24T14:06:00+00:00,ATM-GB-0001,host-atm-gb-0001,Windows-Server-2019,35.14,665,4096,16.24,603.01,881.4,18.9,477.52,9947.45,0,81,84211,0,
2026-03-24T14:06:00+00:00,ATM-GB-0002,host-atm-gb-0002,Windows-Server-2019,15.55,567,4096,13.84,4459.09,2317.2,170.89,3324.74,7627.24,0,97,29167,0,
2026-03-24T14:06:00+00:00,ATM-GB-0003,host-atm-gb-0003,Windows-Server-2019,32.68,1070,4096,26.12,278.48,692.44,90.5,9666.47,3820.55,0,111,71710,0,
2026-03-24T14:06:00+00:00,ATM-GB-0004,host-atm-gb-0004,Windows-Server-2019,13.89,562,4096,13.72,577.46,4915.28,115.93,7624.55,4863.09,0,82,10072,0,
2026-03-24T14:07:00+00:00,ATM-GB-0001,host-atm-gb-0001,Windows-Server-2019,8.87,503,4096,12.28,159.84,3441.47,172.07,928.29,8167.91,0,109,52266,0,
2026-03-24T14:07:00+00:00,ATM-GB-0002,host-atm-gb-0002,Windows-Server-2019,23.7,713,4096,17.41,3055.5,1178.41,97.67,131.33,6926.41,0,98,12645,0,
2026-03-24T14:07:00+00:00,ATM-GB-0003,host-atm-gb-0003,Windows-Server-2019,15.99,543,4096,13.26,2224.69,391.83,150.65,5904.62,8066.59,0,115,46926,0,
2026-03-24T14:07:00+00:00,ATM-GB-0004,host-atm-gb-0004,Windows-Server-2019,33.56,807,4096,19.7,2903.26,3207.11,24.51,1383.08,8371.86,0,101,80504,0,
2026-03-24T14:08:00+00:00,ATM-GB-0001,host-atm-gb-0001,Windows-Server-2019,13.83,1034,4096,25.24,2687.81,1439.89,173.58,3156.66,4373.58,0,88,18152,0,
2026-03-24T14:08:00+00:00,ATM-GB-0002,host-atm-gb-0002,Windows-Server-2019,37.4,1445,4096,35.28,4138.73,1108.49,48.79,5697.56,1889.64,0,112,6662,0,
2026-03-24T14:08:00+00:00,ATM-GB-0003,host-atm-gb-0003,Windows-Server-2019,36.52,1049,4096,25.61,3109.92,3402.36,20.05,3540.12,4390.09,0,87,36143,0,
2026-03-24T14:08:00+00:00,ATM-GB-0004,host-atm-gb-0004,Windows-Server-2019,27.8,1103,4096,26.93,2906.28,2304.98,149.45,5070.8,5894.12,0,83,45682,0,
2026-03-24T14:09:00+00:00,ATM-GB-0001,host-atm-gb-0001,Windows-Server-2019,19.56,1129,4096,27.56,1911.27,2582.37,85.25,1445.12,9604.33,0,107,8174,0,
2026-03-24T14:09:00+00:00,ATM-GB-0002,host-atm-gb-0002,Windows-Server-2019,38.61,1399,4096,34.16,4076.95,3401.01,86.09,2754.72,7358.87,0,99,47705,0,
2026-03-24T14:09:00+00:00,ATM-GB-0003,host-atm-gb-0003,Windows-Server-2019,34.35,425,4096,10.38,1571.17,1892.83,156.68,5731.31,590.19,0,94,58909,0,
2026-03-24T14:09:00+00:00,ATM-GB-0004,host-atm-gb-0004,Windows-Server-2019,18.89,566,4096,13.82,1688.43,4775.77,99.34,7279.24,4630.75,0,98,22503,0,
2026-03-24T14:10:00+00:00,ATM-GB-0001,host-atm-gb-0001,Windows-Server-2019,38.34,722,4096,17.63,4207.13,3129.29,153.89,8749.61,5504.66,0,99,76523,0,
2026-03-24T14:10:00+00:00,ATM-GB-0002,host-atm-gb-0002,Windows-Server-2019,19.21,1416,4096,34.57,3405.47,3863.06,166.12,9590.52,4994.5,0,82,32938,0,
2026-03-24T14:10:00+00:00,ATM-GB-0003,host-atm-gb-0003,Windows-Server-2019,17.02,810,4096,19.78,3267.54,606.51,134.08,5321.18,6825.4,0,100,7777,0,
2026-03-24T14:10:00+00:00,ATM-GB-0004,host-atm-gb-0004,Windows-Server-2019,37.41,1295,4096,31.62,4671.06,4378.49,10.43,8269.68,6268.41,0,84,8203,0,
2026-03-24T14:11:00+00:00,ATM-GB-0001,host-atm-gb-0001,Windows-Server-2019,29.62,1292,4096,31.54,3675.66,4084.41,38.34,6102.53,8339.74,0,86,30880,0,
2026-03-24T14:11:00+00:00,ATM-GB-0002,host-atm-gb-0002,Windows-Server-2019,25.47,791,4096,19.31,1462.04,578.55,81.78,4142.42,4020.45,0,94,43138,0,
2026-03-24T14:11:00+00:00,ATM-GB-0003,host-atm-gb-0003,Windows-Server-2019,9.19,982,4096,23.97,975.77,4256.28,50.35,9504.11,7981.51,0,82,77204,0,
2026-03-24T14:11:00+00:00,ATM-GB-0004,host-atm-gb-0004,Windows-Server-2019,35.21,1428,4096,34.86,3955.62,2367.99,23.43,575.78,7211.53,0,120,78330,0,
2026-03-24T14:12:00+00:00,ATM-GB-0001,host-atm-gb-0001,Windows-Server-2019,38.15,1495,4096,36.5,682.27,2887.34,82.72,2358.96,1963.16,0,100,55256,0,
2026-03-24T14:12:00+00:00,ATM-GB-0002,host-atm-gb-0002,Windows-Server-2019,19.3,1245,4096,30.4,3397.77,3261.42,119.94,3060.35,651.28,0,95,29834,0,
2026-03-24T14:12:00+00:00,ATM-GB-0003,host-atm-gb-0003,Windows-Server-2019,31.98,807,4096,19.7,2783.29,796.79,28.65,1993.95,9533.57,0,113,73183,0,
2026-03-24T14:12:00+00:00,ATM-GB-0004,host-atm-gb-0004,Windows-Server-2019,18.04,1478,4096,36.08,857.4,1760.63,180.95,7690.52,3413.9,0,80,54185,0,
2026-03-24T14:13:00+00:00,ATM-GB-0001,host-atm-gb-0001,Windows-Server-2019,21.63,1314,4096,32.08,4340.25,4165.97,37.51,3525.26,5344.51,0,114,47587,0,
2026-03-24T14:13:00+00:00,ATM-GB-0002,host-atm-gb-0002,Windows-Server-2019,15.03,1180,4096,28.81,3792.55,4043.35,18.65,2994.32,3013.55,0,98,31328,0,
2026-03-24T14:13:00+00:00,ATM-GB-0003,host-atm-gb-0003,Windows-Server-2019,6.15,829,4096,20.24,855.88,4947.93,164.18,167.81,8763.64,0,108,56642,0,
2026-03-24T14:13:00+00:00,ATM-GB-0004,host-atm-gb-0004,Windows-Server-2019,15.46,436,4096,10.64,2384.85,2832.76,111.3,1737.42,6907.24,0,117,21497,0,
2026-03-24T14:14:00+00:00,ATM-GB-0001,host-atm-gb-0001,Windows-Server-2019,23.24,581,4096,14.18,2235.27,561.81,43.09,192.29,5523.2,0,87,31602,0,
2026-03-24T14:14:00+00:00,ATM-GB-0002,host-atm-gb-0002,Windows-Server-2019,30.33,559,4096,13.65,1112.03,3729.04,127.96,7015.4,1947.59,0,88,66522,0,
2026-03-24T14:14:00+00:00,ATM-GB-0003,host-atm-gb-0003,Windows-Server-2019,35.89,578,4096,14.11,4959.77,2450.1,41.36,7633.39,9827.85,0,112,19922,0,
2026-03-24T14:14:00+00:00,ATM-GB-0004,host-atm-gb-0004,Windows-Server-2019,21.79,811,4096,19.8,316.05,1238.61,76.46,380.9,2658.96,0,104,80796,0,
2026-03-24T14:15:00+00:00,ATM-GB-0001,host-atm-gb-0001,Windows-Server-2019,17.52,1284,4096,31.35,1164.26,260.65,198.27,1490.97,2272.41,0,100,30932,0,
2026-03-24T14:15:00+00:00,ATM-GB-0002,host-atm-gb-0002,Windows-Server-2019,21.4,1197,4096,29.22,3896.08,611.91,151.95,8804.41,4750.64,0,98,40931,0,
2026-03-24T14:15:00+00:00,ATM-GB-0003,host-atm-gb-0003,Windows-Server-2019,18.25,1473,4096,35.96,3922.47,1971.29,61.96,2189.68,9545.44,0,117,16905,0,
2026-03-24T14:15:00+00:00,ATM-GB-0004,host-atm-gb-0004,Windows-Server-2019,24.64,682,4096,16.65,2933.93,244.24,73.08,5367.5,19.93,0,97,14168,0,
2026-03-24T14:16:00+00:00,ATM-GB-0001,host-atm-gb-0001,Windows-Server-2019,37.44,648,4096,15.82,2995.72,3909.28,151.26,9956.86,2624.47,0,97,79170,0,
2026-03-24T14:16:00+00:00,ATM-GB-0002,host-atm-gb-0002,Windows-Server-2019,32.14,520,4096,12.7,624.19,487.76,134.27,2665.42,1287.33,0,104,34099,0,
2026-03-24T14:16:00+00:00,ATM-GB-0003,host-atm-gb-0003,Windows-Server-2019,34.19,1134,4096,27.69,31.76,435.99,20.11,6211.54,2103.39,0,88,71338,0,
2026-03-24T14:16:00+00:00,ATM-GB-0004,host-atm-gb-0004,Windows-Server-2019,26.29,1337,4096,32.64,3516.15,4704.64,183.07,1746.44,2992.73,0,110,18752,0,
2026-03-24T14:17:00+00:00,ATM-GB-0001,host-atm-gb-0001,Windows-Server-2019,35.01,739,4096,18.04,4883.76,1189.52,189.67,385.26,8137.31,0,85,8866,0,
2026-03-24T14:17:00+00:00,ATM-GB-0002,host-atm-gb-0002,Windows-Server-2019,16.08,779,4096,19.02,3645.43,2209.88,198.25,691.29,917.03,0,86,67059,0,
2026-03-24T14:17:00+00:00,ATM-GB-0003,host-atm-gb-0003,Windows-Server-2019,38.74,689,4096,16.82,2649.68,142.24,57.58,4743.51,7744.35,0,95,43473,0,
2026-03-24T14:17:00+00:00,ATM-GB-0004,host-atm-gb-0004,Windows-Server-2019,11.43,1270,4096,31.01,3917.91,3287.18,89.93,2317.37,2464.43,0,95,49470,0,
2026-03-24T14:18:00+00:00,ATM-GB-0001,host-atm-gb-0001,Windows-Server-2019,26.91,712,4096,17.38,2842.99,1104.72,40.77,3536.41,2670.76,0,98,21215,0,
2026-03-24T14:18:00+00:00,ATM-GB-0002,host-atm-gb-0002,Windows-Server-2019,34.19,851,4096,20.78,3977.64,572.36,198.25,2542.77,7113.28,0,87,80391,0,
2026-03-24T14:18:00+00:00,ATM-GB-0003,host-atm-gb-0003,Windows-Server-2019,21.34,1338,4096,32.67,3978.62,4002.18,162.56,6022.57,8549.05,0,97,25736,0,
2026-03-24T14:18:00+00:00,ATM-GB-0004,host-atm-gb-0004,Windows-Server-2019,6.64,660,4096,16.11,2655.63,2216.0,148.42,2879.54,5341.16,0,106,29267,0,
2026-03-24T14:19:00+00:00,ATM-GB-0001,host-atm-gb-0001,Windows-Server-2019,14.74,909,4096,22.19,3550.91,3166.55,31.04,9910.84,3213.35,0,119,50023,0,
2026-03-24T14:19:00+00:00,ATM-GB-0002,host-atm-gb-0002,Windows-Server-2019,8.12,436,4096,10.64,3086.0,1919.91,120.91,4221.88,1446.73,0,93,21225,0,
2026-03-24T14:19:00+00:00,ATM-GB-0003,host-atm-gb-0003,Windows-Server-2019,27.39,489,4096,11.94,4547.91,893.9,129.64,3141.07,6567.15,0,100,42492,0,
2026-03-24T14:19:00+00:00,ATM-GB-0004,host-atm-gb-0004,Windows-Server-2019,19.62,922,4096,22.51,2885.28,3012.55,165.03,8821.86,5466.64,0,119,56529,0,
2026-03-24T14:20:00+00:00,ATM-GB-0001,host-atm-gb-0001,Windows-Server-2019,6.45,439,4096,10.72,2154.45,2323.85,13.07,55.2,2544.47,0,88,16527,0,
2026-03-24T14:20:00+00:00,ATM-GB-0002,host-atm-gb-0002,Windows-Server-2019,31.75,451,4096,11.01,1491.9,1178.85,182.83,5302.19,765.56,0,88,14272,0,
2026-03-24T14:20:00+00:00,ATM-GB-0003,host-atm-gb-0003,Windows-Server-2019,18.45,762,4096,18.6,3566.14,258.22,103.95,4503.94,3465.48,0,118,47402,0,
2026-03-24T14:20:00+00:00,ATM-GB-0004,host-atm-gb-0004,Windows-Server-2019,16.47,1484,4096,36.23,3930.21,2797.73,75.2,8480.49,4938.63,0,98,7018,0,
2026-03-24T14:21:00+00:00,ATM-GB-0001,host-atm-gb-0001,Windows-Server-2019,24.19,1222,4096,29.83,4080.63,413.03,153.67,4899.93,4963.25,0,82,29768,0,
2026-03-24T14:21:00+00:00,ATM-GB-0002,host-atm-gb-0002,Windows-Server-2019,31.29,1058,4096,25.83,2324.49,1223.9,115.54,4711.65,6677.21,0,80,64293,0,
2026-03-24T14:21:00+00:00,ATM-GB-0003,host-atm-gb-0003,Windows-Server-2019,31.15,600,4096,14.65,3968.75,207.58,42.92,8997.01,4667.96,0,116,51643,0,
2026-03-24T14:21:00+00:00,ATM-GB-0004,host-atm-gb-0004,Windows-Server-2019,9.99,482,4096,11.77,2156.76,2948.27,34.4,8305.81,3530.1,0,114,35366,0,
2026-03-24T14:22:00+00:00,ATM-GB-0001,host-atm-gb-0001,Windows-Server-2019,32.09,1248,4096,30.47,3303.92,751.64,56.16,2907.75,7372.31,0,96,52434,0,
2026-03-24T14:22:00+00:00,ATM-GB-0002,host-atm-gb-0002,Windows-Server-2019,30.84,1089,4096,26.59,2864.62,3984.67,110.53,8186.16,2997.37,0,89,55090,0,
2026-03-24T14:22:00+00:00,ATM-GB-0003,host-atm-gb-0003,Windows-Server-2019,10.86,421,4096,10.28,2237.63,3915.38,79.2,7829.98,9700.28,0,101,16202,0,
2026-03-24T14:22:00+00:00,ATM-GB-0004,host-atm-gb-0004,Windows-Server-2019,5.27,1452,4096,35.45,752.3,3283.5,138.09,590.97,4268.02,0,103,12319,0,
2026-03-24T14:23:00+00:00,ATM-GB-0001,host-atm-gb-0001,Windows-Server-2019,6.29,736,4096,17.97,1617.99,4172.83,178.03,2088.08,4537.9,0,94,61288,0,
2026-03-24T14:23:00+00:00,ATM-GB-0002,host-atm-gb-0002,Windows-Server-2019,11.37,1079,4096,26.34,1696.04,1452.99,96.1,9170.99,7562.66,0,86,28442,0,
2026-03-24T14:23:00+00:00,ATM-GB-0003,host-atm-gb-0003,Windows-Server-2019,12.96,1265,4096,30.88,4741.5,391.83,130.6,3434.8,1036.58,0,89,43201,0,
2026-03-24T14:23:00+00:00,ATM-GB-0004,host-atm-gb-0004,Windows-Server-2019,14.8,519,4096,12.67,4169.87,617.34,74.18,7089.7,6124.56,0,119,10952,0,
2026-03-24T14:24:00+00:00,ATM-GB-0001,host-atm-gb-0001,Windows-Server-2019,11.55,1440,4096,35.16,583.23,3043.63,86.0,2176.49,2075.99,0,93,66887,0,
2026-03-24T14:24:00+00:00,ATM-GB-0002,host-atm-gb-0002,Windows-Server-2019,9.62,517,4096,12.62,2138.94,3785.54,113.0,9011.3,7765.16,0,81,26572,0,
2026-03-24T14:24:00+00:00,ATM-GB-0003,host-atm-gb-0003,Windows-Server-2019,9.5,1451,4096,35.42,290.1,3800.82,84.92,6330.39,9643.3,0,82,82368,0,
2026-03-24T14:24:00+00:00,ATM-GB-0004,host-atm-gb-0004,Windows-Server-2019,20.42,830,4096,20.26,4511.37,4239.35,192.75,4752.35,7715.63,0,104,81801,0,
2026-03-24T14:25:00+00:00,ATM-GB-0001,host-atm-gb-0001,Windows-Server-2019,31.61,574,4096,14.01,1302.25,1014.99,110.78,9672.48,9066.82,0,100,63349,0,
2026-03-24T14:25:00+00:00,ATM-GB-0002,host-atm-gb-0002,Windows-Server-2019,37.74,1283,4096,31.32,991.08,1167.22,71.66,1358.27,9023.18,0,114,50246,0,
2026-03-24T14:25:00+00:00,ATM-GB-0003,host-atm-gb-0003,Windows-Server-2019,25.41,1254,4096,30.62,1547.58,3044.19,83.96,7545.07,6592.65,0,114,31558,0,
2026-03-24T14:25:00+00:00,ATM-GB-0004,host-atm-gb-0004,Windows-Server-2019,9.6,708,4096,17.29,3045.91,923.47,157.9,6622.41,8133.9,0,80,80788,0,
2026-03-24T14:26:00+00:00,ATM-GB-0001,host-atm-gb-0001,Windows-Server-2019,12.06,1033,4096,25.22,3237.84,36.95,122.05,3243.48,7384.17,0,113,73780,0,
2026-03-24T14:26:00+00:00,ATM-GB-0002,host-atm-gb-0002,Windows-Server-2019,35.74,943,4096,23.02,4120.29,2391.9,80.05,7292.28,6370.66,0,108,72144,0,
2026-03-24T14:26:00+00:00,ATM-GB-0003,host-atm-gb-0003,Windows-Server-2019,18.29,1153,4096,28.15,3143.15,1324.82,155.5,3004.14,6946.75,0,120,19837,0,
2026-03-24T14:26:00+00:00,ATM-GB-0004,host-atm-gb-0004,Windows-Server-2019,21.1,719,4096,17.55,1858.29,4569.62,156.93,9275.06,1805.07,0,94,71283,0,
2026-03-24T14:27:00+00:00,ATM-GB-0001,host-atm-gb-0001,Windows-Server-2019,8.4,674,4096,16.46,1062.55,1711.61,199.83,665.87,2878.48,0,95,60298,0,
2026-03-24T14:27:00+00:00,ATM-GB-0002,host-atm-gb-0002,Windows-Server-2019,27.43,1436,4096,35.06,922.13,3374.52,71.95,7958.15,1973.56,0,80,55498,0,
2026-03-24T14:27:00+00:00,ATM-GB-0003,host-atm-gb-0003,Windows-Server-2019,23.61,1185,4096,28.93,4416.98,1133.08,165.81,3807.76,7610.07,0,87,8257,0,
2026-03-24T14:27:00+00:00,ATM-GB-0004,host-atm-gb-0004,Windows-Server-2019,24.18,600,4096,14.65,848.84,4638.45,170.86,1024.15,8385.87,0,80,63515,0,
2026-03-24T14:28:00+00:00,ATM-GB-0001,host-atm-gb-0001,Windows-Server-2019,37.54,1346,4096,32.86,2769.63,776.91,34.06,1552.37,5594.63,0,104,35196,0,
2026-03-24T14:28:00+00:00,ATM-GB-0002,host-atm-gb-0002,Windows-Server-2019,6.8,583,4096,14.23,593.33,2527.77,161.25,186.53,2037.8,0,111,5376,0,
2026-03-24T14:28:00+00:00,ATM-GB-0003,host-atm-gb-0003,Windows-Server-2019,16.46,556,4096,13.57,2617.29,3340.91,177.6,8447.22,3117.58,0,82,39816,0,
2026-03-24T14:28:00+00:00,ATM-GB-0004,host-atm-gb-0004,Windows-Server-2019,17.78,1053,4096,25.71,2870.12,383.93,137.99,5709.77,4705.51,0,89,63860,0,
2026-03-24T14:29:00+00:00,ATM-GB-0001,host-atm-gb-0001,Windows-Server-2019,35.35,1249,4096,30.49,4492.96,2480.02,68.24,1260.08,2521.29,0,97,40394,0,
2026-03-24T14:29:00+00:00,ATM-GB-0002,host-atm-gb-0002,Windows-Server-2019,25.53,606,4096,14.79,2975.4,3021.25,16.18,7749.1,6192.88,0,120,20106,0,
2026-03-24T14:29:00+00:00,ATM-GB-0003,host-atm-gb-0003,Windows-Server-2019,27.94,960,4096,23.44,1509.28,494.36,170.89,1206.7,8899.53,0,114,76058,0,
2026-03-24T14:29:00+00:00,ATM-GB-0004,host-atm-gb-0004,Windows-Server-2019,35.47,1153,4096,28.15,902.24,2068.25,190.39,4843.29,2843.95,0,119,49444,0,
2026-03-24T14:30:00+00:00,ATM-GB-0001,host-atm-gb-0001,Windows-Server-2019,26.6,1250,4096,30.52,76.25,735.61,19.73,1856.22,2843.84,0,104,66301,0,
2026-03-24T14:30:00+00:00,ATM-GB-0002,host-atm-gb-0002,Windows-Server-2019,5.36,1387,4096,33.86,1589.44,1687.96,83.04,9797.78,6046.79,0,116,78213,0,
2026-03-24T14:30:00+00:00,ATM-GB-0003,host-atm-gb-0003,Windows-Server-2019,10.43,1201,4096,29.32,2858.23,17.05,43.16,5291.61,3203.64,0,86,9221,0,
2026-03-24T14:30:00+00:00,ATM-GB-0004,host-atm-gb-0004,Windows-Server-2019,26.02,555,4096,13.55,1624.77,2277.01,142.82,6486.92,5545.35,0,101,47820,0,
2026-03-24T14:31:00+00:00,ATM-GB-0001,host-atm-gb-0001,Windows-Server-2019,12.9,656,4096,16.02,4140.1,2365.49,156.17,1890.07,2906.71,0,100,73161,0,
2026-03-24T14:31:00+00:00,ATM-GB-0002,host-atm-gb-0002,Windows-Server-2019,24.81,1458,4096,35.6,1311.94,3424.73,28.86,3899.06,2753.25,0,99,24225,0,
2026-03-24T14:31:00+00:00,ATM-GB-0003,host-atm-gb-0003,Windows-Server-2019,15.04,1120,4096,27.34,3398.26,4059.93,82.64,2089.27,2019.97,0,106,34908,0,
2026-03-24T14:31:00+00:00,ATM-GB-0004,host-atm-gb-0004,Windows-Server-2019,29.9,413,4096,10.08,1127.71,2294.23,128.35,5646.27,3690.59,0,91,37943,0,
2026-03-24T14:32:00+00:00,ATM-GB-0001,host-atm-gb-0001,Windows-Server-2019,9.94,1273,4096,31.08,2924.46,3761.05,88.3,7139.25,6785.29,0,80,22223,0,
2026-03-24T14:32:00+00:00,ATM-GB-0002,host-atm-gb-0002,Windows-Server-2019,8.11,634,4096,15.48,396.4,2603.05,27.98,4127.78,7089.78,0,108,74403,0,
2026-03-24T14:32:00+00:00,ATM-GB-0003,host-atm-gb-0003,Windows-Server-2019,20.66,1212,4096,29.59,2356.57,3113.85,124.26,6951.34,8845.44,0,107,71006,0,
2026-03-24T14:32:00+00:00,ATM-GB-0004,host-atm-gb-0004,Windows-Server-2019,8.73,1247,4096,30.44,3887.75,2438.7,197.22,8693.43,3679.45,0,108,80217,0,
2026-03-24T14:33:00+00:00,ATM-GB-0001,host-atm-gb-0001,Windows-Server-2019,35.16,1325,4096,32.35,439.48,2072.27,64.23,7172.25,1659.84,0,90,58580,0,
2026-03-24T14:33:00+00:00,ATM-GB-0002,host-atm-gb-0002,Windows-Server-2019,33.52,1492,4096,36.43,1462.43,826.76,114.82,4605.02,3030.07,0,111,11582,0,
2026-03-24T14:33:00+00:00,ATM-GB-0003,host-atm-gb-0003,Windows-Server-2019,12.01,451,4096,11.01,2387.33,3171.22,177.33,9964.1,6263.26,0,119,9729,0,
2026-03-24T14:33:00+00:00,ATM-GB-0004,host-atm-gb-0004,Windows-Server-2019,22.18,684,4096,16.7,1936.54,4393.61,37.07,1274.77,8637.7,0,102,64624,0,
2026-03-24T14:34:00+00:00,ATM-GB-0001,host-atm-gb-0001,Windows-Server-2019,35.83,1134,4096,27.69,439.59,3409.25,33.72,553.27,6121.35,0,118,51453,0,
2026-03-24T14:34:00+00:00,ATM-GB-0002,host-atm-gb-0002,Windows-Server-2019,8.16,755,4096,18.43,2765.81,2219.56,166.0,1555.28,5959.55,0,110,84684,0,
2026-03-24T14:34:00+00:00,ATM-GB-0003,host-atm-gb-0003,Windows-Server-2019,17.77,667,4096,16.28,468.04,2054.14,92.69,9437.5,4571.18,0,88,77802,0,
2026-03-24T14:34:00+00:00,ATM-GB-0004,host-atm-gb-0004,Windows-Server-2019,39.03,869,4096,21.22,1457.31,2536.86,192.34,8501.81,8422.16,0,97,10873,0,
2026-03-24T14:35:00+00:00,ATM-GB-0001,host-atm-gb-0001,Windows-Server-2019,15.06,714,4096,17.43,3964.38,1992.99,58.42,1722.43,2283.19,0,105,12916,0,
2026-03-24T14:35:00+00:00,ATM-GB-0002,host-atm-gb-0002,Windows-Server-2019,35.05,1161,4096,28.34,2770.02,96.8,28.0,9308.62,5998.41,0,102,6994,0,
2026-03-24T14:35:00+00:00,ATM-GB-0003,host-atm-gb-0003,Windows-Server-2019,14.78,924,4096,22.56,1618.34,3591.07,71.48,5553.23,1395.81,0,94,32290,0,
2026-03-24T14:35:00+00:00,ATM-GB-0004,host-atm-gb-0004,Windows-Server-2019,13.94,993,4096,24.24,4489.81,2971.52,39.18,9659.44,1779.9,0,96,41041,0,
2026-03-24T14:36:00+00:00,ATM-GB-0001,host-atm-gb-0001,Windows-Server-2019,29.49,924,4096,22.56,3658.75,3200.57,119.21,2722.87,8120.77,0,107,59166,0,
2026-03-24T14:36:00+00:00,ATM-GB-0002,host-atm-gb-0002,Windows-Server-2019,38.03,1283,4096,31.32,121.98,3897.26,170.83,4142.09,1.99,0,88,15855,0,
2026-03-24T14:36:00+00:00,ATM-GB-0003,host-atm-gb-0003,Windows-Server-2019,30.6,1181,4096,28.83,2444.54,785.3,31.38,6530.36,867.0,0,91,43906,0,
2026-03-24T14:36:00+00:00,ATM-GB-0004,host-atm-gb-0004,Windows-Server-2019,11.96,1480,4096,36.13,3248.0,4188.68,184.91,5849.52,942.16,0,110,45743,0,
2026-03-24T14:37:00+00:00,ATM-GB-0001,host-atm-gb-0001,Windows-Server-2019,15.19,755,4096,18.43,997.26,1426.23,118.55,5370.82,4949.59,0,108,49195,0,
2026-03-24T14:37:00+00:00,ATM-GB-0002,host-atm-gb-0002,Windows-Server-2019,13.15,410,4096,10.01,809.33,2276.47,67.71,7851.21,2422.73,0,101,13265,0,
2026-03-24T14:37:00+00:00,ATM-GB-0003,host-atm-gb-0003,Windows-Server-2019,6.16,695,4096,16.97,3330.91,697.1,76.09,8623.97,4260.3,0,91,47805,0,
2026-03-24T14:37:00+00:00,ATM-GB-0004,host-atm-gb-0004,Windows-Server-2019,25.76,1184,4096,28.91,3912.11,3974.54,11.24,1058.74,1317.15,0,83,7815,0,
2026-03-24T14:38:00+00:00,ATM-GB-0001,host-atm-gb-0001,Windows-Server-2019,13.83,417,4096,10.18,4320.01,1060.72,178.27,4397.55,3219.22,0,81,64123,0,
2026-03-24T14:38:00+00:00,ATM-GB-0002,host-atm-gb-0002,Windows-Server-2019,21.09,1173,4096,28.64,521.03,796.11,82.1,8596.42,9692.25,0,114,12244,0,
2026-03-24T14:38:00+00:00,ATM-GB-0003,host-atm-gb-0003,Windows-Server-2019,11.96,965,4096,23.56,2273.97,4227.55,158.17,6720.29,2163.18,0,109,83009,0,
2026-03-24T14:38:00+00:00,ATM-GB-0004,host-atm-gb-0004,Windows-Server-2019,22.95,733,4096,17.9,1385.55,2143.47,64.93,5035.7,8198.18,0,99,78891,0,
2026-03-24T14:39:00+00:00,ATM-GB-0001,host-atm-gb-0001,Windows-Server-2019,16.03,1048,4096,25.59,2870.29,902.07,42.35,1996.09,881.03,0,109,46078,0,
2026-03-24T14:39:00+00:00,ATM-GB-0002,host-atm-gb-0002,Windows-Server-2019,25.67,626,4096,15.28,4795.3,4422.45,117.93,4601.92,6224.1,0,99,11465,0,
2026-03-24T14:39:00+00:00,ATM-GB-0003,host-atm-gb-0003,Windows-Server-2019,14.62,1134,4096,27.69,192.5,1454.83,157.0,2492.29,589.66,0,96,77767,0,
2026-03-24T14:39:00+00:00,ATM-GB-0004,host-atm-gb-0004,Windows-Server-2019,15.13,1024,4096,25.0,476.96,3394.61,41.29,6333.73,5134.08,0,88,6385,0,
2026-03-24T14:40:00+00:00,ATM-GB-0001,host-atm-gb-0001,Windows-Server-2019,7.63,1041,4096,25.42,2471.47,1625.45,118.37,2221.16,8820.3,0,107,12045,0,
2026-03-24T14:40:00+00:00,ATM-GB-0002,host-atm-gb-0002,Windows-Server-2019,24.78,531,4096,12.96,3402.31,2528.46,57.49,1873.59,6338.57,0,102,83831,0,
2026-03-24T14:40:00+00:00,ATM-GB-0003,host-atm-gb-0003,Windows-Server-2019,39.76,708,4096,17.29,2669.29,1982.93,79.32,8156.68,5156.1,0,87,15483,0,
2026-03-24T14:40:00+00:00,ATM-GB-0004,host-atm-gb-0004,Windows-Server-2019,27.43,468,4096,11.43,2556.82,2665.39,157.9,4325.11,6857.67,0,115,69924,0,
2026-03-24T14:41:00+00:00,ATM-GB-0001,host-atm-gb-0001,Windows-Server-2019,6.49,1071,4096,26.15,1538.08,1265.78,42.47,7493.66,5384.22,0,112,66859,0,
2026-03-24T14:41:00+00:00,ATM-GB-0002,host-atm-gb-0002,Windows-Server-2019,5.07,500,4096,12.21,768.38,4414.53,196.25,8659.36,9163.69,0,115,73564,0,
2026-03-24T14:41:00+00:00,ATM-GB-0003,host-atm-gb-0003,Windows-Server-2019,24.39,788,4096,19.24,2868.05,789.85,39.53,3618.83,1743.9,0,118,30867,0,
2026-03-24T14:41:00+00:00,ATM-GB-0004,host-atm-gb-0004,Windows-Server-2019,13.27,786,4096,19.19,4666.4,3558.18,116.48,4950.11,4379.92,0,106,55396,0,
2026-03-24T14:42:00+00:00,ATM-GB-0001,host-atm-gb-0001,Windows-Server-2019,25.18,875,4096,21.36,141.28,3186.85,97.34,8453.17,1675.79,0,117,28890,0,
2026-03-24T14:42:00+00:00,ATM-GB-0002,host-atm-gb-0002,Windows-Server-2019,32.03,1360,4096,33.2,1505.91,2972.9,113.64,3928.29,6324.77,0,116,58361,0,
2026-03-24T14:42:00+00:00,ATM-GB-0003,host-atm-gb-0003,Windows-Server-2019,16.83,1259,4096,30.74,222.38,2435.05,160.65,1536.27,6162.38,0,90,32048,0,
2026-03-24T14:42:00+00:00,ATM-GB-0004,host-atm-gb-0004,Windows-Server-2019,35.54,840,4096,20.51,260.04,3985.39,162.7,421.77,3505.57,0,96,69516,0,
2026-03-24T14:43:00+00:00,ATM-GB-0001,host-atm-gb-0001,Windows-Server-2019,19.71,808,4096,19.73,1259.47,3283.15,178.93,682.89,7257.87,0,104,68718,0,
2026-03-24T14:43:00+00:00,ATM-GB-0002,host-atm-gb-0002,Windows-Server-2019,29.86,639,4096,15.6,2362.64,3734.81,162.07,7094.13,5269.93,0,118,14200,0,
2026-03-24T14:43:00+00:00,ATM-GB-0003,host-atm-gb-0003,Windows-Server-2019,21.56,862,4096,21.04,618.93,2631.47,102.12,5891.41,5239.79,0,107,38418,0,
2026-03-24T14:43:00+00:00,ATM-GB-0004,host-atm-gb-0004,Windows-Server-2019,17.07,1001,4096,24.44,3812.83,2231.38,104.77,3005.5,6120.99,0,85,84222,0,
2026-03-24T14:44:00+00:00,ATM-GB-0001,host-atm-gb-0001,Windows-Server-2019,29.17,1294,4096,31.59,4217.08,4977.29,151.13,485.18,7553.83,0,113,75585,0,
2026-03-24T14:44:00+00:00,ATM-GB-0002,host-atm-gb-0002,Windows-Server-2019,26.78,1188,4096,29.0,4037.17,2507.55,77.78,2783.28,1342.43,0,87,71837,0,
2026-03-24T14:44:00+00:00,ATM-GB-0003,host-atm-gb-0003,Windows-Server-2019,14.34,695,4096,16.97,4020.91,2113.54,150.49,2520.36,1362.81,0,112,4011,0,
2026-03-24T14:44:00+00:00,ATM-GB-0004,host-atm-gb-0004,Windows-Server-2019,36.07,726,4096,17.72,1046.72,2072.0,30.71,7503.96,1981.51,0,85,21224,0,
2026-03-24T14:45:00+00:00,ATM-GB-0001,host-atm-gb-0001,Windows-Server-2019,5.82,998,4096,24.37,1246.07,1715.61,70.99,2461.4,7435.18,0,112,37047,0,
2026-03-24T14:45:00+00:00,ATM-GB-0002,host-atm-gb-0002,Windows-Server-2019,11.75,1385,4096,33.81,4865.84,4406.72,112.58,397.0,7936.88,0,115,50697,0,
2026-03-24T14:45:00+00:00,ATM-GB-0003,host-atm-gb-0003,Windows-Server-2019,13.09,1493,4096,36.45,958.89,3051.17,48.66,9307.0,4448.25,0,106,30769,0,
2026-03-24T14:45:00+00:00,ATM-GB-0004,host-atm-gb-0004,Windows-Server-2019,19.74,863,4096,21.07,1017.5,1577.35,178.39,5998.62,6086.1,0,108,53120,0,
2026-03-24T14:46:00+00:00,ATM-GB-0001,host-atm-gb-0001,Windows-Server-2019,28.81,1167,4096,28.49,509.15,3499.53,36.94,1162.86,7794.43,0,107,30150,0,
2026-03-24T14:46:00+00:00,ATM-GB-0002,host-atm-gb-0002,Windows-Server-2019,30.98,1021,4096,24.93,4722.28,2480.49,90.39,1410.75,4497.21,0,100,68926,0,
2026-03-24T14:46:00+00:00,ATM-GB-0003,host-atm-gb-0003,Windows-Server-2019,12.34,755,4096,18.43,4755.97,2834.43,166.81,8903.89,1419.27,0,111,71005,0,
2026-03-24T14:46:00+00:00,ATM-GB-0004,host-atm-gb-0004,Windows-Server-2019,25.84,1452,4096,35.45,1673.75,4637.53,149.2,4211.69,894.07,0,107,76302,0,
2026-03-24T14:47:00+00:00,ATM-GB-0001,host-atm-gb-0001,Windows-Server-2019,34.79,1422,4096,34.72,4094.19,341.09,115.31,7755.17,7510.27,0,95,55369,0,
2026-03-24T14:47:00+00:00,ATM-GB-0002,host-atm-gb-0002,Windows-Server-2019,20.19,893,4096,21.8,2126.97,1957.32,147.89,2204.54,8315.11,0,87,71537,0,
2026-03-24T14:47:00+00:00,ATM-GB-0003,host-atm-gb-0003,Windows-Server-2019,10.82,1355,4096,33.08,343.86,1059.96,61.53,1604.82,5376.23,0,104,20751,0,
2026-03-24T14:47:00+00:00,ATM-GB-0004,host-atm-gb-0004,Windows-Server-2019,18.71,1148,4096,28.03,375.76,759.78,117.99,8351.91,8203.64,0,100,41021,0,
2026-03-24T14:48:00+00:00,ATM-GB-0001,host-atm-gb-0001,Windows-Server-2019,22.07,1284,4096,31.35,3616.01,3667.19,114.31,7147.66,2030.32,0,89,83274,0,
2026-03-24T14:48:00+00:00,ATM-GB-0002,host-atm-gb-0002,Windows-Server-2019,19.6,1406,4096,34.33,1177.79,202.56,179.42,9111.46,4585.89,0,117,73483,0,
2026-03-24T14:48:00+00:00,ATM-GB-0003,host-atm-gb-0003,Windows-Server-2019,30.59,732,4096,17.87,506.52,2318.64,138.66,4131.33,8823.85,0,109,35151,0,
2026-03-24T14:48:00+00:00,ATM-GB-0004,host-atm-gb-0004,Windows-Server-2019,28.4,692,4096,16.89,1833.25,2649.81,26.26,7605.77,648.8,0,108,33078,0,
2026-03-24T14:49:00+00:00,ATM-GB-0001,host-atm-gb-0001,Windows-Server-2019,24.35,1130,4096,27.59,3161.9,1315.08,39.38,2991.89,313.2,0,87,60167,0,
2026-03-24T14:49:00+00:00,ATM-GB-0002,host-atm-gb-0002,Windows-Server-2019,12.69,1270,4096,31.01,4047.54,446.09,46.4,9535.13,497.68,0,111,55064,0,
2026-03-24T14:49:00+00:00,ATM-GB-0003,host-atm-gb-0003,Windows-Server-2019,39.13,1236,4096,30.18,3846.39,153.69,35.55,1077.44,4994.73,0,93,65756,0,
2026-03-24T14:49:00+00:00,ATM-GB-0004,host-atm-gb-0004,Windows-Server-2019,36.52,1321,4096,32.25,2628.34,1363.08,180.13,8489.61,9423.51,0,107,81356,0,
2026-03-24T14:50:00+00:00,ATM-GB-0001,host-atm-gb-0001,Windows-Server-2019,31.02,768,4096,18.75,4064.62,1352.12,35.21,3341.95,653.29,0,113,36854,0,
2026-03-24T14:50:00+00:00,ATM-GB-0002,host-atm-gb-0002,Windows-Server-2019,21.83,1129,4096,27.56,4807.57,2454.17,180.6,2835.45,9226.58,0,99,4623,0,
2026-03-24T14:50:00+00:00,ATM-GB-0003,host-atm-gb-0003,Windows-Server-2019,26.76,1409,4096,34.4,2683.09,1815.19,12.37,9846.35,6396.08,0,109,63571,0,
2026-03-24T14:50:00+00:00,ATM-GB-0004,host-atm-gb-0004,Windows-Server-2019,36.9,855,4096,20.87,3869.55,2443.74,116.38,9681.46,6243.44,0,113,64722,0,
2026-03-24T14:51:00+00:00,ATM-GB-0001,host-atm-gb-0001,Windows-Server-2019,26.99,1361,4096,33.23,1459.42,3728.28,104.51,9025.13,4895.45,0,101,6029,0,
2026-03-24T14:51:00+00:00,ATM-GB-0002,host-atm-gb-0002,Windows-Server-2019,31.87,687,4096,16.77,3199.87,4694.55,110.4,8822.28,3590.25,0,89,19820,0,
2026-03-24T14:51:00+00:00,ATM-GB-0003,host-atm-gb-0003,Windows-Server-2019,32.64,796,4096,19.43,189.61,4746.26,139.43,1838.19,7668.66,0,87,74436,0,
2026-03-24T14:51:00+00:00,ATM-GB-0004,host-atm-gb-0004,Windows-Server-2019,13.43,1181,4096,28.83,468.71,4261.95,129.05,564.66,5530.9,0,115,44900,0,
2026-03-24T14:52:00+00:00,ATM-GB-0001,host-atm-gb-0001,Windows-Server-2019,5.28,1095,4096,26.73,1681.94,773.06,87.78,7348.83,6402.22,0,117,27612,0,
2026-03-24T14:52:00+00:00,ATM-GB-0002,host-atm-gb-0002,Windows-Server-2019,6.86,567,4096,13.84,2131.22,100.85,165.17,8902.03,8521.78,0,92,73251,0,
2026-03-24T14:52:00+00:00,ATM-GB-0003,host-atm-gb-0003,Windows-Server-2019,10.8,1329,4096,32.45,4177.85,1415.03,25.8,7095.43,3692.84,0,115,23441,0,
2026-03-24T14:52:00+00:00,ATM-GB-0004,host-atm-gb-0004,Windows-Server-2019,7.68,589,4096,14.38,3758.3,4229.25,90.06,9749.38,7443.15,0,110,14038,0,
2026-03-24T14:53:00+00:00,ATM-GB-0001,host-atm-gb-0001,Windows-Server-2019,11.74,959,4096,23.41,2193.02,2816.3,68.07,6606.94,5352.67,0,93,48807,0,
2026-03-24T14:53:00+00:00,ATM-GB-0002,host-atm-gb-0002,Windows-Server-2019,12.5,533,4096,13.01,2417.25,2024.78,30.13,4676.87,2223.8,0,87,73730,0,
2026-03-24T14:53:00+00:00,ATM-GB-0003,host-atm-gb-0003,Windows-Server-2019,36.7,545,4096,13.31,4283.98,3868.96,187.73,5551.66,3258.52,0,107,18689,0,
2026-03-24T14:53:00+00:00,ATM-GB-0004,host-atm-gb-0004,Windows-Server-2019,39.47,909,4096,22.19,3624.14,1015.35,110.46,507.73,38.99,0,95,8976,0,
2026-03-24T14:54:00+00:00,ATM-GB-0001,host-atm-gb-0001,Windows-Server-2019,19.91,1298,4096,31.69,4119.01,545.44,166.3,1434.95,5253.65,0,108,11659,0,
2026-03-24T14:54:00+00:00,ATM-GB-0002,host-atm-gb-0002,Windows-Server-2019,9.05,1453,4096,35.47,3618.8,2858.89,52.45,8975.24,3299.49,0,99,73287,0,
2026-03-24T14:54:00+00:00,ATM-GB-0003,host-atm-gb-0003,Windows-Server-2019,7.94,710,4096,17.33,1608.85,2250.51,144.02,9960.79,2890.94,0,102,53577,0,
2026-03-24T14:54:00+00:00,ATM-GB-0004,host-atm-gb-0004,Windows-Server-2019,28.16,1494,4096,36.47,1852.51,3582.95,60.23,4246.18,5328.55,0,96,39868,0,
2026-03-24T14:55:00+00:00,ATM-GB-0001,host-atm-gb-0001,Windows-Server-2019,10.69,1482,4096,36.18,3985.72,4278.22,151.06,94.83,4185.92,0,99,55764,0,
2026-03-24T14:55:00+00:00,ATM-GB-0002,host-atm-gb-0002,Windows-Server-2019,11.86,642,4096,15.67,4338.86,2032.53,136.56,96.14,9933.97,0,101,13661,0,
2026-03-24T14:55:00+00:00,ATM-GB-0003,host-atm-gb-0003,Windows-Server-2019,10.61,939,4096,22.92,3509.37,658.33,89.94,2193.53,5433.0,0,118,18740,0,
2026-03-24T14:55:00+00:00,ATM-GB-0004,host-atm-gb-0004,Windows-Server-2019,14.34,665,4096,16.24,2368.95,2346.89,153.77,268.79,6351.72,0,82,26222,0,
2026-03-24T14:56:00+00:00,ATM-GB-0001,host-atm-gb-0001,Windows-Server-2019,26.26,1272,4096,31.05,2589.99,1467.64,189.31,9929.79,5614.91,0,84,11929,0,
2026-03-24T14:56:00+00:00,ATM-GB-0002,host-atm-gb-0002,Windows-Server-2019,21.68,999,4096,24.39,2145.56,399.68,117.85,2156.93,6160.94,0,83,60965,0,
2026-03-24T14:56:00+00:00,ATM-GB-0003,host-atm-gb-0003,Windows-Server-2019,23.8,485,4096,11.84,3511.53,2570.28,197.68,6247.81,6393.24,0,80,40391,0,
2026-03-24T14:56:00+00:00,ATM-GB-0004,host-atm-gb-0004,Windows-Server-2019,5.17,930,4096,22.71,4275.68,1027.39,167.97,1900.65,2629.72,0,84,48746,0,
2026-03-24T14:57:00+00:00,ATM-GB-0001,host-atm-gb-0001,Windows-Server-2019,38.3,1471,4096,35.91,4450.7,1336.09,70.82,7070.73,8577.49,0,114,14700,0,
2026-03-24T14:57:00+00:00,ATM-GB-0002,host-atm-gb-0002,Windows-Server-2019,38.06,645,4096,15.75,4867.11,1680.72,90.75,7858.16,1025.72,0,108,53427,0,
2026-03-24T14:57:00+00:00,ATM-GB-0003,host-atm-gb-0003,Windows-Server-2019,21.57,1402,4096,34.23,2010.94,4583.56,48.45,2854.5,9660.81,0,96,55826,0,
2026-03-24T14:57:00+00:00,ATM-GB-0004,host-atm-gb-0004,Windows-Server-2019,26.54,503,4096,12.28,2505.47,4643.69,13.41,3163.28,3089.28,0,101,56842,0,
2026-03-24T14:58:00+00:00,ATM-GB-0001,host-atm-gb-0001,Windows-Server-2019,34.74,410,4096,10.01,3795.17,3922.76,67.67,4099.25,4169.54,0,85,7376,0,
2026-03-24T14:58:00+00:00,ATM-GB-0002,host-atm-gb-0002,Windows-Server-2019,6.71,662,4096,16.16,2395.87,900.37,158.17,996.71,6557.79,0,103,83072,0,
2026-03-24T14:58:00+00:00,ATM-GB-0003,host-atm-gb-0003,Windows-Server-2019,26.33,453,4096,11.06,4335.58,3424.28,131.11,2091.81,3601.02,0,116,24970,0,
2026-03-24T14:58:00+00:00,ATM-GB-0004,host-atm-gb-0004,Windows-Server-2019,20.28,1435,4096,35.03,300.35,4590.27,104.74,5621.33,7840.87,0,95,63295,0,
2026-03-24T14:59:00+00:00,ATM-GB-0001,host-atm-gb-0001,Windows-Server-2019,29.99,1100,4096,26.86,1225.29,4525.35,160.96,8963.97,1862.91,0,105,72432,0,
2026-03-24T14:59:00+00:00,ATM-GB-0002,host-atm-gb-0002,Windows-Server-2019,27.45,907,4096,22.14,33.27,2916.59,106.29,6223.91,687.73,0,83,58198,0,
2026-03-24T14:59:00+00:00,ATM-GB-0003,host-atm-gb-0003,Windows-Server-2019,32.85,531,4096,12.96,2578.2,2818.89,170.13,4501.73,7736.63,0,104,65570,0,
2026-03-24T14:59:00+00:00,ATM-GB-0004,host-atm-gb-0004,Windows-Server-2019,26.64,1055,4096,25.76,156.9,4323.05,176.83,499.15,9977.39,0,96,9770,0,
2026-03-24T15:00:00+00:00,ATM-GB-0001,host-atm-gb-0001,Windows-Server-2019,39.19,1143,4096,27.91,3411.23,3535.31,56.4,3878.3,1178.23,0,80,28761,0,
2026-03-24T15:00:00+00:00,ATM-GB-0002,host-atm-gb-0002,Windows-Server-2019,11.62,1459,4096,35.62,3231.21,2499.71,174.51,8294.42,1296.03,0,108,62684,0,
2026-03-24T15:00:00+00:00,ATM-GB-0003,host-atm-gb-0003,Windows-Server-2019,27.93,1472,4096,35.94,4498.46,4082.26,93.56,8328.94,3966.87,0,120,14000,0,
2026-03-24T15:00:00+00:00,ATM-GB-0004,host-atm-gb-0004,Windows-Server-2019,26.43,568,4096,13.87,1416.97,1549.37,24.34,5293.15,1378.94,0,116,73567,0,
2026-03-24T15:01:00+00:00,ATM-GB-0001,host-atm-gb-0001,Windows-Server-2019,22.32,1363,4096,33.28,2070.65,1030.73,45.22,4487.09,7926.29,0,96,20494,0,
2026-03-24T15:01:00+00:00,ATM-GB-0002,host-atm-gb-0002,Windows-Server-2019,38.55,858,4096,20.95,3179.18,977.22,173.28,5194.59,2393.54,0,89,63856,0,
2026-03-24T15:01:00+00:00,ATM-GB-0003,host-atm-gb-0003,Windows-Server-2019,10.61,1239,4096,30.25,867.57,1111.5,82.92,3511.46,9498.81,0,100,30799,0,
2026-03-24T15:01:00+00:00,ATM-GB-0004,host-atm-gb-0004,Windows-Server-2019,36.14,1457,4096,35.57,1933.35,71.21,19.24,9833.82,8060.22,0,97,8162,0,
2026-03-24T15:02:00+00:00,ATM-GB-0001,host-atm-gb-0001,Windows-Server-2019,8.89,572,4096,13.96,3486.44,1052.77,184.94,2804.67,9981.55,0,108,21921,0,
2026-03-24T15:02:00+00:00,ATM-GB-0002,host-atm-gb-0002,Windows-Server-2019,24.47,501,4096,12.23,1496.39,3038.21,21.67,8166.02,6042.51,0,103,34714,0,
2026-03-24T15:02:00+00:00,ATM-GB-0003,host-atm-gb-0003,Windows-Server-2019,14.69,506,4096,12.35,3645.87,3815.03,75.28,3169.38,1569.73,0,90,31088,0,
2026-03-24T15:02:00+00:00,ATM-GB-0004,host-atm-gb-0004,Windows-Server-2019,6.0,1241,4096,30.3,4931.04,907.85,14.73,9562.74,9297.31,0,91,32812,0,
2026-03-24T15:03:00+00:00,ATM-GB-0001,host-atm-gb-0001,Windows-Server-2019,39.02,885,4096,21.61,864.78,3086.02,166.31,3450.49,8838.47,0,103,29336,0,
2026-03-24T15:03:00+00:00,ATM-GB-0002,host-atm-gb-0002,Windows-Server-2019,13.85,631,4096,15.41,3263.46,1008.97,15.04,77.19,8477.22,0,99,36653,0,
2026-03-24T15:03:00+00:00,ATM-GB-0003,host-atm-gb-0003,Windows-Server-2019,39.02,795,4096,19.41,3312.93,2047.85,11.45,9412.0,5430.62,0,94,80167,0,
2026-03-24T15:03:00+00:00,ATM-GB-0004,host-atm-gb-0004,Windows-Server-2019,39.15,599,4096,14.62,944.12,4970.87,106.76,1770.33,2871.1,0,113,17064,0,
2026-03-24T15:04:00+00:00,ATM-GB-0001,host-atm-gb-0001,Windows-Server-2019,27.82,422,4096,10.3,2256.69,3643.84,172.01,5562.62,2427.59,0,100,36457,0,
2026-03-24T15:04:00+00:00,ATM-GB-0002,host-atm-gb-0002,Windows-Server-2019,27.06,893,4096,21.8,2705.04,3841.63,184.19,14.01,515.07,0,81,16306,0,
2026-03-24T15:04:00+00:00,ATM-GB-0003,host-atm-gb-0003,Windows-Server-2019,26.67,1051,4096,25.66,3369.37,3566.03,39.83,8686.89,637.05,0,81,4502,0,
2026-03-24T15:04:00+00:00,ATM-GB-0004,host-atm-gb-0004,Windows-Server-2019,17.29,904,4096,22.07,3847.41,3179.02,179.81,9077.59,772.23,0,93,14085,0,
2026-03-24T15:05:00+00:00,ATM-GB-0001,host-atm-gb-0001,Windows-Server-2019,13.23,609,4096,14.87,3086.79,2756.74,189.49,3920.3,2674.13,0,88,25188,0,
2026-03-24T15:05:00+00:00,ATM-GB-0002,host-atm-gb-0002,Windows-Server-2019,21.03,650,4096,15.87,354.56,2415.24,101.78,5110.91,5248.85,0,117,70660,0,
2026-03-24T15:05:00+00:00,ATM-GB-0003,host-atm-gb-0003,Windows-Server-2019,34.53,1251,4096,30.54,3580.2,3093.16,39.19,8488.68,7177.69,0,111,10666,0,
2026-03-24T15:05:00+00:00,ATM-GB-0004,host-atm-gb-0004,Windows-Server-2019,14.48,658,4096,16.06,4328.26,2194.95,62.67,3519.0,1118.71,0,94,34067,0,
2026-03-24T15:06:00+00:00,ATM-GB-0001,host-atm-gb-0001,Windows-Server-2019,30.67,414,4096,10.11,2178.04,3694.59,68.51,7723.28,4777.31,0,81,82846,0,
2026-03-24T15:06:00+00:00,ATM-GB-0002,host-atm-gb-0002,Windows-Server-2019,15.94,814,4096,19.87,1772.29,2161.62,14.53,6817.04,5188.78,0,83,16602,0,
2026-03-24T15:06:00+00:00,ATM-GB-0003,host-atm-gb-0003,Windows-Server-2019,12.43,1053,4096,25.71,2323.29,3621.77,131.0,5057.59,4728.08,0,99,53193,0,
2026-03-24T15:06:00+00:00,ATM-GB-0004,host-atm-gb-0004,Windows-Server-2019,12.44,701,4096,17.11,624.13,741.89,37.52,7796.91,2613.38,0,93,64337,0,
2026-03-24T15:07:00+00:00,ATM-GB-0001,host-atm-gb-0001,Windows-Server-2019,34.65,1388,4096,33.89,4891.95,3036.61,156.42,3840.57,6299.88,0,87,52038,0,
2026-03-24T15:07:00+00:00,ATM-GB-0002,host-atm-gb-0002,Windows-Server-2019,8.78,723,4096,17.65,321.9,1236.57,36.43,555.45,3057.71,0,112,56379,0,
2026-03-24T15:07:00+00:00,ATM-GB-0003,host-atm-gb-0003,Windows-Server-2019,18.27,1170,4096,28.56,1891.26,4318.2,127.44,4260.04,6870.44,0,96,38127,0,
2026-03-24T15:07:00+00:00,ATM-GB-0004,host-atm-gb-0004,Windows-Server-2019,35.39,1325,4096,32.35,2978.86,3380.73,88.0,9831.05,9390.57,0,106,80499,0,
2026-03-24T15:08:00+00:00,ATM-GB-0001,host-atm-gb-0001,Windows-Server-2019,20.52,690,4096,16.85,536.02,713.11,116.73,4921.72,4623.78,0,106,61596,0,
2026-03-24T15:08:00+00:00,ATM-GB-0002,host-atm-gb-0002,Windows-Server-2019,7.16,1384,4096,33.79,2960.36,3072.86,77.3,1329.09,3151.79,0,112,73867,0,
2026-03-24T15:08:00+00:00,ATM-GB-0003,host-atm-gb-0003,Windows-Server-2019,24.75,496,4096,12.11,1919.73,2835.48,73.8,4062.28,8463.46,0,105,79002,0,
2026-03-24T15:08:00+00:00,ATM-GB-0004,host-atm-gb-0004,Windows-Server-2019,20.72,841,4096,20.53,353.34,4990.58,53.99,441.74,6448.77,0,95,59367,0,
2026-03-24T15:09:00+00:00,ATM-GB-0001,host-atm-gb-0001,Windows-Server-2019,22.35,1378,4096,33.64,1281.02,2036.6,107.77,3629.54,7688.7,0,85,77135,0,
2026-03-24T15:09:00+00:00,ATM-GB-0002,host-atm-gb-0002,Windows-Server-2019,27.22,847,4096,20.68,2571.72,4471.55,30.15,8730.71,1461.23,0,106,49162,0,
2026-03-24T15:09:00+00:00,ATM-GB-0003,host-atm-gb-0003,Windows-Server-2019,23.72,985,4096,24.05,3370.35,747.83,164.51,675.76,3675.22,0,98,37499,0,
2026-03-24T15:09:00+00:00,ATM-GB-0004,host-atm-gb-0004,Windows-Server-2019,25.3,842,4096,20.56,86.44,2205.37,55.69,4879.5,7453.38,0,112,42697,0,
2026-03-24T15:10:00+00:00,ATM-GB-0001,host-atm-gb-0001,Windows-Server-2019,14.46,885,4096,21.61,1573.62,551.05,158.4,7801.28,954.6,0,86,27294,0,
2026-03-24T15:10:00+00:00,ATM-GB-0002,host-atm-gb-0002,Windows-Server-2019,35.92,1373,4096,33.52,153.46,1050.5,27.7,5277.44,6917.07,0,113,33913,0,
2026-03-24T15:10:00+00:00,ATM-GB-0003,host-atm-gb-0003,Windows-Server-2019,22.12,818,4096,19.97,27.15,1163.07,10.27,6865.97,7517.51,0,99,48437,0,
2026-03-24T15:10:00+00:00,ATM-GB-0004,host-atm-gb-0004,Windows-Server-2019,39.13,1088,4096,26.56,2256.51,3216.95,190.65,4879.6,3793.19,0,103,40345,0,
2026-03-24T15:11:00+00:00,ATM-GB-0001,host-atm-gb-0001,Windows-Server-2019,24.47,958,4096,23.39,3274.41,29.41,130.01,2163.01,4467.0,0,116,40835,0,
2026-03-24T15:11:00+00:00,ATM-GB-0002,host-atm-gb-0002,Windows-Server-2019,8.19,1019,4096,24.88,437.62,1552.55,148.97,9644.48,887.07,0,86,62394,0,
2026-03-24T15:11:00+00:00,ATM-GB-0003,host-atm-gb-0003,Windows-Server-2019,18.1,471,4096,11.5,1975.58,258.66,115.25,5678.2,7300.06,0,112,76825,0,
2026-03-24T15:11:00+00:00,ATM-GB-0004,host-atm-gb-0004,Windows-Server-2019,7.21,1030,4096,25.15,4739.44,2298.92,114.78,1679.0,585.03,0,109,66204,0,
2026-03-24T15:12:00+00:00,ATM-GB-0001,host-atm-gb-0001,Windows-Server-2019,6.9,1007,4096,24.58,4052.84,148.93,164.69,3452.09,3082.41,0,101,79547,0,
2026-03-24T15:12:00+00:00,ATM-GB-0002,host-atm-gb-0002,Windows-Server-2019,15.25,631,4096,15.41,1292.86,2441.7,69.62,1254.62,7774.78,0,86,24077,0,
2026-03-24T15:12:00+00:00,ATM-GB-0003,host-atm-gb-0003,Windows-Server-2019,8.92,1300,4096,31.74,1622.61,4759.97,99.11,5450.94,9519.28,0,120,41063,0,
2026-03-24T15:12:00+00:00,ATM-GB-0004,host-atm-gb-0004,Windows-Server-2019,29.17,861,4096,21.02,2253.91,1428.2,94.39,5195.14,1153.78,0,83,26024,0,
2026-03-24T15:13:00+00:00,ATM-GB-0001,host-atm-gb-0001,Windows-Server-2019,26.65,706,4096,17.24,4110.29,2633.27,171.27,2491.12,7855.3,0,116,5110,0,
2026-03-24T15:13:00+00:00,ATM-GB-0002,host-atm-gb-0002,Windows-Server-2019,35.63,1077,4096,26.29,3006.55,2431.77,191.04,1115.34,2218.14,0,106,62223,0,
2026-03-24T15:13:00+00:00,ATM-GB-0003,host-atm-gb-0003,Windows-Server-2019,13.16,1058,4096,25.83,3806.23,3336.12,46.96,1232.82,6775.2,0,108,17648,0,
2026-03-24T15:13:00+00:00,ATM-GB-0004,host-atm-gb-0004,Windows-Server-2019,35.29,730,4096,17.82,996.61,3614.58,75.03,6492.81,623.56,0,96,5064,0,
2026-03-24T15:14:00+00:00,ATM-GB-0001,host-atm-gb-0001,Windows-Server-2019,39.92,830,4096,20.26,363.74,2394.68,81.3,9296.94,8436.94,0,100,64333,0,
2026-03-24T15:14:00+00:00,ATM-GB-0002,host-atm-gb-0002,Windows-Server-2019,37.16,686,4096,16.75,3859.04,244.08,114.53,9842.36,6629.63,0,92,64781,0,
2026-03-24T15:14:00+00:00,ATM-GB-0003,host-atm-gb-0003,Windows-Server-2019,19.01,1493,4096,36.45,2926.86,3377.31,114.82,5657.21,2568.65,0,110,25508,0,
2026-03-24T15:14:00+00:00,ATM-GB-0004,host-atm-gb-0004,Windows-Server-2019,32.23,1147,4096,28.0,3423.68,4463.43,139.04,2879.74,6904.66,0,85,33674,0,
2026-03-24T15:15:00+00:00,ATM-GB-0001,host-atm-gb-0001,Windows-Server-2019,11.95,1022,4096,24.95,923.39,3240.29,53.02,2795.1,3005.57,0,111,11397,0,
2026-03-24T15:15:00+00:00,ATM-GB-0002,host-atm-gb-0002,Windows-Server-2019,17.0,1148,4096,28.03,1229.94,2156.76,177.68,5983.14,5587.28,0,97,32645,0,
2026-03-24T15:15:00+00:00,ATM-GB-0003,host-atm-gb-0003,Windows-Server-2019,36.48,959,4096,23.41,338.27,2014.31,110.35,9311.12,8524.22,0,91,35141,0,
2026-03-24T15:15:00+00:00,ATM-GB-0004,host-atm-gb-0004,Windows-Server-2019,23.44,978,4096,23.88,2232.58,2589.57,37.82,5489.81,2858.84,0,80,28097,0,
2026-03-24T15:16:00+00:00,ATM-GB-0001,host-atm-gb-0001,Windows-Server-2019,36.62,738,4096,18.02,404.98,689.97,14.59,3484.76,6885.66,0,90,33175,0,
2026-03-24T15:16:00+00:00,ATM-GB-0002,host-atm-gb-0002,Windows-Server-2019,17.79,1146,4096,27.98,3564.69,1576.36,128.77,9062.11,6512.11,0,108,41457,0,
2026-03-24T15:16:00+00:00,ATM-GB-0003,host-atm-gb-0003,Windows-Server-2019,39.79,791,4096,19.31,2298.95,3997.2,159.76,469.82,510.52,0,80,78512,0,
2026-03-24T15:16:00+00:00,ATM-GB-0004,host-atm-gb-0004,Windows-Server-2019,36.68,1003,4096,24.49,4392.06,3970.2,99.94,1357.58,677.88,0,113,49295,0,
2026-03-24T15:17:00+00:00,ATM-GB-0001,host-atm-gb-0001,Windows-Server-2019,28.21,1137,4096,27.76,3258.89,4200.21,80.44,7685.99,7331.39,0,86,29568,0,
2026-03-24T15:17:00+00:00,ATM-GB-0002,host-atm-gb-0002,Windows-Server-2019,18.79,924,4096,22.56,1761.93,4188.51,121.39,9756.85,6469.76,0,92,77418,0,
2026-03-24T15:17:00+00:00,ATM-GB-0003,host-atm-gb-0003,Windows-Server-2019,27.83,925,4096,22.58,3124.36,716.47,33.79,8624.5,7851.83,0,114,53021,0,
2026-03-24T15:17:00+00:00,ATM-GB-0004,host-atm-gb-0004,Windows-Server-2019,22.16,978,4096,23.88,385.03,1216.06,127.91,4809.12,4410.41,0,110,15206,0,
2026-03-24T15:18:00+00:00,ATM-GB-0001,host-atm-gb-0001,Windows-Server-2019,30.21,814,4096,19.87,1278.75,296.26,115.51,8602.15,7446.75,0,112,80164,0,
2026-03-24T15:18:00+00:00,ATM-GB-0002,host-atm-gb-0002,Windows-Server-2019,34.84,747,4096,18.24,1103.79,3324.01,57.01,8241.98,7613.1,0,115,19409,0,
2026-03-24T15:18:00+00:00,ATM-GB-0003,host-atm-gb-0003,Windows-Server-2019,8.24,908,4096,22.17,1711.73,843.97,122.26,6218.41,6996.15,0,84,12724,0,
2026-03-24T15:18:00+00:00,ATM-GB-0004,host-atm-gb-0004,Windows-Server-2019,33.4,1267,4096,30.93,2023.28,3387.32,37.51,9291.22,7976.58,0,94,40336,0,
2026-03-24T15:19:00+00:00,ATM-GB-0001,host-atm-gb-0001,Windows-Server-2019,11.22,887,4096,21.66,2106.93,1466.62,116.57,331.41,8488.8,0,82,14967,0,
2026-03-24T15:19:00+00:00,ATM-GB-0002,host-atm-gb-0002,Windows-Server-2019,9.82,536,4096,13.09,2610.62,2789.28,149.59,7625.03,1961.02,0,111,65347,0,
2026-03-24T15:19:00+00:00,ATM-GB-0003,host-atm-gb-0003,Windows-Server-2019,16.24,1218,4096,29.74,3185.78,1888.45,76.76,814.43,1841.47,0,116,22889,0,
2026-03-24T15:19:00+00:00,ATM-GB-0004,host-atm-gb-0004,Windows-Server-2019,19.05,621,4096,15.16,3728.98,2451.0,19.54,6936.07,5831.2,0,87,42384,0,
2026-03-24T15:20:00+00:00,ATM-GB-0001,host-atm-gb-0001,Windows-Server-2019,9.34,428,4096,10.45,3154.59,2413.79,72.71,3500.58,2832.54,0,113,79953,0,
2026-03-24T15:20:00+00:00,ATM-GB-0002,host-atm-gb-0002,Windows-Server-2019,13.51,531,4096,12.96,685.28,3973.99,68.99,9399.94,3357.4,0,80,83528,0,
2026-03-24T15:20:00+00:00,ATM-GB-0003,host-atm-gb-0003,Windows-Server-2019,25.91,1041,4096,25.42,3647.82,4110.19,80.82,5889.81,2744.94,0,118,56592,0,
2026-03-24T15:20:00+00:00,ATM-GB-0004,host-atm-gb-0004,Windows-Server-2019,28.61,652,4096,15.92,1405.73,762.82,97.61,5405.61,8696.25,0,116,47017,0,
2026-03-24T15:21:00+00:00,ATM-GB-0001,host-atm-gb-0001,Windows-Server-2019,36.79,969,4096,23.66,4725.35,1129.23,157.02,1484.17,4443.63,0,101,45486,0,
2026-03-24T15:21:00+00:00,ATM-GB-0002,host-atm-gb-0002,Windows-Server-2019,37.77,1357,4096,33.13,3527.27,3413.47,60.02,8266.14,9542.32,0,107,21126,0,
2026-03-24T15:21:00+00:00,ATM-GB-0003,host-atm-gb-0003,Windows-Server-2019,12.94,883,4096,21.56,1288.34,551.76,85.98,3516.83,6501.92,0,119,54588,0,
2026-03-24T15:21:00+00:00,ATM-GB-0004,host-atm-gb-0004,Windows-Server-2019,14.35,1372,4096,33.5,1176.16,2182.98,49.22,1590.35,4875.94,0,103,53956,0,
2026-03-24T15:22:00+00:00,ATM-GB-0001,host-atm-gb-0001,Windows-Server-2019,37.26,597,4096,14.58,4216.23,703.57,25.64,349.53,6637.54,0,105,67652,0,
2026-03-24T15:22:00+00:00,ATM-GB-0002,host-atm-gb-0002,Windows-Server-2019,13.59,468,4096,11.43,1858.46,3503.88,86.18,7089.85,8095.01,0,118,65794,0,
2026-03-24T15:22:00+00:00,ATM-GB-0003,host-atm-gb-0003,Windows-Server-2019,6.94,1342,4096,32.76,1819.81,2346.69,109.37,4017.68,1074.0,0,98,46011,0,
2026-03-24T15:22:00+00:00,ATM-GB-0004,host-atm-gb-0004,Windows-Server-2019,17.95,1278,4096,31.2,1036.87,1624.74,113.65,9141.67,1002.93,0,117,58365,0,
2026-03-24T15:23:00+00:00,ATM-GB-0001,host-atm-gb-0001,Windows-Server-2019,6.39,929,4096,22.68,2364.49,1229.8,30.06,4314.53,3023.02,0,90,46788,0,
2026-03-24T15:23:00+00:00,ATM-GB-0002,host-atm-gb-0002,Windows-Server-2019,35.15,833,4096,20.34,67.05,2986.72,194.15,7877.35,9963.24,0,113,56560,0,
2026-03-24T15:23:00+00:00,ATM-GB-0003,host-atm-gb-0003,Windows-Server-2019,30.53,831,4096,20.29,2956.87,1753.74,173.14,310.8,3797.22,0,90,6493,0,
2026-03-24T15:23:00+00:00,ATM-GB-0004,host-atm-gb-0004,Windows-Server-2019,20.9,1122,4096,27.39,2066.36,2386.81,173.02,2280.72,3105.9,0,89,66080,0,
2026-03-24T15:24:00+00:00,ATM-GB-0001,host-atm-gb-0001,Windows-Server-2019,21.8,1256,4096,30.66,142.21,568.54,121.9,9805.66,4151.89,0,116,54931,0,
2026-03-24T15:24:00+00:00,ATM-GB-0002,host-atm-gb-0002,Windows-Server-2019,9.44,1289,4096,31.47,1598.21,788.2,119.44,5888.0,4381.4,0,100,65410,0,
2026-03-24T15:24:00+00:00,ATM-GB-0003,host-atm-gb-0003,Windows-Server-2019,22.93,1301,4096,31.76,4160.37,3558.3,77.66,6347.53,3401.13,0,85,58514,0,
2026-03-24T15:24:00+00:00,ATM-GB-0004,host-atm-gb-0004,Windows-Server-2019,10.25,711,4096,17.36,926.32,1426.05,43.72,5867.44,6005.8,0,99,67009,0,
2026-03-24T15:25:00+00:00,ATM-GB-0001,host-atm-gb-0001,Windows-Server-2019,28.07,531,4096,12.96,1347.31,3671.39,92.35,4655.99,207.15,0,92,16489,0,
2026-03-24T15:25:00+00:00,ATM-GB-0002,host-atm-gb-0002,Windows-Server-2019,25.36,1073,4096,26.2,237.81,3559.38,90.62,6402.46,7222.59,0,81,79991,0,
2026-03-24T15:25:00+00:00,ATM-GB-0003,host-atm-gb-0003,Windows-Server-2019,28.43,1146,4096,27.98,824.66,4135.74,78.99,409.61,9284.48,0,99,5640,0,
2026-03-24T15:25:00+00:00,ATM-GB-0004,host-atm-gb-0004,Windows-Server-2019,11.24,462,4096,11.28,2654.4,2031.89,54.7,6862.65,127.41,0,113,26663,0,
2026-03-24T15:26:00+00:00,ATM-GB-0001,host-atm-gb-0001,Windows-Server-2019,20.83,1156,4096,28.22,2673.76,1657.48,128.11,7170.22,4974.63,0,112,33942,0,
2026-03-24T15:26:00+00:00,ATM-GB-0002,host-atm-gb-0002,Windows-Server-2019,24.05,1438,4096,35.11,1058.7,336.27,32.97,6878.51,642.1,0,110,72996,0,
2026-03-24T15:26:00+00:00,ATM-GB-0003,host-atm-gb-0003,Windows-Server-2019,33.27,590,4096,14.4,2452.2,314.55,86.31,5095.49,2416.61,0,80,9706,0,
2026-03-24T15:26:00+00:00,ATM-GB-0004,host-atm-gb-0004,Windows-Server-2019,14.7,1490,4096,36.38,660.14,4508.21,84.25,7056.58,7259.19,0,86,35121,0,
2026-03-24T15:27:00+00:00,ATM-GB-0001,host-atm-gb-0001,Windows-Server-2019,5.67,472,4096,11.52,4173.86,2946.63,153.94,9186.55,8044.2,0,103,5187,0,
2026-03-24T15:27:00+00:00,ATM-GB-0002,host-atm-gb-0002,Windows-Server-2019,35.36,681,4096,16.63,2740.26,4403.26,139.78,3644.61,3940.35,0,114,52719,0,
2026-03-24T15:27:00+00:00,ATM-GB-0003,host-atm-gb-0003,Windows-Server-2019,38.74,919,4096,22.44,1659.13,2356.0,94.67,1792.33,291.99,0,114,12572,0,
2026-03-24T15:27:00+00:00,ATM-GB-0004,host-atm-gb-0004,Windows-Server-2019,6.06,865,4096,21.12,4841.89,482.52,95.74,2302.04,3936.7,0,113,83950,0,
2026-03-24T15:28:00+00:00,ATM-GB-0001,host-atm-gb-0001,Windows-Server-2019,35.22,766,4096,18.7,3843.32,2585.65,112.8,6788.92,6052.62,0,92,44796,0,
2026-03-24T15:28:00+00:00,ATM-GB-0002,host-atm-gb-0002,Windows-Server-2019,14.37,1470,4096,35.89,1898.51,1959.74,140.2,8148.06,768.29,0,109,46821,0,
2026-03-24T15:28:00+00:00,ATM-GB-0003,host-atm-gb-0003,Windows-Server-2019,20.31,831,4096,20.29,3868.89,296.52,48.27,2670.4,7851.76,0,81,57704,0,
2026-03-24T15:28:00+00:00,ATM-GB-0004,host-atm-gb-0004,Windows-Server-2019,28.42,718,4096,17.53,1399.47,3259.11,27.75,934.03,9604.85,0,109,57126,0,
2026-03-24T15:29:00+00:00,ATM-GB-0001,host-atm-gb-0001,Windows-Server-2019,33.36,1388,4096,33.89,2854.96,4418.32,89.86,8916.56,2948.33,0,107,74391,0,
2026-03-24T15:29:00+00:00,ATM-GB-0002,host-atm-gb-0002,Windows-Server-2019,39.5,873,4096,21.31,4314.71,2439.83,186.81,7389.95,6821.55,0,108,21626,0,
2026-03-24T15:29:00+00:00,ATM-GB-0003,host-atm-gb-0003,Windows-Server-2019,15.25,1005,4096,24.54,2789.53,3071.31,189.09,4866.82,3424.41,0,114,37681,0,
2026-03-24T15:29:00+00:00,ATM-GB-0004,host-atm-gb-0004,Windows-Server-2019,32.59,667,4096,16.28,2930.06,2070.41,169.45,6940.84,1447.21,0,120,36425,0,
2026-03-24T15:30:00+00:00,ATM-GB-0001,host-atm-gb-0001,Windows-Server-2019,35.85,679,4096,16.58,4707.14,4732.7,116.07,5487.51,1289.6,0,106,22891,0,
2026-03-24T15:30:00+00:00,ATM-GB-0002,host-atm-gb-0002,Windows-Server-2019,16.73,518,4096,12.65,686.19,2676.24,168.46,4841.67,7128.02,0,86,43300,0,
2026-03-24T15:30:00+00:00,ATM-GB-0003,host-atm-gb-0003,Windows-Server-2019,9.44,1377,4096,33.62,2766.83,744.88,183.96,8988.02,4923.7,0,92,51016,0,
2026-03-24T15:30:00+00:00,ATM-GB-0004,host-atm-gb-0004,Windows-Server-2019,18.33,1082,4096,26.42,1863.12,1000.08,83.36,394.02,4911.08,0,92,11913,0,
2026-03-24T15:31:00+00:00,ATM-GB-0001,host-atm-gb-0001,Windows-Server-2019,18.37,665,4096,16.24,2955.03,3620.96,35.71,1258.64,363.19,0,104,21211,0,
2026-03-24T15:31:00+00:00,ATM-GB-0002,host-atm-gb-0002,Windows-Server-2019,33.31,699,4096,17.07,3926.81,648.44,84.04,7635.64,9262.13,0,102,17261,0,
2026-03-24T15:31:00+00:00,ATM-GB-0003,host-atm-gb-0003,Windows-Server-2019,6.23,420,4096,10.25,4334.39,975.96,124.77,651.52,1188.29,0,102,66191,0,
2026-03-24T15:31:00+00:00,ATM-GB-0004,host-atm-gb-0004,Windows-Server-2019,11.83,1315,4096,32.1,4860.54,2120.81,185.96,1688.18,136.41,0,90,41469,0,
2026-03-24T15:32:00+00:00,ATM-GB-0001,host-atm-gb-0001,Windows-Server-2019,6.71,1241,4096,30.3,768.58,4024.5,155.95,1548.11,8610.99,0,109,12609,0,
2026-03-24T15:32:00+00:00,ATM-GB-0002,host-atm-gb-0002,Windows-Server-2019,17.62,605,4096,14.77,3063.74,3505.6,77.13,2860.72,4025.77,0,87,75651,0,
2026-03-24T15:32:00+00:00,ATM-GB-0003,host-atm-gb-0003,Windows-Server-2019,31.35,685,4096,16.72,4095.47,897.54,58.68,6728.49,1655.0,0,86,10373,0,
2026-03-24T15:32:00+00:00,ATM-GB-0004,host-atm-gb-0004,Windows-Server-2019,30.5,560,4096,13.67,1481.67,435.18,176.01,8015.09,8893.33,0,102,55241,0,
2026-03-24T15:33:00+00:00,ATM-GB-0001,host-atm-gb-0001,Windows-Server-2019,37.39,1353,4096,33.03,1366.66,4256.0,70.0,5086.39,6988.76,0,101,80358,0,
2026-03-24T15:33:00+00:00,ATM-GB-0002,host-atm-gb-0002,Windows-Server-2019,30.89,621,4096,15.16,1027.27,2128.95,133.26,4004.3,5526.36,0,82,75068,0,
2026-03-24T15:33:00+00:00,ATM-GB-0003,host-atm-gb-0003,Windows-Server-2019,37.92,755,4096,18.43,2538.1,3610.15,100.55,8137.72,6918.21,0,101,60088,0,
2026-03-24T15:33:00+00:00,ATM-GB-0004,host-atm-gb-0004,Windows-Server-2019,22.59,468,4096,11.43,2173.2,1130.94,74.85,7472.8,66.47,0,91,33857,0,
2026-03-24T15:34:00+00:00,ATM-GB-0001,host-atm-gb-0001,Windows-Server-2019,25.74,1433,4096,34.99,876.3,1521.57,128.61,1651.21,888.38,0,99,25752,0,
2026-03-24T15:34:00+00:00,ATM-GB-0002,host-atm-gb-0002,Windows-Server-2019,25.07,1312,4096,32.03,382.87,4459.59,182.79,5325.71,1643.14,0,89,14155,0,
2026-03-24T15:34:00+00:00,ATM-GB-0003,host-atm-gb-0003,Windows-Server-2019,25.71,978,4096,23.88,3717.9,1619.71,32.08,1074.71,2001.36,0,115,38108,0,
2026-03-24T15:34:00+00:00,ATM-GB-0004,host-atm-gb-0004,Windows-Server-2019,38.41,1343,4096,32.79,2822.85,3254.92,128.24,6561.34,7585.38,0,113,57788,0,
2026-03-24T15:35:00+00:00,ATM-GB-0001,host-atm-gb-0001,Windows-Server-2019,7.88,1263,4096,30.83,629.36,3429.46,72.8,2188.03,623.33,0,105,6143,0,
2026-03-24T15:35:00+00:00,ATM-GB-0002,host-atm-gb-0002,Windows-Server-2019,29.28,552,4096,13.48,798.39,4594.46,198.83,5144.86,7669.62,0,97,84412,0,
2026-03-24T15:35:00+00:00,ATM-GB-0003,host-atm-gb-0003,Windows-Server-2019,22.79,748,4096,18.26,1372.79,3439.58,155.8,3061.75,1514.28,0,89,37430,0,
2026-03-24T15:35:00+00:00,ATM-GB-0004,host-atm-gb-0004,Windows-Server-2019,24.93,1167,4096,28.49,1588.92,1652.0,177.5,5543.06,667.97,0,83,29245,0,
2026-03-24T15:36:00+00:00,ATM-GB-0001,host-atm-gb-0001,Windows-Server-2019,11.36,1368,4096,33.4,1409.75,915.94,166.98,1273.33,1578.64,0,86,10154,0,
2026-03-24T15:36:00+00:00,ATM-GB-0002,host-atm-gb-0002,Windows-Server-2019,21.81,1285,4096,31.37,4170.23,622.09,36.79,9910.59,2955.13,0,94,36631,0,
2026-03-24T15:36:00+00:00,ATM-GB-0003,host-atm-gb-0003,Windows-Server-2019,7.96,477,4096,11.65,1801.3,1259.14,136.48,4486.5,2136.98,0,106,11907,0,
2026-03-24T15:36:00+00:00,ATM-GB-0004,host-atm-gb-0004,Windows-Server-2019,31.32,611,4096,14.92,2310.15,2678.37,98.88,8271.23,3870.29,0,117,18782,0,
2026-03-24T15:37:00+00:00,ATM-GB-0001,host-atm-gb-0001,Windows-Server-2019,37.5,616,4096,15.04,14.06,633.23,28.19,7297.04,5255.1,0,89,71533,0,
2026-03-24T15:37:00+00:00,ATM-GB-0002,host-atm-gb-0002,Windows-Server-2019,12.37,1241,4096,30.3,4961.47,2012.9,88.83,2376.67,8065.36,0,115,22147,0,
2026-03-24T15:37:00+00:00,ATM-GB-0003,host-atm-gb-0003,Windows-Server-2019,12.88,423,4096,10.33,1294.71,464.67,128.3,2540.96,9602.47,0,113,32403,0,
2026-03-24T15:37:00+00:00,ATM-GB-0004,host-atm-gb-0004,Windows-Server-2019,33.84,682,4096,16.65,4101.61,3150.81,170.57,8447.9,8789.8,0,118,60850,0,
2026-03-24T15:38:00+00:00,ATM-GB-0001,host-atm-gb-0001,Windows-Server-2019,24.18,1354,4096,33.06,47.82,102.69,42.81,827.48,8912.05,0,90,52812,0,
2026-03-24T15:38:00+00:00,ATM-GB-0002,host-atm-gb-0002,Windows-Server-2019,34.64,820,4096,20.02,1515.84,798.55,125.93,9562.24,1864.01,0,82,14254,0,
2026-03-24T15:38:00+00:00,ATM-GB-0003,host-atm-gb-0003,Windows-Server-2019,8.84,1405,4096,34.3,2120.85,3365.9,179.16,9953.49,739.88,0,88,52235,0,
2026-03-24T15:38:00+00:00,ATM-GB-0004,host-atm-gb-0004,Windows-Server-2019,19.44,1312,4096,32.03,1471.74,3617.49,26.51,2427.39,4716.87,0,119,51272,0,
2026-03-24T15:39:00+00:00,ATM-GB-0001,host-atm-gb-0001,Windows-Server-2019,29.35,541,4096,13.21,991.35,3777.67,79.14,6460.65,1569.52,0,83,16850,0,
2026-03-24T15:39:00+00:00,ATM-GB-0002,host-atm-gb-0002,Windows-Server-2019,24.7,1403,4096,34.25,533.01,3184.02,153.45,4718.91,3237.28,0,83,67455,0,
2026-03-24T15:39:00+00:00,ATM-GB-0003,host-atm-gb-0003,Windows-Server-2019,6.65,973,4096,23.75,45.57,4744.5,63.52,1289.85,8768.07,0,110,65355,0,
2026-03-24T15:39:00+00:00,ATM-GB-0004,host-atm-gb-0004,Windows-Server-2019,9.07,825,4096,20.14,3109.05,2504.56,158.35,7748.68,4751.03,0,117,80892,0,
2026-03-24T15:40:00+00:00,ATM-GB-0001,host-atm-gb-0001,Windows-Server-2019,12.95,875,4096,21.36,1923.95,4591.8,110.27,7879.35,1333.7,0,96,14741,0,
2026-03-24T15:40:00+00:00,ATM-GB-0002,host-atm-gb-0002,Windows-Server-2019,8.66,1004,4096,24.51,586.79,3730.01,24.77,2567.71,9033.69,0,103,79674,0,
2026-03-24T15:40:00+00:00,ATM-GB-0003,host-atm-gb-0003,Windows-Server-2019,36.45,775,4096,18.92,1861.19,4115.6,10.98,3390.61,1769.2,0,105,57541,0,
2026-03-24T15:40:00+00:00,ATM-GB-0004,host-atm-gb-0004,Windows-Server-2019,27.98,510,4096,12.45,1691.03,3269.14,149.24,1592.51,1637.82,0,115,13771,0,
2026-03-24T15:41:00+00:00,ATM-GB-0001,host-atm-gb-0001,Windows-Server-2019,37.42,1248,4096,30.47,1636.79,3675.84,171.96,9801.78,5620.21,0,117,37349,0,
2026-03-24T15:41:00+00:00,ATM-GB-0002,host-atm-gb-0002,Windows-Server-2019,22.4,982,4096,23.97,3646.38,3681.14,41.06,838.53,4636.77,0,117,38784,0,
2026-03-24T15:41:00+00:00,ATM-GB-0003,host-atm-gb-0003,Windows-Server-2019,34.14,988,4096,24.12,3872.1,3219.51,130.8,7741.99,1665.86,0,86,18162,0,
2026-03-24T15:41:00+00:00,ATM-GB-0004,host-atm-gb-0004,Windows-Server-2019,25.28,686,4096,16.75,4414.98,241.23,95.46,7971.96,2959.63,0,119,32016,0,
2026-03-24T15:42:00+00:00,ATM-GB-0001,host-atm-gb-0001,Windows-Server-2019,5.83,1180,4096,28.81,2149.79,2983.72,64.79,7671.7,5113.48,0,102,72071,0,
2026-03-24T15:42:00+00:00,ATM-GB-0002,host-atm-gb-0002,Windows-Server-2019,36.19,634,4096,15.48,4812.91,2911.77,156.62,4949.21,76.09,0,86,82921,0,
2026-03-24T15:42:00+00:00,ATM-GB-0003,host-atm-gb-0003,Windows-Server-2019,31.84,1255,4096,30.64,2426.41,208.44,20.41,686.96,2559.78,0,98,33606,0,
2026-03-24T15:42:00+00:00,ATM-GB-0004,host-atm-gb-0004,Windows-Server-2019,13.09,1272,4096,31.05,1133.84,2796.92,30.98,2479.92,1175.71,0,83,42638,0,
2026-03-24T15:43:00+00:00,ATM-GB-0001,host-atm-gb-0001,Windows-Server-2019,20.06,1292,4096,31.54,3904.83,1825.05,142.12,5146.7,2745.1,0,102,23090,0,
2026-03-24T15:43:00+00:00,ATM-GB-0002,host-atm-gb-0002,Windows-Server-2019,39.31,1447,4096,35.33,2788.76,3612.19,198.24,5511.77,6486.19,0,112,64383,0,
2026-03-24T15:43:00+00:00,ATM-GB-0003,host-atm-gb-0003,Windows-Server-2019,17.94,885,4096,21.61,1660.12,2143.68,142.51,3560.0,646.88,0,80,71393,0,
2026-03-24T15:43:00+00:00,ATM-GB-0004,host-atm-gb-0004,Windows-Server-2019,20.2,875,4096,21.36,2278.22,3547.66,129.7,5005.85,7362.99,0,99,74249,0,
2026-03-24T15:44:00+00:00,ATM-GB-0001,host-atm-gb-0001,Windows-Server-2019,38.0,1197,4096,29.22,1135.72,1212.86,64.72,3504.5,2324.48,0,111,63011,0,
2026-03-24T15:44:00+00:00,ATM-GB-0002,host-atm-gb-0002,Windows-Server-2019,10.31,778,4096,18.99,2232.24,3473.95,53.42,6592.68,3850.35,0,117,4985,0,
2026-03-24T15:44:00+00:00,ATM-GB-0003,host-atm-gb-0003,Windows-Server-2019,26.84,889,4096,21.7,2866.88,4413.84,138.91,1362.89,13.45,0,111,65474,0,
2026-03-24T15:44:00+00:00,ATM-GB-0004,host-atm-gb-0004,Windows-Server-2019,10.17,1395,4096,34.06,3260.35,2832.54,83.0,7207.63,8877.79,0,82,32653,0,
2026-03-24T15:45:00+00:00,ATM-GB-0001,host-atm-gb-0001,Windows-Server-2019,34.87,1245,4096,30.4,3094.51,2923.64,75.11,6944.54,920.12,0,96,4618,0,
2026-03-24T15:45:00+00:00,ATM-GB-0002,host-atm-gb-0002,Windows-Server-2019,22.95,1050,4096,25.63,447.28,1008.7,154.47,8068.17,804.53,0,91,86072,0,
2026-03-24T15:45:00+00:00,ATM-GB-0003,host-atm-gb-0003,Windows-Server-2019,24.03,583,4096,14.23,4687.37,2819.28,38.82,3780.31,5451.18,0,108,51985,0,
2026-03-24T15:45:00+00:00,ATM-GB-0004,host-atm-gb-0004,Windows-Server-2019,38.06,1292,4096,31.54,2990.42,1289.17,188.22,7228.17,122.08,0,112,30352,0,
2026-03-24T15:45:00+00:00,ATM-GB-0002,,,30.0,,,46.0,,,,,,0,,,,A6_RAMP
2026-03-24T15:46:00+00:00,ATM-GB-0001,host-atm-gb-0001,Windows-Server-2019,27.15,1259,4096,30.74,2321.2,3134.02,183.65,2286.19,8511.59,0,117,57623,0,
2026-03-24T15:46:00+00:00,ATM-GB-0002,host-atm-gb-0002,Windows-Server-2019,11.95,1002,4096,24.46,1428.63,2371.17,177.86,8049.57,1655.12,0,85,21738,0,
2026-03-24T15:46:00+00:00,ATM-GB-0003,host-atm-gb-0003,Windows-Server-2019,22.76,527,4096,12.87,2535.56,4060.92,30.07,8355.82,2968.98,0,100,41284,0,
2026-03-24T15:46:00+00:00,ATM-GB-0004,host-atm-gb-0004,Windows-Server-2019,6.39,1047,4096,25.56,4366.87,3133.65,20.67,2324.59,5152.75,0,103,77630,0,
2026-03-24T15:47:00+00:00,ATM-GB-0001,host-atm-gb-0001,Windows-Server-2019,9.85,1311,4096,32.01,812.19,4871.88,188.71,2627.31,7543.41,0,107,36928,0,
2026-03-24T15:47:00+00:00,ATM-GB-0002,host-atm-gb-0002,Windows-Server-2019,20.26,674,4096,16.46,3811.33,3364.09,180.69,1897.81,763.12,0,110,14115,0,
2026-03-24T15:47:00+00:00,ATM-GB-0003,host-atm-gb-0003,Windows-Server-2019,6.86,958,4096,23.39,4865.54,3818.95,196.77,6277.73,6161.08,0,82,25234,0,
2026-03-24T15:47:00+00:00,ATM-GB-0004,host-atm-gb-0004,Windows-Server-2019,12.34,1045,4096,25.51,1803.58,354.43,52.97,7809.88,3651.72,0,104,27684,0,
2026-03-24T15:48:00+00:00,ATM-GB-0001,host-atm-gb-0001,Windows-Server-2019,22.71,1308,4096,31.93,4102.31,3613.92,113.6,6635.12,8380.35,0,115,9393,0,
2026-03-24T15:48:00+00:00,ATM-GB-0002,host-atm-gb-0002,Windows-Server-2019,6.72,610,4096,14.89,244.49,1400.7,134.75,5663.14,2425.34,0,96,6742,0,
2026-03-24T15:48:00+00:00,ATM-GB-0003,host-atm-gb-0003,Windows-Server-2019,37.65,462,4096,11.28,136.71,849.09,22.0,8675.24,4610.51,0,86,33702,0,
2026-03-24T15:48:00+00:00,ATM-GB-0004,host-atm-gb-0004,Windows-Server-2019,18.01,804,4096,19.63,4165.46,2977.16,25.24,9895.83,4954.62,0,111,82607,0,
2026-03-24T15:49:00+00:00,ATM-GB-0001,host-atm-gb-0001,Windows-Server-2019,20.0,1171,4096,28.59,2920.79,4844.42,52.38,5693.11,9248.46,0,100,23627,0,
2026-03-24T15:49:00+00:00,ATM-GB-0002,host-atm-gb-0002,Windows-Server-2019,8.8,899,4096,21.95,2698.02,4337.25,45.01,3342.28,8784.5,0,107,40282,0,
2026-03-24T15:49:00+00:00,ATM-GB-0003,host-atm-gb-0003,Windows-Server-2019,36.72,1124,4096,27.44,4475.77,2006.34,130.55,3379.57,9094.43,0,114,49268,0,
2026-03-24T15:49:00+00:00,ATM-GB-0004,host-atm-gb-0004,Windows-Server-2019,13.25,792,4096,19.34,1619.17,511.08,133.6,8507.63,7777.49,0,88,23801,0,
2026-03-24T15:50:00+00:00,ATM-GB-0001,host-atm-gb-0001,Windows-Server-2019,35.48,1333,4096,32.54,3153.22,1399.14,108.18,5269.87,9471.08,0,89,35926,0,
2026-03-24T15:50:00+00:00,ATM-GB-0002,host-atm-gb-0002,Windows-Server-2019,18.19,1448,4096,35.35,2690.23,3892.28,95.9,4326.5,5106.35,0,103,68252,0,
2026-03-24T15:50:00+00:00,ATM-GB-0003,host-atm-gb-0003,Windows-Server-2019,33.42,921,4096,22.49,2925.28,1834.75,49.77,3854.64,2829.55,0,89,54776,0,
2026-03-24T15:50:00+00:00,ATM-GB-0004,host-atm-gb-0004,Windows-Server-2019,18.31,1028,4096,25.1,4567.8,3246.84,32.91,3781.97,2293.54,0,100,5479,0,
2026-03-24T15:51:00+00:00,ATM-GB-0001,host-atm-gb-0001,Windows-Server-2019,13.62,492,4096,12.01,1653.33,3411.14,92.55,3153.32,3248.21,0,91,16098,0,
2026-03-24T15:51:00+00:00,ATM-GB-0002,host-atm-gb-0002,Windows-Server-2019,11.67,932,4096,22.75,2945.94,4942.35,129.31,8422.45,1478.71,0,103,71481,0,
2026-03-24T15:51:00+00:00,ATM-GB-0003,host-atm-gb-0003,Windows-Server-2019,36.2,1225,4096,29.91,4220.3,3423.52,191.74,5338.72,4129.63,0,115,60328,0,
2026-03-24T15:51:00+00:00,ATM-GB-0004,host-atm-gb-0004,Windows-Server-2019,21.72,1303,4096,31.81,3385.47,2096.7,188.13,2156.64,8154.95,0,100,49109,0,
2026-03-24T15:52:00+00:00,ATM-GB-0001,host-atm-gb-0001,Windows-Server-2019,26.91,1085,4096,26.49,4615.38,4469.56,180.63,8909.12,6006.63,0,116,23821,0,
2026-03-24T15:52:00+00:00,ATM-GB-0002,host-atm-gb-0002,Windows-Server-2019,12.77,1358,4096,33.15,3215.77,3436.68,199.06,6662.21,1341.63,0,97,22595,0,
2026-03-24T15:52:00+00:00,ATM-GB-0003,host-atm-gb-0003,Windows-Server-2019,6.92,739,4096,18.04,4945.37,3882.68,51.51,3103.16,9766.46,0,107,38367,0,
2026-03-24T15:52:00+00:00,ATM-GB-0004,host-atm-gb-0004,Windows-Server-2019,7.41,420,4096,10.25,2897.89,4642.95,186.84,9427.14,3526.27,0,94,26673,0,
2026-03-24T15:53:00+00:00,ATM-GB-0001,host-atm-gb-0001,Windows-Server-2019,31.17,1398,4096,34.13,2776.55,4875.31,55.09,9027.52,4432.68,0,81,30051,0,
2026-03-24T15:53:00+00:00,ATM-GB-0002,host-atm-gb-0002,Windows-Server-2019,29.6,1223,4096,29.86,2923.0,1423.99,121.97,8226.2,9432.12,0,111,51712,0,
2026-03-24T15:53:00+00:00,ATM-GB-0003,host-atm-gb-0003,Windows-Server-2019,11.87,920,4096,22.46,260.21,121.26,164.65,2324.13,1742.26,0,103,43364,0,
2026-03-24T15:53:00+00:00,ATM-GB-0004,host-atm-gb-0004,Windows-Server-2019,20.74,531,4096,12.96,639.3,3067.19,107.23,628.48,6299.8,0,116,52203,0,
2026-03-24T15:54:00+00:00,ATM-GB-0001,host-atm-gb-0001,Windows-Server-2019,6.43,635,4096,15.5,999.97,1147.69,122.28,9835.11,8846.97,0,95,84684,0,
2026-03-24T15:54:00+00:00,ATM-GB-0002,host-atm-gb-0002,Windows-Server-2019,9.8,511,4096,12.48,1623.62,3906.39,116.23,8648.55,754.68,0,84,25715,0,
2026-03-24T15:54:00+00:00,ATM-GB-0003,host-atm-gb-0003,Windows-Server-2019,7.14,904,4096,22.07,3425.18,2991.48,62.18,9447.92,9589.38,0,119,28376,0,
2026-03-24T15:54:00+00:00,ATM-GB-0004,host-atm-gb-0004,Windows-Server-2019,19.04,891,4096,21.75,1083.99,2971.88,188.17,2479.8,1813.74,0,120,39905,0,
2026-03-24T15:55:00+00:00,ATM-GB-0001,host-atm-gb-0001,Windows-Server-2019,31.06,1020,4096,24.9,1636.97,4018.56,25.87,4024.25,3449.05,0,92,4756,0,
2026-03-24T15:55:00+00:00,ATM-GB-0002,host-atm-gb-0002,Windows-Server-2019,18.29,1116,4096,27.25,28.36,4822.42,24.23,4089.42,349.54,0,119,29957,0,
2026-03-24T15:55:00+00:00,ATM-GB-0003,host-atm-gb-0003,Windows-Server-2019,27.66,1362,4096,33.25,607.53,3292.31,184.66,9016.29,6353.66,0,102,6284,0,
2026-03-24T15:55:00+00:00,ATM-GB-0004,host-atm-gb-0004,Windows-Server-2019,28.52,704,4096,17.19,4132.1,474.16,75.04,6676.52,2728.51,0,106,60708,0,
2026-03-24T15:55:00+00:00,ATM-GB-0002,,,35.12,,,50.4,,,,,,2,,,,A6_RAMP
2026-03-24T15:56:00+00:00,ATM-GB-0001,host-atm-gb-0001,Windows-Server-2019,11.83,1074,4096,26.22,3160.74,1855.5,165.16,5591.71,2702.31,0,117,46255,0,
2026-03-24T15:56:00+00:00,ATM-GB-0002,host-atm-gb-0002,Windows-Server-2019,8.61,722,4096,17.63,4759.65,54.19,190.96,7127.51,4920.9,0,87,29504,0,
2026-03-24T15:56:00+00:00,ATM-GB-0003,host-atm-gb-0003,Windows-Server-2019,30.83,869,4096,21.22,4447.47,3028.61,31.55,6705.81,7418.32,0,110,78135,0,
2026-03-24T15:56:00+00:00,ATM-GB-0004,host-atm-gb-0004,Windows-Server-2019,9.19,557,4096,13.6,3612.59,3376.33,178.15,9762.84,1056.6,0,120,27353,0,
2026-03-24T15:57:00+00:00,ATM-GB-0001,host-atm-gb-0001,Windows-Server-2019,28.48,1280,4096,31.25,3900.17,4578.73,164.61,6353.73,3749.89,0,99,41948,0,
2026-03-24T15:57:00+00:00,ATM-GB-0002,host-atm-gb-0002,Windows-Server-2019,16.36,1442,4096,35.21,2063.64,2218.38,80.68,5509.47,5000.79,0,106,49988,0,
2026-03-24T15:57:00+00:00,ATM-GB-0003,host-atm-gb-0003,Windows-Server-2019,29.4,1028,4096,25.1,3211.02,4177.75,56.17,384.37,4972.53,0,97,78309,0,
2026-03-24T15:57:00+00:00,ATM-GB-0004,host-atm-gb-0004,Windows-Server-2019,26.67,1135,4096,27.71,590.46,3937.05,29.1,5670.48,1161.86,0,109,24096,0,
2026-03-24T15:58:00+00:00,ATM-GB-0001,host-atm-gb-0001,Windows-Server-2019,14.61,453,4096,11.06,1731.33,2691.67,26.01,8467.06,635.38,0,81,69905,0,
2026-03-24T15:58:00+00:00,ATM-GB-0002,host-atm-gb-0002,Windows-Server-2019,33.29,1038,4096,25.34,4620.03,1452.66,70.71,9920.68,5713.7,0,97,12031,0,
2026-03-24T15:58:00+00:00,ATM-GB-0003,host-atm-gb-0003,Windows-Server-2019,18.37,631,4096,15.41,2861.3,3299.75,121.7,4334.01,8943.21,0,103,72965,0,
2026-03-24T15:58:00+00:00,ATM-GB-0004,host-atm-gb-0004,Windows-Server-2019,20.9,1123,4096,27.42,3965.71,4101.18,28.79,4886.54,8124.09,0,110,10297,0,
2026-03-24T15:59:00+00:00,ATM-GB-0001,host-atm-gb-0001,Windows-Server-2019,30.32,1274,4096,31.1,64.9,1144.18,30.27,1828.85,1927.41,0,116,23500,0,
2026-03-24T15:59:00+00:00,ATM-GB-0002,host-atm-gb-0002,Windows-Server-2019,27.11,923,4096,22.53,1790.41,1968.15,91.15,3672.79,7226.33,0,96,49335,0,
2026-03-24T15:59:00+00:00,ATM-GB-0003,host-atm-gb-0003,Windows-Server-2019,23.27,751,4096,18.33,829.2,2816.32,166.13,2531.91,4308.26,0,108,63555,0,
2026-03-24T15:59:00+00:00,ATM-GB-0004,host-atm-gb-0004,Windows-Server-2019,21.19,1207,4096,29.47,80.25,478.21,117.64,4448.0,8361.36,0,107,33225,0,
2026-03-24T16:00:00+00:00,ATM-GB-0001,host-atm-gb-0001,Windows-Server-2019,30.65,1032,4096,25.2,2141.06,3429.48,149.36,2803.82,2188.31,0,120,17918,0,
2026-03-24T16:00:00+00:00,ATM-GB-0002,host-atm-gb-0002,Windows-Server-2019,9.65,1197,4096,29.22,3273.61,251.28,43.71,4354.6,2949.75,0,116,11063,0,
2026-03-24T16:00:00+00:00,ATM-GB-0003,host-atm-gb-0003,Windows-Server-2019,38.41,964,4096,23.54,4329.65,1477.46,159.15,5656.19,8056.3,0,111,18028,0,
2026-03-24T16:00:00+00:00,ATM-GB-0004,host-atm-gb-0004,Windows-Server-2019,6.26,620,4096,15.14,2679.5,3549.9,40.36,918.64,2067.85,0,104,25792,0,
2026-03-24T16:01:00+00:00,ATM-GB-0001,host-atm-gb-0001,Windows-Server-2019,28.13,453,4096,11.06,2322.49,1755.33,135.33,3990.13,2494.26,0,109,14742,0,
2026-03-24T16:01:00+00:00,ATM-GB-0002,host-atm-gb-0002,Windows-Server-2019,27.38,595,4096,14.53,1007.71,874.68,149.78,6168.94,7408.41,0,105,46190,0,
2026-03-24T16:01:00+00:00,ATM-GB-0003,host-atm-gb-0003,Windows-Server-2019,33.42,590,4096,14.4,768.86,1716.37,123.29,8292.61,9212.57,0,109,52365,0,
2026-03-24T16:01:00+00:00,ATM-GB-0004,host-atm-gb-0004,Windows-Server-2019,29.85,1269,4096,30.98,1414.63,1047.02,139.46,2566.13,6297.63,0,98,44673,0,
2026-03-24T16:02:00+00:00,ATM-GB-0001,host-atm-gb-0001,Windows-Server-2019,27.22,1456,4096,35.55,4586.16,3770.7,149.13,3463.91,7047.57,0,98,46305,0,
2026-03-24T16:02:00+00:00,ATM-GB-0002,host-atm-gb-0002,Windows-Server-2019,37.02,1425,4096,34.79,3370.75,1269.35,171.87,4884.31,3704.08,0,103,35026,0,
2026-03-24T16:02:00+00:00,ATM-GB-0003,host-atm-gb-0003,Windows-Server-2019,10.69,1273,4096,31.08,2769.17,93.74,185.03,6285.38,6673.67,0,96,45933,0,
2026-03-24T16:02:00+00:00,ATM-GB-0004,host-atm-gb-0004,Windows-Server-2019,23.71,1337,4096,32.64,1888.67,367.21,172.01,7015.14,6574.3,0,81,26815,0,
2026-03-24T16:03:00+00:00,ATM-GB-0001,host-atm-gb-0001,Windows-Server-2019,32.53,1235,4096,30.15,513.39,182.04,132.0,532.99,1783.21,0,92,16645,0,
2026-03-24T16:03:00+00:00,ATM-GB-0002,host-atm-gb-0002,Windows-Server-2019,32.11,1140,4096,27.83,3541.07,1118.27,105.26,6218.88,4450.22,0,111,78157,0,
2026-03-24T16:03:00+00:00,ATM-GB-0003,host-atm-gb-0003,Windows-Server-2019,13.05,508,4096,12.4,972.59,1025.56,147.46,9660.01,1300.57,0,96,24163,0,
2026-03-24T16:03:00+00:00,ATM-GB-0004,host-atm-gb-0004,Windows-Server-2019,35.3,1091,4096,26.64,3564.45,4427.19,55.72,1608.59,2832.48,0,120,51672,0,
2026-03-24T16:04:00+00:00,ATM-GB-0001,host-atm-gb-0001,Windows-Server-2019,12.09,510,4096,12.45,3011.05,3534.33,62.22,956.81,2551.13,0,85,74300,0,
2026-03-24T16:04:00+00:00,ATM-GB-0002,host-atm-gb-0002,Windows-Server-2019,12.96,1063,4096,25.95,4874.48,4616.56,83.77,2454.36,7160.08,0,116,16576,0,
2026-03-24T16:04:00+00:00,ATM-GB-0003,host-atm-gb-0003,Windows-Server-2019,23.25,1213,4096,29.61,2979.62,3419.31,173.24,9810.21,6416.12,0,80,62336,0,
2026-03-24T16:04:00+00:00,ATM-GB-0004,host-atm-gb-0004,Windows-Server-2019,28.76,646,4096,15.77,4761.12,1597.28,72.3,5901.62,4131.04,0,119,36620,0,
2026-03-24T16:05:00+00:00,ATM-GB-0001,host-atm-gb-0001,Windows-Server-2019,35.67,1036,4096,25.29,2414.27,4651.23,130.2,9649.87,9116.33,0,107,84694,0,
2026-03-24T16:05:00+00:00,ATM-GB-0002,host-atm-gb-0002,Windows-Server-2019,26.85,618,4096,15.09,2569.55,4135.57,91.64,6619.83,5104.22,0,89,43350,0,
2026-03-24T16:05:00+00:00,ATM-GB-0003,host-atm-gb-0003,Windows-Server-2019,6.87,1353,4096,33.03,1365.65,2390.97,121.53,8494.41,2678.71,0,113,27918,0,
2026-03-24T16:05:00+00:00,ATM-GB-0004,host-atm-gb-0004,Windows-Server-2019,9.74,1185,4096,28.93,4520.33,4861.26,105.94,8244.45,5059.15,0,108,42676,0,
2026-03-24T16:05:00+00:00,ATM-GB-0002,,,40.25,,,54.79,,,,,,4,,,,A6_RAMP
2026-03-24T16:06:00+00:00,ATM-GB-0001,host-atm-gb-0001,Windows-Server-2019,19.05,1155,4096,28.2,2691.4,295.34,96.76,8173.17,1133.36,0,95,23525,0,
2026-03-24T16:06:00+00:00,ATM-GB-0002,host-atm-gb-0002,Windows-Server-2019,26.9,857,4096,20.92,3627.08,359.97,152.11,5685.83,5432.34,0,92,60082,0,
2026-03-24T16:06:00+00:00,ATM-GB-0003,host-atm-gb-0003,Windows-Server-2019,25.63,1477,4096,36.06,1014.42,2341.98,109.55,2236.33,4155.63,0,109,35747,0,
2026-03-24T16:06:00+00:00,ATM-GB-0004,host-atm-gb-0004,Windows-Server-2019,34.3,478,4096,11.67,4431.31,986.77,56.19,7285.22,3633.31,0,82,8083,0,
2026-03-24T16:07:00+00:00,ATM-GB-0001,host-atm-gb-0001,Windows-Server-2019,36.17,1112,4096,27.15,3614.96,1572.47,27.94,3480.48,7694.04,0,98,41202,0,
2026-03-24T16:07:00+00:00,ATM-GB-0002,host-atm-gb-0002,Windows-Server-2019,8.42,1316,4096,32.13,107.3,2734.0,80.85,4635.73,5688.56,0,102,25107,0,
2026-03-24T16:07:00+00:00,ATM-GB-0003,host-atm-gb-0003,Windows-Server-2019,19.64,1391,4096,33.96,1752.31,708.79,125.81,7403.31,6230.16,0,96,6025,0,
2026-03-24T16:07:00+00:00,ATM-GB-0004,host-atm-gb-0004,Windows-Server-2019,10.17,1389,4096,33.91,4323.99,4877.37,97.45,4664.96,7557.86,0,113,56746,0,
2026-03-24T16:08:00+00:00,ATM-GB-0001,host-atm-gb-0001,Windows-Server-2019,23.74,964,4096,23.54,2907.74,4524.87,173.92,7310.13,6279.68,0,108,78051,0,
2026-03-24T16:08:00+00:00,ATM-GB-0002,host-atm-gb-0002,Windows-Server-2019,33.97,658,4096,16.06,2098.61,2126.14,149.97,8771.74,3828.86,0,104,63879,0,
2026-03-24T16:08:00+00:00,ATM-GB-0003,host-atm-gb-0003,Windows-Server-2019,38.6,599,4096,14.62,4199.02,2022.65,20.66,8050.72,4157.17,0,95,70002,0,
2026-03-24T16:08:00+00:00,ATM-GB-0004,host-atm-gb-0004,Windows-Server-2019,37.3,447,4096,10.91,2647.54,3739.57,164.96,977.37,7215.71,0,109,28618,0,
2026-03-24T16:09:00+00:00,ATM-GB-0001,host-atm-gb-0001,Windows-Server-2019,16.42,1336,4096,32.62,2835.62,3257.14,42.6,8423.13,2070.53,0,108,35745,0,
2026-03-24T16:09:00+00:00,ATM-GB-0002,host-atm-gb-0002,Windows-Server-2019,7.41,1409,4096,34.4,3934.81,503.14,41.75,57.54,4147.13,0,82,20344,0,
2026-03-24T16:09:00+00:00,ATM-GB-0003,host-atm-gb-0003,Windows-Server-2019,17.97,1497,4096,36.55,1357.09,2994.37,87.01,2702.58,5640.82,0,97,71538,0,
2026-03-24T16:09:00+00:00,ATM-GB-0004,host-atm-gb-0004,Windows-Server-2019,33.13,555,4096,13.55,1131.53,3998.13,38.9,4317.82,3538.03,0,100,36767,0,
2026-03-24T16:10:00+00:00,ATM-GB-0001,host-atm-gb-0001,Windows-Server-2019,30.87,1173,4096,28.64,902.11,4821.37,92.84,5232.89,4292.13,0,114,4732,0,
2026-03-24T16:10:00+00:00,ATM-GB-0002,host-atm-gb-0002,Windows-Server-2019,16.54,600,4096,14.65,2051.72,52.99,10.81,9461.0,9432.95,0,107,66569,0,
2026-03-24T16:10:00+00:00,ATM-GB-0003,host-atm-gb-0003,Windows-Server-2019,26.35,521,4096,12.72,575.23,1171.41,54.19,9574.11,2717.2,0,80,44308,0,
2026-03-24T16:10:00+00:00,ATM-GB-0004,host-atm-gb-0004,Windows-Server-2019,22.25,465,4096,11.35,4872.33,2094.07,151.26,561.2,4860.85,0,100,82889,0,
2026-03-24T16:11:00+00:00,ATM-GB-0001,host-atm-gb-0001,Windows-Server-2019,16.11,1268,4096,30.96,3921.63,4390.83,122.69,577.03,798.76,0,92,21717,0,
2026-03-24T16:11:00+00:00,ATM-GB-0002,host-atm-gb-0002,Windows-Server-2019,27.98,481,4096,11.74,2161.15,3929.61,42.78,2667.68,3901.95,0,100,69695,0,
2026-03-24T16:11:00+00:00,ATM-GB-0003,host-atm-gb-0003,Windows-Server-2019,20.34,647,4096,15.8,559.68,2867.5,166.06,573.43,6224.37,0,116,4354,0,
2026-03-24T16:11:00+00:00,ATM-GB-0004,host-atm-gb-0004,Windows-Server-2019,10.61,669,4096,16.33,4591.16,334.42,120.84,8324.7,1954.47,0,92,84438,0,
2026-03-24T16:12:00+00:00,ATM-GB-0001,host-atm-gb-0001,Windows-Server-2019,26.47,1337,4096,32.64,394.88,4477.28,79.37,8358.71,3434.08,0,119,62070,0,
2026-03-24T16:12:00+00:00,ATM-GB-0002,host-atm-gb-0002,Windows-Server-2019,17.48,453,4096,11.06,4143.98,2059.33,88.72,5032.52,8110.64,0,117,48805,0,
2026-03-24T16:12:00+00:00,ATM-GB-0003,host-atm-gb-0003,Windows-Server-2019,24.34,1412,4096,34.47,2317.93,2454.98,172.09,2562.41,3074.94,0,96,65077,0,
2026-03-24T16:12:00+00:00,ATM-GB-0004,host-atm-gb-0004,Windows-Server-2019,30.63,844,4096,20.61,2287.85,3960.62,193.09,1862.37,9232.66,0,107,72002,0,
2026-03-24T16:13:00+00:00,ATM-GB-0001,host-atm-gb-0001,Windows-Server-2019,10.55,1234,4096,30.13,2359.93,2110.56,18.59,4627.2,8946.55,0,91,30904,0,
2026-03-24T16:13:00+00:00,ATM-GB-0002,host-atm-gb-0002,Windows-Server-2019,36.25,1406,4096,34.33,1369.86,3511.02,47.8,3925.49,3931.07,0,115,29552,0,
2026-03-24T16:13:00+00:00,ATM-GB-0003,host-atm-gb-0003,Windows-Server-2019,23.48,835,4096,20.39,603.36,2701.1,88.35,8525.49,2537.4,0,103,61146,0,
2026-03-24T16:13:00+00:00,ATM-GB-0004,host-atm-gb-0004,Windows-Server-2019,5.85,473,4096,11.55,2307.57,2959.88,67.83,4762.51,2661.82,0,99,29827,0,
2026-03-24T16:14:00+00:00,ATM-GB-0001,host-atm-gb-0001,Windows-Server-2019,6.67,1165,4096,28.44,4054.59,3076.42,67.25,7869.56,9634.87,0,93,80811,0,
2026-03-24T16:14:00+00:00,ATM-GB-0002,host-atm-gb-0002,Windows-Server-2019,25.82,991,4096,24.19,2056.21,1383.9,75.62,9420.01,814.18,0,109,25177,0,
2026-03-24T16:14:00+00:00,ATM-GB-0003,host-atm-gb-0003,Windows-Server-2019,21.69,681,4096,16.63,912.99,3304.21,139.43,4038.87,7124.88,0,95,81684,0,
2026-03-24T16:14:00+00:00,ATM-GB-0004,host-atm-gb-0004,Windows-Server-2019,16.68,1478,4096,36.08,154.93,3617.79,103.27,7970.59,6886.44,0,97,18655,0,
2026-03-24T16:15:00+00:00,ATM-GB-0001,host-atm-gb-0001,Windows-Server-2019,6.24,870,4096,21.24,2911.77,3820.2,146.87,513.58,5824.55,0,103,41530,0,
2026-03-24T16:15:00+00:00,ATM-GB-0002,host-atm-gb-0002,Windows-Server-2019,11.82,1188,4096,29.0,3847.69,2446.54,56.61,8946.85,8763.32,0,107,12724,0,
2026-03-24T16:15:00+00:00,ATM-GB-0003,host-atm-gb-0003,Windows-Server-2019,26.01,687,4096,16.77,4145.63,3910.68,81.35,3028.59,3911.71,0,112,60724,0,
2026-03-24T16:15:00+00:00,ATM-GB-0004,host-atm-gb-0004,Windows-Server-2019,30.91,1387,4096,33.86,2467.28,2475.61,27.24,616.18,6860.24,0,96,13289,0,
2026-03-24T16:15:00+00:00,ATM-GB-0002,,,45.38,,,59.19,,,,,,6,,,,A6_RAMP
2026-03-24T16:16:00+00:00,ATM-GB-0001,host-atm-gb-0001,Windows-Server-2019,35.61,900,4096,21.97,3353.15,1428.22,67.22,2562.83,9733.24,0,86,44982,0,
2026-03-24T16:16:00+00:00,ATM-GB-0002,host-atm-gb-0002,Windows-Server-2019,14.33,1230,4096,30.03,4154.63,2492.33,184.1,5330.44,8273.83,0,115,25698,0,
2026-03-24T16:16:00+00:00,ATM-GB-0003,host-atm-gb-0003,Windows-Server-2019,6.57,748,4096,18.26,3091.17,1407.24,114.34,3392.27,602.25,0,98,46138,0,
2026-03-24T16:16:00+00:00,ATM-GB-0004,host-atm-gb-0004,Windows-Server-2019,33.27,528,4096,12.89,1875.07,3381.24,130.91,2712.12,8187.23,0,102,12424,0,
2026-03-24T16:17:00+00:00,ATM-GB-0001,host-atm-gb-0001,Windows-Server-2019,10.8,1499,4096,36.6,550.28,2570.8,14.77,8534.19,9171.25,0,120,54246,0,
2026-03-24T16:17:00+00:00,ATM-GB-0002,host-atm-gb-0002,Windows-Server-2019,23.0,635,4096,15.5,815.64,3842.77,180.96,1101.7,1691.03,0,85,51920,0,
2026-03-24T16:17:00+00:00,ATM-GB-0003,host-atm-gb-0003,Windows-Server-2019,6.45,1410,4096,34.42,1957.26,3504.53,197.31,9022.53,2218.64,0,109,25053,0,
2026-03-24T16:17:00+00:00,ATM-GB-0004,host-atm-gb-0004,Windows-Server-2019,13.63,733,4096,17.9,3458.41,4668.28,103.65,1882.07,1799.92,0,98,73412,0,
2026-03-24T16:18:00+00:00,ATM-GB-0001,host-atm-gb-0001,Windows-Server-2019,16.34,445,4096,10.86,127.15,4621.46,151.18,3541.64,881.38,0,103,32130,0,
2026-03-24T16:18:00+00:00,ATM-GB-0002,host-atm-gb-0002,Windows-Server-2019,16.57,754,4096,18.41,4262.82,1915.76,142.06,7825.76,1099.39,0,92,58228,0,
2026-03-24T16:18:00+00:00,ATM-GB-0003,host-atm-gb-0003,Windows-Server-2019,32.83,777,4096,18.97,164.43,105.52,94.98,4706.16,2288.91,0,115,9260,0,
2026-03-24T16:18:00+00:00,ATM-GB-0004,host-atm-gb-0004,Windows-Server-2019,9.87,502,4096,12.26,294.36,1660.77,94.14,9941.63,57.61,0,91,28946,0,
2026-03-24T16:19:00+00:00,ATM-GB-0001,host-atm-gb-0001,Windows-Server-2019,37.46,1328,4096,32.42,1459.81,2899.5,143.31,6190.51,2660.48,0,83,12543,0,
2026-03-24T16:19:00+00:00,ATM-GB-0002,host-atm-gb-0002,Windows-Server-2019,16.13,429,4096,10.47,2008.79,4968.42,160.54,9283.72,7953.26,0,112,10840,0,
2026-03-24T16:19:00+00:00,ATM-GB-0003,host-atm-gb-0003,Windows-Server-2019,26.05,1065,4096,26.0,3875.76,3994.11,77.55,8808.96,6006.8,0,81,84718,0,
2026-03-24T16:19:00+00:00,ATM-GB-0004,host-atm-gb-0004,Windows-Server-2019,10.27,562,4096,13.72,1275.36,1186.25,87.74,6172.95,1261.88,0,110,13621,0,
2026-03-24T16:20:00+00:00,ATM-GB-0001,host-atm-gb-0001,Windows-Server-2019,15.74,501,4096,12.23,23.62,1267.6,95.91,1925.61,2262.79,0,115,63338,0,
2026-03-24T16:20:00+00:00,ATM-GB-0002,host-atm-gb-0002,Windows-Server-2019,21.37,1230,4096,30.03,2811.66,2796.26,66.9,878.95,3560.84,0,100,68398,0,
2026-03-24T16:20:00+00:00,ATM-GB-0003,host-atm-gb-0003,Windows-Server-2019,31.98,687,4096,16.77,4659.57,2485.43,38.43,9849.13,6148.44,0,102,8571,0,
2026-03-24T16:20:00+00:00,ATM-GB-0004,host-atm-gb-0004,Windows-Server-2019,26.54,1367,4096,33.37,2726.79,4975.67,157.11,2398.68,1985.87,0,116,41659,0,
2026-03-24T16:21:00+00:00,ATM-GB-0001,host-atm-gb-0001,Windows-Server-2019,35.79,997,4096,24.34,4771.11,3895.07,31.31,2994.71,9030.79,0,83,79098,0,
2026-03-24T16:21:00+00:00,ATM-GB-0002,host-atm-gb-0002,Windows-Server-2019,11.3,955,4096,23.32,2233.03,2744.69,158.16,9264.17,395.66,0,80,66513,0,
2026-03-24T16:21:00+00:00,ATM-GB-0003,host-atm-gb-0003,Windows-Server-2019,33.09,1461,4096,35.67,1785.23,17.3,112.61,4867.3,3559.86,0,89,61715,0,
2026-03-24T16:21:00+00:00,ATM-GB-0004,host-atm-gb-0004,Windows-Server-2019,27.17,567,4096,13.84,3577.8,4658.51,74.65,3683.63,5719.04,0,104,16938,0,
2026-03-24T16:22:00+00:00,ATM-GB-0001,host-atm-gb-0001,Windows-Server-2019,39.66,775,4096,18.92,4406.22,9.31,45.88,8510.11,1096.95,0,109,60778,0,
2026-03-24T16:22:00+00:00,ATM-GB-0002,host-atm-gb-0002,Windows-Server-2019,30.76,497,4096,12.13,3513.85,2334.64,133.82,414.99,6067.6,0,100,35254,0,
2026-03-24T16:22:00+00:00,ATM-GB-0003,host-atm-gb-0003,Windows-Server-2019,26.53,1157,4096,28.25,4607.83,2152.01,96.27,7009.89,2124.31,0,110,43216,0,
2026-03-24T16:22:00+00:00,ATM-GB-0004,host-atm-gb-0004,Windows-Server-2019,26.69,1265,4096,30.88,4304.88,3033.43,71.73,8819.14,6844.49,0,89,69044,0,
2026-03-24T16:23:00+00:00,ATM-GB-0001,host-atm-gb-0001,Windows-Server-2019,13.6,1226,4096,29.93,4465.95,732.01,74.97,7517.19,7319.21,0,113,81789,0,
2026-03-24T16:23:00+00:00,ATM-GB-0002,host-atm-gb-0002,Windows-Server-2019,14.53,1111,4096,27.12,1838.59,1629.77,46.81,5721.52,1538.39,0,92,55279,0,
2026-03-24T16:23:00+00:00,ATM-GB-0003,host-atm-gb-0003,Windows-Server-2019,30.0,1297,4096,31.67,4862.36,4566.29,125.55,9633.52,3448.93,0,111,60286,0,
2026-03-24T16:23:00+00:00,ATM-GB-0004,host-atm-gb-0004,Windows-Server-2019,26.9,445,4096,10.86,3231.83,4457.42,153.48,2158.19,1350.19,0,106,26770,0,
2026-03-24T16:24:00+00:00,ATM-GB-0001,host-atm-gb-0001,Windows-Server-2019,34.27,430,4096,10.5,767.11,4356.39,87.25,1620.03,7901.34,0,105,17319,0,
2026-03-24T16:24:00+00:00,ATM-GB-0002,host-atm-gb-0002,Windows-Server-2019,20.11,763,4096,18.63,44.26,4427.67,198.57,3420.25,3775.78,0,94,38055,0,
2026-03-24T16:24:00+00:00,ATM-GB-0003,host-atm-gb-0003,Windows-Server-2019,19.71,892,4096,21.78,453.65,2747.55,25.25,8913.36,9783.48,0,107,65023,0,
2026-03-24T16:24:00+00:00,ATM-GB-0004,host-atm-gb-0004,Windows-Server-2019,21.14,1404,4096,34.28,1882.5,1590.73,104.09,9145.87,1144.3,0,89,33209,0,
2026-03-24T16:25:00+00:00,ATM-GB-0001,host-atm-gb-0001,Windows-Server-2019,38.7,1150,4096,28.08,2383.61,1214.66,118.25,9312.2,9632.56,0,111,38290,0,
2026-03-24T16:25:00+00:00,ATM-GB-0002,host-atm-gb-0002,Windows-Server-2019,13.09,538,4096,13.13,2897.27,4594.65,33.53,2716.65,806.88,0,116,28415,0,
2026-03-24T16:25:00+00:00,ATM-GB-0003,host-atm-gb-0003,Windows-Server-2019,20.47,1202,4096,29.35,941.95,701.12,52.7,6140.9,1687.82,0,88,14898,0,
2026-03-24T16:25:00+00:00,ATM-GB-0004,host-atm-gb-0004,Windows-Server-2019,21.57,528,4096,12.89,4179.67,3927.55,169.5,6947.08,9786.68,0,109,41835,0,
2026-03-24T16:25:00+00:00,ATM-GB-0002,,,50.5,,,63.58,,,,,,8,,,,A6_RAMP
2026-03-24T16:26:00+00:00,ATM-GB-0001,host-atm-gb-0001,Windows-Server-2019,9.21,1191,4096,29.08,4699.25,3272.75,15.04,3839.72,2186.56,0,91,12760,0,
2026-03-24T16:26:00+00:00,ATM-GB-0002,host-atm-gb-0002,Windows-Server-2019,9.22,1308,4096,31.93,872.19,3775.84,14.43,2686.61,9677.1,0,82,26695,0,
2026-03-24T16:26:00+00:00,ATM-GB-0003,host-atm-gb-0003,Windows-Server-2019,21.94,1388,4096,33.89,1308.31,1985.65,94.94,7125.11,3149.68,0,110,28332,0,
2026-03-24T16:26:00+00:00,ATM-GB-0004,host-atm-gb-0004,Windows-Server-2019,11.78,1484,4096,36.23,3698.24,375.62,109.72,7629.0,9595.87,0,84,14452,0,
2026-03-24T16:27:00+00:00,ATM-GB-0001,host-atm-gb-0001,Windows-Server-2019,35.24,1312,4096,32.03,695.58,1184.63,47.01,8007.05,298.33,0,80,42021,0,
2026-03-24T16:27:00+00:00,ATM-GB-0002,host-atm-gb-0002,Windows-Server-2019,18.2,1236,4096,30.18,4585.65,1264.93,177.53,1104.53,3049.62,0,91,54392,0,
2026-03-24T16:27:00+00:00,ATM-GB-0003,host-atm-gb-0003,Windows-Server-2019,32.07,1055,4096,25.76,456.49,3015.11,69.56,6.41,5720.96,0,96,31487,0,
2026-03-24T16:27:00+00:00,ATM-GB-0004,host-atm-gb-0004,Windows-Server-2019,36.51,980,4096,23.93,2091.76,4532.12,16.23,9378.67,4464.9,0,82,63703,0,
2026-03-24T16:28:00+00:00,ATM-GB-0001,host-atm-gb-0001,Windows-Server-2019,29.15,430,4096,10.5,189.44,1340.98,153.72,7418.72,7678.15,0,98,49814,0,
2026-03-24T16:28:00+00:00,ATM-GB-0002,host-atm-gb-0002,Windows-Server-2019,22.25,722,4096,17.63,2439.59,3122.6,51.42,8957.62,7333.36,0,119,43696,0,
2026-03-24T16:28:00+00:00,ATM-GB-0003,host-atm-gb-0003,Windows-Server-2019,35.57,935,4096,22.83,2714.22,2662.46,172.63,4929.17,2523.19,0,97,84949,0,
2026-03-24T16:28:00+00:00,ATM-GB-0004,host-atm-gb-0004,Windows-Server-2019,9.21,1116,4096,27.25,4465.62,3733.08,148.91,6015.99,5880.75,0,83,82423,0,
2026-03-24T16:29:00+00:00,ATM-GB-0001,host-atm-gb-0001,Windows-Server-2019,30.03,1071,4096,26.15,1428.97,852.23,148.26,9681.25,1664.49,0,97,47705,0,
2026-03-24T16:29:00+00:00,ATM-GB-0002,host-atm-gb-0002,Windows-Server-2019,13.79,797,4096,19.46,536.19,1175.14,143.32,7052.79,3990.09,0,117,40821,0,
2026-03-24T16:29:00+00:00,ATM-GB-0003,host-atm-gb-0003,Windows-Server-2019,8.76,1405,4096,34.3,3076.41,2519.28,27.78,4821.19,1357.99,0,106,6238,0,
2026-03-24T16:29:00+00:00,ATM-GB-0004,host-atm-gb-0004,Windows-Server-2019,26.01,1110,4096,27.1,684.01,484.86,132.81,2401.76,8829.52,0,100,55835,0,
2026-03-24T16:30:00+00:00,ATM-GB-0001,host-atm-gb-0001,Windows-Server-2019,9.42,884,4096,21.58,218.26,2775.01,140.29,7237.14,3936.56,0,98,11427,0,
2026-03-24T16:30:00+00:00,ATM-GB-0002,host-atm-gb-0002,Windows-Server-2019,38.03,787,4096,19.21,3341.79,3999.03,45.0,4283.34,9618.65,0,95,75625,0,
2026-03-24T16:30:00+00:00,ATM-GB-0003,host-atm-gb-0003,Windows-Server-2019,25.5,616,4096,15.04,1166.98,2575.57,12.23,3502.46,3484.89,0,94,47268,0,
2026-03-24T16:30:00+00:00,ATM-GB-0004,host-atm-gb-0004,Windows-Server-2019,34.41,613,4096,14.97,2454.34,4511.14,104.09,9775.77,2984.36,0,99,39203,0,
2026-03-24T16:31:00+00:00,ATM-GB-0001,host-atm-gb-0001,Windows-Server-2019,33.79,920,4096,22.46,2254.68,3240.84,79.84,5626.56,8858.56,0,103,5038,0,
2026-03-24T16:31:00+00:00,ATM-GB-0002,host-atm-gb-0002,Windows-Server-2019,6.29,1493,4096,36.45,2533.96,2175.04,126.76,8003.24,792.41,0,85,73197,0,
2026-03-24T16:31:00+00:00,ATM-GB-0003,host-atm-gb-0003,Windows-Server-2019,26.39,555,4096,13.55,2546.95,3631.73,137.54,7529.8,7435.0,0,118,33316,0,
2026-03-24T16:31:00+00:00,ATM-GB-0004,host-atm-gb-0004,Windows-Server-2019,39.02,1359,4096,33.18,4808.48,1623.41,151.89,1053.76,4375.53,0,118,24800,0,
2026-03-24T16:32:00+00:00,ATM-GB-0001,host-atm-gb-0001,Windows-Server-2019,10.27,526,4096,12.84,2014.98,3445.93,119.03,2492.45,7757.69,0,98,25289,0,
2026-03-24T16:32:00+00:00,ATM-GB-0002,host-atm-gb-0002,Windows-Server-2019,21.08,1152,4096,28.12,1965.53,1069.02,99.03,1298.98,7790.77,0,105,54976,0,
2026-03-24T16:32:00+00:00,ATM-GB-0003,host-atm-gb-0003,Windows-Server-2019,7.91,805,4096,19.65,2504.41,2330.11,141.71,6965.95,948.96,0,104,43343,0,
2026-03-24T16:32:00+00:00,ATM-GB-0004,host-atm-gb-0004,Windows-Server-2019,36.72,837,4096,20.43,3934.14,1391.46,133.74,3024.94,8902.46,0,109,50835,0,
2026-03-24T16:33:00+00:00,ATM-GB-0001,host-atm-gb-0001,Windows-Server-2019,24.55,1154,4096,28.17,3835.97,931.41,43.19,4017.64,289.94,0,80,79197,0,
2026-03-24T16:33:00+00:00,ATM-GB-0002,host-atm-gb-0002,Windows-Server-2019,20.68,1078,4096,26.32,812.36,3207.6,161.87,5643.99,3562.33,0,96,35876,0,
2026-03-24T16:33:00+00:00,ATM-GB-0003,host-atm-gb-0003,Windows-Server-2019,18.36,791,4096,19.31,938.71,2873.15,166.88,1144.08,4716.35,0,98,69015,0,
2026-03-24T16:33:00+00:00,ATM-GB-0004,host-atm-gb-0004,Windows-Server-2019,38.59,1407,4096,34.35,3047.34,3619.5,134.88,4920.35,2827.81,0,82,50288,0,
2026-03-24T16:34:00+00:00,ATM-GB-0001,host-atm-gb-0001,Windows-Server-2019,25.34,538,4096,13.13,4715.14,4322.85,84.54,9775.65,863.0,0,98,28716,0,
2026-03-24T16:34:00+00:00,ATM-GB-0002,host-atm-gb-0002,Windows-Server-2019,27.6,402,4096,9.81,3264.63,4484.58,39.55,6629.5,4242.17,0,101,58256,0,
2026-03-24T16:34:00+00:00,ATM-GB-0003,host-atm-gb-0003,Windows-Server-2019,17.54,539,4096,13.16,4846.79,2945.52,97.54,7164.77,9369.56,0,83,12733,0,
2026-03-24T16:34:00+00:00,ATM-GB-0004,host-atm-gb-0004,Windows-Server-2019,35.46,1114,4096,27.2,927.84,1161.71,130.6,4253.31,6741.67,0,109,23184,0,
2026-03-24T16:35:00+00:00,ATM-GB-0001,host-atm-gb-0001,Windows-Server-2019,29.24,1066,4096,26.03,3389.6,382.82,141.39,8739.87,4249.99,0,112,77827,0,
2026-03-24T16:35:00+00:00,ATM-GB-0002,host-atm-gb-0002,Windows-Server-2019,15.33,812,4096,19.82,3511.18,1219.03,94.62,3678.37,9744.24,0,99,83492,0,
2026-03-24T16:35:00+00:00,ATM-GB-0003,host-atm-gb-0003,Windows-Server-2019,7.39,1029,4096,25.12,270.82,1278.04,52.03,6848.21,3589.65,0,94,31951,0,
2026-03-24T16:35:00+00:00,ATM-GB-0004,host-atm-gb-0004,Windows-Server-2019,23.58,903,4096,22.05,2653.06,2072.99,85.45,1108.22,2554.75,0,111,35640,0,
2026-03-24T16:35:00+00:00,ATM-GB-0002,,,55.62,,,67.98,,,,,,10,,,,A6_RAMP
2026-03-24T16:36:00+00:00,ATM-GB-0001,host-atm-gb-0001,Windows-Server-2019,15.55,889,4096,21.7,3013.29,4429.0,79.48,1459.58,1520.57,0,86,59838,0,
2026-03-24T16:36:00+00:00,ATM-GB-0002,host-atm-gb-0002,Windows-Server-2019,38.94,1248,4096,30.47,3515.51,988.86,105.91,5478.91,6186.42,0,115,66896,0,
2026-03-24T16:36:00+00:00,ATM-GB-0003,host-atm-gb-0003,Windows-Server-2019,39.62,765,4096,18.68,428.89,1089.12,154.77,4811.75,8392.12,0,104,23288,0,
2026-03-24T16:36:00+00:00,ATM-GB-0004,host-atm-gb-0004,Windows-Server-2019,22.26,1035,4096,25.27,2463.07,4018.63,68.6,1419.9,664.57,0,119,46720,0,
2026-03-24T16:37:00+00:00,ATM-GB-0001,host-atm-gb-0001,Windows-Server-2019,20.68,1218,4096,29.74,3002.28,606.48,61.31,391.24,3620.54,0,94,80225,0,
2026-03-24T16:37:00+00:00,ATM-GB-0002,host-atm-gb-0002,Windows-Server-2019,9.09,767,4096,18.73,4469.44,3061.64,184.94,5405.6,7788.04,0,99,5360,0,
2026-03-24T16:37:00+00:00,ATM-GB-0003,host-atm-gb-0003,Windows-Server-2019,30.13,919,4096,22.44,3413.67,83.13,149.67,9172.64,4267.78,0,107,4483,0,
2026-03-24T16:37:00+00:00,ATM-GB-0004,host-atm-gb-0004,Windows-Server-2019,19.54,507,4096,12.38,2374.65,4641.57,53.45,9733.53,2334.9,0,80,63116,0,
2026-03-24T16:38:00+00:00,ATM-GB-0001,host-atm-gb-0001,Windows-Server-2019,8.04,724,4096,17.68,304.82,4762.64,17.99,5401.33,5260.85,0,104,36978,0,
2026-03-24T16:38:00+00:00,ATM-GB-0002,host-atm-gb-0002,Windows-Server-2019,11.94,1434,4096,35.01,823.69,3076.34,145.22,7524.4,6596.58,0,102,73605,0,
2026-03-24T16:38:00+00:00,ATM-GB-0003,host-atm-gb-0003,Windows-Server-2019,7.11,411,4096,10.03,3197.66,1792.78,181.24,7223.3,6945.73,0,94,51741,0,
2026-03-24T16:38:00+00:00,ATM-GB-0004,host-atm-gb-0004,Windows-Server-2019,35.1,785,4096,19.17,1599.38,1097.68,160.74,5561.64,1911.96,0,90,29469,0,
2026-03-24T16:39:00+00:00,ATM-GB-0001,host-atm-gb-0001,Windows-Server-2019,8.32,536,4096,13.09,3914.23,1510.09,138.74,2457.65,5044.26,0,108,5493,0,
2026-03-24T16:39:00+00:00,ATM-GB-0002,host-atm-gb-0002,Windows-Server-2019,19.74,460,4096,11.23,4893.13,98.35,158.34,3058.11,81.47,0,120,38552,0,
2026-03-24T16:39:00+00:00,ATM-GB-0003,host-atm-gb-0003,Windows-Server-2019,31.35,846,4096,20.65,3130.47,2218.28,175.02,707.95,305.53,0,82,9325,0,
2026-03-24T16:39:00+00:00,ATM-GB-0004,host-atm-gb-0004,Windows-Server-2019,37.76,1444,4096,35.25,3425.03,2352.89,144.07,9382.73,8310.11,0,98,4054,0,
2026-03-24T16:40:00+00:00,ATM-GB-0001,host-atm-gb-0001,Windows-Server-2019,37.8,976,4096,23.83,4669.55,3104.12,81.08,3048.23,5016.52,0,90,29485,0,
2026-03-24T16:40:00+00:00,ATM-GB-0002,host-atm-gb-0002,Windows-Server-2019,24.16,1260,4096,30.76,1025.61,2294.48,190.55,5084.69,2793.56,0,120,64654,0,
2026-03-24T16:40:00+00:00,ATM-GB-0003,host-atm-gb-0003,Windows-Server-2019,9.11,1481,4096,36.16,1806.47,2859.81,42.58,9085.02,4563.58,0,96,57551,0,
2026-03-24T16:40:00+00:00,ATM-GB-0004,host-atm-gb-0004,Windows-Server-2019,23.64,605,4096,14.77,4398.49,1500.99,76.73,347.81,9343.38,0,109,83249,0,
2026-03-24T16:41:00+00:00,ATM-GB-0001,host-atm-gb-0001,Windows-Server-2019,35.89,433,4096,10.57,2803.37,3025.61,132.47,4288.33,2725.98,0,106,31148,0,
2026-03-24T16:41:00+00:00,ATM-GB-0002,host-atm-gb-0002,Windows-Server-2019,19.71,1417,4096,34.59,823.43,4330.8,183.32,5118.59,1371.99,0,86,63835,0,
2026-03-24T16:41:00+00:00,ATM-GB-0003,host-atm-gb-0003,Windows-Server-2019,20.32,962,4096,23.49,1538.6,3728.26,24.41,5653.83,4860.15,0,99,83321,0,
2026-03-24T16:41:00+00:00,ATM-GB-0004,host-atm-gb-0004,Windows-Server-2019,15.13,669,4096,16.33,1414.68,3870.93,75.25,1215.91,8581.11,0,111,82664,0,
2026-03-24T16:42:00+00:00,ATM-GB-0001,host-atm-gb-0001,Windows-Server-2019,25.53,1186,4096,28.96,2532.61,4580.77,133.3,4876.89,3718.43,0,111,4561,0,
2026-03-24T16:42:00+00:00,ATM-GB-0002,host-atm-gb-0002,Windows-Server-2019,27.79,596,4096,14.55,1252.91,1877.71,32.56,6016.44,2952.72,0,117,22570,0,
2026-03-24T16:42:00+00:00,ATM-GB-0003,host-atm-gb-0003,Windows-Server-2019,10.04,1036,4096,25.29,4792.35,2324.9,51.86,8637.0,8416.67,0,96,71082,0,
2026-03-24T16:42:00+00:00,ATM-GB-0004,host-atm-gb-0004,Windows-Server-2019,21.47,1145,4096,27.95,1796.77,2255.44,194.41,8544.89,2741.6,0,106,82237,0,
2026-03-24T16:43:00+00:00,ATM-GB-0001,host-atm-gb-0001,Windows-Server-2019,9.08,1083,4096,26.44,1106.61,1838.75,82.77,4977.05,7380.55,0,112,13438,0,
2026-03-24T16:43:00+00:00,ATM-GB-0002,host-atm-gb-0002,Windows-Server-2019,33.88,915,4096,22.34,463.95,354.79,48.52,3319.87,7845.63,0,103,4059,0,
2026-03-24T16:43:00+00:00,ATM-GB-0003,host-atm-gb-0003,Windows-Server-2019,10.17,582,4096,14.21,4974.41,606.27,68.23,2159.42,8919.5,0,88,12668,0,
2026-03-24T16:43:00+00:00,ATM-GB-0004,host-atm-gb-0004,Windows-Server-2019,19.07,942,4096,23.0,1159.7,2483.65,167.45,306.63,5161.87,0,94,54364,0,
2026-03-24T16:44:00+00:00,ATM-GB-0001,host-atm-gb-0001,Windows-Server-2019,18.45,610,4096,14.89,4217.61,1283.36,89.92,9581.13,1092.13,0,87,53790,0,
2026-03-24T16:44:00+00:00,ATM-GB-0002,host-atm-gb-0002,Windows-Server-2019,36.17,576,4096,14.06,4059.72,173.3,104.99,9035.6,4847.77,0,87,32444,0,
2026-03-24T16:44:00+00:00,ATM-GB-0003,host-atm-gb-0003,Windows-Server-2019,27.9,482,4096,11.77,1987.99,4430.37,141.56,5935.02,2074.08,0,111,44173,0,
2026-03-24T16:44:00+00:00,ATM-GB-0004,host-atm-gb-0004,Windows-Server-2019,17.59,827,4096,20.19,3173.44,4512.84,58.33,3187.76,7741.7,0,117,50039,0,
2026-03-24T16:45:00+00:00,ATM-GB-0001,host-atm-gb-0001,Windows-Server-2019,17.73,1077,4096,26.29,3429.04,2835.86,125.91,842.67,1449.42,0,115,55365,0,
2026-03-24T16:45:00+00:00,ATM-GB-0002,host-atm-gb-0002,Windows-Server-2019,15.22,606,4096,14.79,3548.35,3096.63,123.98,6166.19,2799.56,0,87,49967,0,
2026-03-24T16:45:00+00:00,ATM-GB-0003,host-atm-gb-0003,Windows-Server-2019,13.71,477,4096,11.65,4168.75,4787.53,12.76,18.43,4829.53,0,120,66958,0,
2026-03-24T16:45:00+00:00,ATM-GB-0004,host-atm-gb-0004,Windows-Server-2019,18.48,434,4096,10.6,1076.22,4244.97,19.56,574.25,8002.82,0,83,85324,0,
2026-03-24T16:45:00+00:00,ATM-GB-0002,,,60.75,,,72.38,,,,,,12,,,,A6_RAMP
2026-03-24T16:46:00+00:00,ATM-GB-0001,host-atm-gb-0001,Windows-Server-2019,28.25,1008,4096,24.61,310.83,485.11,23.13,4683.99,7343.76,0,94,3717,0,
2026-03-24T16:46:00+00:00,ATM-GB-0002,host-atm-gb-0002,Windows-Server-2019,33.01,783,4096,19.12,4797.04,662.14,105.24,9364.97,3082.27,0,101,30205,0,
2026-03-24T16:46:00+00:00,ATM-GB-0003,host-atm-gb-0003,Windows-Server-2019,14.3,1276,4096,31.15,2683.53,2182.05,30.51,660.26,1471.82,0,120,78477,0,
2026-03-24T16:46:00+00:00,ATM-GB-0004,host-atm-gb-0004,Windows-Server-2019,11.38,487,4096,11.89,2502.2,1921.25,148.53,2319.5,4841.28,0,103,45150,0,
2026-03-24T16:47:00+00:00,ATM-GB-0001,host-atm-gb-0001,Windows-Server-2019,39.52,685,4096,16.72,864.22,2354.92,60.16,4889.16,2870.47,0,96,19881,0,
2026-03-24T16:47:00+00:00,ATM-GB-0002,host-atm-gb-0002,Windows-Server-2019,27.51,674,4096,16.46,1758.9,2594.55,98.34,2256.78,3760.47,0,87,38311,0,
2026-03-24T16:47:00+00:00,ATM-GB-0003,host-atm-gb-0003,Windows-Server-2019,16.26,1106,4096,27.0,710.41,3921.86,21.88,9182.83,9015.04,0,92,51204,0,
2026-03-24T16:47:00+00:00,ATM-GB-0004,host-atm-gb-0004,Windows-Server-2019,18.11,1280,4096,31.25,4059.69,1992.01,123.44,7623.92,8983.71,0,115,16802,0,
2026-03-24T16:48:00+00:00,ATM-GB-0001,host-atm-gb-0001,Windows-Server-2019,18.65,956,4096,23.34,1785.56,2674.79,197.49,3984.23,2486.03,0,81,44693,0,
2026-03-24T16:48:00+00:00,ATM-GB-0002,host-atm-gb-0002,Windows-Server-2019,32.92,580,4096,14.16,3961.6,2003.17,199.61,287.93,2159.77,0,110,69053,0,
2026-03-24T16:48:00+00:00,ATM-GB-0003,host-atm-gb-0003,Windows-Server-2019,24.39,434,4096,10.6,537.39,3633.0,56.75,484.12,968.95,0,90,30971,0,
2026-03-24T16:48:00+00:00,ATM-GB-0004,host-atm-gb-0004,Windows-Server-2019,33.75,555,4096,13.55,942.22,449.6,87.99,4705.94,1520.09,0,111,43929,0,
2026-03-24T16:49:00+00:00,ATM-GB-0001,host-atm-gb-0001,Windows-Server-2019,22.88,634,4096,15.48,1291.94,3492.76,75.96,885.48,3686.37,0,109,54092,0,
2026-03-24T16:49:00+00:00,ATM-GB-0002,host-atm-gb-0002,Windows-Server-2019,20.49,446,4096,10.89,4101.69,2981.52,176.51,8440.23,9580.87,0,110,55238,0,
2026-03-24T16:49:00+00:00,ATM-GB-0003,host-atm-gb-0003,Windows-Server-2019,33.09,445,4096,10.86,2879.49,406.8,128.98,4763.29,5332.35,0,107,50739,0,
2026-03-24T16:49:00+00:00,ATM-GB-0004,host-atm-gb-0004,Windows-Server-2019,29.23,784,4096,19.14,2936.98,4635.98,32.81,458.89,5512.68,0,104,77305,0,
2026-03-24T16:50:00+00:00,ATM-GB-0001,host-atm-gb-0001,Windows-Server-2019,38.23,1240,4096,30.27,1411.81,3292.76,123.69,7673.67,345.87,0,91,59017,0,
2026-03-24T16:50:00+00:00,ATM-GB-0002,host-atm-gb-0002,Windows-Server-2019,38.71,1246,4096,30.42,3840.67,4282.09,97.96,4625.14,7305.17,0,93,77285,0,
2026-03-24T16:50:00+00:00,ATM-GB-0003,host-atm-gb-0003,Windows-Server-2019,5.07,587,4096,14.33,518.47,1938.89,142.52,6911.88,8587.65,0,117,17245,0,
2026-03-24T16:50:00+00:00,ATM-GB-0004,host-atm-gb-0004,Windows-Server-2019,6.6,1472,4096,35.94,3490.82,2443.28,175.27,1999.97,4153.91,0,102,64133,0,
2026-03-24T16:51:00+00:00,ATM-GB-0001,host-atm-gb-0001,Windows-Server-2019,39.02,789,4096,19.26,4465.73,2428.68,127.21,5502.86,8199.27,0,89,22367,0,
2026-03-24T16:51:00+00:00,ATM-GB-0002,host-atm-gb-0002,Windows-Server-2019,30.76,1333,4096,32.54,3908.38,1432.5,160.44,3085.86,8882.89,0,116,16575,0,
2026-03-24T16:51:00+00:00,ATM-GB-0003,host-atm-gb-0003,Windows-Server-2019,38.13,989,4096,24.15,3475.7,4979.43,83.52,8363.59,3200.4,0,85,9725,0,
2026-03-24T16:51:00+00:00,ATM-GB-0004,host-atm-gb-0004,Windows-Server-2019,29.16,772,4096,18.85,3071.43,1703.6,73.97,5897.44,1912.45,0,100,72961,0,
2026-03-24T16:52:00+00:00,ATM-GB-0001,host-atm-gb-0001,Windows-Server-2019,18.68,1164,4096,28.42,2195.17,680.62,25.06,951.4,7070.8,0,80,77655,0,
2026-03-24T16:52:00+00:00,ATM-GB-0002,host-atm-gb-0002,Windows-Server-2019,36.17,549,4096,13.4,3349.07,3498.18,31.53,2624.59,6380.9,0,119,9838,0,
2026-03-24T16:52:00+00:00,ATM-GB-0003,host-atm-gb-0003,Windows-Server-2019,32.93,903,4096,22.05,4618.73,1699.97,54.34,1411.13,7249.14,0,94,16868,0,
2026-03-24T16:52:00+00:00,ATM-GB-0004,host-atm-gb-0004,Windows-Server-2019,24.31,786,4096,19.19,2477.12,1025.07,90.34,7633.81,6688.74,0,109,64186,0,
2026-03-24T16:53:00+00:00,ATM-GB-0001,host-atm-gb-0001,Windows-Server-2019,26.71,1390,4096,33.94,2356.38,2933.8,121.5,8167.14,6466.32,0,99,46224,0,
2026-03-24T16:53:00+00:00,ATM-GB-0002,host-atm-gb-0002,Windows-Server-2019,27.84,514,4096,12.55,398.29,4606.61,77.58,2687.68,62.61,0,101,80965,0,
2026-03-24T16:53:00+00:00,ATM-GB-0003,host-atm-gb-0003,Windows-Server-2019,17.34,506,4096,12.35,4055.96,3140.5,40.6,598.04,1532.23,0,106,39507,0,
2026-03-24T16:53:00+00:00,ATM-GB-0004,host-atm-gb-0004,Windows-Server-2019,31.72,1017,4096,24.83,3952.88,1940.0,54.57,7595.11,5721.74,0,108,4649,0,
2026-03-24T16:54:00+00:00,ATM-GB-0001,host-atm-gb-0001,Windows-Server-2019,21.26,1256,4096,30.66,1831.11,136.87,132.45,4551.3,6064.02,0,116,59870,0,
2026-03-24T16:54:00+00:00,ATM-GB-0002,host-atm-gb-0002,Windows-Server-2019,25.83,462,4096,11.28,2252.12,4210.96,95.68,3716.19,1789.67,0,80,51050,0,
2026-03-24T16:54:00+00:00,ATM-GB-0003,host-atm-gb-0003,Windows-Server-2019,29.58,475,4096,11.6,257.89,2090.13,59.94,4102.11,4574.87,0,88,71167,0,
2026-03-24T16:54:00+00:00,ATM-GB-0004,host-atm-gb-0004,Windows-Server-2019,5.89,1490,4096,36.38,2482.27,3514.83,173.94,6471.97,6541.08,0,91,6441,0,
2026-03-24T16:55:00+00:00,ATM-GB-0001,host-atm-gb-0001,Windows-Server-2019,38.56,839,4096,20.48,1505.29,2341.05,72.43,9812.31,5066.16,0,90,44514,0,
2026-03-24T16:55:00+00:00,ATM-GB-0002,host-atm-gb-0002,Windows-Server-2019,17.1,766,4096,18.7,175.76,570.81,33.35,6745.76,260.91,0,119,14027,0,
2026-03-24T16:55:00+00:00,ATM-GB-0003,host-atm-gb-0003,Windows-Server-2019,9.32,904,4096,22.07,4270.71,2475.39,64.58,6242.59,3887.14,0,102,76677,0,
2026-03-24T16:55:00+00:00,ATM-GB-0004,host-atm-gb-0004,Windows-Server-2019,14.83,517,4096,12.62,3125.27,4966.37,118.16,1207.93,1694.15,0,118,22264,0,
2026-03-24T16:55:00+00:00,ATM-GB-0002,,,65.88,,,76.77,,,,,,14,,,,A6_RAMP
2026-03-24T16:56:00+00:00,ATM-GB-0001,host-atm-gb-0001,Windows-Server-2019,9.89,459,4096,11.21,1601.52,11.39,129.36,508.97,2038.44,0,102,69141,0,
2026-03-24T16:56:00+00:00,ATM-GB-0002,host-atm-gb-0002,Windows-Server-2019,6.46,1046,4096,25.54,4027.82,377.19,46.46,5409.33,8508.77,0,116,37379,0,
2026-03-24T16:56:00+00:00,ATM-GB-0003,host-atm-gb-0003,Windows-Server-2019,25.99,487,4096,11.89,2357.0,3121.7,25.6,9724.13,3982.38,0,105,75261,0,
2026-03-24T16:56:00+00:00,ATM-GB-0004,host-atm-gb-0004,Windows-Server-2019,28.77,746,4096,18.21,1354.6,1141.99,60.76,8173.37,8351.02,0,93,15168,0,
2026-03-24T16:57:00+00:00,ATM-GB-0001,host-atm-gb-0001,Windows-Server-2019,29.72,1392,4096,33.98,3131.26,2442.7,138.51,5546.09,5952.0,0,84,82960,0,
2026-03-24T16:57:00+00:00,ATM-GB-0002,host-atm-gb-0002,Windows-Server-2019,12.33,870,4096,21.24,3607.87,193.33,181.03,5193.88,1154.9,0,106,12321,0,
2026-03-24T16:57:00+00:00,ATM-GB-0003,host-atm-gb-0003,Windows-Server-2019,7.7,542,4096,13.23,4271.02,204.28,130.3,51.13,3273.87,0,118,38563,0,
2026-03-24T16:57:00+00:00,ATM-GB-0004,host-atm-gb-0004,Windows-Server-2019,8.94,544,4096,13.28,1726.97,1257.33,97.97,6107.95,7615.67,0,86,31088,0,
2026-03-24T16:58:00+00:00,ATM-GB-0001,host-atm-gb-0001,Windows-Server-2019,34.35,1071,4096,26.15,3404.85,4343.69,141.96,2242.32,3736.67,0,92,52459,0,
2026-03-24T16:58:00+00:00,ATM-GB-0002,host-atm-gb-0002,Windows-Server-2019,18.61,865,4096,21.12,3692.56,17.94,47.63,5714.7,5278.16,0,120,32959,0,
2026-03-24T16:58:00+00:00,ATM-GB-0003,host-atm-gb-0003,Windows-Server-2019,17.64,1405,4096,34.3,3134.44,4729.11,143.27,2436.82,9059.97,0,81,34391,0,
2026-03-24T16:58:00+00:00,ATM-GB-0004,host-atm-gb-0004,Windows-Server-2019,34.55,890,4096,21.73,484.59,4581.61,186.34,3540.33,5894.73,0,103,62783,0,
2026-03-24T16:59:00+00:00,ATM-GB-0001,host-atm-gb-0001,Windows-Server-2019,34.73,647,4096,15.8,3103.05,2541.07,171.37,5250.81,5798.6,0,106,9481,0,
2026-03-24T16:59:00+00:00,ATM-GB-0002,host-atm-gb-0002,Windows-Server-2019,8.77,827,4096,20.19,1478.58,2131.16,68.91,5265.19,6154.3,0,94,55845,0,
2026-03-24T16:59:00+00:00,ATM-GB-0003,host-atm-gb-0003,Windows-Server-2019,35.56,994,4096,24.27,358.86,350.11,196.29,4986.73,9215.25,0,87,24310,0,
2026-03-24T16:59:00+00:00,ATM-GB-0004,host-atm-gb-0004,Windows-Server-2019,38.95,1373,4096,33.52,4334.78,2933.19,57.9,7721.47,9952.9,0,108,9679,0,
2026-03-24T17:00:00+00:00,ATM-GB-0001,host-atm-gb-0001,Windows-Server-2019,35.43,513,4096,12.52,2201.67,1094.23,144.61,2262.27,7858.33,0,100,71000,0,
2026-03-24T17:00:00+00:00,ATM-GB-0002,host-atm-gb-0002,Windows-Server-2019,30.31,557,4096,13.6,3776.68,2732.62,93.53,1747.79,8834.28,0,91,4535,0,
2026-03-24T17:00:00+00:00,ATM-GB-0003,host-atm-gb-0003,Windows-Server-2019,14.67,745,4096,18.19,2581.72,4590.73,78.69,6814.05,8640.36,0,101,75419,0,
2026-03-24T17:00:00+00:00,ATM-GB-0004,host-atm-gb-0004,Windows-Server-2019,38.18,1375,4096,33.57,3506.56,1554.53,175.21,5039.76,2316.72,0,113,77830,0,
2026-03-24T17:01:00+00:00,ATM-GB-0001,host-atm-gb-0001,Windows-Server-2019,28.52,1443,4096,35.23,270.33,1914.99,48.45,4768.56,3759.21,0,85,61915,0,
2026-03-24T17:01:00+00:00,ATM-GB-0002,host-atm-gb-0002,Windows-Server-2019,6.22,1406,4096,34.33,3747.88,4056.94,73.46,4554.63,8485.96,0,90,22389,0,
2026-03-24T17:01:00+00:00,ATM-GB-0003,host-atm-gb-0003,Windows-Server-2019,7.67,1291,4096,31.52,433.22,2369.86,101.71,7039.29,3033.64,0,110,26422,0,
2026-03-24T17:01:00+00:00,ATM-GB-0004,host-atm-gb-0004,Windows-Server-2019,5.71,1343,4096,32.79,2998.74,4973.38,39.08,956.27,7525.7,0,114,21576,0,
2026-03-24T17:02:00+00:00,ATM-GB-0001,host-atm-gb-0001,Windows-Server-2019,14.68,711,4096,17.36,1192.71,2476.88,104.35,6964.6,996.02,0,98,26297,0,
2026-03-24T17:02:00+00:00,ATM-GB-0002,host-atm-gb-0002,Windows-Server-2019,31.21,1220,4096,29.79,1038.57,4563.93,193.84,8734.04,4162.57,0,85,26224,0,
2026-03-24T17:02:00+00:00,ATM-GB-0003,host-atm-gb-0003,Windows-Server-2019,39.97,1221,4096,29.81,2764.44,4345.58,23.15,6865.31,556.29,0,82,29439,0,
2026-03-24T17:02:00+00:00,ATM-GB-0004,host-atm-gb-0004,Windows-Server-2019,30.95,1019,4096,24.88,378.36,2219.03,90.39,1105.71,6736.91,0,82,64733,0,
2026-03-24T17:03:00+00:00,ATM-GB-0001,host-atm-gb-0001,Windows-Server-2019,36.78,1364,4096,33.3,4874.65,4997.1,27.84,5021.29,3968.88,0,116,32264,0,
2026-03-24T17:03:00+00:00,ATM-GB-0002,host-atm-gb-0002,Windows-Server-2019,5.91,478,4096,11.67,16.81,3736.36,111.88,950.51,5310.44,0,81,8839,0,
2026-03-24T17:03:00+00:00,ATM-GB-0003,host-atm-gb-0003,Windows-Server-2019,33.81,1258,4096,30.71,1686.94,2285.12,106.94,8132.72,4242.24,0,106,13815,0,
2026-03-24T17:03:00+00:00,ATM-GB-0004,host-atm-gb-0004,Windows-Server-2019,37.95,910,4096,22.22,4231.54,2858.41,71.46,990.82,1309.57,0,103,8124,0,
2026-03-24T17:04:00+00:00,ATM-GB-0001,host-atm-gb-0001,Windows-Server-2019,34.87,801,4096,19.56,800.88,501.13,147.25,3252.94,9622.68,0,107,60433,0,
2026-03-24T17:04:00+00:00,ATM-GB-0002,host-atm-gb-0002,Windows-Server-2019,14.53,1385,4096,33.81,1067.82,2627.25,159.02,2851.12,6576.77,0,83,43671,0,
2026-03-24T17:04:00+00:00,ATM-GB-0003,host-atm-gb-0003,Windows-Server-2019,16.95,1138,4096,27.78,4312.55,1727.47,143.62,9488.55,8747.88,0,117,6010,0,
2026-03-24T17:04:00+00:00,ATM-GB-0004,host-atm-gb-0004,Windows-Server-2019,36.7,710,4096,17.33,1544.86,4703.69,74.01,3767.68,2991.88,0,91,73109,0,
2026-03-24T17:05:00+00:00,ATM-GB-0001,host-atm-gb-0001,Windows-Server-2019,25.07,737,4096,17.99,2914.79,4779.23,69.67,9573.67,3667.47,0,109,80436,0,
2026-03-24T17:05:00+00:00,ATM-GB-0002,host-atm-gb-0002,Windows-Server-2019,37.71,986,4096,24.07,4512.01,4732.18,25.54,1921.5,8910.17,0,85,54279,0,
2026-03-24T17:05:00+00:00,ATM-GB-0003,host-atm-gb-0003,Windows-Server-2019,28.69,406,4096,9.91,3968.28,1251.45,12.88,1452.6,2180.51,0,98,16648,0,
2026-03-24T17:05:00+00:00,ATM-GB-0004,host-atm-gb-0004,Windows-Server-2019,17.48,1016,4096,24.8,3859.76,2092.67,74.2,5358.22,6443.51,0,84,39404,0,
2026-03-24T17:05:00+00:00,ATM-GB-0002,,,71.0,,,81.17,,,,,,16,,,,A6_RAMP
2026-03-24T17:06:00+00:00,ATM-GB-0001,host-atm-gb-0001,Windows-Server-2019,28.44,639,4096,15.6,1656.85,1864.22,74.31,6569.8,1025.47,0,82,70423,0,
2026-03-24T17:06:00+00:00,ATM-GB-0002,host-atm-gb-0002,Windows-Server-2019,32.35,1264,4096,30.86,4153.53,1661.8,196.67,8694.8,8581.54,0,116,28870,0,
2026-03-24T17:06:00+00:00,ATM-GB-0003,host-atm-gb-0003,Windows-Server-2019,16.58,1215,4096,29.66,3429.04,3786.26,188.82,1127.96,4583.19,0,82,73066,0,
2026-03-24T17:06:00+00:00,ATM-GB-0004,host-atm-gb-0004,Windows-Server-2019,30.34,667,4096,16.28,1935.68,3423.82,172.07,5203.1,679.42,0,85,84731,0,
2026-03-24T17:07:00+00:00,ATM-GB-0001,host-atm-gb-0001,Windows-Server-2019,13.9,1309,4096,31.96,4070.77,793.32,193.68,9244.96,4293.13,0,92,46566,0,
2026-03-24T17:07:00+00:00,ATM-GB-0002,host-atm-gb-0002,Windows-Server-2019,37.3,735,4096,17.94,529.63,3934.03,86.76,3701.75,6552.3,0,95,43193,0,
2026-03-24T17:07:00+00:00,ATM-GB-0003,host-atm-gb-0003,Windows-Server-2019,27.24,961,4096,23.46,1542.58,356.2,20.92,1465.71,8351.72,0,118,62927,0,
2026-03-24T17:07:00+00:00,ATM-GB-0004,host-atm-gb-0004,Windows-Server-2019,11.11,1222,4096,29.83,947.09,3204.42,119.24,2054.28,8166.68,0,116,57407,0,
2026-03-24T17:08:00+00:00,ATM-GB-0001,host-atm-gb-0001,Windows-Server-2019,32.34,1311,4096,32.01,4904.68,170.3,10.87,6832.91,4350.6,0,106,53174,0,
2026-03-24T17:08:00+00:00,ATM-GB-0002,host-atm-gb-0002,Windows-Server-2019,21.37,1227,4096,29.96,3497.02,450.17,142.83,3375.94,3674.96,0,115,43700,0,
2026-03-24T17:08:00+00:00,ATM-GB-0003,host-atm-gb-0003,Windows-Server-2019,17.53,450,4096,10.99,3497.03,3548.11,175.81,1691.7,6287.69,0,117,54869,0,
2026-03-24T17:08:00+00:00,ATM-GB-0004,host-atm-gb-0004,Windows-Server-2019,38.91,933,4096,22.78,2952.66,4601.91,106.97,3546.42,6467.51,0,95,71510,0,
2026-03-24T17:09:00+00:00,ATM-GB-0001,host-atm-gb-0001,Windows-Server-2019,22.98,563,4096,13.75,4751.66,1217.88,108.26,5781.26,9547.51,0,101,69571,0,
2026-03-24T17:09:00+00:00,ATM-GB-0002,host-atm-gb-0002,Windows-Server-2019,21.54,1476,4096,36.04,4797.66,2267.25,72.97,1385.83,9313.35,0,81,46800,0,
2026-03-24T17:09:00+00:00,ATM-GB-0003,host-atm-gb-0003,Windows-Server-2019,30.72,1338,4096,32.67,1846.37,3000.23,30.26,3199.62,2569.98,0,92,51976,0,
2026-03-24T17:09:00+00:00,ATM-GB-0004,host-atm-gb-0004,Windows-Server-2019,6.8,1327,4096,32.4,4574.67,773.92,130.08,256.43,3673.49,0,91,17309,0,
2026-03-24T17:10:00+00:00,ATM-GB-0001,host-atm-gb-0001,Windows-Server-2019,5.12,840,4096,20.51,3507.28,1451.98,120.1,146.51,4763.66,0,120,68092,0,
2026-03-24T17:10:00+00:00,ATM-GB-0002,host-atm-gb-0002,Windows-Server-2019,22.74,1084,4096,26.46,4171.17,3402.65,173.22,7147.15,4178.58,0,95,4401,0,
2026-03-24T17:10:00+00:00,ATM-GB-0003,host-atm-gb-0003,Windows-Server-2019,31.6,1494,4096,36.47,595.08,2546.73,185.01,1652.19,5755.76,0,120,61343,0,
2026-03-24T17:10:00+00:00,ATM-GB-0004,host-atm-gb-0004,Windows-Server-2019,29.79,751,4096,18.33,4959.25,4781.8,111.72,5097.86,7892.89,0,86,9631,0,
2026-03-24T17:11:00+00:00,ATM-GB-0001,host-atm-gb-0001,Windows-Server-2019,10.21,1028,4096,25.1,4833.76,3944.89,180.38,6705.1,6371.44,0,92,22221,0,
2026-03-24T17:11:00+00:00,ATM-GB-0002,host-atm-gb-0002,Windows-Server-2019,25.36,1074,4096,26.22,2443.27,2646.77,158.98,1577.7,3929.92,0,96,61698,0,
2026-03-24T17:11:00+00:00,ATM-GB-0003,host-atm-gb-0003,Windows-Server-2019,26.16,518,4096,12.65,3964.65,820.12,33.75,2048.09,5864.66,0,98,12413,0,
2026-03-24T17:11:00+00:00,ATM-GB-0004,host-atm-gb-0004,Windows-Server-2019,9.84,1230,4096,30.03,3265.71,492.84,163.92,7697.77,5618.21,0,80,70847,0,
2026-03-24T17:12:00+00:00,ATM-GB-0001,host-atm-gb-0001,Windows-Server-2019,28.32,636,4096,15.53,2185.21,17.39,30.73,5607.81,6732.17,0,82,12935,0,
2026-03-24T17:12:00+00:00,ATM-GB-0002,host-atm-gb-0002,Windows-Server-2019,15.28,532,4096,12.99,2666.52,193.59,151.32,2043.28,4785.27,0,103,50898,0,
2026-03-24T17:12:00+00:00,ATM-GB-0003,host-atm-gb-0003,Windows-Server-2019,36.79,1431,4096,34.94,3086.02,909.75,149.41,4697.63,5752.56,0,105,21893,0,
2026-03-24T17:12:00+00:00,ATM-GB-0004,host-atm-gb-0004,Windows-Server-2019,5.88,523,4096,12.77,4600.68,4809.78,199.8,4123.13,9102.26,0,89,39167,0,
2026-03-24T17:13:00+00:00,ATM-GB-0001,host-atm-gb-0001,Windows-Server-2019,32.05,1400,4096,34.18,3836.39,3531.87,139.77,3070.48,9497.09,0,81,23714,0,
2026-03-24T17:13:00+00:00,ATM-GB-0002,host-atm-gb-0002,Windows-Server-2019,22.73,1247,4096,30.44,4537.42,2639.85,106.6,3454.92,910.44,0,82,14123,0,
2026-03-24T17:13:00+00:00,ATM-GB-0003,host-atm-gb-0003,Windows-Server-2019,25.38,1243,4096,30.35,4333.07,3701.61,113.61,58.05,2870.8,0,103,15863,0,
2026-03-24T17:13:00+00:00,ATM-GB-0004,host-atm-gb-0004,Windows-Server-2019,6.85,1081,4096,26.39,681.23,2630.56,79.08,950.7,9392.78,0,102,25830,0,
2026-03-24T17:14:00+00:00,ATM-GB-0001,host-atm-gb-0001,Windows-Server-2019,20.53,978,4096,23.88,1113.48,4738.78,29.72,4003.22,7249.56,0,109,36349,0,
2026-03-24T17:14:00+00:00,ATM-GB-0002,host-atm-gb-0002,Windows-Server-2019,35.9,405,4096,9.89,702.02,4662.73,56.26,1264.03,7192.41,0,104,37619,0,
2026-03-24T17:14:00+00:00,ATM-GB-0003,host-atm-gb-0003,Windows-Server-2019,21.62,1039,4096,25.37,3971.33,2072.82,84.13,3204.91,5331.8,0,120,79573,0,
2026-03-24T17:14:00+00:00,ATM-GB-0004,host-atm-gb-0004,Windows-Server-2019,6.7,904,4096,22.07,547.24,2261.31,189.39,7826.45,6447.07,0,80,36589,0,
2026-03-24T17:15:00+00:00,ATM-GB-0001,host-atm-gb-0001,Windows-Server-2019,21.92,521,4096,12.72,2977.76,3303.57,17.39,2764.8,7482.36,0,98,65116,0,
2026-03-24T17:15:00+00:00,ATM-GB-0002,host-atm-gb-0002,Windows-Server-2019,6.17,843,4096,20.58,491.49,3809.95,170.77,486.8,3487.48,0,105,34429,0,
2026-03-24T17:15:00+00:00,ATM-GB-0003,host-atm-gb-0003,Windows-Server-2019,28.32,856,4096,20.9,263.12,3052.24,188.79,2687.21,9878.49,0,82,11818,0,
2026-03-24T17:15:00+00:00,ATM-GB-0004,host-atm-gb-0004,Windows-Server-2019,30.97,1437,4096,35.08,3241.4,4086.6,180.57,4283.48,5032.21,0,81,71161,0,
2026-03-24T17:15:00+00:00,ATM-GB-0002,,,76.12,,,85.56,,,,,,18,,,,A6_RAMP
2026-03-24T17:16:00+00:00,ATM-GB-0001,host-atm-gb-0001,Windows-Server-2019,8.05,543,4096,13.26,1064.07,4338.93,81.3,7602.96,3535.25,0,94,78368,0,
2026-03-24T17:16:00+00:00,ATM-GB-0002,host-atm-gb-0002,Windows-Server-2019,21.83,711,4096,17.36,3809.19,3721.05,145.69,6485.23,7900.9,0,98,71019,0,
2026-03-24T17:16:00+00:00,ATM-GB-0003,host-atm-gb-0003,Windows-Server-2019,28.32,550,4096,13.43,4436.57,4624.07,63.08,7687.45,4486.32,0,95,62594,0,
2026-03-24T17:16:00+00:00,ATM-GB-0004,host-atm-gb-0004,Windows-Server-2019,34.62,809,4096,19.75,1995.37,1962.14,36.81,7173.58,2959.47,0,84,34560,0,
2026-03-24T17:17:00+00:00,ATM-GB-0001,host-atm-gb-0001,Windows-Server-2019,33.44,1483,4096,36.21,148.57,3270.52,161.84,2003.55,5004.89,0,112,50270,0,
2026-03-24T17:17:00+00:00,ATM-GB-0002,host-atm-gb-0002,Windows-Server-2019,34.49,1442,4096,35.21,3591.83,2273.94,171.48,7244.2,1444.56,0,80,65736,0,
2026-03-24T17:17:00+00:00,ATM-GB-0003,host-atm-gb-0003,Windows-Server-2019,25.98,1451,4096,35.42,3690.91,3871.11,88.24,1978.31,6930.31,0,80,70175,0,
2026-03-24T17:17:00+00:00,ATM-GB-0004,host-atm-gb-0004,Windows-Server-2019,9.57,899,4096,21.95,4398.29,2836.41,187.64,1779.95,6050.31,0,82,80930,0,
2026-03-24T17:18:00+00:00,ATM-GB-0001,host-atm-gb-0001,Windows-Server-2019,31.16,1062,4096,25.93,1727.97,3903.56,42.09,8646.84,4714.0,0,108,24515,0,
2026-03-24T17:18:00+00:00,ATM-GB-0002,host-atm-gb-0002,Windows-Server-2019,27.1,526,4096,12.84,1766.79,1741.08,114.06,5549.6,2270.8,0,107,66993,0,
2026-03-24T17:18:00+00:00,ATM-GB-0003,host-atm-gb-0003,Windows-Server-2019,38.07,835,4096,20.39,824.33,4168.54,48.95,5302.48,8478.62,0,115,17900,0,
2026-03-24T17:18:00+00:00,ATM-GB-0004,host-atm-gb-0004,Windows-Server-2019,20.9,1350,4096,32.96,395.83,3156.17,137.67,2002.02,4653.23,0,93,7466,0,
2026-03-24T17:19:00+00:00,ATM-GB-0001,host-atm-gb-0001,Windows-Server-2019,30.73,409,4096,9.99,1980.35,4611.31,26.9,866.11,2094.58,0,89,72974,0,
2026-03-24T17:19:00+00:00,ATM-GB-0002,host-atm-gb-0002,Windows-Server-2019,29.26,939,4096,22.92,893.74,996.92,102.0,2265.31,2488.24,0,108,41095,0,
2026-03-24T17:19:00+00:00,ATM-GB-0003,host-atm-gb-0003,Windows-Server-2019,20.56,1319,4096,32.2,1651.43,1469.24,76.8,6116.23,429.29,0,98,4288,0,
2026-03-24T17:19:00+00:00,ATM-GB-0004,host-atm-gb-0004,Windows-Server-2019,29.58,972,4096,23.73,4116.35,672.45,94.52,2228.94,8938.19,0,107,48893,0,
2026-03-24T17:20:00+00:00,ATM-GB-0001,host-atm-gb-0001,Windows-Server-2019,12.59,841,4096,20.53,4497.09,395.84,176.9,4238.2,7695.05,0,103,19258,0,
2026-03-24T17:20:00+00:00,ATM-GB-0002,host-atm-gb-0002,Windows-Server-2019,30.25,1244,4096,30.37,455.73,3193.71,176.7,3354.2,4459.74,0,92,50133,0,
2026-03-24T17:20:00+00:00,ATM-GB-0003,host-atm-gb-0003,Windows-Server-2019,10.58,448,4096,10.94,1250.15,3841.28,105.22,4585.95,5466.98,0,82,53917,0,
2026-03-24T17:20:00+00:00,ATM-GB-0004,host-atm-gb-0004,Windows-Server-2019,29.9,1259,4096,30.74,1048.85,4789.32,65.91,9617.54,8065.82,0,93,8305,0,
2026-03-24T17:21:00+00:00,ATM-GB-0001,host-atm-gb-0001,Windows-Server-2019,22.06,660,4096,16.11,4830.72,2604.59,173.59,1895.73,6133.26,0,97,65714,0,
2026-03-24T17:21:00+00:00,ATM-GB-0002,host-atm-gb-0002,Windows-Server-2019,31.17,1170,4096,28.56,3680.84,2357.28,153.25,7787.66,3867.68,0,91,65618,0,
2026-03-24T17:21:00+00:00,ATM-GB-0003,host-atm-gb-0003,Windows-Server-2019,32.1,636,4096,15.53,4226.49,3451.5,11.44,431.1,9495.85,0,117,40881,0,
2026-03-24T17:21:00+00:00,ATM-GB-0004,host-atm-gb-0004,Windows-Server-2019,6.82,876,4096,21.39,3278.13,3731.9,57.77,8157.55,2897.17,0,99,27349,0,
2026-03-24T17:22:00+00:00,ATM-GB-0001,host-atm-gb-0001,Windows-Server-2019,21.85,553,4096,13.5,3390.51,2974.85,30.86,8682.74,5504.31,0,95,51307,0,
2026-03-24T17:22:00+00:00,ATM-GB-0002,host-atm-gb-0002,Windows-Server-2019,13.03,733,4096,17.9,175.05,1012.99,83.1,5053.02,5120.17,0,97,24133,0,
2026-03-24T17:22:00+00:00,ATM-GB-0003,host-atm-gb-0003,Windows-Server-2019,10.56,1417,4096,34.59,4655.18,3893.25,123.25,2691.85,1145.01,0,113,49567,0,
2026-03-24T17:22:00+00:00,ATM-GB-0004,host-atm-gb-0004,Windows-Server-2019,37.25,591,4096,14.43,1838.01,2728.32,177.77,3823.09,6667.72,0,108,81556,0,
2026-03-24T17:23:00+00:00,ATM-GB-0001,host-atm-gb-0001,Windows-Server-2019,7.14,1440,4096,35.16,2621.17,2239.06,67.31,6087.18,5983.52,0,97,50571,0,
2026-03-24T17:23:00+00:00,ATM-GB-0002,host-atm-gb-0002,Windows-Server-2019,26.05,475,4096,11.6,731.71,4267.08,52.6,5603.63,7744.64,0,97,52610,0,
2026-03-24T17:23:00+00:00,ATM-GB-0003,host-atm-gb-0003,Windows-Server-2019,22.51,1487,4096,36.3,1313.78,1524.64,111.09,3948.38,4687.3,0,103,85760,0,
2026-03-24T17:23:00+00:00,ATM-GB-0004,host-atm-gb-0004,Windows-Server-2019,17.89,510,4096,12.45,4558.94,3865.05,186.67,5011.41,6061.61,0,120,44281,0,
2026-03-24T17:24:00+00:00,ATM-GB-0001,host-atm-gb-0001,Windows-Server-2019,15.42,603,4096,14.72,3664.98,2875.34,106.03,9598.71,8486.13,0,111,78940,0,
2026-03-24T17:24:00+00:00,ATM-GB-0002,host-atm-gb-0002,Windows-Server-2019,15.53,886,4096,21.63,3731.86,2592.6,94.09,7841.32,7563.7,0,106,56228,0,
2026-03-24T17:24:00+00:00,ATM-GB-0003,host-atm-gb-0003,Windows-Server-2019,37.14,488,4096,11.91,4482.08,4300.94,80.74,1414.65,2354.17,0,80,15365,0,
2026-03-24T17:24:00+00:00,ATM-GB-0004,host-atm-gb-0004,Windows-Server-2019,8.28,1037,4096,25.32,344.95,2927.91,17.54,3989.74,1042.18,0,102,23736,0,
2026-03-24T17:25:00+00:00,ATM-GB-0001,host-atm-gb-0001,Windows-Server-2019,10.57,647,4096,15.8,813.61,1979.64,162.86,9553.23,7131.82,0,113,44596,0,
2026-03-24T17:25:00+00:00,ATM-GB-0002,host-atm-gb-0002,Windows-Server-2019,8.71,1405,4096,34.3,4049.44,478.29,129.39,2863.33,695.81,0,97,79646,0,
2026-03-24T17:25:00+00:00,ATM-GB-0003,host-atm-gb-0003,Windows-Server-2019,35.43,507,4096,12.38,3305.79,1180.68,163.09,9411.22,1160.58,0,114,40296,0,
2026-03-24T17:25:00+00:00,ATM-GB-0004,host-atm-gb-0004,Windows-Server-2019,39.29,614,4096,14.99,978.76,4768.72,34.76,2388.89,9492.36,0,99,55036,0,
2026-03-24T17:25:00+00:00,ATM-GB-0002,,,81.25,,,89.96,,,,,,20,,,,A6_RAMP
2026-03-24T17:26:00+00:00,ATM-GB-0001,host-atm-gb-0001,Windows-Server-2019,27.25,495,4096,12.08,2372.16,2353.26,195.45,5902.86,5503.62,0,99,31135,0,
2026-03-24T17:26:00+00:00,ATM-GB-0002,host-atm-gb-0002,Windows-Server-2019,19.63,732,4096,17.87,3162.46,2517.19,118.13,8513.84,3975.6,0,92,59860,0,
2026-03-24T17:26:00+00:00,ATM-GB-0003,host-atm-gb-0003,Windows-Server-2019,28.12,503,4096,12.28,2570.57,617.27,78.94,9111.25,6012.09,0,105,30140,0,
2026-03-24T17:26:00+00:00,ATM-GB-0004,host-atm-gb-0004,Windows-Server-2019,10.8,1009,4096,24.63,1825.17,3302.97,65.09,348.31,8283.33,0,112,61259,0,
2026-03-24T17:27:00+00:00,ATM-GB-0001,host-atm-gb-0001,Windows-Server-2019,11.32,528,4096,12.89,662.08,988.14,84.27,1759.12,6912.88,0,89,28098,0,
2026-03-24T17:27:00+00:00,ATM-GB-0002,host-atm-gb-0002,Windows-Server-2019,12.84,723,4096,17.65,1704.3,4024.73,14.84,4083.59,2325.94,0,92,21905,0,
2026-03-24T17:27:00+00:00,ATM-GB-0003,host-atm-gb-0003,Windows-Server-2019,37.38,1177,4096,28.74,2377.38,2175.78,98.59,8440.32,2975.16,0,93,54689,0,
2026-03-24T17:27:00+00:00,ATM-GB-0004,host-atm-gb-0004,Windows-Server-2019,15.14,1001,4096,24.44,272.28,2096.57,141.21,5551.73,5123.26,0,93,15787,0,
2026-03-24T17:28:00+00:00,ATM-GB-0001,host-atm-gb-0001,Windows-Server-2019,17.07,528,4096,12.89,502.13,3719.18,127.11,2188.11,7324.85,0,105,39469,0,
2026-03-24T17:28:00+00:00,ATM-GB-0002,host-atm-gb-0002,Windows-Server-2019,27.75,855,4096,20.87,1245.48,2382.97,187.46,3260.93,9968.36,0,111,50822,0,
2026-03-24T17:28:00+00:00,ATM-GB-0003,host-atm-gb-0003,Windows-Server-2019,9.44,1141,4096,27.86,4206.0,738.68,86.69,4360.9,7516.06,0,83,6459,0,
2026-03-24T17:28:00+00:00,ATM-GB-0004,host-atm-gb-0004,Windows-Server-2019,14.03,1253,4096,30.59,234.33,4330.19,38.61,1890.08,8124.18,0,96,63760,0,
2026-03-24T17:29:00+00:00,ATM-GB-0001,host-atm-gb-0001,Windows-Server-2019,7.42,544,4096,13.28,1680.59,107.05,76.23,8151.97,8501.62,0,108,33772,0,
2026-03-24T17:29:00+00:00,ATM-GB-0002,host-atm-gb-0002,Windows-Server-2019,25.75,949,4096,23.17,159.83,531.14,77.64,2640.82,3415.07,0,91,48368,0,
2026-03-24T17:29:00+00:00,ATM-GB-0003,host-atm-gb-0003,Windows-Server-2019,8.28,701,4096,17.11,1368.56,2903.62,190.75,6424.72,4773.79,0,115,34890,0,
2026-03-24T17:29:00+00:00,ATM-GB-0004,host-atm-gb-0004,Windows-Server-2019,13.63,910,4096,22.22,1496.71,243.39,75.47,5702.55,9536.65,0,81,33193,0,
2026-03-24T17:30:00+00:00,ATM-GB-0001,host-atm-gb-0001,Windows-Server-2019,32.67,589,4096,14.38,3250.04,2782.47,113.99,3656.05,3894.91,0,119,72071,0,
2026-03-24T17:30:00+00:00,ATM-GB-0002,host-atm-gb-0002,Windows-Server-2019,7.63,821,4096,20.04,3204.44,2269.4,104.56,6381.2,5363.46,0,92,73524,0,
2026-03-24T17:30:00+00:00,ATM-GB-0003,host-atm-gb-0003,Windows-Server-2019,27.27,1335,4096,32.59,691.68,2963.76,55.99,7529.54,6298.56,0,100,44067,0,
2026-03-24T17:30:00+00:00,ATM-GB-0004,host-atm-gb-0004,Windows-Server-2019,21.85,535,4096,13.06,735.54,4393.34,149.56,8949.83,1008.75,0,97,7819,0,
2026-03-24T17:31:00+00:00,ATM-GB-0001,host-atm-gb-0001,Windows-Server-2019,18.24,927,4096,22.63,4388.48,2753.88,139.15,4884.42,676.23,0,117,62463,0,
2026-03-24T17:31:00+00:00,ATM-GB-0002,host-atm-gb-0002,Windows-Server-2019,14.88,1269,4096,30.98,1735.73,2457.69,107.06,3749.5,9393.4,0,82,20611,0,
2026-03-24T17:31:00+00:00,ATM-GB-0003,host-atm-gb-0003,Windows-Server-2019,17.67,841,4096,20.53,141.63,4558.06,198.58,2399.1,2306.59,0,110,24550,0,
2026-03-24T17:31:00+00:00,ATM-GB-0004,host-atm-gb-0004,Windows-Server-2019,24.34,1291,4096,31.52,2749.69,3754.93,124.66,6840.47,7516.64,0,109,54632,0,
2026-03-24T17:32:00+00:00,ATM-GB-0001,host-atm-gb-0001,Windows-Server-2019,15.37,1234,4096,30.13,539.33,3351.15,150.49,3813.0,5748.27,0,111,37149,0,
2026-03-24T17:32:00+00:00,ATM-GB-0002,host-atm-gb-0002,Windows-Server-2019,32.26,1138,4096,27.78,4291.25,4330.04,15.19,1267.71,7321.55,0,110,46680,0,
2026-03-24T17:32:00+00:00,ATM-GB-0003,host-atm-gb-0003,Windows-Server-2019,7.25,1231,4096,30.05,1839.29,368.32,98.99,4232.35,3966.16,0,116,26333,0,
2026-03-24T17:32:00+00:00,ATM-GB-0004,host-atm-gb-0004,Windows-Server-2019,11.52,811,4096,19.8,1538.68,3700.26,54.75,9442.22,3138.07,0,102,25421,0,
2026-03-24T17:33:00+00:00,ATM-GB-0001,host-atm-gb-0001,Windows-Server-2019,38.82,786,4096,19.19,3255.87,337.77,26.93,1185.33,8345.72,0,83,38944,0,
2026-03-24T17:33:00+00:00,ATM-GB-0002,host-atm-gb-0002,Windows-Server-2019,19.54,869,4096,21.22,3729.01,3693.59,148.16,5536.24,9483.41,0,85,83340,0,
2026-03-24T17:33:00+00:00,ATM-GB-0003,host-atm-gb-0003,Windows-Server-2019,20.87,1365,4096,33.33,1115.76,484.99,14.42,4243.77,8454.89,0,99,78608,0,
2026-03-24T17:33:00+00:00,ATM-GB-0004,host-atm-gb-0004,Windows-Server-2019,32.06,542,4096,13.23,278.56,326.75,152.1,2701.07,7523.99,0,116,56813,0,
2026-03-24T17:34:00+00:00,ATM-GB-0001,host-atm-gb-0001,Windows-Server-2019,39.64,1039,4096,25.37,3014.55,2754.04,176.59,7767.71,7160.13,0,82,17980,0,
2026-03-24T17:34:00+00:00,ATM-GB-0002,host-atm-gb-0002,Windows-Server-2019,36.73,1438,4096,35.11,1909.32,664.44,142.59,4508.44,8224.68,0,120,84189,0,
2026-03-24T17:34:00+00:00,ATM-GB-0003,host-atm-gb-0003,Windows-Server-2019,13.31,724,4096,17.68,1171.27,1598.14,154.88,296.29,3141.34,0,96,46819,0,
2026-03-24T17:34:00+00:00,ATM-GB-0004,host-atm-gb-0004,Windows-Server-2019,14.24,656,4096,16.02,3307.14,1175.77,33.18,9011.02,1459.9,0,105,45107,0,
2026-03-24T17:35:00+00:00,ATM-GB-0001,host-atm-gb-0001,Windows-Server-2019,32.95,441,4096,10.77,1185.72,4826.54,179.08,7249.54,8480.54,0,86,73833,0,
2026-03-24T17:35:00+00:00,ATM-GB-0002,host-atm-gb-0002,Windows-Server-2019,13.52,724,4096,17.68,249.26,2862.28,174.94,5777.02,1860.51,0,83,69652,0,
2026-03-24T17:35:00+00:00,ATM-GB-0003,host-atm-gb-0003,Windows-Server-2019,37.82,1002,4096,24.46,2363.6,3989.1,40.43,111.43,3693.58,0,109,42291,0,
2026-03-24T17:35:00+00:00,ATM-GB-0004,host-atm-gb-0004,Windows-Server-2019,35.41,1327,4096,32.4,2138.44,2034.29,177.9,7606.82,3324.88,0,109,61871,0,
2026-03-24T17:35:00+00:00,ATM-GB-0002,,,86.38,,,94.35,,,,,,22,,,,A6_RAMP
2026-03-24T17:36:00+00:00,ATM-GB-0001,host-atm-gb-0001,Windows-Server-2019,16.88,1353,4096,33.03,2439.27,2126.31,106.09,652.33,9929.09,0,85,42101,0,
2026-03-24T17:36:00+00:00,ATM-GB-0002,host-atm-gb-0002,Windows-Server-2019,15.1,1377,4096,33.62,1447.81,2387.73,101.34,2830.45,1340.94,0,94,25291,0,
2026-03-24T17:36:00+00:00,ATM-GB-0003,host-atm-gb-0003,Windows-Server-2019,24.88,931,4096,22.73,3346.62,3498.39,140.86,6525.73,3818.16,0,88,51783,0,
2026-03-24T17:36:00+00:00,ATM-GB-0004,host-atm-gb-0004,Windows-Server-2019,29.54,555,4096,13.55,1753.76,1497.31,94.43,1794.26,6856.13,0,104,74125,0,
2026-03-24T17:37:00+00:00,ATM-GB-0001,host-atm-gb-0001,Windows-Server-2019,10.64,728,4096,17.77,2703.75,4284.79,112.94,5884.01,9247.91,0,120,10539,0,
2026-03-24T17:37:00+00:00,ATM-GB-0002,host-atm-gb-0002,Windows-Server-2019,33.76,1407,4096,34.35,1674.33,4785.79,180.34,6641.92,1600.1,0,87,69055,0,
2026-03-24T17:37:00+00:00,ATM-GB-0003,host-atm-gb-0003,Windows-Server-2019,19.87,447,4096,10.91,1262.93,3454.55,68.93,176.75,2534.32,0,114,7492,0,
2026-03-24T17:37:00+00:00,ATM-GB-0004,host-atm-gb-0004,Windows-Server-2019,15.6,426,4096,10.4,297.86,3229.82,36.22,8841.14,8146.09,0,94,84546,0,
2026-03-24T17:38:00+00:00,ATM-GB-0001,host-atm-gb-0001,Windows-Server-2019,27.75,1181,4096,28.83,4146.04,3649.41,31.71,4774.08,5871.5,0,118,74883,0,
2026-03-24T17:38:00+00:00,ATM-GB-0002,host-atm-gb-0002,Windows-Server-2019,20.51,678,4096,16.55,1368.03,43.22,159.33,9258.0,1679.8,0,83,50676,0,
2026-03-24T17:38:00+00:00,ATM-GB-0003,host-atm-gb-0003,Windows-Server-2019,35.06,1141,4096,27.86,3059.29,487.62,109.87,4411.02,9333.18,0,120,60815,0,
2026-03-24T17:38:00+00:00,ATM-GB-0004,host-atm-gb-0004,Windows-Server-2019,12.56,615,4096,15.01,910.97,1257.43,59.17,2525.44,3455.12,0,97,43924,0,
2026-03-24T17:39:00+00:00,ATM-GB-0001,host-atm-gb-0001,Windows-Server-2019,26.34,602,4096,14.7,2408.25,2358.2,142.08,3739.95,8248.09,0,118,32397,0,
2026-03-24T17:39:00+00:00,ATM-GB-0002,host-atm-gb-0002,Windows-Server-2019,18.46,1294,4096,31.59,3646.07,2127.97,193.77,4811.4,3117.64,0,100,40433,0,
2026-03-24T17:39:00+00:00,ATM-GB-0003,host-atm-gb-0003,Windows-Server-2019,32.03,695,4096,16.97,3519.58,2556.53,196.13,970.8,6657.52,0,118,30493,0,
2026-03-24T17:39:00+00:00,ATM-GB-0004,host-atm-gb-0004,Windows-Server-2019,21.76,642,4096,15.67,2431.68,3573.5,110.66,4071.7,3648.87,0,84,15101,0,
2026-03-24T17:40:00+00:00,ATM-GB-0001,host-atm-gb-0001,Windows-Server-2019,35.94,648,4096,15.82,3647.35,3684.39,43.38,9810.91,2729.73,0,109,52859,0,
2026-03-24T17:40:00+00:00,ATM-GB-0002,host-atm-gb-0002,Windows-Server-2019,27.35,1227,4096,29.96,2783.86,1101.29,135.87,2246.25,9240.1,0,112,83941,0,
2026-03-24T17:40:00+00:00,ATM-GB-0003,host-atm-gb-0003,Windows-Server-2019,23.73,1191,4096,29.08,1679.39,4999.71,112.56,4843.57,8232.56,0,86,83541,0,
2026-03-24T17:40:00+00:00,ATM-GB-0004,host-atm-gb-0004,Windows-Server-2019,21.07,1197,4096,29.22,712.09,3593.12,99.37,3811.56,4293.14,0,111,35829,0,
2026-03-24T17:41:00+00:00,ATM-GB-0001,host-atm-gb-0001,Windows-Server-2019,5.36,1405,4096,34.3,3105.45,2748.32,11.79,8958.62,9586.13,0,82,50814,0,
2026-03-24T17:41:00+00:00,ATM-GB-0002,host-atm-gb-0002,Windows-Server-2019,38.21,695,4096,16.97,3517.35,2208.8,194.24,4713.34,2681.21,0,88,73186,0,
2026-03-24T17:41:00+00:00,ATM-GB-0003,host-atm-gb-0003,Windows-Server-2019,28.29,1479,4096,36.11,4190.09,1714.9,49.5,9684.06,3709.06,0,94,74837,0,
2026-03-24T17:41:00+00:00,ATM-GB-0004,host-atm-gb-0004,Windows-Server-2019,17.77,631,4096,15.41,3638.46,3812.79,196.78,7575.98,9850.85,0,94,17969,0,
2026-03-24T17:42:00+00:00,ATM-GB-0001,host-atm-gb-0001,Windows-Server-2019,15.77,986,4096,24.07,1238.81,3919.37,21.23,87.95,1270.02,0,85,64895,0,
2026-03-24T17:42:00+00:00,ATM-GB-0002,host-atm-gb-0002,Windows-Server-2019,16.71,1050,4096,25.63,2525.65,60.14,135.33,8045.12,2213.08,0,119,64939,0,
2026-03-24T17:42:00+00:00,ATM-GB-0003,host-atm-gb-0003,Windows-Server-2019,36.84,1249,4096,30.49,2393.2,1415.39,192.88,5123.33,8946.79,0,93,4511,0,
2026-03-24T17:42:00+00:00,ATM-GB-0004,host-atm-gb-0004,Windows-Server-2019,25.6,959,4096,23.41,3178.36,1509.53,107.03,6750.25,7520.47,0,85,35015,0,
2026-03-24T17:43:00+00:00,ATM-GB-0001,host-atm-gb-0001,Windows-Server-2019,9.73,1192,4096,29.1,3399.66,2877.53,160.61,4266.19,8432.56,0,114,53718,0,
2026-03-24T17:43:00+00:00,ATM-GB-0002,host-atm-gb-0002,Windows-Server-2019,27.4,1250,4096,30.52,3128.97,4716.69,80.97,3850.65,6156.75,0,82,6662,0,
2026-03-24T17:43:00+00:00,ATM-GB-0003,host-atm-gb-0003,Windows-Server-2019,37.36,1336,4096,32.62,4447.36,1844.89,150.5,6594.05,5746.22,0,87,45416,0,
2026-03-24T17:43:00+00:00,ATM-GB-0004,host-atm-gb-0004,Windows-Server-2019,12.7,426,4096,10.4,2292.04,2222.16,160.4,8509.16,6247.69,0,87,53660,0,
2026-03-24T17:44:00+00:00,ATM-GB-0001,host-atm-gb-0001,Windows-Server-2019,24.12,735,4096,17.94,4608.95,3676.92,10.07,1232.9,9041.15,0,106,16856,0,
2026-03-24T17:44:00+00:00,ATM-GB-0002,host-atm-gb-0002,Windows-Server-2019,26.96,645,4096,15.75,3540.4,1661.26,35.86,6397.2,3445.7,0,120,42080,0,
2026-03-24T17:44:00+00:00,ATM-GB-0003,host-atm-gb-0003,Windows-Server-2019,35.63,1133,4096,27.66,2784.8,514.51,198.1,5803.85,6512.9,0,88,41613,0,
2026-03-24T17:44:00+00:00,ATM-GB-0004,host-atm-gb-0004,Windows-Server-2019,38.96,735,4096,17.94,3952.42,3895.8,153.62,4681.64,3145.59,0,98,18874,0,
2026-03-24T17:45:00+00:00,ATM-GB-0001,host-atm-gb-0001,Windows-Server-2019,16.09,992,4096,24.22,991.27,4159.23,15.86,3259.74,6992.21,0,117,61461,0,
2026-03-24T17:45:00+00:00,ATM-GB-0002,host-atm-gb-0002,Windows-Server-2019,14.46,871,4096,21.26,421.57,1084.46,13.56,2182.29,9497.25,0,119,48057,0,
2026-03-24T17:45:00+00:00,ATM-GB-0003,host-atm-gb-0003,Windows-Server-2019,21.03,1178,4096,28.76,4111.24,4165.91,89.65,1907.61,7045.56,0,93,57652,0,
2026-03-24T17:45:00+00:00,ATM-GB-0004,host-atm-gb-0004,Windows-Server-2019,35.37,788,4096,19.24,4162.12,2898.08,22.86,9111.59,5946.62,0,91,43483,0,
2026-03-24T17:45:00+00:00,ATM-GB-0002,,,91.5,,,98.75,,,,,,24,,,,A6_RAMP
2026-03-24T17:46:00+00:00,ATM-GB-0001,host-atm-gb-0001,Windows-Server-2019,25.48,1261,4096,30.79,125.16,2327.27,187.19,713.92,8361.38,0,90,29396,0,
2026-03-24T17:46:00+00:00,ATM-GB-0002,host-atm-gb-0002,Windows-Server-2019,10.65,1025,4096,25.02,4455.17,569.04,22.34,3081.84,4531.48,0,92,24578,0,
2026-03-24T17:46:00+00:00,ATM-GB-0003,host-atm-gb-0003,Windows-Server-2019,17.6,872,4096,21.29,834.5,262.37,118.22,3055.93,1582.49,0,99,12664,0,
2026-03-24T17:46:00+00:00,ATM-GB-0004,host-atm-gb-0004,Windows-Server-2019,10.15,895,4096,21.85,649.27,93.31,123.44,3979.3,6519.86,0,114,53297,0,
2026-03-24T17:47:00+00:00,ATM-GB-0001,host-atm-gb-0001,Windows-Server-2019,26.43,1296,4096,31.64,1895.83,452.88,86.14,1019.41,6666.71,0,116,76148,0,
2026-03-24T17:47:00+00:00,ATM-GB-0002,host-atm-gb-0002,Windows-Server-2019,39.69,1455,4096,35.52,889.92,2971.18,62.29,1499.75,9604.03,0,86,82412,0,
2026-03-24T17:47:00+00:00,ATM-GB-0003,host-atm-gb-0003,Windows-Server-2019,10.46,700,4096,17.09,3370.93,4738.23,196.47,9445.08,1464.14,0,105,70609,0,
2026-03-24T17:47:00+00:00,ATM-GB-0004,host-atm-gb-0004,Windows-Server-2019,24.85,1266,4096,30.91,2805.47,4373.61,61.67,9407.92,9367.8,0,94,37618,0,
2026-03-24T17:48:00+00:00,ATM-GB-0001,host-atm-gb-0001,Windows-Server-2019,5.33,706,4096,17.24,1972.01,4083.67,197.11,6900.58,2820.21,0,83,35784,0,
2026-03-24T17:48:00+00:00,ATM-GB-0002,host-atm-gb-0002,Windows-Server-2019,18.35,649,4096,15.84,3723.21,2756.79,173.27,9706.18,3731.23,0,111,45287,0,
2026-03-24T17:48:00+00:00,ATM-GB-0003,host-atm-gb-0003,Windows-Server-2019,6.52,648,4096,15.82,2923.01,1697.99,65.5,490.74,4914.39,0,107,32469,0,
2026-03-24T17:48:00+00:00,ATM-GB-0004,host-atm-gb-0004,Windows-Server-2019,35.23,1026,4096,25.05,89.8,628.96,101.68,5442.83,7181.45,0,115,73748,0,
2026-03-24T17:49:00+00:00,ATM-GB-0001,host-atm-gb-0001,Windows-Server-2019,11.13,1485,4096,36.25,2365.99,466.1,72.52,8106.62,4794.02,0,98,27367,0,
2026-03-24T17:49:00+00:00,ATM-GB-0002,host-atm-gb-0002,Windows-Server-2019,7.92,1205,4096,29.42,1564.97,2547.52,133.41,5096.17,8736.92,0,119,61638,0,
2026-03-24T17:49:00+00:00,ATM-GB-0003,host-atm-gb-0003,Windows-Server-2019,34.35,1022,4096,24.95,2924.31,3945.34,28.91,9424.91,5650.69,0,106,45464,0,
2026-03-24T17:49:00+00:00,ATM-GB-0004,host-atm-gb-0004,Windows-Server-2019,26.49,1320,4096,32.23,2738.29,637.89,105.75,8603.81,176.58,0,94,32900,0,
2026-03-24T17:50:00+00:00,ATM-GB-0001,host-atm-gb-0001,Windows-Server-2019,25.23,652,4096,15.92,1410.29,1898.74,191.11,1716.26,6936.54,0,89,30694,0,
2026-03-24T17:50:00+00:00,ATM-GB-0002,host-atm-gb-0002,Windows-Server-2019,32.66,916,4096,22.36,3503.31,940.45,68.38,136.51,964.75,0,104,5086,0,
2026-03-24T17:50:00+00:00,ATM-GB-0003,host-atm-gb-0003,Windows-Server-2019,14.8,1085,4096,26.49,80.16,1625.41,22.34,6722.75,7979.54,0,84,34776,0,
2026-03-24T17:50:00+00:00,ATM-GB-0004,host-atm-gb-0004,Windows-Server-2019,13.48,1140,4096,27.83,4261.09,111.21,58.04,4497.21,724.78,0,90,67503,0,
2026-03-24T17:51:00+00:00,ATM-GB-0001,host-atm-gb-0001,Windows-Server-2019,32.05,1202,4096,29.35,348.67,3782.34,22.62,3895.8,176.14,0,106,12133,0,
2026-03-24T17:51:00+00:00,ATM-GB-0002,host-atm-gb-0002,Windows-Server-2019,38.23,1101,4096,26.88,4235.31,122.34,151.23,9794.4,1797.21,0,100,39175,0,
2026-03-24T17:51:00+00:00,ATM-GB-0003,host-atm-gb-0003,Windows-Server-2019,37.14,870,4096,21.24,1826.8,2335.5,86.54,739.82,6744.09,0,107,12891,0,
2026-03-24T17:51:00+00:00,ATM-GB-0004,host-atm-gb-0004,Windows-Server-2019,12.99,1092,4096,26.66,1975.26,3382.12,167.17,6306.73,753.52,0,81,50241,0,
2026-03-24T17:52:00+00:00,ATM-GB-0001,host-atm-gb-0001,Windows-Server-2019,10.23,439,4096,10.72,2972.29,4715.48,103.57,6874.03,702.45,0,115,53212,0,
2026-03-24T17:52:00+00:00,ATM-GB-0002,host-atm-gb-0002,Windows-Server-2019,28.42,661,4096,16.14,1912.15,815.02,90.19,1474.38,6736.92,0,94,10851,0,
2026-03-24T17:52:00+00:00,ATM-GB-0003,host-atm-gb-0003,Windows-Server-2019,14.09,1365,4096,33.33,88.22,2410.64,193.2,6054.07,3697.81,0,116,72099,0,
2026-03-24T17:52:00+00:00,ATM-GB-0004,host-atm-gb-0004,Windows-Server-2019,12.44,1065,4096,26.0,4459.88,854.61,115.72,4693.33,3683.9,0,91,81966,0,
2026-03-24T17:53:00+00:00,ATM-GB-0001,host-atm-gb-0001,Windows-Server-2019,18.89,1162,4096,28.37,2148.24,3558.0,23.18,6409.55,2478.14,0,89,81684,0,
2026-03-24T17:53:00+00:00,ATM-GB-0002,host-atm-gb-0002,Windows-Server-2019,14.06,1161,4096,28.34,1245.74,2571.4,143.43,7794.87,1025.38,0,82,53516,0,
2026-03-24T17:53:00+00:00,ATM-GB-0003,host-atm-gb-0003,Windows-Server-2019,28.62,1458,4096,35.6,4363.25,4365.4,150.1,4.5,6813.23,0,93,14701,0,
2026-03-24T17:53:00+00:00,ATM-GB-0004,host-atm-gb-0004,Windows-Server-2019,37.45,1462,4096,35.69,4366.12,722.72,107.21,3530.96,184.88,0,85,33003,0,
2026-03-24T17:54:00+00:00,ATM-GB-0001,host-atm-gb-0001,Windows-Server-2019,7.99,645,4096,15.75,4126.44,2800.29,15.77,4262.8,9684.36,0,86,48762,0,
2026-03-24T17:54:00+00:00,ATM-GB-0002,host-atm-gb-0002,Windows-Server-2019,10.14,463,4096,11.3,4816.75,954.38,73.14,2195.17,3446.04,0,92,12073,0,
2026-03-24T17:54:00+00:00,ATM-GB-0003,host-atm-gb-0003,Windows-Server-2019,31.3,851,4096,20.78,1244.81,3002.73,150.13,4863.55,6066.78,0,84,12644,0,
2026-03-24T17:54:00+00:00,ATM-GB-0004,host-atm-gb-0004,Windows-Server-2019,7.51,870,4096,21.24,3774.17,3522.65,187.22,781.09,262.49,0,89,4286,0,
2026-03-24T17:55:00+00:00,ATM-GB-0001,host-atm-gb-0001,Windows-Server-2019,13.3,1302,4096,31.79,172.28,4776.92,103.96,6402.97,2475.48,0,84,22342,0,
2026-03-24T17:55:00+00:00,ATM-GB-0002,host-atm-gb-0002,Windows-Server-2019,13.4,1100,4096,26.86,1688.39,3406.95,33.52,8998.11,9483.5,0,119,63901,0,
2026-03-24T17:55:00+00:00,ATM-GB-0003,host-atm-gb-0003,Windows-Server-2019,33.19,1059,4096,25.85,179.47,4744.86,141.01,5005.84,5741.84,0,83,67394,0,
2026-03-24T17:55:00+00:00,ATM-GB-0004,host-atm-gb-0004,Windows-Server-2019,11.07,1479,4096,36.11,3700.07,563.36,39.38,3612.78,8677.94,0,103,23156,0,
2026-03-24T17:56:00+00:00,ATM-GB-0001,host-atm-gb-0001,Windows-Server-2019,30.31,1378,4096,33.64,2133.45,4021.22,122.84,8078.08,3382.83,0,94,45598,0,
2026-03-24T17:56:00+00:00,ATM-GB-0002,host-atm-gb-0002,Windows-Server-2019,19.68,672,4096,16.41,2132.05,4198.75,116.68,695.44,7603.89,0,89,13146,0,
2026-03-24T17:56:00+00:00,ATM-GB-0003,host-atm-gb-0003,Windows-Server-2019,5.59,545,4096,13.31,4600.25,4376.22,31.95,485.44,7379.65,0,118,17623,0,
2026-03-24T17:56:00+00:00,ATM-GB-0004,host-atm-gb-0004,Windows-Server-2019,32.06,1015,4096,24.78,4458.92,4406.45,73.34,3353.17,817.03,0,116,27926,0,
2026-03-24T17:57:00+00:00,ATM-GB-0001,host-atm-gb-0001,Windows-Server-2019,25.18,794,4096,19.38,1556.62,1032.99,44.85,1906.41,3345.77,0,100,81417,0,
2026-03-24T17:57:00+00:00,ATM-GB-0002,host-atm-gb-0002,Windows-Server-2019,24.26,1284,4096,31.35,1621.04,597.73,51.37,5062.89,2297.84,0,108,44410,0,
2026-03-24T17:57:00+00:00,ATM-GB-0003,host-atm-gb-0003,Windows-Server-2019,8.62,1326,4096,32.37,2075.62,4151.09,100.59,2999.52,5974.33,0,93,82670,0,
2026-03-24T17:57:00+00:00,ATM-GB-0004,host-atm-gb-0004,Windows-Server-2019,29.41,765,4096,18.68,619.92,2738.02,128.01,3188.35,2369.24,0,88,8792,0,
2026-03-24T17:58:00+00:00,ATM-GB-0001,host-atm-gb-0001,Windows-Server-2019,13.33,590,4096,14.4,1204.11,3582.84,107.56,1778.72,459.95,0,91,22035,0,
2026-03-24T17:58:00+00:00,ATM-GB-0002,host-atm-gb-0002,Windows-Server-2019,31.59,831,4096,20.29,411.65,4214.85,190.73,9963.79,9914.95,0,106,80246,0,
2026-03-24T17:58:00+00:00,ATM-GB-0003,host-atm-gb-0003,Windows-Server-2019,21.2,1111,4096,27.12,1490.04,2684.0,129.87,1762.24,4005.35,0,114,22464,0,
2026-03-24T17:58:00+00:00,ATM-GB-0004,host-atm-gb-0004,Windows-Server-2019,39.7,1309,4096,31.96,334.1,2695.98,11.63,893.33,2458.55,0,80,80344,0,
2026-03-24T17:59:00+00:00,ATM-GB-0001,host-atm-gb-0001,Windows-Server-2019,9.65,1447,4096,35.33,2227.44,958.42,77.23,1875.62,6514.77,0,120,4090,0,
2026-03-24T17:59:00+00:00,ATM-GB-0002,host-atm-gb-0002,Windows-Server-2019,30.62,1118,4096,27.29,1112.13,3846.81,53.39,5826.32,7199.82,0,111,5685,0,
2026-03-24T17:59:00+00:00,ATM-GB-0003,host-atm-gb-0003,Windows-Server-2019,30.86,855,4096,20.87,2183.15,3993.88,130.84,7698.09,5586.43,0,113,45338,0,
2026-03-24T17:59:00+00:00,ATM-GB-0004,host-atm-gb-0004,Windows-Server-2019,29.94,569,4096,13.89,740.88,1169.71,13.01,1723.14,7198.96,0,101,43952,0,
2026-03-24T18:00:00+00:00,ATM-GB-0001,host-atm-gb-0001,Windows-Server-2019,34.97,735,4096,17.94,2347.98,1499.35,82.43,9806.68,5759.41,0,83,34803,0,
2026-03-24T18:00:00+00:00,ATM-GB-0002,host-atm-gb-0002,Windows-Server-2019,32.97,792,4096,19.34,2617.3,1226.86,16.79,30.88,2887.14,0,108,7283,0,
2026-03-24T18:00:00+00:00,ATM-GB-0003,host-atm-gb-0003,Windows-Server-2019,23.96,415,4096,10.13,774.02,2057.38,94.52,3965.12,995.1,0,112,20850,0,
2026-03-24T18:00:00+00:00,ATM-GB-0004,host-atm-gb-0004,Windows-Server-2019,26.36,477,4096,11.65,4070.88,3542.46,199.26,9752.13,3319.58,0,103,9333,0,
2026-03-24T18:01:00+00:00,ATM-GB-0001,host-atm-gb-0001,Windows-Server-2019,36.5,1288,4096,31.45,3517.46,3176.5,154.96,2267.63,1209.87,0,86,51213,0,
2026-03-24T18:01:00+00:00,ATM-GB-0002,host-atm-gb-0002,Windows-Server-2019,28.46,1010,4096,24.66,2073.59,3644.18,41.27,4801.88,1022.61,0,117,18156,0,
2026-03-24T18:01:00+00:00,ATM-GB-0003,host-atm-gb-0003,Windows-Server-2019,36.85,667,4096,16.28,2865.99,4927.41,120.96,3029.57,4868.83,0,83,10299,0,
2026-03-24T18:01:00+00:00,ATM-GB-0004,host-atm-gb-0004,Windows-Server-2019,31.02,1336,4096,32.62,3537.76,1741.9,154.33,7010.96,3640.67,0,109,77101,0,
2026-03-24T18:02:00+00:00,ATM-GB-0001,host-atm-gb-0001,Windows-Server-2019,15.33,1127,4096,27.51,584.84,996.17,85.16,2387.01,3199.01,0,101,67306,0,
2026-03-24T18:02:00+00:00,ATM-GB-0002,host-atm-gb-0002,Windows-Server-2019,20.75,927,4096,22.63,2415.06,2686.45,138.55,5968.31,9017.33,0,103,10219,0,
2026-03-24T18:02:00+00:00,ATM-GB-0003,host-atm-gb-0003,Windows-Server-2019,38.08,1058,4096,25.83,3269.48,916.15,115.86,1139.07,310.14,0,80,84498,0,
2026-03-24T18:02:00+00:00,ATM-GB-0004,host-atm-gb-0004,Windows-Server-2019,23.43,886,4096,21.63,4113.23,391.03,12.17,4963.44,5844.36,0,120,61742,0,
2026-03-24T18:03:00+00:00,ATM-GB-0001,host-atm-gb-0001,Windows-Server-2019,30.94,482,4096,11.77,3081.18,3141.81,101.65,1196.39,9550.34,0,81,45030,0,
2026-03-24T18:03:00+00:00,ATM-GB-0002,host-atm-gb-0002,Windows-Server-2019,19.5,1292,4096,31.54,1104.38,3251.16,33.36,2045.9,7106.47,0,99,41526,0,
2026-03-24T18:03:00+00:00,ATM-GB-0003,host-atm-gb-0003,Windows-Server-2019,16.61,414,4096,10.11,2947.09,2480.53,17.25,224.87,5043.08,0,115,58586,0,
2026-03-24T18:03:00+00:00,ATM-GB-0004,host-atm-gb-0004,Windows-Server-2019,37.69,1288,4096,31.45,4516.27,971.82,150.09,9967.77,4810.51,0,88,22834,0,
2026-03-24T18:04:00+00:00,ATM-GB-0001,host-atm-gb-0001,Windows-Server-2019,19.72,742,4096,18.12,4753.17,1689.4,193.17,1866.69,1705.78,0,107,73125,0,
2026-03-24T18:04:00+00:00,ATM-GB-0002,host-atm-gb-0002,Windows-Server-2019,25.51,1357,4096,33.13,4086.85,2331.78,126.05,930.16,6137.78,0,94,85946,0,
2026-03-24T18:04:00+00:00,ATM-GB-0003,host-atm-gb-0003,Windows-Server-2019,38.3,1299,4096,31.71,3323.86,2106.38,32.59,5091.97,339.51,0,80,49591,0,
2026-03-24T18:04:00+00:00,ATM-GB-0004,host-atm-gb-0004,Windows-Server-2019,17.55,1048,4096,25.59,2461.78,2758.7,15.14,8797.58,8134.05,0,108,33113,0,
2026-03-24T18:05:00+00:00,ATM-GB-0001,host-atm-gb-0001,Windows-Server-2019,23.39,790,4096,19.29,3676.49,3011.36,143.83,5435.16,2242.26,0,89,84827,0,
2026-03-24T18:05:00+00:00,ATM-GB-0002,host-atm-gb-0002,Windows-Server-2019,36.49,537,4096,13.11,2958.88,3172.19,28.47,6664.48,2473.73,0,115,69328,0,
2026-03-24T18:05:00+00:00,ATM-GB-0003,host-atm-gb-0003,Windows-Server-2019,38.9,1058,4096,25.83,515.44,2972.54,76.32,1555.97,1997.9,0,99,35442,0,
2026-03-24T18:05:00+00:00,ATM-GB-0004,host-atm-gb-0004,Windows-Server-2019,10.85,843,4096,20.58,121.02,4419.24,128.14,4527.26,6097.42,0,92,38204,0,
2026-03-24T18:06:00+00:00,ATM-GB-0001,host-atm-gb-0001,Windows-Server-2019,15.52,1445,4096,35.28,1880.14,329.45,50.25,477.46,8902.56,0,96,62634,0,
2026-03-24T18:06:00+00:00,ATM-GB-0002,host-atm-gb-0002,Windows-Server-2019,27.06,568,4096,13.87,3024.6,4418.77,17.03,1558.09,5230.99,0,97,61215,0,
2026-03-24T18:06:00+00:00,ATM-GB-0003,host-atm-gb-0003,Windows-Server-2019,36.75,1007,4096,24.58,4693.22,1556.48,36.79,4312.35,6638.92,0,81,54160,0,
2026-03-24T18:06:00+00:00,ATM-GB-0004,host-atm-gb-0004,Windows-Server-2019,37.24,694,4096,16.94,3152.24,3288.87,84.43,6890.77,3597.33,0,99,22178,0,
2026-03-24T18:07:00+00:00,ATM-GB-0001,host-atm-gb-0001,Windows-Server-2019,39.48,628,4096,15.33,2985.14,3770.03,76.29,731.91,1559.04,0,96,22662,0,
2026-03-24T18:07:00+00:00,ATM-GB-0002,host-atm-gb-0002,Windows-Server-2019,28.03,933,4096,22.78,3089.09,1683.93,189.48,4012.81,5937.04,0,98,64977,0,
2026-03-24T18:07:00+00:00,ATM-GB-0003,host-atm-gb-0003,Windows-Server-2019,18.83,1140,4096,27.83,903.91,1201.52,166.78,298.62,9573.93,0,88,22257,0,
2026-03-24T18:07:00+00:00,ATM-GB-0004,host-atm-gb-0004,Windows-Server-2019,14.94,1026,4096,25.05,4566.43,215.27,181.47,9951.02,7517.86,0,85,21430,0,
2026-03-24T18:08:00+00:00,ATM-GB-0001,host-atm-gb-0001,Windows-Server-2019,34.45,1258,4096,30.71,441.46,2122.48,132.96,3270.64,5002.76,0,88,13796,0,
2026-03-24T18:08:00+00:00,ATM-GB-0002,host-atm-gb-0002,Windows-Server-2019,33.42,1486,4096,36.28,4123.5,3104.77,89.57,2946.8,6929.04,0,99,28053,0,
2026-03-24T18:08:00+00:00,ATM-GB-0003,host-atm-gb-0003,Windows-Server-2019,31.23,502,4096,12.26,3256.24,2857.47,196.09,5206.0,3663.13,0,102,39649,0,
2026-03-24T18:08:00+00:00,ATM-GB-0004,host-atm-gb-0004,Windows-Server-2019,20.87,929,4096,22.68,3032.64,3826.28,68.24,4696.29,4332.79,0,86,32217,0,
2026-03-24T18:09:00+00:00,ATM-GB-0001,host-atm-gb-0001,Windows-Server-2019,8.01,1100,4096,26.86,3885.45,1289.77,182.23,4706.74,9370.01,0,107,68545,0,
2026-03-24T18:09:00+00:00,ATM-GB-0002,host-atm-gb-0002,Windows-Server-2019,22.05,1387,4096,33.86,3058.02,3473.01,157.25,9789.21,9968.29,0,112,56730,0,
2026-03-24T18:09:00+00:00,ATM-GB-0003,host-atm-gb-0003,Windows-Server-2019,38.77,1445,4096,35.28,1478.55,2978.87,199.05,1428.62,8555.92,0,85,47237,0,
2026-03-24T18:09:00+00:00,ATM-GB-0004,host-atm-gb-0004,Windows-Server-2019,28.4,433,4096,10.57,1913.27,2483.46,35.79,8773.96,2162.96,0,104,20843,0,
2026-03-24T18:10:00+00:00,ATM-GB-0001,host-atm-gb-0001,Windows-Server-2019,12.2,828,4096,20.21,1559.24,1299.91,19.62,8576.89,4621.67,0,99,3959,0,
2026-03-24T18:10:00+00:00,ATM-GB-0002,host-atm-gb-0002,Windows-Server-2019,17.37,1471,4096,35.91,4028.98,4034.35,22.84,5884.71,2997.11,0,99,30428,0,
2026-03-24T18:10:00+00:00,ATM-GB-0003,host-atm-gb-0003,Windows-Server-2019,21.67,833,4096,20.34,786.8,3450.93,68.99,7128.61,1114.4,0,119,13779,0,
2026-03-24T18:10:00+00:00,ATM-GB-0004,host-atm-gb-0004,Windows-Server-2019,27.78,519,4096,12.67,1885.73,2670.73,195.19,4809.32,9597.78,0,83,57103,0,
2026-03-24T18:11:00+00:00,ATM-GB-0001,host-atm-gb-0001,Windows-Server-2019,23.59,1188,4096,29.0,4550.12,1666.88,112.6,7210.25,7135.07,0,90,10406,0,
2026-03-24T18:11:00+00:00,ATM-GB-0002,host-atm-gb-0002,Windows-Server-2019,37.49,1178,4096,28.76,3669.58,4058.68,71.54,1921.11,5050.02,0,120,16409,0,
2026-03-24T18:11:00+00:00,ATM-GB-0003,host-atm-gb-0003,Windows-Server-2019,22.73,850,4096,20.75,3602.6,2121.02,94.77,9786.62,6451.38,0,102,40750,0,
2026-03-24T18:11:00+00:00,ATM-GB-0004,host-atm-gb-0004,Windows-Server-2019,34.66,864,4096,21.09,882.24,1218.44,17.87,286.59,8141.35,0,115,15128,0,
2026-03-24T18:12:00+00:00,ATM-GB-0001,host-atm-gb-0001,Windows-Server-2019,21.97,1426,4096,34.81,4409.66,3493.05,118.74,2760.18,9101.93,0,105,6408,0,
2026-03-24T18:12:00+00:00,ATM-GB-0002,host-atm-gb-0002,Windows-Server-2019,39.02,1126,4096,27.49,2075.38,4889.06,57.8,6838.84,8761.08,0,93,49401,0,
2026-03-24T18:12:00+00:00,ATM-GB-0003,host-atm-gb-0003,Windows-Server-2019,21.48,1153,4096,28.15,2910.07,3044.69,194.13,7665.43,295.86,0,104,56210,0,
2026-03-24T18:12:00+00:00,ATM-GB-0004,host-atm-gb-0004,Windows-Server-2019,24.05,709,4096,17.31,3453.26,4233.42,184.56,8111.78,4616.42,0,108,5981,0,
2026-03-24T18:13:00+00:00,ATM-GB-0001,host-atm-gb-0001,Windows-Server-2019,26.43,1157,4096,28.25,4249.03,4574.02,102.48,9877.63,5455.08,0,116,19993,0,
2026-03-24T18:13:00+00:00,ATM-GB-0002,host-atm-gb-0002,Windows-Server-2019,36.41,884,4096,21.58,2372.38,3092.77,19.8,4729.97,1881.32,0,100,26695,0,
2026-03-24T18:13:00+00:00,ATM-GB-0003,host-atm-gb-0003,Windows-Server-2019,36.86,435,4096,10.62,2434.12,1977.74,130.13,3315.3,8372.45,0,100,36053,0,
2026-03-24T18:13:00+00:00,ATM-GB-0004,host-atm-gb-0004,Windows-Server-2019,6.55,888,4096,21.68,2961.93,3920.69,77.93,8004.4,8288.5,0,107,19281,0,
2026-03-24T18:14:00+00:00,ATM-GB-0001,host-atm-gb-0001,Windows-Server-2019,23.91,497,4096,12.13,1612.96,4765.58,159.6,4408.63,4388.98,0,88,83496,0,
2026-03-24T18:14:00+00:00,ATM-GB-0002,host-atm-gb-0002,Windows-Server-2019,14.83,1455,4096,35.52,4517.02,3507.3,193.06,4895.62,6882.59,0,93,62894,0,
2026-03-24T18:14:00+00:00,ATM-GB-0003,host-atm-gb-0003,Windows-Server-2019,20.69,1105,4096,26.98,4008.34,4622.68,183.84,794.04,9771.41,0,115,38919,0,
2026-03-24T18:14:00+00:00,ATM-GB-0004,host-atm-gb-0004,Windows-Server-2019,7.22,1225,4096,29.91,101.52,4560.85,50.81,4035.51,7904.7,0,100,63695,0,
2026-03-24T18:15:00+00:00,ATM-GB-0001,host-atm-gb-0001,Windows-Server-2019,27.11,929,4096,22.68,2489.1,2165.9,102.83,6354.04,2187.92,0,118,71094,0,
2026-03-24T18:15:00+00:00,ATM-GB-0002,host-atm-gb-0002,Windows-Server-2019,23.47,859,4096,20.97,4307.36,851.54,112.19,8995.97,1383.08,0,111,56829,0,
2026-03-24T18:15:00+00:00,ATM-GB-0003,host-atm-gb-0003,Windows-Server-2019,28.89,1379,4096,33.67,4719.63,1786.58,150.14,3786.58,4504.66,0,113,85854,0,
2026-03-24T18:15:00+00:00,ATM-GB-0004,host-atm-gb-0004,Windows-Server-2019,30.09,1415,4096,34.55,1306.87,4889.02,119.17,1552.68,3010.81,0,97,59332,0,
2026-03-24T18:16:00+00:00,ATM-GB-0001,host-atm-gb-0001,Windows-Server-2019,33.68,702,4096,17.14,4606.02,1193.95,151.31,8549.6,1272.19,0,97,33878,0,
2026-03-24T18:16:00+00:00,ATM-GB-0002,host-atm-gb-0002,Windows-Server-2019,37.1,950,4096,23.19,4377.88,3760.11,174.72,1684.77,7961.41,0,92,43656,0,
2026-03-24T18:16:00+00:00,ATM-GB-0003,host-atm-gb-0003,Windows-Server-2019,22.68,983,4096,24.0,3634.15,182.63,104.31,2787.43,8312.5,0,102,67598,0,
2026-03-24T18:16:00+00:00,ATM-GB-0004,host-atm-gb-0004,Windows-Server-2019,25.85,1142,4096,27.88,3785.28,2954.8,55.63,5850.92,400.59,0,94,75592,0,
2026-03-24T18:17:00+00:00,ATM-GB-0001,host-atm-gb-0001,Windows-Server-2019,22.17,645,4096,15.75,2124.6,3945.66,70.72,4401.4,1517.28,0,83,37366,0,
2026-03-24T18:17:00+00:00,ATM-GB-0002,host-atm-gb-0002,Windows-Server-2019,8.36,813,4096,19.85,3367.16,3081.4,156.2,9863.5,1351.46,0,83,51687,0,
2026-03-24T18:17:00+00:00,ATM-GB-0003,host-atm-gb-0003,Windows-Server-2019,8.91,708,4096,17.29,36.65,3891.81,59.23,147.14,626.19,0,107,65813,0,
2026-03-24T18:17:00+00:00,ATM-GB-0004,host-atm-gb-0004,Windows-Server-2019,25.67,888,4096,21.68,2493.57,3686.03,113.73,1683.08,7286.67,0,104,73190,0,
2026-03-24T18:18:00+00:00,ATM-GB-0001,host-atm-gb-0001,Windows-Server-2019,24.06,790,4096,19.29,785.42,392.4,176.22,2383.81,9442.68,0,112,39106,0,
2026-03-24T18:18:00+00:00,ATM-GB-0002,host-atm-gb-0002,Windows-Server-2019,11.08,406,4096,9.91,1343.59,4815.15,95.12,4381.49,7604.56,0,94,72347,0,
2026-03-24T18:18:00+00:00,ATM-GB-0003,host-atm-gb-0003,Windows-Server-2019,27.97,1415,4096,34.55,1635.36,2340.15,180.61,6569.75,1298.61,0,85,33735,0,
2026-03-24T18:18:00+00:00,ATM-GB-0004,host-atm-gb-0004,Windows-Server-2019,9.39,1160,4096,28.32,1285.69,2812.65,32.88,268.29,6081.19,0,108,40581,0,
2026-03-24T18:19:00+00:00,ATM-GB-0001,host-atm-gb-0001,Windows-Server-2019,30.04,594,4096,14.5,2699.01,4836.24,104.78,4845.53,6330.29,0,104,85010,0,
2026-03-24T18:19:00+00:00,ATM-GB-0002,host-atm-gb-0002,Windows-Server-2019,9.55,859,4096,20.97,710.72,3774.5,130.03,587.38,544.89,0,83,76438,0,
2026-03-24T18:19:00+00:00,ATM-GB-0003,host-atm-gb-0003,Windows-Server-2019,25.43,1143,4096,27.91,3442.44,3363.25,20.95,1572.77,4161.0,0,118,65896,0,
2026-03-24T18:19:00+00:00,ATM-GB-0004,host-atm-gb-0004,Windows-Server-2019,35.24,803,4096,19.6,4842.86,42.49,121.41,9464.74,9155.42,0,101,36170,0,
2026-03-24T18:20:00+00:00,ATM-GB-0001,host-atm-gb-0001,Windows-Server-2019,9.12,609,4096,14.87,2829.95,3223.65,21.39,6719.45,4375.33,0,114,61434,0,
2026-03-24T18:20:00+00:00,ATM-GB-0002,host-atm-gb-0002,Windows-Server-2019,19.79,1197,4096,29.22,618.61,1456.48,102.35,1687.54,3709.44,0,86,70145,0,
2026-03-24T18:20:00+00:00,ATM-GB-0003,host-atm-gb-0003,Windows-Server-2019,14.34,791,4096,19.31,2003.11,2818.57,98.87,8872.49,22.48,0,85,77566,0,
2026-03-24T18:20:00+00:00,ATM-GB-0004,host-atm-gb-0004,Windows-Server-2019,38.24,840,4096,20.51,3801.81,519.64,11.66,544.1,9316.92,0,98,21318,0,
2026-03-24T18:21:00+00:00,ATM-GB-0001,host-atm-gb-0001,Windows-Server-2019,5.2,1418,4096,34.62,3898.71,2952.86,121.6,6885.67,8569.47,0,118,50158,0,
2026-03-24T18:21:00+00:00,ATM-GB-0002,host-atm-gb-0002,Windows-Server-2019,31.14,531,4096,12.96,2438.04,2768.92,95.97,3463.85,6983.91,0,89,75951,0,
2026-03-24T18:21:00+00:00,ATM-GB-0003,host-atm-gb-0003,Windows-Server-2019,14.44,1289,4096,31.47,1228.61,943.3,25.3,7705.67,2394.4,0,106,78049,0,
2026-03-24T18:21:00+00:00,ATM-GB-0004,host-atm-gb-0004,Windows-Server-2019,30.98,1478,4096,36.08,1930.5,1579.57,51.48,3893.01,7445.09,0,94,20367,0,
2026-03-24T18:22:00+00:00,ATM-GB-0001,host-atm-gb-0001,Windows-Server-2019,28.56,1033,4096,25.22,1378.98,2965.8,164.72,3803.41,7528.69,0,106,41901,0,
2026-03-24T18:22:00+00:00,ATM-GB-0002,host-atm-gb-0002,Windows-Server-2019,10.04,1101,4096,26.88,3604.05,3350.38,50.77,4860.78,3594.06,0,108,74061,0,
2026-03-24T18:22:00+00:00,ATM-GB-0003,host-atm-gb-0003,Windows-Server-2019,7.1,1331,4096,32.5,1390.5,2239.0,32.58,845.26,1391.34,0,94,60631,0,
2026-03-24T18:22:00+00:00,ATM-GB-0004,host-atm-gb-0004,Windows-Server-2019,8.51,1044,4096,25.49,4867.21,1601.68,150.47,4742.04,2359.73,0,116,34265,0,
2026-03-24T18:23:00+00:00,ATM-GB-0001,host-atm-gb-0001,Windows-Server-2019,9.04,1063,4096,25.95,4044.42,647.09,64.67,8381.11,10.27,0,111,12954,0,
2026-03-24T18:23:00+00:00,ATM-GB-0002,host-atm-gb-0002,Windows-Server-2019,14.72,1304,4096,31.84,2975.18,4663.92,31.45,9110.34,2265.96,0,111,5720,0,
2026-03-24T18:23:00+00:00,ATM-GB-0003,host-atm-gb-0003,Windows-Server-2019,26.2,887,4096,21.66,3583.02,4294.65,110.56,3364.14,8111.0,0,115,53360,0,
2026-03-24T18:23:00+00:00,ATM-GB-0004,host-atm-gb-0004,Windows-Server-2019,37.29,1153,4096,28.15,2374.71,2548.97,165.4,7126.89,3120.73,0,104,17471,0,
2026-03-24T18:24:00+00:00,ATM-GB-0001,host-atm-gb-0001,Windows-Server-2019,10.44,1166,4096,28.47,1925.11,4964.07,34.59,1898.64,2434.02,0,115,17483,0,
2026-03-24T18:24:00+00:00,ATM-GB-0002,host-atm-gb-0002,Windows-Server-2019,27.22,890,4096,21.73,2605.39,4191.94,87.86,8422.63,8825.84,0,111,72432,0,
2026-03-24T18:24:00+00:00,ATM-GB-0003,host-atm-gb-0003,Windows-Server-2019,29.09,1295,4096,31.62,4016.14,3704.65,189.92,8510.07,7954.84,0,120,59527,0,
2026-03-24T18:24:00+00:00,ATM-GB-0004,host-atm-gb-0004,Windows-Server-2019,30.09,1302,4096,31.79,296.04,2268.43,55.73,3899.03,182.94,0,82,32249,0,
2026-03-24T18:25:00+00:00,ATM-GB-0001,host-atm-gb-0001,Windows-Server-2019,21.65,951,4096,23.22,323.23,1223.42,178.71,3605.36,8676.62,0,80,4163,0,
2026-03-24T18:25:00+00:00,ATM-GB-0002,host-atm-gb-0002,Windows-Server-2019,10.05,1322,4096,32.28,1494.17,3398.68,67.84,8303.23,343.13,0,120,13961,0,
2026-03-24T18:25:00+00:00,ATM-GB-0003,host-atm-gb-0003,Windows-Server-2019,7.78,508,4096,12.4,3521.67,1016.24,67.46,5861.73,5138.22,0,95,45783,0,
2026-03-24T18:25:00+00:00,ATM-GB-0004,host-atm-gb-0004,Windows-Server-2019,23.48,445,4096,10.86,725.67,2896.71,197.23,1611.68,3640.24,0,108,66475,0,
2026-03-24T18:26:00+00:00,ATM-GB-0001,host-atm-gb-0001,Windows-Server-2019,20.93,766,4096,18.7,2710.95,4690.77,21.3,5922.98,3638.39,0,87,37048,0,
2026-03-24T18:26:00+00:00,ATM-GB-0002,host-atm-gb-0002,Windows-Server-2019,33.85,506,4096,12.35,3248.33,2566.08,196.3,4745.59,1075.67,0,96,6091,0,
2026-03-24T18:26:00+00:00,ATM-GB-0003,host-atm-gb-0003,Windows-Server-2019,22.66,773,4096,18.87,1628.59,4432.22,162.15,909.4,8817.27,0,80,44410,0,
2026-03-24T18:26:00+00:00,ATM-GB-0004,host-atm-gb-0004,Windows-Server-2019,36.99,1445,4096,35.28,2410.38,2749.46,106.25,3871.84,5227.07,0,119,77310,0,
2026-03-24T18:27:00+00:00,ATM-GB-0001,host-atm-gb-0001,Windows-Server-2019,14.26,585,4096,14.28,2264.13,1368.19,46.53,8591.8,927.85,0,100,26974,0,
2026-03-24T18:27:00+00:00,ATM-GB-0002,host-atm-gb-0002,Windows-Server-2019,23.69,1286,4096,31.4,2431.17,3492.66,177.44,4018.94,6607.58,0,119,31253,0,
2026-03-24T18:27:00+00:00,ATM-GB-0003,host-atm-gb-0003,Windows-Server-2019,17.64,717,4096,17.5,1687.2,2838.54,78.7,972.18,20.13,0,99,62840,0,
2026-03-24T18:27:00+00:00,ATM-GB-0004,host-atm-gb-0004,Windows-Server-2019,34.5,763,4096,18.63,1068.45,3701.32,87.67,4487.49,6151.57,0,110,64375,0,
2026-03-24T18:28:00+00:00,ATM-GB-0001,host-atm-gb-0001,Windows-Server-2019,5.91,725,4096,17.7,3073.2,3831.46,118.96,2224.08,7428.48,0,113,77788,0,
2026-03-24T18:28:00+00:00,ATM-GB-0002,host-atm-gb-0002,Windows-Server-2019,15.88,716,4096,17.48,2815.25,2194.7,116.46,2302.92,823.08,0,96,7739,0,
2026-03-24T18:28:00+00:00,ATM-GB-0003,host-atm-gb-0003,Windows-Server-2019,34.97,973,4096,23.75,1824.35,692.4,47.69,9380.91,1795.33,0,97,70552,0,
2026-03-24T18:28:00+00:00,ATM-GB-0004,host-atm-gb-0004,Windows-Server-2019,22.05,1295,4096,31.62,1711.29,2025.29,155.95,3633.82,3979.45,0,119,74274,0,
2026-03-24T18:29:00+00:00,ATM-GB-0001,host-atm-gb-0001,Windows-Server-2019,39.52,972,4096,23.73,2424.22,1208.8,94.47,3337.93,6096.57,0,83,64733,0,
2026-03-24T18:29:00+00:00,ATM-GB-0002,host-atm-gb-0002,Windows-Server-2019,17.86,1374,4096,33.54,2907.51,3648.5,198.97,1750.84,946.34,0,117,25948,0,
2026-03-24T18:29:00+00:00,ATM-GB-0003,host-atm-gb-0003,Windows-Server-2019,5.27,695,4096,16.97,1282.06,4308.0,109.67,4688.61,2081.61,0,106,63194,0,
2026-03-24T18:29:00+00:00,ATM-GB-0004,host-atm-gb-0004,Windows-Server-2019,34.38,1373,4096,33.52,1174.47,829.67,137.53,7659.58,2076.35,0,119,28293,0,
2026-03-24T18:30:00+00:00,ATM-GB-0001,host-atm-gb-0001,Windows-Server-2019,22.05,767,4096,18.73,1665.17,3507.4,197.7,3879.9,9366.84,0,81,52845,0,
2026-03-24T18:30:00+00:00,ATM-GB-0002,host-atm-gb-0002,Windows-Server-2019,31.92,955,4096,23.32,570.13,4583.1,48.31,4970.74,7840.59,0,92,4307,0,
2026-03-24T18:30:00+00:00,ATM-GB-0003,host-atm-gb-0003,Windows-Server-2019,12.77,721,4096,17.6,3929.92,2253.49,136.91,1197.15,9683.49,0,103,68649,0,
2026-03-24T18:30:00+00:00,ATM-GB-0004,host-atm-gb-0004,Windows-Server-2019,25.75,447,4096,10.91,3243.99,4263.11,126.47,2230.85,8923.74,0,109,72008,0,
2026-03-24T18:31:00+00:00,ATM-GB-0001,host-atm-gb-0001,Windows-Server-2019,38.69,972,4096,23.73,4404.05,790.56,55.26,5550.36,6973.54,0,112,56417,0,
2026-03-24T18:31:00+00:00,ATM-GB-0002,host-atm-gb-0002,Windows-Server-2019,39.23,1467,4096,35.82,2300.61,2597.37,168.95,5463.38,5287.3,0,101,69630,0,
2026-03-24T18:31:00+00:00,ATM-GB-0003,host-atm-gb-0003,Windows-Server-2019,34.64,987,4096,24.1,2417.7,4553.11,127.74,7963.45,3570.34,0,110,35640,0,
2026-03-24T18:31:00+00:00,ATM-GB-0004,host-atm-gb-0004,Windows-Server-2019,24.26,826,4096,20.17,165.28,2401.76,102.48,504.48,4209.58,0,94,52787,0,
2026-03-24T18:32:00+00:00,ATM-GB-0001,host-atm-gb-0001,Windows-Server-2019,32.46,544,4096,13.28,4926.49,3683.3,195.29,3917.11,2868.47,0,112,15759,0,
2026-03-24T18:32:00+00:00,ATM-GB-0002,host-atm-gb-0002,Windows-Server-2019,20.62,1158,4096,28.27,135.18,240.51,16.5,4900.17,4364.01,0,101,5872,0,
2026-03-24T18:32:00+00:00,ATM-GB-0003,host-atm-gb-0003,Windows-Server-2019,6.56,407,4096,9.94,3089.23,1935.1,187.39,2602.06,4563.37,0,89,18274,0,
2026-03-24T18:32:00+00:00,ATM-GB-0004,host-atm-gb-0004,Windows-Server-2019,17.14,463,4096,11.3,871.76,2882.72,56.9,5862.87,7334.63,0,91,76273,0,
2026-03-24T18:33:00+00:00,ATM-GB-0001,host-atm-gb-0001,Windows-Server-2019,6.68,1358,4096,33.15,4435.09,3381.1,149.58,678.59,7524.15,0,115,48148,0,
2026-03-24T18:33:00+00:00,ATM-GB-0002,host-atm-gb-0002,Windows-Server-2019,30.8,1329,4096,32.45,3942.27,1978.32,19.91,8626.26,5370.82,0,85,4062,0,
2026-03-24T18:33:00+00:00,ATM-GB-0003,host-atm-gb-0003,Windows-Server-2019,18.5,738,4096,18.02,1098.76,320.14,57.51,8302.33,881.51,0,87,55913,0,
2026-03-24T18:33:00+00:00,ATM-GB-0004,host-atm-gb-0004,Windows-Server-2019,35.26,1054,4096,25.73,3107.2,208.57,40.78,172.42,9481.04,0,106,56530,0,
2026-03-24T18:34:00+00:00,ATM-GB-0001,host-atm-gb-0001,Windows-Server-2019,33.44,954,4096,23.29,331.1,751.82,54.15,5666.12,9911.68,0,84,54412,0,
2026-03-24T18:34:00+00:00,ATM-GB-0002,host-atm-gb-0002,Windows-Server-2019,28.75,1320,4096,32.23,4540.68,4698.11,30.19,5052.26,3640.6,0,95,56691,0,
2026-03-24T18:34:00+00:00,ATM-GB-0003,host-atm-gb-0003,Windows-Server-2019,33.23,1492,4096,36.43,664.55,3800.02,182.55,6305.56,8049.57,0,90,69854,0,
2026-03-24T18:34:00+00:00,ATM-GB-0004,host-atm-gb-0004,Windows-Server-2019,39.81,1121,4096,27.37,3321.06,1596.31,11.79,525.12,8961.28,0,112,50278,0,
2026-03-24T18:35:00+00:00,ATM-GB-0001,host-atm-gb-0001,Windows-Server-2019,35.9,520,4096,12.7,63.93,2482.39,164.1,9669.88,8117.0,0,90,4127,0,
2026-03-24T18:35:00+00:00,ATM-GB-0002,host-atm-gb-0002,Windows-Server-2019,29.19,506,4096,12.35,4238.4,3116.83,197.65,5750.02,4327.85,0,83,21106,0,
2026-03-24T18:35:00+00:00,ATM-GB-0003,host-atm-gb-0003,Windows-Server-2019,26.25,1377,4096,33.62,2830.65,2468.97,26.12,2767.57,9955.02,0,110,78968,0,
2026-03-24T18:35:00+00:00,ATM-GB-0004,host-atm-gb-0004,Windows-Server-2019,29.97,487,4096,11.89,246.05,3667.01,26.85,8470.86,1267.44,0,106,80166,0,
2026-03-24T18:36:00+00:00,ATM-GB-0001,host-atm-gb-0001,Windows-Server-2019,18.42,1024,4096,25.0,815.63,3052.28,168.03,4753.31,1581.86,0,90,43157,0,
2026-03-24T18:36:00+00:00,ATM-GB-0002,host-atm-gb-0002,Windows-Server-2019,17.2,924,4096,22.56,3415.51,2104.74,147.3,8539.33,3138.61,0,86,78168,0,
2026-03-24T18:36:00+00:00,ATM-GB-0003,host-atm-gb-0003,Windows-Server-2019,31.64,1422,4096,34.72,516.0,3886.16,113.35,3693.15,7704.43,0,83,79847,0,
2026-03-24T18:36:00+00:00,ATM-GB-0004,host-atm-gb-0004,Windows-Server-2019,5.51,743,4096,18.14,1788.88,1528.76,109.17,2589.97,3154.67,0,108,14046,0,
2026-03-24T18:37:00+00:00,ATM-GB-0001,host-atm-gb-0001,Windows-Server-2019,8.34,898,4096,21.92,2988.18,4666.83,91.49,5892.96,6835.16,0,94,43398,0,
2026-03-24T18:37:00+00:00,ATM-GB-0002,host-atm-gb-0002,Windows-Server-2019,32.24,1294,4096,31.59,1134.16,4602.97,68.09,5000.1,8785.18,0,105,5126,0,
2026-03-24T18:37:00+00:00,ATM-GB-0003,host-atm-gb-0003,Windows-Server-2019,9.94,463,4096,11.3,1195.75,464.69,73.75,4290.27,735.22,0,104,32282,0,
2026-03-24T18:37:00+00:00,ATM-GB-0004,host-atm-gb-0004,Windows-Server-2019,8.89,1405,4096,34.3,3774.39,1435.57,158.59,2206.28,7312.9,0,80,44110,0,
2026-03-24T18:38:00+00:00,ATM-GB-0001,host-atm-gb-0001,Windows-Server-2019,18.13,1389,4096,33.91,4215.36,3877.26,83.64,6377.39,8402.16,0,89,22997,0,
2026-03-24T18:38:00+00:00,ATM-GB-0002,host-atm-gb-0002,Windows-Server-2019,38.33,609,4096,14.87,736.85,3709.2,109.64,8580.32,709.12,0,112,42393,0,
2026-03-24T18:38:00+00:00,ATM-GB-0003,host-atm-gb-0003,Windows-Server-2019,11.05,867,4096,21.17,2480.0,4783.03,191.61,4227.91,185.76,0,117,79372,0,
2026-03-24T18:38:00+00:00,ATM-GB-0004,host-atm-gb-0004,Windows-Server-2019,22.32,1035,4096,25.27,3438.79,2623.47,188.07,5581.77,5245.93,0,105,16057,0,
2026-03-24T18:39:00+00:00,ATM-GB-0001,host-atm-gb-0001,Windows-Server-2019,12.02,402,4096,9.81,2680.94,4107.63,52.81,2621.48,9917.94,0,91,71421,0,
2026-03-24T18:39:00+00:00,ATM-GB-0002,host-atm-gb-0002,Windows-Server-2019,25.61,1500,4096,36.62,252.53,3167.9,143.51,5269.82,2504.4,0,102,28848,0,
2026-03-24T18:39:00+00:00,ATM-GB-0003,host-atm-gb-0003,Windows-Server-2019,9.02,601,4096,14.67,2946.54,146.49,59.88,2734.88,2205.82,0,85,20217,0,
2026-03-24T18:39:00+00:00,ATM-GB-0004,host-atm-gb-0004,Windows-Server-2019,18.09,1321,4096,32.25,3796.63,4755.03,177.22,8323.21,297.14,0,91,48496,0,
2026-03-24T18:40:00+00:00,ATM-GB-0001,host-atm-gb-0001,Windows-Server-2019,32.31,873,4096,21.31,3623.09,3491.6,55.18,3904.79,1855.6,0,88,15969,0,
2026-03-24T18:40:00+00:00,ATM-GB-0002,host-atm-gb-0002,Windows-Server-2019,23.66,1390,4096,33.94,457.12,3317.8,96.0,205.81,3398.1,0,118,8376,0,
2026-03-24T18:40:00+00:00,ATM-GB-0003,host-atm-gb-0003,Windows-Server-2019,35.29,1282,4096,31.3,1769.95,3095.28,28.16,9716.12,1974.56,0,105,76169,0,
2026-03-24T18:40:00+00:00,ATM-GB-0004,host-atm-gb-0004,Windows-Server-2019,30.03,464,4096,11.33,2933.62,1558.88,171.76,9442.99,1910.43,0,107,56591,0,
2026-03-24T18:41:00+00:00,ATM-GB-0001,host-atm-gb-0001,Windows-Server-2019,28.69,1353,4096,33.03,1817.87,1945.14,157.37,5495.99,2461.56,0,99,33911,0,
2026-03-24T18:41:00+00:00,ATM-GB-0002,host-atm-gb-0002,Windows-Server-2019,11.88,1202,4096,29.35,1114.86,1730.05,24.33,828.97,9695.8,0,106,9096,0,
2026-03-24T18:41:00+00:00,ATM-GB-0003,host-atm-gb-0003,Windows-Server-2019,26.36,944,4096,23.05,3199.26,2203.78,145.84,9744.46,7468.56,0,95,64593,0,
2026-03-24T18:41:00+00:00,ATM-GB-0004,host-atm-gb-0004,Windows-Server-2019,7.7,1099,4096,26.83,125.67,113.32,159.61,9094.63,8098.87,0,97,34716,0,
2026-03-24T18:42:00+00:00,ATM-GB-0001,host-atm-gb-0001,Windows-Server-2019,16.21,835,4096,20.39,522.84,3359.87,159.43,9926.49,4648.46,0,120,76349,0,
2026-03-24T18:42:00+00:00,ATM-GB-0002,host-atm-gb-0002,Windows-Server-2019,8.28,1100,4096,26.86,3041.24,940.05,150.01,5928.3,6949.32,0,104,17490,0,
2026-03-24T18:42:00+00:00,ATM-GB-0003,host-atm-gb-0003,Windows-Server-2019,29.16,1131,4096,27.61,1203.22,3779.94,168.42,7952.86,439.7,0,94,68952,0,
2026-03-24T18:42:00+00:00,ATM-GB-0004,host-atm-gb-0004,Windows-Server-2019,28.26,1359,4096,33.18,3248.75,474.28,185.14,8420.44,3026.82,0,91,54405,0,
2026-03-24T18:43:00+00:00,ATM-GB-0001,host-atm-gb-0001,Windows-Server-2019,26.1,470,4096,11.47,3215.86,2482.07,85.28,4051.41,3555.01,0,98,47232,0,
2026-03-24T18:43:00+00:00,ATM-GB-0002,host-atm-gb-0002,Windows-Server-2019,16.86,1275,4096,31.13,4216.17,2174.22,157.53,4282.59,2369.19,0,92,53054,0,
2026-03-24T18:43:00+00:00,ATM-GB-0003,host-atm-gb-0003,Windows-Server-2019,6.93,1139,4096,27.81,1309.13,901.82,118.94,7950.44,3228.77,0,107,33288,0,
2026-03-24T18:43:00+00:00,ATM-GB-0004,host-atm-gb-0004,Windows-Server-2019,16.89,1140,4096,27.83,2028.87,2983.0,167.39,4711.76,6488.32,0,93,14083,0,
2026-03-24T18:44:00+00:00,ATM-GB-0001,host-atm-gb-0001,Windows-Server-2019,6.92,740,4096,18.07,1037.9,386.62,156.56,2869.2,8347.3,0,95,45600,0,
2026-03-24T18:44:00+00:00,ATM-GB-0002,host-atm-gb-0002,Windows-Server-2019,15.38,488,4096,11.91,977.51,1739.27,177.01,7944.72,9386.33,0,102,77444,0,
2026-03-24T18:44:00+00:00,ATM-GB-0003,host-atm-gb-0003,Windows-Server-2019,39.04,848,4096,20.7,1259.24,1537.22,64.97,3206.6,5513.31,0,101,23172,0,
2026-03-24T18:44:00+00:00,ATM-GB-0004,host-atm-gb-0004,Windows-Server-2019,5.74,1292,4096,31.54,988.91,4690.29,150.12,5659.57,8121.63,0,113,57388,0,
2026-03-24T18:45:00+00:00,ATM-GB-0001,host-atm-gb-0001,Windows-Server-2019,31.46,1092,4096,26.66,2961.53,2941.46,74.13,9009.81,9368.51,0,117,77244,0,
2026-03-24T18:45:00+00:00,ATM-GB-0002,host-atm-gb-0002,Windows-Server-2019,16.39,1398,4096,34.13,1833.13,2861.35,107.93,1382.82,763.13,0,101,49196,0,
2026-03-24T18:45:00+00:00,ATM-GB-0003,host-atm-gb-0003,Windows-Server-2019,8.99,1028,4096,25.1,3969.48,1147.55,106.0,9462.93,1833.81,0,82,23488,0,
2026-03-24T18:45:00+00:00,ATM-GB-0004,host-atm-gb-0004,Windows-Server-2019,31.15,1295,4096,31.62,717.47,4395.57,51.7,4076.98,2336.09,0,95,79495,0,
2026-03-24T18:46:00+00:00,ATM-GB-0001,host-atm-gb-0001,Windows-Server-2019,27.18,863,4096,21.07,4530.18,2100.12,155.59,4632.92,3400.08,0,118,71450,0,
2026-03-24T18:46:00+00:00,ATM-GB-0002,host-atm-gb-0002,Windows-Server-2019,38.63,521,4096,12.72,3460.9,138.23,125.12,31.85,1985.7,0,81,73434,0,
2026-03-24T18:46:00+00:00,ATM-GB-0003,host-atm-gb-0003,Windows-Server-2019,25.46,1334,4096,32.57,2884.61,1002.22,169.01,5403.83,8198.79,0,88,36705,0,
2026-03-24T18:46:00+00:00,ATM-GB-0004,host-atm-gb-0004,Windows-Server-2019,32.72,604,4096,14.75,1550.9,1615.63,89.04,712.01,6093.25,0,105,12351,0,
2026-03-24T18:47:00+00:00,ATM-GB-0001,host-atm-gb-0001,Windows-Server-2019,31.02,634,4096,15.48,3154.78,4474.18,140.63,568.27,5029.26,0,113,19154,0,
2026-03-24T18:47:00+00:00,ATM-GB-0002,host-atm-gb-0002,Windows-Server-2019,28.05,639,4096,15.6,2780.93,514.81,77.85,194.88,1327.8,0,120,37495,0,
2026-03-24T18:47:00+00:00,ATM-GB-0003,host-atm-gb-0003,Windows-Server-2019,20.61,892,4096,21.78,645.68,1803.55,19.97,1453.84,5330.05,0,117,45611,0,
2026-03-24T18:47:00+00:00,ATM-GB-0004,host-atm-gb-0004,Windows-Server-2019,37.5,441,4096,10.77,3884.08,4508.9,169.09,2093.58,6156.72,0,103,45661,0,
2026-03-24T18:48:00+00:00,ATM-GB-0001,host-atm-gb-0001,Windows-Server-2019,11.29,730,4096,17.82,84.86,442.41,163.06,6490.86,3327.83,0,117,55454,0,
2026-03-24T18:48:00+00:00,ATM-GB-0002,host-atm-gb-0002,Windows-Server-2019,39.98,1299,4096,31.71,3594.32,2764.41,112.05,2645.92,2452.33,0,103,80276,0,
2026-03-24T18:48:00+00:00,ATM-GB-0003,host-atm-gb-0003,Windows-Server-2019,17.37,1333,4096,32.54,1006.09,1815.21,98.87,7907.73,9068.14,0,90,11729,0,
2026-03-24T18:48:00+00:00,ATM-GB-0004,host-atm-gb-0004,Windows-Server-2019,15.2,1084,4096,26.46,238.52,3666.74,114.77,5673.8,6374.05,0,110,39214,0,
2026-03-24T18:49:00+00:00,ATM-GB-0001,host-atm-gb-0001,Windows-Server-2019,30.88,1336,4096,32.62,4031.64,4311.76,179.37,3479.24,629.14,0,115,84807,0,
2026-03-24T18:49:00+00:00,ATM-GB-0002,host-atm-gb-0002,Windows-Server-2019,11.62,1013,4096,24.73,3582.18,3051.3,89.85,9026.78,3997.66,0,105,62652,0,
2026-03-24T18:49:00+00:00,ATM-GB-0003,host-atm-gb-0003,Windows-Server-2019,35.34,1238,4096,30.22,4173.69,678.21,160.4,4142.68,1238.52,0,85,66986,0,
2026-03-24T18:49:00+00:00,ATM-GB-0004,host-atm-gb-0004,Windows-Server-2019,34.59,1184,4096,28.91,1184.99,728.38,168.27,4775.04,8963.0,0,115,85487,0,
2026-03-24T18:50:00+00:00,ATM-GB-0001,host-atm-gb-0001,Windows-Server-2019,24.0,956,4096,23.34,2374.2,1846.41,136.75,5955.73,4533.91,0,100,72474,0,
2026-03-24T18:50:00+00:00,ATM-GB-0002,host-atm-gb-0002,Windows-Server-2019,30.71,1005,4096,24.54,4814.46,2084.82,194.7,4929.6,5524.49,0,97,15647,0,
2026-03-24T18:50:00+00:00,ATM-GB-0003,host-atm-gb-0003,Windows-Server-2019,25.98,516,4096,12.6,330.53,3808.97,34.7,2175.78,3491.0,0,93,13873,0,
2026-03-24T18:50:00+00:00,ATM-GB-0004,host-atm-gb-0004,Windows-Server-2019,36.25,1424,4096,34.77,851.91,1109.23,86.66,2180.02,6784.61,0,86,9088,0,
2026-03-24T18:51:00+00:00,ATM-GB-0001,host-atm-gb-0001,Windows-Server-2019,34.07,1306,4096,31.88,1788.34,3114.66,45.58,2522.17,3518.15,0,101,55774,0,
2026-03-24T18:51:00+00:00,ATM-GB-0002,host-atm-gb-0002,Windows-Server-2019,21.29,1318,4096,32.18,3735.6,4598.69,154.55,7962.85,9333.72,0,107,11702,0,
2026-03-24T18:51:00+00:00,ATM-GB-0003,host-atm-gb-0003,Windows-Server-2019,16.95,588,4096,14.36,348.57,3904.81,185.14,3477.25,8510.53,0,117,38140,0,
2026-03-24T18:51:00+00:00,ATM-GB-0004,host-atm-gb-0004,Windows-Server-2019,26.53,1284,4096,31.35,4018.51,976.98,70.57,8535.78,848.86,0,80,68794,0,
2026-03-24T18:52:00+00:00,ATM-GB-0001,host-atm-gb-0001,Windows-Server-2019,13.46,1360,4096,33.2,1260.66,2888.69,103.39,2775.06,5975.85,0,119,3743,0,
2026-03-24T18:52:00+00:00,ATM-GB-0002,host-atm-gb-0002,Windows-Server-2019,29.02,861,4096,21.02,3810.65,406.14,62.43,1681.11,5943.04,0,119,77184,0,
2026-03-24T18:52:00+00:00,ATM-GB-0003,host-atm-gb-0003,Windows-Server-2019,39.29,856,4096,20.9,1607.06,2231.3,89.95,5598.74,4728.74,0,81,8066,0,
2026-03-24T18:52:00+00:00,ATM-GB-0004,host-atm-gb-0004,Windows-Server-2019,11.06,748,4096,18.26,4250.18,2032.83,198.58,2573.02,2749.18,0,109,41721,0,
2026-03-24T18:53:00+00:00,ATM-GB-0001,host-atm-gb-0001,Windows-Server-2019,16.77,1343,4096,32.79,3016.65,1540.61,63.03,3657.69,1746.74,0,80,82870,0,
2026-03-24T18:53:00+00:00,ATM-GB-0002,host-atm-gb-0002,Windows-Server-2019,16.41,489,4096,11.94,2633.76,4880.55,151.14,4406.93,4178.22,0,117,34785,0,
2026-03-24T18:53:00+00:00,ATM-GB-0003,host-atm-gb-0003,Windows-Server-2019,29.76,1342,4096,32.76,1331.68,4518.4,78.98,7982.37,3946.28,0,82,62267,0,
2026-03-24T18:53:00+00:00,ATM-GB-0004,host-atm-gb-0004,Windows-Server-2019,39.29,1279,4096,31.23,1796.15,4835.07,36.19,5631.57,5053.7,0,80,14247,0,
2026-03-24T18:54:00+00:00,ATM-GB-0001,host-atm-gb-0001,Windows-Server-2019,29.45,1095,4096,26.73,4099.27,4356.56,58.69,1449.13,8819.64,0,86,14359,0,
2026-03-24T18:54:00+00:00,ATM-GB-0002,host-atm-gb-0002,Windows-Server-2019,13.76,572,4096,13.96,2661.47,4539.3,38.02,3516.38,848.46,0,81,62117,0,
2026-03-24T18:54:00+00:00,ATM-GB-0003,host-atm-gb-0003,Windows-Server-2019,35.66,1192,4096,29.1,2004.18,4963.35,156.83,671.26,5397.16,0,108,52474,0,
2026-03-24T18:54:00+00:00,ATM-GB-0004,host-atm-gb-0004,Windows-Server-2019,20.99,494,4096,12.06,2447.48,3349.25,135.52,2340.85,9815.77,0,93,24097,0,
2026-03-24T18:55:00+00:00,ATM-GB-0001,host-atm-gb-0001,Windows-Server-2019,39.65,1152,4096,28.12,1254.47,3773.7,51.34,9311.77,6761.35,0,108,20474,0,
2026-03-24T18:55:00+00:00,ATM-GB-0002,host-atm-gb-0002,Windows-Server-2019,15.16,1349,4096,32.93,2948.43,326.23,10.91,222.38,4728.01,0,94,46072,0,
2026-03-24T18:55:00+00:00,ATM-GB-0003,host-atm-gb-0003,Windows-Server-2019,13.64,1453,4096,35.47,4146.0,1062.08,15.82,8964.02,7079.88,0,103,83632,0,
2026-03-24T18:55:00+00:00,ATM-GB-0004,host-atm-gb-0004,Windows-Server-2019,22.05,563,4096,13.75,2898.12,3327.92,18.08,999.46,6742.57,0,93,79423,0,
2026-03-24T18:56:00+00:00,ATM-GB-0001,host-atm-gb-0001,Windows-Server-2019,17.77,412,4096,10.06,197.9,2953.49,95.84,674.45,8133.52,0,112,42512,0,
2026-03-24T18:56:00+00:00,ATM-GB-0002,host-atm-gb-0002,Windows-Server-2019,9.59,420,4096,10.25,3048.35,3792.31,60.23,6444.74,4708.08,0,111,39780,0,
2026-03-24T18:56:00+00:00,ATM-GB-0003,host-atm-gb-0003,Windows-Server-2019,14.25,598,4096,14.6,1998.22,4605.28,118.98,2838.17,4262.12,0,113,40159,0,
2026-03-24T18:56:00+00:00,ATM-GB-0004,host-atm-gb-0004,Windows-Server-2019,37.74,811,4096,19.8,4349.86,1452.77,29.73,4400.96,5881.29,0,90,31704,0,
2026-03-24T18:57:00+00:00,ATM-GB-0001,host-atm-gb-0001,Windows-Server-2019,25.6,1307,4096,31.91,4451.43,2936.81,16.68,7778.5,1180.83,0,110,16993,0,
2026-03-24T18:57:00+00:00,ATM-GB-0002,host-atm-gb-0002,Windows-Server-2019,35.49,881,4096,21.51,3675.12,4080.75,66.54,2040.85,8510.05,0,113,48791,0,
2026-03-24T18:57:00+00:00,ATM-GB-0003,host-atm-gb-0003,Windows-Server-2019,29.62,1060,4096,25.88,941.19,2937.03,121.57,2161.42,6830.64,0,108,5009,0,
2026-03-24T18:57:00+00:00,ATM-GB-0004,host-atm-gb-0004,Windows-Server-2019,14.59,939,4096,22.92,2885.67,4274.3,163.96,5736.49,8016.54,0,96,11040,0,
2026-03-24T18:58:00+00:00,ATM-GB-0001,host-atm-gb-0001,Windows-Server-2019,19.31,475,4096,11.6,3660.25,310.35,69.86,1723.57,8811.69,0,105,83076,0,
2026-03-24T18:58:00+00:00,ATM-GB-0002,host-atm-gb-0002,Windows-Server-2019,25.26,427,4096,10.42,2381.73,1674.1,196.15,5362.6,2690.18,0,107,78906,0,
2026-03-24T18:58:00+00:00,ATM-GB-0003,host-atm-gb-0003,Windows-Server-2019,28.16,1364,4096,33.3,1016.96,854.62,46.19,8364.68,9765.09,0,83,55370,0,
2026-03-24T18:58:00+00:00,ATM-GB-0004,host-atm-gb-0004,Windows-Server-2019,8.48,1146,4096,27.98,2941.63,4534.51,56.41,3396.97,7252.56,0,95,58524,0,
2026-03-24T18:59:00+00:00,ATM-GB-0001,host-atm-gb-0001,Windows-Server-2019,31.36,1081,4096,26.39,4138.65,3553.76,86.17,5707.17,6295.97,0,106,51050,0,
2026-03-24T18:59:00+00:00,ATM-GB-0002,host-atm-gb-0002,Windows-Server-2019,18.68,503,4096,12.28,4168.56,2199.67,122.76,3496.03,383.98,0,84,15584,0,
2026-03-24T18:59:00+00:00,ATM-GB-0003,host-atm-gb-0003,Windows-Server-2019,32.62,971,4096,23.71,76.88,938.05,147.96,4995.81,9898.42,0,104,75550,0,
2026-03-24T18:59:00+00:00,ATM-GB-0004,host-atm-gb-0004,Windows-Server-2019,29.27,997,4096,24.34,4976.71,1523.46,181.54,5138.79,1016.21,0,85,33801,0,
2026-03-24T19:00:00+00:00,ATM-GB-0001,host-atm-gb-0001,Windows-Server-2019,23.51,1430,4096,34.91,898.56,1659.21,67.48,5539.79,4088.96,0,87,43552,0,
2026-03-24T19:00:00+00:00,ATM-GB-0002,host-atm-gb-0002,Windows-Server-2019,12.57,1288,4096,31.45,45.17,1700.83,194.11,6789.9,4529.58,0,109,11299,0,
2026-03-24T19:00:00+00:00,ATM-GB-0003,host-atm-gb-0003,Windows-Server-2019,5.56,802,4096,19.58,2056.47,1131.35,59.13,5837.01,1868.39,0,110,10519,0,
2026-03-24T19:00:00+00:00,ATM-GB-0004,host-atm-gb-0004,Windows-Server-2019,8.66,1493,4096,36.45,2647.33,3881.99,94.33,4707.78,2400.18,0,106,31330,0,
2026-03-24T19:01:00+00:00,ATM-GB-0001,host-atm-gb-0001,Windows-Server-2019,22.67,1239,4096,30.25,3923.08,4554.3,106.18,4766.45,9429.94,0,118,66838,0,
2026-03-24T19:01:00+00:00,ATM-GB-0002,host-atm-gb-0002,Windows-Server-2019,22.38,663,4096,16.19,4080.28,1216.36,57.7,3530.16,8030.97,0,104,41821,0,
2026-03-24T19:01:00+00:00,ATM-GB-0003,host-atm-gb-0003,Windows-Server-2019,29.41,979,4096,23.9,3872.36,1875.41,33.82,644.76,1959.24,0,92,16047,0,
2026-03-24T19:01:00+00:00,ATM-GB-0004,host-atm-gb-0004,Windows-Server-2019,23.36,940,4096,22.95,3899.04,4587.96,76.72,2371.62,6902.75,0,82,17663,0,
2026-03-24T19:02:00+00:00,ATM-GB-0001,host-atm-gb-0001,Windows-Server-2019,19.19,942,4096,23.0,1167.94,3815.27,199.94,9567.57,7653.28,0,120,5742,0,
2026-03-24T19:02:00+00:00,ATM-GB-0002,host-atm-gb-0002,Windows-Server-2019,19.02,560,4096,13.67,2987.38,4175.15,48.29,9127.17,7905.8,0,84,71276,0,
2026-03-24T19:02:00+00:00,ATM-GB-0003,host-atm-gb-0003,Windows-Server-2019,25.39,553,4096,13.5,3952.4,3075.45,63.74,9208.69,4854.49,0,115,43167,0,
2026-03-24T19:02:00+00:00,ATM-GB-0004,host-atm-gb-0004,Windows-Server-2019,6.02,781,4096,19.07,3882.47,524.3,158.23,3987.86,6933.01,0,95,36888,0,
2026-03-24T19:03:00+00:00,ATM-GB-0001,host-atm-gb-0001,Windows-Server-2019,18.01,1142,4096,27.88,335.31,1271.17,117.44,5341.42,5660.91,0,112,42525,0,
2026-03-24T19:03:00+00:00,ATM-GB-0002,host-atm-gb-0002,Windows-Server-2019,29.59,1096,4096,26.76,519.77,406.54,196.93,852.16,7817.78,0,100,4130,0,
2026-03-24T19:03:00+00:00,ATM-GB-0003,host-atm-gb-0003,Windows-Server-2019,16.65,986,4096,24.07,2371.74,3253.78,82.49,494.43,5830.53,0,120,29232,0,
2026-03-24T19:03:00+00:00,ATM-GB-0004,host-atm-gb-0004,Windows-Server-2019,27.76,424,4096,10.35,3701.02,269.46,185.43,678.73,9863.43,0,120,8789,0,
2026-03-24T19:04:00+00:00,ATM-GB-0001,host-atm-gb-0001,Windows-Server-2019,22.35,560,4096,13.67,4060.48,2229.02,71.25,412.36,8109.7,0,116,36649,0,
2026-03-24T19:04:00+00:00,ATM-GB-0002,host-atm-gb-0002,Windows-Server-2019,28.28,1032,4096,25.2,3742.64,532.82,146.46,8104.67,7913.62,0,119,27348,0,
2026-03-24T19:04:00+00:00,ATM-GB-0003,host-atm-gb-0003,Windows-Server-2019,21.11,401,4096,9.79,333.18,1350.1,28.53,8701.98,3638.52,0,99,54565,0,
2026-03-24T19:04:00+00:00,ATM-GB-0004,host-atm-gb-0004,Windows-Server-2019,6.46,401,4096,9.79,3857.7,2761.31,188.7,1333.68,2003.43,0,98,15154,0,
2026-03-24T19:05:00+00:00,ATM-GB-0001,host-atm-gb-0001,Windows-Server-2019,34.69,1414,4096,34.52,1785.31,4655.12,82.47,9304.69,3505.44,0,113,45891,0,
2026-03-24T19:05:00+00:00,ATM-GB-0002,host-atm-gb-0002,Windows-Server-2019,6.73,548,4096,13.38,4788.38,2011.39,141.58,6530.04,600.5,0,117,79228,0,
2026-03-24T19:05:00+00:00,ATM-GB-0003,host-atm-gb-0003,Windows-Server-2019,24.99,651,4096,15.89,2333.76,3422.41,55.34,4021.76,9838.68,0,92,61551,0,
2026-03-24T19:05:00+00:00,ATM-GB-0004,host-atm-gb-0004,Windows-Server-2019,37.05,821,4096,20.04,4607.96,3847.6,44.83,4657.01,7595.46,0,91,7983,0,
2026-03-24T19:06:00+00:00,ATM-GB-0001,host-atm-gb-0001,Windows-Server-2019,22.12,1078,4096,26.32,3650.13,382.24,146.9,6056.32,4899.54,0,106,73432,0,
2026-03-24T19:06:00+00:00,ATM-GB-0002,host-atm-gb-0002,Windows-Server-2019,36.13,980,4096,23.93,4621.35,1445.37,18.71,8797.83,5549.86,0,110,36704,0,
2026-03-24T19:06:00+00:00,ATM-GB-0003,host-atm-gb-0003,Windows-Server-2019,34.82,825,4096,20.14,2448.05,1007.79,108.2,4672.88,4352.41,0,109,35804,0,
2026-03-24T19:06:00+00:00,ATM-GB-0004,host-atm-gb-0004,Windows-Server-2019,36.18,935,4096,22.83,1936.23,249.44,175.32,3351.76,5516.83,0,114,68625,0,
2026-03-24T19:07:00+00:00,ATM-GB-0001,host-atm-gb-0001,Windows-Server-2019,12.96,1239,4096,30.25,2572.08,1437.19,86.98,1816.74,4373.15,0,96,83891,0,
2026-03-24T19:07:00+00:00,ATM-GB-0002,host-atm-gb-0002,Windows-Server-2019,17.99,618,4096,15.09,3103.25,1946.33,42.96,7555.99,8974.63,0,110,24268,0,
2026-03-24T19:07:00+00:00,ATM-GB-0003,host-atm-gb-0003,Windows-Server-2019,9.95,1343,4096,32.79,3434.92,4101.86,10.21,6441.36,9083.09,0,108,54304,0,
2026-03-24T19:07:00+00:00,ATM-GB-0004,host-atm-gb-0004,Windows-Server-2019,39.97,452,4096,11.04,313.62,3624.61,154.68,9426.99,3050.35,0,86,72016,0,
2026-03-24T19:08:00+00:00,ATM-GB-0001,host-atm-gb-0001,Windows-Server-2019,24.45,769,4096,18.77,2999.47,3035.85,92.6,697.51,7027.15,0,87,84322,0,
2026-03-24T19:08:00+00:00,ATM-GB-0002,host-atm-gb-0002,Windows-Server-2019,38.4,746,4096,18.21,959.75,1422.58,31.68,190.66,7203.45,0,89,7118,0,
2026-03-24T19:08:00+00:00,ATM-GB-0003,host-atm-gb-0003,Windows-Server-2019,31.71,630,4096,15.38,2851.96,4930.56,156.68,8808.43,708.69,0,80,65674,0,
2026-03-24T19:08:00+00:00,ATM-GB-0004,host-atm-gb-0004,Windows-Server-2019,31.8,1149,4096,28.05,85.0,1722.18,37.0,3294.96,7827.74,0,103,16500,0,
2026-03-24T19:09:00+00:00,ATM-GB-0001,host-atm-gb-0001,Windows-Server-2019,5.13,465,4096,11.35,1418.18,3620.73,69.36,7598.45,8507.45,0,116,36592,0,
2026-03-24T19:09:00+00:00,ATM-GB-0002,host-atm-gb-0002,Windows-Server-2019,11.95,1438,4096,35.11,386.06,2049.44,88.85,8058.68,8284.7,0,98,16720,0,
2026-03-24T19:09:00+00:00,ATM-GB-0003,host-atm-gb-0003,Windows-Server-2019,28.96,547,4096,13.35,897.23,4923.53,38.2,1855.73,4626.53,0,85,43889,0,
2026-03-24T19:09:00+00:00,ATM-GB-0004,host-atm-gb-0004,Windows-Server-2019,20.02,408,4096,9.96,374.23,3901.86,67.22,3604.74,3714.2,0,114,33853,0,
2026-03-24T19:10:00+00:00,ATM-GB-0001,host-atm-gb-0001,Windows-Server-2019,24.13,1163,4096,28.39,3316.0,4092.47,50.21,5648.69,2735.06,0,87,53935,0,
2026-03-24T19:10:00+00:00,ATM-GB-0002,host-atm-gb-0002,Windows-Server-2019,37.17,1416,4096,34.57,2743.66,3279.21,152.07,8274.64,8873.28,0,101,71431,0,
2026-03-24T19:10:00+00:00,ATM-GB-0003,host-atm-gb-0003,Windows-Server-2019,15.22,1029,4096,25.12,429.44,703.72,37.79,6386.9,3918.44,0,117,17277,0,
2026-03-24T19:10:00+00:00,ATM-GB-0004,host-atm-gb-0004,Windows-Server-2019,33.29,488,4096,11.91,1869.04,4356.49,127.97,6956.27,5772.36,0,107,80102,0,
2026-03-24T19:11:00+00:00,ATM-GB-0001,host-atm-gb-0001,Windows-Server-2019,27.02,1320,4096,32.23,4153.05,1804.44,34.28,9615.74,6402.9,0,105,53595,0,
2026-03-24T19:11:00+00:00,ATM-GB-0002,host-atm-gb-0002,Windows-Server-2019,14.76,1187,4096,28.98,1331.54,4038.28,164.45,5358.85,6159.11,0,86,78391,0,
2026-03-24T19:11:00+00:00,ATM-GB-0003,host-atm-gb-0003,Windows-Server-2019,29.46,1302,4096,31.79,116.67,4860.54,78.93,8978.16,3334.1,0,98,39801,0,
2026-03-24T19:11:00+00:00,ATM-GB-0004,host-atm-gb-0004,Windows-Server-2019,6.6,1221,4096,29.81,1194.48,2085.18,79.93,6899.25,361.96,0,112,70231,0,
2026-03-24T19:12:00+00:00,ATM-GB-0001,host-atm-gb-0001,Windows-Server-2019,31.94,956,4096,23.34,2301.88,4386.91,195.79,2653.05,7389.74,0,116,66764,0,
2026-03-24T19:12:00+00:00,ATM-GB-0002,host-atm-gb-0002,Windows-Server-2019,32.88,1071,4096,26.15,308.27,4950.32,135.29,8643.88,960.49,0,108,57856,0,
2026-03-24T19:12:00+00:00,ATM-GB-0003,host-atm-gb-0003,Windows-Server-2019,36.12,1180,4096,28.81,1167.51,4251.48,39.45,2362.7,436.44,0,80,54170,0,
2026-03-24T19:12:00+00:00,ATM-GB-0004,host-atm-gb-0004,Windows-Server-2019,26.25,697,4096,17.02,868.98,4329.89,191.22,3152.45,5453.89,0,88,45291,0,
2026-03-24T19:13:00+00:00,ATM-GB-0001,host-atm-gb-0001,Windows-Server-2019,28.24,1254,4096,30.62,3193.29,4184.45,180.15,8013.69,712.58,0,99,7138,0,
2026-03-24T19:13:00+00:00,ATM-GB-0002,host-atm-gb-0002,Windows-Server-2019,14.78,912,4096,22.27,2906.72,612.27,190.17,7820.62,6310.39,0,108,60548,0,
2026-03-24T19:13:00+00:00,ATM-GB-0003,host-atm-gb-0003,Windows-Server-2019,20.44,1158,4096,28.27,4844.64,4715.85,184.68,4135.99,1069.25,0,87,84551,0,
2026-03-24T19:13:00+00:00,ATM-GB-0004,host-atm-gb-0004,Windows-Server-2019,33.96,1388,4096,33.89,2749.97,2658.04,173.35,281.84,1612.83,0,92,50001,0,
2026-03-24T19:14:00+00:00,ATM-GB-0001,host-atm-gb-0001,Windows-Server-2019,11.02,478,4096,11.67,3486.57,4489.88,112.05,4715.51,7427.12,0,92,34996,0,
2026-03-24T19:14:00+00:00,ATM-GB-0002,host-atm-gb-0002,Windows-Server-2019,8.53,1146,4096,27.98,3925.22,1100.73,31.62,6614.5,8303.17,0,97,14364,0,
2026-03-24T19:14:00+00:00,ATM-GB-0003,host-atm-gb-0003,Windows-Server-2019,14.59,1487,4096,36.3,3806.71,2974.53,64.59,6215.24,929.0,0,113,4618,0,
2026-03-24T19:14:00+00:00,ATM-GB-0004,host-atm-gb-0004,Windows-Server-2019,28.64,699,4096,17.07,450.46,2427.9,67.32,8053.69,5876.44,0,88,6831,0,
2026-03-24T19:15:00+00:00,ATM-GB-0001,host-atm-gb-0001,Windows-Server-2019,15.68,886,4096,21.63,3620.17,776.04,60.11,7185.85,8597.56,0,101,82535,0,
2026-03-24T19:15:00+00:00,ATM-GB-0002,host-atm-gb-0002,Windows-Server-2019,9.68,765,4096,18.68,4652.71,3591.33,46.25,1119.78,6267.26,0,106,33441,0,
2026-03-24T19:15:00+00:00,ATM-GB-0003,host-atm-gb-0003,Windows-Server-2019,37.17,882,4096,21.53,1230.3,4171.06,72.97,1349.03,5793.96,0,114,10152,0,
2026-03-24T19:15:00+00:00,ATM-GB-0004,host-atm-gb-0004,Windows-Server-2019,39.85,437,4096,10.67,3123.21,3550.37,100.77,8519.65,7852.37,0,101,51228,0,
2026-03-24T19:16:00+00:00,ATM-GB-0001,host-atm-gb-0001,Windows-Server-2019,11.1,1239,4096,30.25,1472.77,4754.36,23.59,4475.63,4072.49,0,82,76836,0,
2026-03-24T19:16:00+00:00,ATM-GB-0002,host-atm-gb-0002,Windows-Server-2019,17.39,747,4096,18.24,1375.5,2774.96,182.95,7057.09,1161.45,0,100,72496,0,
2026-03-24T19:16:00+00:00,ATM-GB-0003,host-atm-gb-0003,Windows-Server-2019,15.88,844,4096,20.61,654.83,3425.56,34.0,9314.07,4484.89,0,105,29139,0,
2026-03-24T19:16:00+00:00,ATM-GB-0004,host-atm-gb-0004,Windows-Server-2019,27.53,425,4096,10.38,725.21,4117.05,70.12,9044.53,6668.56,0,117,66425,0,
2026-03-24T19:17:00+00:00,ATM-GB-0001,host-atm-gb-0001,Windows-Server-2019,19.9,1181,4096,28.83,2853.81,1069.14,124.81,58.91,2065.61,0,80,66963,0,
2026-03-24T19:17:00+00:00,ATM-GB-0002,host-atm-gb-0002,Windows-Server-2019,5.05,416,4096,10.16,1918.77,4300.79,176.7,6035.92,8408.05,0,112,14459,0,
2026-03-24T19:17:00+00:00,ATM-GB-0003,host-atm-gb-0003,Windows-Server-2019,18.88,1006,4096,24.56,363.0,4694.62,196.59,6257.14,8031.12,0,82,37008,0,
2026-03-24T19:17:00+00:00,ATM-GB-0004,host-atm-gb-0004,Windows-Server-2019,27.78,1313,4096,32.06,932.2,1274.26,166.66,473.52,2449.24,0,88,11658,0,
2026-03-24T19:18:00+00:00,ATM-GB-0001,host-atm-gb-0001,Windows-Server-2019,35.35,776,4096,18.95,3516.02,3663.93,135.53,7881.98,1139.13,0,120,60948,0,
2026-03-24T19:18:00+00:00,ATM-GB-0002,host-atm-gb-0002,Windows-Server-2019,5.06,1058,4096,25.83,4686.4,3507.15,174.87,5642.18,5950.28,0,86,23711,0,
2026-03-24T19:18:00+00:00,ATM-GB-0003,host-atm-gb-0003,Windows-Server-2019,6.29,602,4096,14.7,2648.44,82.9,94.11,6873.8,279.65,0,82,27506,0,
2026-03-24T19:18:00+00:00,ATM-GB-0004,host-atm-gb-0004,Windows-Server-2019,31.99,634,4096,15.48,3402.42,1614.25,76.1,5988.29,6068.02,0,102,6406,0,
2026-03-24T19:19:00+00:00,ATM-GB-0001,host-atm-gb-0001,Windows-Server-2019,5.2,447,4096,10.91,3408.6,807.1,42.26,7699.76,8126.41,0,119,55138,0,
2026-03-24T19:19:00+00:00,ATM-GB-0002,host-atm-gb-0002,Windows-Server-2019,7.66,471,4096,11.5,4502.03,4712.12,173.98,803.51,1387.55,0,115,61066,0,
2026-03-24T19:19:00+00:00,ATM-GB-0003,host-atm-gb-0003,Windows-Server-2019,16.73,883,4096,21.56,3025.18,2916.78,145.12,2178.94,642.15,0,86,86398,0,
2026-03-24T19:19:00+00:00,ATM-GB-0004,host-atm-gb-0004,Windows-Server-2019,30.73,407,4096,9.94,4578.56,3309.95,104.89,7533.89,8196.69,0,94,34513,0,
2026-03-24T19:20:00+00:00,ATM-GB-0001,host-atm-gb-0001,Windows-Server-2019,22.09,1186,4096,28.96,1844.45,1767.85,191.98,5360.12,4963.62,0,113,81535,0,
2026-03-24T19:20:00+00:00,ATM-GB-0002,host-atm-gb-0002,Windows-Server-2019,27.59,748,4096,18.26,1328.15,4496.55,121.45,2055.52,79.35,0,99,48000,0,
2026-03-24T19:20:00+00:00,ATM-GB-0003,host-atm-gb-0003,Windows-Server-2019,29.57,1172,4096,28.61,4735.55,903.29,136.23,3818.87,2628.56,0,112,69658,0,
2026-03-24T19:20:00+00:00,ATM-GB-0004,host-atm-gb-0004,Windows-Server-2019,32.58,778,4096,18.99,2960.67,748.93,170.76,1504.7,2260.97,0,102,43271,0,
2026-03-24T19:21:00+00:00,ATM-GB-0001,host-atm-gb-0001,Windows-Server-2019,16.91,1424,4096,34.77,1989.92,2996.26,26.51,6041.89,2987.61,0,115,68895,0,
2026-03-24T19:21:00+00:00,ATM-GB-0002,host-atm-gb-0002,Windows-Server-2019,30.27,657,4096,16.04,4180.61,2432.31,68.02,1366.01,1721.13,0,105,85896,0,
2026-03-24T19:21:00+00:00,ATM-GB-0003,host-atm-gb-0003,Windows-Server-2019,30.87,758,4096,18.51,4935.56,4550.64,20.68,2985.18,1387.05,0,85,43038,0,
2026-03-24T19:21:00+00:00,ATM-GB-0004,host-atm-gb-0004,Windows-Server-2019,8.09,1326,4096,32.37,462.28,4476.27,164.14,7021.22,8893.26,0,103,12273,0,
2026-03-24T19:22:00+00:00,ATM-GB-0001,host-atm-gb-0001,Windows-Server-2019,31.12,732,4096,17.87,4920.62,291.04,55.08,3959.56,9295.17,0,95,73456,0,
2026-03-24T19:22:00+00:00,ATM-GB-0002,host-atm-gb-0002,Windows-Server-2019,13.55,542,4096,13.23,1533.69,2245.58,116.51,635.0,3273.47,0,94,13613,0,
2026-03-24T19:22:00+00:00,ATM-GB-0003,host-atm-gb-0003,Windows-Server-2019,31.5,608,4096,14.84,579.96,4907.18,16.04,7414.28,7635.73,0,94,46386,0,
2026-03-24T19:22:00+00:00,ATM-GB-0004,host-atm-gb-0004,Windows-Server-2019,9.55,975,4096,23.8,2853.78,2621.99,137.05,7831.37,2771.1,0,103,62222,0,
2026-03-24T19:23:00+00:00,ATM-GB-0001,host-atm-gb-0001,Windows-Server-2019,31.49,518,4096,12.65,4200.12,4713.08,146.83,9594.24,7285.05,0,114,71938,0,
2026-03-24T19:23:00+00:00,ATM-GB-0002,host-atm-gb-0002,Windows-Server-2019,30.41,878,4096,21.44,3066.42,226.22,61.25,9025.44,3302.87,0,102,34617,0,
2026-03-24T19:23:00+00:00,ATM-GB-0003,host-atm-gb-0003,Windows-Server-2019,30.41,1301,4096,31.76,1254.69,3403.03,76.33,3301.1,6139.54,0,113,47042,0,
2026-03-24T19:23:00+00:00,ATM-GB-0004,host-atm-gb-0004,Windows-Server-2019,30.62,900,4096,21.97,885.19,3737.06,130.18,9944.59,2327.85,0,93,50264,0,
2026-03-24T19:24:00+00:00,ATM-GB-0001,host-atm-gb-0001,Windows-Server-2019,14.56,718,4096,17.53,4744.44,3863.62,148.31,1971.96,7058.58,0,117,48216,0,
2026-03-24T19:24:00+00:00,ATM-GB-0002,host-atm-gb-0002,Windows-Server-2019,30.45,1198,4096,29.25,492.37,2709.76,78.07,9168.97,8254.03,0,112,71944,0,
2026-03-24T19:24:00+00:00,ATM-GB-0003,host-atm-gb-0003,Windows-Server-2019,37.21,402,4096,9.81,3190.3,783.92,166.8,5602.41,3972.69,0,94,31876,0,
2026-03-24T19:24:00+00:00,ATM-GB-0004,host-atm-gb-0004,Windows-Server-2019,29.36,1039,4096,25.37,2918.35,3531.44,103.92,7581.49,7336.81,0,82,4059,0,
2026-03-24T19:25:00+00:00,ATM-GB-0001,host-atm-gb-0001,Windows-Server-2019,18.86,800,4096,19.53,3957.25,1919.43,194.27,3858.2,8627.19,0,113,10175,0,
2026-03-24T19:25:00+00:00,ATM-GB-0002,host-atm-gb-0002,Windows-Server-2019,19.94,1312,4096,32.03,763.03,2306.64,180.91,1681.61,9056.77,0,93,27448,0,
2026-03-24T19:25:00+00:00,ATM-GB-0003,host-atm-gb-0003,Windows-Server-2019,21.37,1257,4096,30.69,4026.35,2527.88,49.02,8653.94,1480.02,0,115,83712,0,
2026-03-24T19:25:00+00:00,ATM-GB-0004,host-atm-gb-0004,Windows-Server-2019,12.33,1487,4096,36.3,433.35,3840.19,171.66,4453.42,3708.64,0,106,53339,0,
2026-03-24T19:26:00+00:00,ATM-GB-0001,host-atm-gb-0001,Windows-Server-2019,37.36,730,4096,17.82,1751.93,1353.03,20.25,7897.59,1811.84,0,106,7332,0,
2026-03-24T19:26:00+00:00,ATM-GB-0002,host-atm-gb-0002,Windows-Server-2019,37.8,934,4096,22.8,4416.69,2471.81,130.83,2186.57,266.64,0,112,84542,0,
2026-03-24T19:26:00+00:00,ATM-GB-0003,host-atm-gb-0003,Windows-Server-2019,18.44,681,4096,16.63,4512.55,3445.27,149.32,8352.87,8929.8,0,92,21578,0,
2026-03-24T19:26:00+00:00,ATM-GB-0004,host-atm-gb-0004,Windows-Server-2019,31.89,889,4096,21.7,4373.42,4635.5,120.72,809.4,2847.84,0,112,37394,0,
2026-03-24T19:27:00+00:00,ATM-GB-0001,host-atm-gb-0001,Windows-Server-2019,21.92,1047,4096,25.56,4026.71,975.92,21.46,6779.36,677.85,0,119,18640,0,
2026-03-24T19:27:00+00:00,ATM-GB-0002,host-atm-gb-0002,Windows-Server-2019,15.61,410,4096,10.01,4894.49,3096.15,31.87,2011.02,3409.91,0,99,23245,0,
2026-03-24T19:27:00+00:00,ATM-GB-0003,host-atm-gb-0003,Windows-Server-2019,20.11,1258,4096,30.71,1460.79,1693.9,192.29,810.84,6458.99,0,104,53110,0,
2026-03-24T19:27:00+00:00,ATM-GB-0004,host-atm-gb-0004,Windows-Server-2019,11.99,1188,4096,29.0,1939.17,622.53,161.81,8483.45,1300.08,0,106,5064,0,
2026-03-24T19:28:00+00:00,ATM-GB-0001,host-atm-gb-0001,Windows-Server-2019,20.15,1224,4096,29.88,4210.53,4574.54,129.8,3862.91,8915.58,0,83,45986,0,
2026-03-24T19:28:00+00:00,ATM-GB-0002,host-atm-gb-0002,Windows-Server-2019,9.54,1198,4096,29.25,2916.04,1715.47,143.12,8083.95,1418.47,0,116,20299,0,
2026-03-24T19:28:00+00:00,ATM-GB-0003,host-atm-gb-0003,Windows-Server-2019,39.5,413,4096,10.08,715.65,509.42,99.91,7783.61,7137.91,0,104,10610,0,
2026-03-24T19:28:00+00:00,ATM-GB-0004,host-atm-gb-0004,Windows-Server-2019,31.2,1365,4096,33.33,150.0,3174.73,78.11,9921.19,4886.54,0,106,85627,0,
2026-03-24T19:29:00+00:00,ATM-GB-0001,host-atm-gb-0001,Windows-Server-2019,33.57,1485,4096,36.25,1564.94,4937.6,92.43,9968.45,6671.32,0,80,16113,0,
2026-03-24T19:29:00+00:00,ATM-GB-0002,host-atm-gb-0002,Windows-Server-2019,34.03,1161,4096,28.34,1056.56,32.49,43.96,7328.19,7721.95,0,107,86013,0,
2026-03-24T19:29:00+00:00,ATM-GB-0003,host-atm-gb-0003,Windows-Server-2019,17.17,1412,4096,34.47,904.64,4142.28,71.34,9130.81,4658.86,0,119,79300,0,
2026-03-24T19:29:00+00:00,ATM-GB-0004,host-atm-gb-0004,Windows-Server-2019,30.74,1067,4096,26.05,4682.87,1375.83,47.38,8800.07,1341.99,0,108,18804,0,
2026-03-24T19:30:00+00:00,ATM-GB-0001,host-atm-gb-0001,Windows-Server-2019,19.72,1413,4096,34.5,637.82,3477.71,162.32,5596.16,1828.73,0,112,15032,0,
2026-03-24T19:30:00+00:00,ATM-GB-0002,host-atm-gb-0002,Windows-Server-2019,31.81,705,4096,17.21,2230.42,3894.26,172.51,7589.09,9052.24,0,117,34467,0,
2026-03-24T19:30:00+00:00,ATM-GB-0003,host-atm-gb-0003,Windows-Server-2019,33.46,443,4096,10.82,1345.79,2502.68,64.96,8334.42,5750.72,0,93,52916,0,
2026-03-24T19:30:00+00:00,ATM-GB-0004,host-atm-gb-0004,Windows-Server-2019,7.25,527,4096,12.87,950.03,4969.82,56.13,2648.18,2826.29,0,83,13447,0,
2026-03-24T19:31:00+00:00,ATM-GB-0001,host-atm-gb-0001,Windows-Server-2019,20.88,548,4096,13.38,3010.72,1924.87,180.59,8724.44,5264.77,0,108,37522,0,
2026-03-24T19:31:00+00:00,ATM-GB-0002,host-atm-gb-0002,Windows-Server-2019,5.08,1432,4096,34.96,4806.19,4863.52,130.26,9370.25,1866.72,0,81,18218,0,
2026-03-24T19:31:00+00:00,ATM-GB-0003,host-atm-gb-0003,Windows-Server-2019,22.51,466,4096,11.38,3678.71,1893.51,123.9,8704.53,9838.06,0,88,30459,0,
2026-03-24T19:31:00+00:00,ATM-GB-0004,host-atm-gb-0004,Windows-Server-2019,10.93,546,4096,13.33,403.08,3846.44,189.09,8443.2,4237.99,0,82,32023,0,
2026-03-24T19:32:00+00:00,ATM-GB-0001,host-atm-gb-0001,Windows-Server-2019,21.77,539,4096,13.16,4142.0,4426.48,111.2,9790.59,7394.01,0,82,29465,0,
2026-03-24T19:32:00+00:00,ATM-GB-0002,host-atm-gb-0002,Windows-Server-2019,10.88,732,4096,17.87,1218.5,1792.64,82.06,2768.16,5980.95,0,118,76565,0,
2026-03-24T19:32:00+00:00,ATM-GB-0003,host-atm-gb-0003,Windows-Server-2019,17.32,1170,4096,28.56,791.86,1921.14,154.79,2277.17,4951.46,0,100,4017,0,
2026-03-24T19:32:00+00:00,ATM-GB-0004,host-atm-gb-0004,Windows-Server-2019,5.71,1057,4096,25.81,3362.87,1141.61,58.55,7930.9,7044.19,0,105,33399,0,
2026-03-24T19:33:00+00:00,ATM-GB-0001,host-atm-gb-0001,Windows-Server-2019,38.82,537,4096,13.11,1631.43,4821.3,95.97,669.16,2640.49,0,109,68127,0,
2026-03-24T19:33:00+00:00,ATM-GB-0002,host-atm-gb-0002,Windows-Server-2019,24.61,482,4096,11.77,887.22,3460.8,128.48,5635.29,1987.47,0,95,39911,0,
2026-03-24T19:33:00+00:00,ATM-GB-0003,host-atm-gb-0003,Windows-Server-2019,28.09,1397,4096,34.11,1271.87,1875.27,106.15,8572.9,7999.82,0,118,33495,0,
2026-03-24T19:33:00+00:00,ATM-GB-0004,host-atm-gb-0004,Windows-Server-2019,26.68,403,4096,9.84,4960.82,3672.11,51.56,1104.15,550.74,0,95,5790,0,
2026-03-24T19:34:00+00:00,ATM-GB-0001,host-atm-gb-0001,Windows-Server-2019,19.14,706,4096,17.24,211.19,2308.49,171.05,696.66,5146.47,0,116,29469,0,
2026-03-24T19:34:00+00:00,ATM-GB-0002,host-atm-gb-0002,Windows-Server-2019,5.26,472,4096,11.52,3198.67,1444.9,79.93,7970.84,5322.18,0,109,34525,0,
2026-03-24T19:34:00+00:00,ATM-GB-0003,host-atm-gb-0003,Windows-Server-2019,17.68,942,4096,23.0,485.88,2141.91,115.63,9639.92,250.62,0,117,46519,0,
2026-03-24T19:34:00+00:00,ATM-GB-0004,host-atm-gb-0004,Windows-Server-2019,12.1,678,4096,16.55,1992.17,4906.85,109.49,2480.5,5336.61,0,98,74670,0,
2026-03-24T19:35:00+00:00,ATM-GB-0001,host-atm-gb-0001,Windows-Server-2019,12.58,1120,4096,27.34,4710.13,4506.58,64.04,374.07,1751.59,0,85,71684,0,
2026-03-24T19:35:00+00:00,ATM-GB-0002,host-atm-gb-0002,Windows-Server-2019,5.58,1030,4096,25.15,2712.36,2847.6,52.04,4106.34,3216.98,0,118,34216,0,
2026-03-24T19:35:00+00:00,ATM-GB-0003,host-atm-gb-0003,Windows-Server-2019,18.94,470,4096,11.47,971.39,3434.91,13.94,1020.1,8995.54,0,108,54889,0,
2026-03-24T19:35:00+00:00,ATM-GB-0004,host-atm-gb-0004,Windows-Server-2019,8.44,532,4096,12.99,4732.59,1677.56,55.14,6035.95,5170.84,0,101,16028,0,
2026-03-24T19:36:00+00:00,ATM-GB-0001,host-atm-gb-0001,Windows-Server-2019,21.81,1082,4096,26.42,944.33,3202.59,41.96,8333.79,8458.41,0,83,13350,0,
2026-03-24T19:36:00+00:00,ATM-GB-0002,host-atm-gb-0002,Windows-Server-2019,17.02,1412,4096,34.47,975.09,2195.77,86.88,5387.89,5674.06,0,109,20358,0,
2026-03-24T19:36:00+00:00,ATM-GB-0003,host-atm-gb-0003,Windows-Server-2019,18.29,485,4096,11.84,698.25,3072.92,25.7,4889.43,3654.16,0,118,4682,0,
2026-03-24T19:36:00+00:00,ATM-GB-0004,host-atm-gb-0004,Windows-Server-2019,6.08,1475,4096,36.01,4874.43,1048.87,172.93,8512.19,8255.46,0,108,16614,0,
2026-03-24T19:37:00+00:00,ATM-GB-0001,host-atm-gb-0001,Windows-Server-2019,25.6,663,4096,16.19,2326.93,4469.3,145.97,2047.63,2010.7,0,94,82531,0,
2026-03-24T19:37:00+00:00,ATM-GB-0002,host-atm-gb-0002,Windows-Server-2019,19.98,1479,4096,36.11,132.56,3783.69,76.97,5779.54,8774.82,0,92,61827,0,
2026-03-24T19:37:00+00:00,ATM-GB-0003,host-atm-gb-0003,Windows-Server-2019,7.5,1391,4096,33.96,3019.18,3966.6,135.25,2660.59,6264.0,0,92,66768,0,
2026-03-24T19:37:00+00:00,ATM-GB-0004,host-atm-gb-0004,Windows-Server-2019,34.78,1412,4096,34.47,4901.31,2334.75,17.12,4674.46,9716.8,0,90,20658,0,
2026-03-24T19:38:00+00:00,ATM-GB-0001,host-atm-gb-0001,Windows-Server-2019,14.67,1022,4096,24.95,2042.36,2509.94,182.74,6382.35,1573.06,0,89,9724,0,
2026-03-24T19:38:00+00:00,ATM-GB-0002,host-atm-gb-0002,Windows-Server-2019,22.07,1309,4096,31.96,4718.05,2268.21,115.09,8518.81,5955.11,0,120,80495,0,
2026-03-24T19:38:00+00:00,ATM-GB-0003,host-atm-gb-0003,Windows-Server-2019,16.68,423,4096,10.33,4952.45,11.76,16.76,5934.91,6657.87,0,119,58365,0,
2026-03-24T19:38:00+00:00,ATM-GB-0004,host-atm-gb-0004,Windows-Server-2019,17.38,1055,4096,25.76,3205.27,1193.12,94.38,8864.43,2113.44,0,84,73353,0,
2026-03-24T19:39:00+00:00,ATM-GB-0001,host-atm-gb-0001,Windows-Server-2019,33.59,941,4096,22.97,2425.96,4696.76,129.36,9315.78,2617.76,0,91,71483,0,
2026-03-24T19:39:00+00:00,ATM-GB-0002,host-atm-gb-0002,Windows-Server-2019,19.9,720,4096,17.58,914.57,3508.75,156.65,2251.81,3411.87,0,86,46345,0,
2026-03-24T19:39:00+00:00,ATM-GB-0003,host-atm-gb-0003,Windows-Server-2019,38.88,498,4096,12.16,3165.96,4835.16,16.89,5333.04,1228.05,0,101,72455,0,
2026-03-24T19:39:00+00:00,ATM-GB-0004,host-atm-gb-0004,Windows-Server-2019,7.91,448,4096,10.94,1652.66,1690.02,47.11,461.16,9682.29,0,88,16216,0,
2026-03-24T19:40:00+00:00,ATM-GB-0001,host-atm-gb-0001,Windows-Server-2019,20.8,1090,4096,26.61,2715.16,1730.7,107.32,9961.46,6803.26,0,98,8054,0,
2026-03-24T19:40:00+00:00,ATM-GB-0002,host-atm-gb-0002,Windows-Server-2019,38.36,455,4096,11.11,455.13,4671.86,71.47,2908.28,2479.78,0,99,31895,0,
2026-03-24T19:40:00+00:00,ATM-GB-0003,host-atm-gb-0003,Windows-Server-2019,15.96,413,4096,10.08,673.79,4589.38,129.42,8947.0,7804.98,0,116,23360,0,
2026-03-24T19:40:00+00:00,ATM-GB-0004,host-atm-gb-0004,Windows-Server-2019,8.72,1176,4096,28.71,4543.65,4533.58,138.62,3465.56,9038.15,0,120,46224,0,
2026-03-24T19:41:00+00:00,ATM-GB-0001,host-atm-gb-0001,Windows-Server-2019,26.73,818,4096,19.97,916.87,2370.91,186.65,1666.58,9185.14,0,90,45718,0,
2026-03-24T19:41:00+00:00,ATM-GB-0002,host-atm-gb-0002,Windows-Server-2019,20.58,778,4096,18.99,4983.3,909.51,99.98,9799.58,8333.26,0,90,38563,0,
2026-03-24T19:41:00+00:00,ATM-GB-0003,host-atm-gb-0003,Windows-Server-2019,28.74,481,4096,11.74,1564.2,900.68,14.47,7532.98,6784.51,0,97,70905,0,
2026-03-24T19:41:00+00:00,ATM-GB-0004,host-atm-gb-0004,Windows-Server-2019,31.23,1100,4096,26.86,487.7,4336.54,89.86,8819.0,1041.16,0,112,54216,0,
2026-03-24T19:42:00+00:00,ATM-GB-0001,host-atm-gb-0001,Windows-Server-2019,14.24,680,4096,16.6,1423.37,4519.3,37.63,5431.48,7516.32,0,83,64041,0,
2026-03-24T19:42:00+00:00,ATM-GB-0002,host-atm-gb-0002,Windows-Server-2019,6.72,546,4096,13.33,30.49,359.44,51.87,8854.25,2084.54,0,86,15590,0,
2026-03-24T19:42:00+00:00,ATM-GB-0003,host-atm-gb-0003,Windows-Server-2019,22.98,826,4096,20.17,4319.89,1589.76,160.61,2944.55,8708.87,0,87,9598,0,
2026-03-24T19:42:00+00:00,ATM-GB-0004,host-atm-gb-0004,Windows-Server-2019,33.18,1260,4096,30.76,1391.11,1137.92,113.88,8110.27,9017.98,0,116,8383,0,
2026-03-24T19:43:00+00:00,ATM-GB-0001,host-atm-gb-0001,Windows-Server-2019,23.48,849,4096,20.73,4601.7,209.65,71.5,1118.71,8947.1,0,86,27029,0,
2026-03-24T19:43:00+00:00,ATM-GB-0002,host-atm-gb-0002,Windows-Server-2019,14.98,1068,4096,26.07,4157.63,2462.02,49.3,1289.15,8407.59,0,90,31588,0,
2026-03-24T19:43:00+00:00,ATM-GB-0003,host-atm-gb-0003,Windows-Server-2019,26.96,965,4096,23.56,3759.7,2870.67,51.9,2988.4,4767.94,0,98,30880,0,
2026-03-24T19:43:00+00:00,ATM-GB-0004,host-atm-gb-0004,Windows-Server-2019,28.15,1275,4096,31.13,474.14,1173.66,23.47,4634.53,8178.74,0,109,32916,0,
2026-03-24T19:44:00+00:00,ATM-GB-0001,host-atm-gb-0001,Windows-Server-2019,22.43,849,4096,20.73,3458.48,2836.54,168.66,1613.89,8125.66,0,109,60933,0,
2026-03-24T19:44:00+00:00,ATM-GB-0002,host-atm-gb-0002,Windows-Server-2019,34.44,1051,4096,25.66,1682.93,4671.84,168.19,9155.58,802.12,0,85,58150,0,
2026-03-24T19:44:00+00:00,ATM-GB-0003,host-atm-gb-0003,Windows-Server-2019,27.97,1157,4096,28.25,2624.41,2253.35,76.31,7471.5,1016.9,0,103,75880,0,
2026-03-24T19:44:00+00:00,ATM-GB-0004,host-atm-gb-0004,Windows-Server-2019,24.42,695,4096,16.97,3216.1,2630.97,120.96,5563.72,425.55,0,95,50648,0,
2026-03-24T19:45:00+00:00,ATM-GB-0001,host-atm-gb-0001,Windows-Server-2019,18.75,717,4096,17.5,391.06,4695.71,34.04,8292.39,9085.91,0,87,27112,0,
2026-03-24T19:45:00+00:00,ATM-GB-0002,host-atm-gb-0002,Windows-Server-2019,10.47,1068,4096,26.07,2575.58,101.4,189.63,9865.56,9363.14,0,115,64679,0,
2026-03-24T19:45:00+00:00,ATM-GB-0003,host-atm-gb-0003,Windows-Server-2019,25.7,773,4096,18.87,562.96,2173.88,24.06,2387.31,7229.32,0,120,59005,0,
2026-03-24T19:45:00+00:00,ATM-GB-0004,host-atm-gb-0004,Windows-Server-2019,16.44,545,4096,13.31,1482.71,1745.58,24.41,5058.81,9055.0,0,82,29751,0,
2026-03-24T19:46:00+00:00,ATM-GB-0001,host-atm-gb-0001,Windows-Server-2019,22.61,644,4096,15.72,1501.42,1375.98,145.19,8497.59,2926.48,0,83,8628,0,
2026-03-24T19:46:00+00:00,ATM-GB-0002,host-atm-gb-0002,Windows-Server-2019,30.45,611,4096,14.92,1511.07,1302.04,27.17,8286.6,6970.13,0,119,43378,0,
2026-03-24T19:46:00+00:00,ATM-GB-0003,host-atm-gb-0003,Windows-Server-2019,23.86,1073,4096,26.2,2945.54,4143.04,80.03,6891.65,8477.42,0,98,25309,0,
2026-03-24T19:46:00+00:00,ATM-GB-0004,host-atm-gb-0004,Windows-Server-2019,13.96,404,4096,9.86,3994.68,227.61,190.8,7410.03,9182.01,0,101,4700,0,
2026-03-24T19:47:00+00:00,ATM-GB-0001,host-atm-gb-0001,Windows-Server-2019,34.99,1024,4096,25.0,4666.47,455.85,28.51,2511.1,1533.16,0,111,14451,0,
2026-03-24T19:47:00+00:00,ATM-GB-0002,host-atm-gb-0002,Windows-Server-2019,39.01,691,4096,16.87,1945.63,292.21,191.35,2145.57,2500.26,0,115,42361,0,
2026-03-24T19:47:00+00:00,ATM-GB-0003,host-atm-gb-0003,Windows-Server-2019,12.36,823,4096,20.09,3621.06,2793.25,46.61,1721.46,1111.73,0,82,73085,0,
2026-03-24T19:47:00+00:00,ATM-GB-0004,host-atm-gb-0004,Windows-Server-2019,30.04,909,4096,22.19,3557.64,4800.13,127.69,5448.23,4159.14,0,106,86082,0,
2026-03-24T19:48:00+00:00,ATM-GB-0001,host-atm-gb-0001,Windows-Server-2019,15.53,1394,4096,34.03,4291.06,1187.32,187.49,1394.34,3125.41,0,107,48547,0,
2026-03-24T19:48:00+00:00,ATM-GB-0002,host-atm-gb-0002,Windows-Server-2019,20.23,478,4096,11.67,1506.77,3417.29,175.42,8134.54,6520.22,0,114,4700,0,
2026-03-24T19:48:00+00:00,ATM-GB-0003,host-atm-gb-0003,Windows-Server-2019,28.31,854,4096,20.85,4020.3,4288.69,26.96,8385.53,3525.64,0,109,53934,0,
2026-03-24T19:48:00+00:00,ATM-GB-0004,host-atm-gb-0004,Windows-Server-2019,35.56,1410,4096,34.42,4935.75,3845.9,58.54,4840.5,7695.02,0,82,80880,0,
2026-03-24T19:49:00+00:00,ATM-GB-0001,host-atm-gb-0001,Windows-Server-2019,14.73,1288,4096,31.45,1803.58,1876.79,59.36,5690.75,2917.66,0,81,8567,0,
2026-03-24T19:49:00+00:00,ATM-GB-0002,host-atm-gb-0002,Windows-Server-2019,27.37,737,4096,17.99,2664.68,3718.66,139.72,3584.66,1410.65,0,111,61948,0,
2026-03-24T19:49:00+00:00,ATM-GB-0003,host-atm-gb-0003,Windows-Server-2019,27.65,693,4096,16.92,4142.73,1088.64,185.36,1237.3,5353.64,0,103,5058,0,
2026-03-24T19:49:00+00:00,ATM-GB-0004,host-atm-gb-0004,Windows-Server-2019,26.73,476,4096,11.62,1418.69,4588.49,88.19,7800.34,1345.98,0,84,57117,0,
2026-03-24T19:50:00+00:00,ATM-GB-0001,host-atm-gb-0001,Windows-Server-2019,32.46,1350,4096,32.96,3944.18,4179.28,81.38,8338.93,6953.11,0,111,15911,0,
2026-03-24T19:50:00+00:00,ATM-GB-0002,host-atm-gb-0002,Windows-Server-2019,29.2,675,4096,16.48,2153.11,3305.88,14.63,1110.23,873.93,0,115,25810,0,
2026-03-24T19:50:00+00:00,ATM-GB-0003,host-atm-gb-0003,Windows-Server-2019,6.74,565,4096,13.79,3152.29,1554.63,190.62,9681.25,6636.5,0,104,47060,0,
2026-03-24T19:50:00+00:00,ATM-GB-0004,host-atm-gb-0004,Windows-Server-2019,10.15,749,4096,18.29,432.5,985.55,136.45,3651.64,2191.09,0,100,39854,0,
2026-03-24T19:51:00+00:00,ATM-GB-0001,host-atm-gb-0001,Windows-Server-2019,28.46,1257,4096,30.69,3560.88,325.65,128.23,299.23,6521.51,0,109,37481,0,
2026-03-24T19:51:00+00:00,ATM-GB-0002,host-atm-gb-0002,Windows-Server-2019,17.74,1060,4096,25.88,2715.11,3470.34,109.0,6639.72,8133.58,0,104,8429,0,
2026-03-24T19:51:00+00:00,ATM-GB-0003,host-atm-gb-0003,Windows-Server-2019,34.69,451,4096,11.01,3495.75,4966.5,78.17,5672.3,8324.98,0,116,33732,0,
2026-03-24T19:51:00+00:00,ATM-GB-0004,host-atm-gb-0004,Windows-Server-2019,14.26,1263,4096,30.83,3868.3,2309.55,121.17,5220.26,5711.44,0,104,28647,0,
2026-03-24T19:52:00+00:00,ATM-GB-0001,host-atm-gb-0001,Windows-Server-2019,10.85,597,4096,14.58,2412.57,3532.63,17.78,724.16,201.01,0,94,42463,0,
2026-03-24T19:52:00+00:00,ATM-GB-0002,host-atm-gb-0002,Windows-Server-2019,32.84,1341,4096,32.74,3295.27,4422.9,135.42,3814.88,6741.91,0,106,46682,0,
2026-03-24T19:52:00+00:00,ATM-GB-0003,host-atm-gb-0003,Windows-Server-2019,35.71,1491,4096,36.4,3108.53,2859.59,140.46,7050.21,9291.63,0,89,54747,0,
2026-03-24T19:52:00+00:00,ATM-GB-0004,host-atm-gb-0004,Windows-Server-2019,33.72,1007,4096,24.58,4077.89,509.57,18.81,2240.08,683.46,0,111,82572,0,
2026-03-24T19:53:00+00:00,ATM-GB-0001,host-atm-gb-0001,Windows-Server-2019,27.72,959,4096,23.41,4319.04,522.84,86.65,8803.89,5378.24,0,108,58710,0,
2026-03-24T19:53:00+00:00,ATM-GB-0002,host-atm-gb-0002,Windows-Server-2019,36.85,984,4096,24.02,1396.81,4071.48,148.61,2314.98,7801.72,0,112,53645,0,
2026-03-24T19:53:00+00:00,ATM-GB-0003,host-atm-gb-0003,Windows-Server-2019,15.62,1247,4096,30.44,2572.5,2926.63,152.24,376.0,3067.87,0,97,52791,0,
2026-03-24T19:53:00+00:00,ATM-GB-0004,host-atm-gb-0004,Windows-Server-2019,31.76,592,4096,14.45,2870.01,2469.72,67.04,4651.14,1934.85,0,113,62965,0,
2026-03-24T19:54:00+00:00,ATM-GB-0001,host-atm-gb-0001,Windows-Server-2019,30.34,428,4096,10.45,3337.76,1007.92,148.06,9963.32,2267.21,0,82,46376,0,
2026-03-24T19:54:00+00:00,ATM-GB-0002,host-atm-gb-0002,Windows-Server-2019,6.67,1371,4096,33.47,1028.02,1618.68,199.56,1533.98,3276.35,0,84,32768,0,
2026-03-24T19:54:00+00:00,ATM-GB-0003,host-atm-gb-0003,Windows-Server-2019,32.66,1330,4096,32.47,3642.04,4168.67,140.25,8095.28,3501.95,0,98,14808,0,
2026-03-24T19:54:00+00:00,ATM-GB-0004,host-atm-gb-0004,Windows-Server-2019,30.18,802,4096,19.58,1212.38,71.54,75.57,2631.26,4613.68,0,92,24856,0,
2026-03-24T19:55:00+00:00,ATM-GB-0001,host-atm-gb-0001,Windows-Server-2019,32.12,488,4096,11.91,2597.29,115.55,10.12,358.53,7903.37,0,117,31452,0,
2026-03-24T19:55:00+00:00,ATM-GB-0002,host-atm-gb-0002,Windows-Server-2019,15.02,926,4096,22.61,4068.51,2994.36,147.91,2664.86,4187.23,0,91,84781,0,
2026-03-24T19:55:00+00:00,ATM-GB-0003,host-atm-gb-0003,Windows-Server-2019,6.65,531,4096,12.96,1185.22,274.66,179.64,2180.38,9203.18,0,88,82271,0,
2026-03-24T19:55:00+00:00,ATM-GB-0004,host-atm-gb-0004,Windows-Server-2019,18.99,646,4096,15.77,4612.03,4327.9,71.36,9253.24,3178.05,0,97,33536,0,
2026-03-24T19:56:00+00:00,ATM-GB-0001,host-atm-gb-0001,Windows-Server-2019,24.91,1479,4096,36.11,3861.58,3371.57,11.82,4839.94,9566.96,0,114,51276,0,
2026-03-24T19:56:00+00:00,ATM-GB-0002,host-atm-gb-0002,Windows-Server-2019,8.07,917,4096,22.39,4934.39,4912.25,22.28,6240.94,485.37,0,100,26584,0,
2026-03-24T19:56:00+00:00,ATM-GB-0003,host-atm-gb-0003,Windows-Server-2019,32.07,1185,4096,28.93,2513.04,3430.09,49.72,8052.99,1493.01,0,115,75129,0,
2026-03-24T19:56:00+00:00,ATM-GB-0004,host-atm-gb-0004,Windows-Server-2019,33.89,930,4096,22.71,2055.12,2686.21,95.6,1068.31,7980.7,0,95,8633,0,
2026-03-24T19:57:00+00:00,ATM-GB-0001,host-atm-gb-0001,Windows-Server-2019,8.26,682,4096,16.65,3297.19,4815.5,192.71,8958.53,6667.68,0,104,69710,0,
2026-03-24T19:57:00+00:00,ATM-GB-0002,host-atm-gb-0002,Windows-Server-2019,9.33,1249,4096,30.49,3170.16,1169.45,29.33,9540.62,5340.57,0,102,26197,0,
2026-03-24T19:57:00+00:00,ATM-GB-0003,host-atm-gb-0003,Windows-Server-2019,28.08,882,4096,21.53,4582.22,3683.91,19.68,3181.12,1374.74,0,91,27737,0,
2026-03-24T19:57:00+00:00,ATM-GB-0004,host-atm-gb-0004,Windows-Server-2019,34.01,1401,4096,34.2,3248.49,561.96,174.95,4966.77,5887.61,0,116,56169,0,
2026-03-24T19:58:00+00:00,ATM-GB-0001,host-atm-gb-0001,Windows-Server-2019,30.19,596,4096,14.55,3391.35,1167.69,159.6,2034.87,7240.8,0,113,12651,0,
2026-03-24T19:58:00+00:00,ATM-GB-0002,host-atm-gb-0002,Windows-Server-2019,30.98,992,4096,24.22,853.68,555.87,23.49,8476.12,8300.51,0,103,40617,0,
2026-03-24T19:58:00+00:00,ATM-GB-0003,host-atm-gb-0003,Windows-Server-2019,22.47,890,4096,21.73,2382.13,4437.52,19.65,8417.19,5138.51,0,109,81164,0,
2026-03-24T19:58:00+00:00,ATM-GB-0004,host-atm-gb-0004,Windows-Server-2019,23.25,635,4096,15.5,1107.84,4908.03,91.23,2447.43,6611.35,0,96,49406,0,
2026-03-24T19:59:00+00:00,ATM-GB-0001,host-atm-gb-0001,Windows-Server-2019,11.61,1075,4096,26.25,1664.8,2508.79,164.04,5784.07,5955.87,0,88,8603,0,
2026-03-24T19:59:00+00:00,ATM-GB-0002,host-atm-gb-0002,Windows-Server-2019,5.01,446,4096,10.89,2839.36,1959.05,173.56,140.82,267.56,0,110,55253,0,
2026-03-24T19:59:00+00:00,ATM-GB-0003,host-atm-gb-0003,Windows-Server-2019,26.07,401,4096,9.79,70.2,2630.78,114.99,9376.89,7726.06,0,115,56367,0,
2026-03-24T19:59:00+00:00,ATM-GB-0004,host-atm-gb-0004,Windows-Server-2019,37.42,844,4096,20.61,3039.44,459.38,18.46,3361.04,7335.61,0,95,33635,0,
2026-03-24T20:00:00+00:00,ATM-GB-0001,host-atm-gb-0001,Windows-Server-2019,39.81,654,4096,15.97,1179.31,870.09,131.44,7680.07,3602.83,0,92,66039,0,
2026-03-24T20:00:00+00:00,ATM-GB-0002,host-atm-gb-0002,Windows-Server-2019,16.21,896,4096,21.88,4603.74,2218.65,22.89,1050.07,8030.69,0,89,85254,0,
2026-03-24T20:00:00+00:00,ATM-GB-0003,host-atm-gb-0003,Windows-Server-2019,8.93,983,4096,24.0,1364.91,1135.21,88.53,802.05,6051.04,0,93,54302,0,
2026-03-24T20:00:00+00:00,ATM-GB-0004,host-atm-gb-0004,Windows-Server-2019,15.44,734,4096,17.92,4846.89,4750.65,147.9,1459.57,3819.59,0,101,47215,0,
2026-03-24T20:01:00+00:00,ATM-GB-0001,host-atm-gb-0001,Windows-Server-2019,6.35,425,4096,10.38,3755.38,632.55,143.91,2509.72,677.53,0,104,85430,0,
2026-03-24T20:01:00+00:00,ATM-GB-0002,host-atm-gb-0002,Windows-Server-2019,39.45,1287,4096,31.42,1086.51,565.4,116.46,3957.76,2018.39,0,104,21448,0,
2026-03-24T20:01:00+00:00,ATM-GB-0003,host-atm-gb-0003,Windows-Server-2019,13.27,1275,4096,31.13,690.42,2577.82,118.5,743.98,8061.88,0,109,16055,0,
2026-03-24T20:01:00+00:00,ATM-GB-0004,host-atm-gb-0004,Windows-Server-2019,20.08,542,4096,13.23,361.83,2860.71,183.43,5535.78,4842.95,0,115,46216,0,
2026-03-24T20:02:00+00:00,ATM-GB-0001,host-atm-gb-0001,Windows-Server-2019,26.49,1253,4096,30.59,2507.95,4707.86,116.02,583.63,3417.77,0,99,52988,0,
2026-03-24T20:02:00+00:00,ATM-GB-0002,host-atm-gb-0002,Windows-Server-2019,37.94,1474,4096,35.99,1923.84,39.77,123.63,2256.98,5411.01,0,82,24087,0,
2026-03-24T20:02:00+00:00,ATM-GB-0003,host-atm-gb-0003,Windows-Server-2019,34.08,1195,4096,29.17,379.06,3257.43,94.11,9006.26,5852.64,0,85,41141,0,
2026-03-24T20:02:00+00:00,ATM-GB-0004,host-atm-gb-0004,Windows-Server-2019,17.06,518,4096,12.65,2633.11,1340.41,163.29,6353.82,9125.35,0,84,4878,0,
2026-03-24T20:03:00+00:00,ATM-GB-0001,host-atm-gb-0001,Windows-Server-2019,25.49,994,4096,24.27,86.51,1669.24,199.97,7173.08,5239.26,0,101,71369,0,
2026-03-24T20:03:00+00:00,ATM-GB-0002,host-atm-gb-0002,Windows-Server-2019,8.89,672,4096,16.41,4454.84,256.54,111.2,1570.47,2262.18,0,116,26799,0,
2026-03-24T20:03:00+00:00,ATM-GB-0003,host-atm-gb-0003,Windows-Server-2019,7.77,702,4096,17.14,4713.24,3786.8,32.62,2420.22,6420.39,0,112,69212,0,
2026-03-24T20:03:00+00:00,ATM-GB-0004,host-atm-gb-0004,Windows-Server-2019,35.53,621,4096,15.16,373.99,1430.98,152.72,5000.52,2153.26,0,90,84114,0,
2026-03-24T20:04:00+00:00,ATM-GB-0001,host-atm-gb-0001,Windows-Server-2019,11.24,1276,4096,31.15,281.34,4509.99,87.64,8016.0,9854.7,0,102,75113,0,
2026-03-24T20:04:00+00:00,ATM-GB-0002,host-atm-gb-0002,Windows-Server-2019,18.8,1343,4096,32.79,3497.07,3896.02,180.83,6546.28,4373.09,0,97,49071,0,
2026-03-24T20:04:00+00:00,ATM-GB-0003,host-atm-gb-0003,Windows-Server-2019,6.68,549,4096,13.4,195.14,4425.23,151.07,4724.25,967.26,0,96,18917,0,
2026-03-24T20:04:00+00:00,ATM-GB-0004,host-atm-gb-0004,Windows-Server-2019,30.86,923,4096,22.53,3944.67,3491.13,80.03,1964.42,5124.14,0,99,60799,0,
2026-03-24T20:05:00+00:00,ATM-GB-0001,host-atm-gb-0001,Windows-Server-2019,16.9,1401,4096,34.2,4556.62,754.05,182.85,7770.47,3621.68,0,96,26408,0,
2026-03-24T20:05:00+00:00,ATM-GB-0002,host-atm-gb-0002,Windows-Server-2019,28.98,1412,4096,34.47,368.88,3414.63,162.29,7801.2,812.21,0,110,28194,0,
2026-03-24T20:05:00+00:00,ATM-GB-0003,host-atm-gb-0003,Windows-Server-2019,7.54,730,4096,17.82,3531.79,1222.77,92.94,8208.79,5539.75,0,112,38947,0,
2026-03-24T20:05:00+00:00,ATM-GB-0004,host-atm-gb-0004,Windows-Server-2019,27.74,505,4096,12.33,2406.9,1104.53,178.62,5110.74,3594.28,0,82,46824,0,
2026-03-24T20:06:00+00:00,ATM-GB-0001,host-atm-gb-0001,Windows-Server-2019,32.28,658,4096,16.06,372.27,1378.47,160.11,3458.22,512.77,0,104,67687,0,
2026-03-24T20:06:00+00:00,ATM-GB-0002,host-atm-gb-0002,Windows-Server-2019,10.12,1100,4096,26.86,447.65,1450.0,61.14,3305.38,5951.49,0,87,36677,0,
2026-03-24T20:06:00+00:00,ATM-GB-0003,host-atm-gb-0003,Windows-Server-2019,35.16,930,4096,22.71,2974.84,2799.73,194.9,2677.9,1523.71,0,118,17490,0,
2026-03-24T20:06:00+00:00,ATM-GB-0004,host-atm-gb-0004,Windows-Server-2019,27.84,452,4096,11.04,3802.08,4560.59,156.42,1707.41,4197.24,0,80,63112,0,
2026-03-24T20:07:00+00:00,ATM-GB-0001,host-atm-gb-0001,Windows-Server-2019,9.41,1448,4096,35.35,4547.26,2978.99,135.07,8038.08,662.59,0,110,63301,0,
2026-03-24T20:07:00+00:00,ATM-GB-0002,host-atm-gb-0002,Windows-Server-2019,7.72,1425,4096,34.79,4421.91,4238.44,121.24,7164.5,3076.09,0,101,54575,0,
2026-03-24T20:07:00+00:00,ATM-GB-0003,host-atm-gb-0003,Windows-Server-2019,15.74,566,4096,13.82,1448.39,910.24,119.04,4881.56,8296.76,0,99,44689,0,
2026-03-24T20:07:00+00:00,ATM-GB-0004,host-atm-gb-0004,Windows-Server-2019,26.1,817,4096,19.95,936.68,856.87,29.4,5857.17,7255.34,0,81,73668,0,
2026-03-24T20:08:00+00:00,ATM-GB-0001,host-atm-gb-0001,Windows-Server-2019,35.76,402,4096,9.81,4666.16,4771.0,25.87,7944.45,7431.53,0,107,70328,0,
2026-03-24T20:08:00+00:00,ATM-GB-0002,host-atm-gb-0002,Windows-Server-2019,5.98,468,4096,11.43,1184.8,1699.37,154.83,8384.95,5334.34,0,80,77069,0,
2026-03-24T20:08:00+00:00,ATM-GB-0003,host-atm-gb-0003,Windows-Server-2019,6.49,735,4096,17.94,1709.12,544.08,169.37,9787.71,2300.32,0,115,32417,0,
2026-03-24T20:08:00+00:00,ATM-GB-0004,host-atm-gb-0004,Windows-Server-2019,23.08,1002,4096,24.46,421.05,1117.38,64.14,952.1,5273.89,0,94,77813,0,
2026-03-24T20:09:00+00:00,ATM-GB-0001,host-atm-gb-0001,Windows-Server-2019,22.75,1123,4096,27.42,256.48,2564.7,102.64,3069.56,8698.62,0,82,70340,0,
2026-03-24T20:09:00+00:00,ATM-GB-0002,host-atm-gb-0002,Windows-Server-2019,36.48,1405,4096,34.3,4093.81,910.79,22.81,5592.13,2401.98,0,101,28423,0,
2026-03-24T20:09:00+00:00,ATM-GB-0003,host-atm-gb-0003,Windows-Server-2019,13.01,1452,4096,35.45,968.04,4359.63,87.34,5596.51,1333.12,0,104,28022,0,
2026-03-24T20:09:00+00:00,ATM-GB-0004,host-atm-gb-0004,Windows-Server-2019,38.96,561,4096,13.7,1443.79,3849.79,104.47,8825.23,250.61,0,104,28589,0,
2026-03-24T20:10:00+00:00,ATM-GB-0001,host-atm-gb-0001,Windows-Server-2019,22.44,1413,4096,34.5,3970.13,2541.88,170.24,6634.98,9606.25,0,102,52923,0,
2026-03-24T20:10:00+00:00,ATM-GB-0002,host-atm-gb-0002,Windows-Server-2019,29.71,1348,4096,32.91,2912.46,4708.28,117.93,7525.75,7419.36,0,105,25157,0,
2026-03-24T20:10:00+00:00,ATM-GB-0003,host-atm-gb-0003,Windows-Server-2019,38.17,1340,4096,32.71,1079.56,2982.34,158.27,1473.28,8027.79,0,81,26568,0,
2026-03-24T20:10:00+00:00,ATM-GB-0004,host-atm-gb-0004,Windows-Server-2019,8.83,1214,4096,29.64,4417.98,774.89,24.96,5048.33,1341.08,0,81,34239,0,
2026-03-24T20:11:00+00:00,ATM-GB-0001,host-atm-gb-0001,Windows-Server-2019,5.17,826,4096,20.17,4040.01,3590.31,78.61,2437.21,1365.37,0,97,65176,0,
2026-03-24T20:11:00+00:00,ATM-GB-0002,host-atm-gb-0002,Windows-Server-2019,5.48,596,4096,14.55,93.7,1698.1,81.05,1452.15,9774.09,0,103,54051,0,
2026-03-24T20:11:00+00:00,ATM-GB-0003,host-atm-gb-0003,Windows-Server-2019,27.17,499,4096,12.18,3997.36,3888.49,60.33,7349.99,2118.72,0,98,29390,0,
2026-03-24T20:11:00+00:00,ATM-GB-0004,host-atm-gb-0004,Windows-Server-2019,34.39,1177,4096,28.74,482.41,3991.98,63.93,7068.95,9696.68,0,109,14193,0,
2026-03-24T20:12:00+00:00,ATM-GB-0001,host-atm-gb-0001,Windows-Server-2019,6.39,1335,4096,32.59,1857.7,1053.91,150.83,3153.35,8359.86,0,112,30803,0,
2026-03-24T20:12:00+00:00,ATM-GB-0002,host-atm-gb-0002,Windows-Server-2019,19.84,1367,4096,33.37,4754.86,4855.97,78.28,67.26,5344.64,0,81,30791,0,
2026-03-24T20:12:00+00:00,ATM-GB-0003,host-atm-gb-0003,Windows-Server-2019,23.35,1381,4096,33.72,2817.31,1610.16,64.47,2677.05,1666.78,0,85,43717,0,
2026-03-24T20:12:00+00:00,ATM-GB-0004,host-atm-gb-0004,Windows-Server-2019,36.18,952,4096,23.24,1191.84,2886.13,193.99,7289.11,962.35,0,94,16309,0,
2026-03-24T20:13:00+00:00,ATM-GB-0001,host-atm-gb-0001,Windows-Server-2019,15.28,1448,4096,35.35,1160.72,454.4,105.67,1911.61,6885.34,0,101,13092,0,
2026-03-24T20:13:00+00:00,ATM-GB-0002,host-atm-gb-0002,Windows-Server-2019,20.68,1425,4096,34.79,3572.49,1685.61,170.9,5682.69,5825.38,0,85,21876,0,
2026-03-24T20:13:00+00:00,ATM-GB-0003,host-atm-gb-0003,Windows-Server-2019,32.86,1418,4096,34.62,4919.27,514.8,154.43,8254.81,3233.3,0,100,26075,0,
2026-03-24T20:13:00+00:00,ATM-GB-0004,host-atm-gb-0004,Windows-Server-2019,24.78,895,4096,21.85,322.1,4478.42,54.04,1027.85,2570.33,0,110,48355,0,
2026-03-24T20:14:00+00:00,ATM-GB-0001,host-atm-gb-0001,Windows-Server-2019,34.63,698,4096,17.04,4904.63,276.76,181.65,9342.72,239.85,0,106,4177,0,
2026-03-24T20:14:00+00:00,ATM-GB-0002,host-atm-gb-0002,Windows-Server-2019,32.32,964,4096,23.54,1736.8,2285.03,94.55,4509.46,6549.99,0,82,73059,0,
2026-03-24T20:14:00+00:00,ATM-GB-0003,host-atm-gb-0003,Windows-Server-2019,23.69,952,4096,23.24,2544.05,1428.39,150.9,3058.33,9142.21,0,92,66655,0,
2026-03-24T20:14:00+00:00,ATM-GB-0004,host-atm-gb-0004,Windows-Server-2019,12.51,1329,4096,32.45,3684.68,3629.06,41.05,4565.67,2388.05,0,105,76733,0,
2026-03-24T20:15:00+00:00,ATM-GB-0001,host-atm-gb-0001,Windows-Server-2019,32.34,491,4096,11.99,2715.16,2071.68,171.39,3807.49,6265.36,0,95,83072,0,
2026-03-24T20:15:00+00:00,ATM-GB-0002,host-atm-gb-0002,Windows-Server-2019,37.66,432,4096,10.55,3485.36,407.79,192.8,4343.34,7458.45,0,82,84437,0,
2026-03-24T20:15:00+00:00,ATM-GB-0003,host-atm-gb-0003,Windows-Server-2019,5.05,1270,4096,31.01,3050.41,790.9,38.91,5456.59,4573.38,0,101,36939,0,
2026-03-24T20:15:00+00:00,ATM-GB-0004,host-atm-gb-0004,Windows-Server-2019,11.19,955,4096,23.32,1149.34,4567.64,11.81,1350.62,9785.42,0,88,30818,0,
2026-03-24T20:16:00+00:00,ATM-GB-0001,host-atm-gb-0001,Windows-Server-2019,13.14,762,4096,18.6,925.69,3886.74,96.25,6333.69,9721.81,0,98,4961,0,
2026-03-24T20:16:00+00:00,ATM-GB-0002,host-atm-gb-0002,Windows-Server-2019,23.45,597,4096,14.58,1945.78,4527.38,82.23,1332.84,2760.31,0,113,4898,0,
2026-03-24T20:16:00+00:00,ATM-GB-0003,host-atm-gb-0003,Windows-Server-2019,17.15,980,4096,23.93,2393.62,370.39,159.44,4125.45,2367.47,0,95,42055,0,
2026-03-24T20:16:00+00:00,ATM-GB-0004,host-atm-gb-0004,Windows-Server-2019,7.35,1103,4096,26.93,4139.74,4487.05,18.73,3968.44,3696.31,0,107,72046,0,
2026-03-24T20:17:00+00:00,ATM-GB-0001,host-atm-gb-0001,Windows-Server-2019,12.18,586,4096,14.31,1658.06,3464.02,15.32,1613.88,8985.61,0,113,27131,0,
2026-03-24T20:17:00+00:00,ATM-GB-0002,host-atm-gb-0002,Windows-Server-2019,11.33,1314,4096,32.08,4365.93,3924.36,37.88,1750.85,5541.32,0,99,42320,0,
2026-03-24T20:17:00+00:00,ATM-GB-0003,host-atm-gb-0003,Windows-Server-2019,28.99,1197,4096,29.22,3909.09,4633.5,10.24,6624.08,9222.89,0,97,7177,0,
2026-03-24T20:17:00+00:00,ATM-GB-0004,host-atm-gb-0004,Windows-Server-2019,19.15,1121,4096,27.37,1561.61,1090.29,110.01,9513.59,3083.3,0,82,33419,0,
2026-03-24T20:18:00+00:00,ATM-GB-0001,host-atm-gb-0001,Windows-Server-2019,26.62,1450,4096,35.4,4083.3,126.59,153.48,576.19,8658.72,0,80,69429,0,
2026-03-24T20:18:00+00:00,ATM-GB-0002,host-atm-gb-0002,Windows-Server-2019,33.43,403,4096,9.84,3312.47,3253.25,19.13,764.42,2156.72,0,112,67746,0,
2026-03-24T20:18:00+00:00,ATM-GB-0003,host-atm-gb-0003,Windows-Server-2019,26.36,1386,4096,33.84,597.52,3216.93,199.71,7809.17,8932.35,0,107,48193,0,
2026-03-24T20:18:00+00:00,ATM-GB-0004,host-atm-gb-0004,Windows-Server-2019,38.38,576,4096,14.06,4466.3,3171.15,162.12,8816.97,6948.39,0,91,12256,0,
2026-03-24T20:19:00+00:00,ATM-GB-0001,host-atm-gb-0001,Windows-Server-2019,26.02,829,4096,20.24,75.92,1523.92,75.86,5408.26,493.69,0,83,40460,0,
2026-03-24T20:19:00+00:00,ATM-GB-0002,host-atm-gb-0002,Windows-Server-2019,25.02,719,4096,17.55,1525.16,2070.38,21.28,1027.19,8067.31,0,91,33518,0,
2026-03-24T20:19:00+00:00,ATM-GB-0003,host-atm-gb-0003,Windows-Server-2019,20.85,1298,4096,31.69,2426.95,4095.66,169.89,8910.16,5423.28,0,98,44324,0,
2026-03-24T20:19:00+00:00,ATM-GB-0004,host-atm-gb-0004,Windows-Server-2019,35.03,1378,4096,33.64,4022.03,3822.67,47.78,3713.35,1413.81,0,95,40262,0,
2026-03-24T20:20:00+00:00,ATM-GB-0001,host-atm-gb-0001,Windows-Server-2019,5.77,723,4096,17.65,2008.49,4864.59,185.79,6128.91,8347.02,0,104,13040,0,
2026-03-24T20:20:00+00:00,ATM-GB-0002,host-atm-gb-0002,Windows-Server-2019,11.79,679,4096,16.58,1839.33,4037.68,74.76,8112.93,7507.61,0,81,6502,0,
2026-03-24T20:20:00+00:00,ATM-GB-0003,host-atm-gb-0003,Windows-Server-2019,33.72,1338,4096,32.67,4660.27,4751.69,169.61,9588.34,6813.6,0,95,49148,0,
2026-03-24T20:20:00+00:00,ATM-GB-0004,host-atm-gb-0004,Windows-Server-2019,25.22,1254,4096,30.62,4944.53,831.92,88.46,4233.18,3338.21,0,99,48182,0,
2026-03-24T20:21:00+00:00,ATM-GB-0001,host-atm-gb-0001,Windows-Server-2019,15.98,1409,4096,34.4,964.25,2551.22,58.95,6060.0,9088.0,0,83,48325,0,
2026-03-24T20:21:00+00:00,ATM-GB-0002,host-atm-gb-0002,Windows-Server-2019,11.52,800,4096,19.53,3191.18,2788.82,60.2,2989.24,2003.55,0,82,25193,0,
2026-03-24T20:21:00+00:00,ATM-GB-0003,host-atm-gb-0003,Windows-Server-2019,16.24,1300,4096,31.74,2012.76,2769.66,113.6,685.13,8135.68,0,80,56080,0,
2026-03-24T20:21:00+00:00,ATM-GB-0004,host-atm-gb-0004,Windows-Server-2019,16.02,1068,4096,26.07,323.29,2799.03,38.56,2491.74,8565.29,0,103,85098,0,
2026-03-24T20:22:00+00:00,ATM-GB-0001,host-atm-gb-0001,Windows-Server-2019,19.0,1059,4096,25.85,3312.78,1307.18,174.45,7985.74,6102.37,0,111,29526,0,
2026-03-24T20:22:00+00:00,ATM-GB-0002,host-atm-gb-0002,Windows-Server-2019,18.28,1011,4096,24.68,3092.96,4734.19,18.11,5593.5,378.33,0,96,63263,0,
2026-03-24T20:22:00+00:00,ATM-GB-0003,host-atm-gb-0003,Windows-Server-2019,13.8,612,4096,14.94,2453.39,1801.21,89.4,5383.83,6141.58,0,111,81293,0,
2026-03-24T20:22:00+00:00,ATM-GB-0004,host-atm-gb-0004,Windows-Server-2019,18.76,819,4096,20.0,309.77,4826.4,184.19,7206.21,7143.54,0,92,69441,0,
2026-03-24T20:23:00+00:00,ATM-GB-0001,host-atm-gb-0001,Windows-Server-2019,28.44,1008,4096,24.61,3913.71,2235.24,70.83,2484.24,1661.21,0,117,35626,0,
2026-03-24T20:23:00+00:00,ATM-GB-0002,host-atm-gb-0002,Windows-Server-2019,30.8,1084,4096,26.46,1839.89,4802.3,153.79,9412.89,1881.29,0,112,71190,0,
2026-03-24T20:23:00+00:00,ATM-GB-0003,host-atm-gb-0003,Windows-Server-2019,32.4,536,4096,13.09,3247.85,3250.03,13.29,4538.94,4778.73,0,84,71133,0,
2026-03-24T20:23:00+00:00,ATM-GB-0004,host-atm-gb-0004,Windows-Server-2019,34.73,723,4096,17.65,3443.03,4873.3,119.44,5990.38,9008.07,0,106,15359,0,
2026-03-24T20:24:00+00:00,ATM-GB-0001,host-atm-gb-0001,Windows-Server-2019,22.84,1451,4096,35.42,789.14,3421.84,180.69,3522.76,1500.23,0,109,39084,0,
2026-03-24T20:24:00+00:00,ATM-GB-0002,host-atm-gb-0002,Windows-Server-2019,16.23,789,4096,19.26,1124.11,2777.64,26.78,201.86,339.72,0,120,47783,0,
2026-03-24T20:24:00+00:00,ATM-GB-0003,host-atm-gb-0003,Windows-Server-2019,28.0,1168,4096,28.52,192.73,3904.08,139.23,6638.27,1294.76,0,108,7322,0,
2026-03-24T20:24:00+00:00,ATM-GB-0004,host-atm-gb-0004,Windows-Server-2019,31.32,763,4096,18.63,4452.73,797.02,16.49,2917.72,886.04,0,115,79486,0,
2026-03-24T20:25:00+00:00,ATM-GB-0001,host-atm-gb-0001,Windows-Server-2019,29.49,576,4096,14.06,4854.83,4901.26,69.4,595.57,8566.06,0,95,44704,0,
2026-03-24T20:25:00+00:00,ATM-GB-0002,host-atm-gb-0002,Windows-Server-2019,23.2,1430,4096,34.91,3564.75,4338.61,75.52,841.68,1061.55,0,112,11279,0,
2026-03-24T20:25:00+00:00,ATM-GB-0003,host-atm-gb-0003,Windows-Server-2019,28.99,454,4096,11.08,4383.59,4570.05,104.3,2726.89,3587.86,0,92,64569,0,
2026-03-24T20:25:00+00:00,ATM-GB-0004,host-atm-gb-0004,Windows-Server-2019,24.45,608,4096,14.84,4029.03,4176.39,74.4,1340.25,4767.9,0,92,60453,0,
2026-03-24T20:26:00+00:00,ATM-GB-0001,host-atm-gb-0001,Windows-Server-2019,10.25,1323,4096,32.3,3237.05,3518.17,98.58,2383.44,6560.08,0,87,86048,0,
2026-03-24T20:26:00+00:00,ATM-GB-0002,host-atm-gb-0002,Windows-Server-2019,9.39,1250,4096,30.52,2144.13,3299.22,45.2,2075.85,1413.92,0,93,28942,0,
2026-03-24T20:26:00+00:00,ATM-GB-0003,host-atm-gb-0003,Windows-Server-2019,28.13,1362,4096,33.25,3438.66,423.02,137.57,2524.24,2241.66,0,98,20231,0,
2026-03-24T20:26:00+00:00,ATM-GB-0004,host-atm-gb-0004,Windows-Server-2019,6.79,611,4096,14.92,791.95,120.65,97.48,5972.39,742.59,0,119,73976,0,
2026-03-24T20:27:00+00:00,ATM-GB-0001,host-atm-gb-0001,Windows-Server-2019,19.65,671,4096,16.38,183.32,4615.15,195.87,651.08,1567.57,0,120,31376,0,
2026-03-24T20:27:00+00:00,ATM-GB-0002,host-atm-gb-0002,Windows-Server-2019,16.77,790,4096,19.29,3126.07,2375.73,94.18,8929.77,5366.27,0,113,31466,0,
2026-03-24T20:27:00+00:00,ATM-GB-0003,host-atm-gb-0003,Windows-Server-2019,34.2,778,4096,18.99,4381.07,2693.72,21.55,8363.14,7815.61,0,112,71834,0,
2026-03-24T20:27:00+00:00,ATM-GB-0004,host-atm-gb-0004,Windows-Server-2019,16.2,698,4096,17.04,4340.35,2762.87,191.38,7188.57,9149.64,0,94,30040,0,
2026-03-24T20:28:00+00:00,ATM-GB-0001,host-atm-gb-0001,Windows-Server-2019,5.73,448,4096,10.94,1966.38,4614.17,16.89,9193.18,4526.68,0,83,28643,0,
2026-03-24T20:28:00+00:00,ATM-GB-0002,host-atm-gb-0002,Windows-Server-2019,23.76,1383,4096,33.76,1354.06,3400.53,89.06,9283.15,7601.88,0,117,76875,0,
2026-03-24T20:28:00+00:00,ATM-GB-0003,host-atm-gb-0003,Windows-Server-2019,30.26,1304,4096,31.84,1454.9,581.74,71.97,3018.66,3919.33,0,109,74453,0,
2026-03-24T20:28:00+00:00,ATM-GB-0004,host-atm-gb-0004,Windows-Server-2019,27.99,998,4096,24.37,1126.89,1740.16,173.61,3429.32,9920.13,0,93,74618,0,
2026-03-24T20:29:00+00:00,ATM-GB-0001,host-atm-gb-0001,Windows-Server-2019,11.93,812,4096,19.82,2154.49,1816.92,119.87,3748.55,4346.87,0,110,46879,0,
2026-03-24T20:29:00+00:00,ATM-GB-0002,host-atm-gb-0002,Windows-Server-2019,21.15,1185,4096,28.93,2570.88,1867.05,57.18,7009.35,8037.44,0,85,62598,0,
2026-03-24T20:29:00+00:00,ATM-GB-0003,host-atm-gb-0003,Windows-Server-2019,30.34,895,4096,21.85,4266.23,973.51,87.41,6634.96,2696.18,0,89,48125,0,
2026-03-24T20:29:00+00:00,ATM-GB-0004,host-atm-gb-0004,Windows-Server-2019,39.69,1370,4096,33.45,1218.5,2571.09,142.64,4518.44,5401.62,0,93,63615,0,
2026-03-24T20:30:00+00:00,ATM-GB-0001,host-atm-gb-0001,Windows-Server-2019,20.31,1138,4096,27.78,3545.47,4676.16,112.57,8046.59,8312.34,0,91,20020,0,
2026-03-24T20:30:00+00:00,ATM-GB-0002,host-atm-gb-0002,Windows-Server-2019,21.85,651,4096,15.89,1372.42,1002.71,50.92,1885.47,3705.68,0,114,48360,0,
2026-03-24T20:30:00+00:00,ATM-GB-0003,host-atm-gb-0003,Windows-Server-2019,8.96,824,4096,20.12,4685.8,1260.48,185.5,7050.18,9988.99,0,94,51645,0,
2026-03-24T20:30:00+00:00,ATM-GB-0004,host-atm-gb-0004,Windows-Server-2019,35.5,872,4096,21.29,3305.97,3758.11,27.59,9280.05,1759.46,0,86,61025,0,
2026-03-24T20:31:00+00:00,ATM-GB-0001,host-atm-gb-0001,Windows-Server-2019,22.6,979,4096,23.9,3968.13,3724.51,181.21,5540.55,5228.76,0,102,50706,0,
2026-03-24T20:31:00+00:00,ATM-GB-0002,host-atm-gb-0002,Windows-Server-2019,38.29,1082,4096,26.42,2323.81,3957.66,142.06,7483.93,5283.2,0,86,23286,0,
2026-03-24T20:31:00+00:00,ATM-GB-0003,host-atm-gb-0003,Windows-Server-2019,38.34,1122,4096,27.39,3738.58,4043.51,15.48,9629.34,5819.8,0,109,59859,0,
2026-03-24T20:31:00+00:00,ATM-GB-0004,host-atm-gb-0004,Windows-Server-2019,10.72,641,4096,15.65,1691.63,923.3,72.98,2551.27,7786.35,0,108,29613,0,
2026-03-24T20:32:00+00:00,ATM-GB-0001,host-atm-gb-0001,Windows-Server-2019,36.73,1116,4096,27.25,1264.96,290.23,123.75,4623.2,9603.46,0,104,70872,0,
2026-03-24T20:32:00+00:00,ATM-GB-0002,host-atm-gb-0002,Windows-Server-2019,36.47,421,4096,10.28,597.71,4669.12,23.58,3112.55,6800.3,0,95,79718,0,
2026-03-24T20:32:00+00:00,ATM-GB-0003,host-atm-gb-0003,Windows-Server-2019,28.38,474,4096,11.57,3202.0,2300.3,99.46,7114.09,4352.16,0,81,55664,0,
2026-03-24T20:32:00+00:00,ATM-GB-0004,host-atm-gb-0004,Windows-Server-2019,18.89,1314,4096,32.08,4488.66,1460.45,11.79,7757.0,3232.97,0,111,44252,0,
2026-03-24T20:33:00+00:00,ATM-GB-0001,host-atm-gb-0001,Windows-Server-2019,6.72,422,4096,10.3,2298.26,4704.6,42.94,8361.26,7023.26,0,110,40632,0,
2026-03-24T20:33:00+00:00,ATM-GB-0002,host-atm-gb-0002,Windows-Server-2019,28.47,1463,4096,35.72,675.95,2260.83,55.35,7960.33,7188.96,0,83,10487,0,
2026-03-24T20:33:00+00:00,ATM-GB-0003,host-atm-gb-0003,Windows-Server-2019,37.38,951,4096,23.22,1770.33,50.03,51.74,4020.31,3143.5,0,83,19634,0,
2026-03-24T20:33:00+00:00,ATM-GB-0004,host-atm-gb-0004,Windows-Server-2019,11.91,1021,4096,24.93,4977.98,2206.04,160.62,898.61,1436.34,0,117,81554,0,
2026-03-24T20:34:00+00:00,ATM-GB-0001,host-atm-gb-0001,Windows-Server-2019,20.01,1055,4096,25.76,4294.72,165.98,81.14,6249.61,2510.04,0,112,26465,0,
2026-03-24T20:34:00+00:00,ATM-GB-0002,host-atm-gb-0002,Windows-Server-2019,32.19,1079,4096,26.34,924.89,4880.88,170.84,7576.46,6892.98,0,116,19166,0,
2026-03-24T20:34:00+00:00,ATM-GB-0003,host-atm-gb-0003,Windows-Server-2019,28.73,1495,4096,36.5,1536.53,2581.46,87.23,5645.95,7007.79,0,115,75671,0,
2026-03-24T20:34:00+00:00,ATM-GB-0004,host-atm-gb-0004,Windows-Server-2019,10.39,947,4096,23.12,1260.48,3891.36,45.0,8451.69,7979.73,0,91,79257,0,
2026-03-24T20:35:00+00:00,ATM-GB-0001,host-atm-gb-0001,Windows-Server-2019,38.07,1208,4096,29.49,1249.39,1456.97,59.73,8992.57,2775.55,0,88,60812,0,
2026-03-24T20:35:00+00:00,ATM-GB-0002,host-atm-gb-0002,Windows-Server-2019,32.34,1204,4096,29.39,2578.35,370.24,125.03,1047.78,160.38,0,101,82025,0,
2026-03-24T20:35:00+00:00,ATM-GB-0003,host-atm-gb-0003,Windows-Server-2019,27.84,1021,4096,24.93,1840.28,1574.04,44.63,7919.54,3140.81,0,83,85709,0,
2026-03-24T20:35:00+00:00,ATM-GB-0004,host-atm-gb-0004,Windows-Server-2019,30.99,567,4096,13.84,4866.89,697.37,57.81,1042.33,2666.25,0,108,71605,0,
2026-03-24T20:36:00+00:00,ATM-GB-0001,host-atm-gb-0001,Windows-Server-2019,18.78,472,4096,11.52,4763.83,219.35,182.84,3284.54,5956.46,0,117,60478,0,
2026-03-24T20:36:00+00:00,ATM-GB-0002,host-atm-gb-0002,Windows-Server-2019,39.94,1236,4096,30.18,3330.66,1426.4,69.21,6491.38,9084.7,0,89,65017,0,
2026-03-24T20:36:00+00:00,ATM-GB-0003,host-atm-gb-0003,Windows-Server-2019,19.37,659,4096,16.09,3563.25,2945.65,15.48,4654.42,5814.59,0,120,33948,0,
2026-03-24T20:36:00+00:00,ATM-GB-0004,host-atm-gb-0004,Windows-Server-2019,35.43,1335,4096,32.59,3721.0,1075.33,81.86,6132.7,4352.94,0,106,35952,0,
2026-03-24T20:37:00+00:00,ATM-GB-0001,host-atm-gb-0001,Windows-Server-2019,17.94,1298,4096,31.69,3308.68,320.09,186.81,6512.7,1941.17,0,112,7158,0,
2026-03-24T20:37:00+00:00,ATM-GB-0002,host-atm-gb-0002,Windows-Server-2019,9.67,943,4096,23.02,2769.36,1277.37,26.84,2008.03,6324.3,0,102,74599,0,
2026-03-24T20:37:00+00:00,ATM-GB-0003,host-atm-gb-0003,Windows-Server-2019,11.54,1461,4096,35.67,2462.0,1881.44,36.34,2131.99,6006.86,0,93,7571,0,
2026-03-24T20:37:00+00:00,ATM-GB-0004,host-atm-gb-0004,Windows-Server-2019,11.97,1430,4096,34.91,1250.56,4776.12,125.16,3930.04,2354.1,0,118,36757,0,
2026-03-24T20:38:00+00:00,ATM-GB-0001,host-atm-gb-0001,Windows-Server-2019,31.5,558,4096,13.62,4353.81,970.4,129.79,8851.49,8672.56,0,120,41921,0,
2026-03-24T20:38:00+00:00,ATM-GB-0002,host-atm-gb-0002,Windows-Server-2019,36.21,1435,4096,35.03,3619.96,3688.6,97.84,7925.6,2765.0,0,86,11432,0,
2026-03-24T20:38:00+00:00,ATM-GB-0003,host-atm-gb-0003,Windows-Server-2019,21.04,912,4096,22.27,777.85,4465.37,11.46,836.96,681.87,0,85,40537,0,
2026-03-24T20:38:00+00:00,ATM-GB-0004,host-atm-gb-0004,Windows-Server-2019,7.18,998,4096,24.37,3931.87,666.48,82.08,8636.22,2321.14,0,101,23062,0,
2026-03-24T20:39:00+00:00,ATM-GB-0001,host-atm-gb-0001,Windows-Server-2019,9.15,1216,4096,29.69,2873.49,4662.04,105.6,4960.07,9208.68,0,119,30710,0,
2026-03-24T20:39:00+00:00,ATM-GB-0002,host-atm-gb-0002,Windows-Server-2019,32.4,443,4096,10.82,148.14,4753.14,28.37,2902.79,3858.15,0,83,44210,0,
2026-03-24T20:39:00+00:00,ATM-GB-0003,host-atm-gb-0003,Windows-Server-2019,39.21,863,4096,21.07,3504.21,3749.5,54.2,9420.02,4948.94,0,81,51563,0,
2026-03-24T20:39:00+00:00,ATM-GB-0004,host-atm-gb-0004,Windows-Server-2019,34.82,1081,4096,26.39,375.56,2369.49,45.15,8367.83,4337.93,0,113,51606,0,
2026-03-24T20:40:00+00:00,ATM-GB-0001,host-atm-gb-0001,Windows-Server-2019,12.17,500,4096,12.21,3221.66,3132.24,181.64,1111.55,6081.07,0,105,39149,0,
2026-03-24T20:40:00+00:00,ATM-GB-0002,host-atm-gb-0002,Windows-Server-2019,14.47,879,4096,21.46,54.65,1262.87,173.11,4451.85,1050.78,0,81,33793,0,
2026-03-24T20:40:00+00:00,ATM-GB-0003,host-atm-gb-0003,Windows-Server-2019,31.48,564,4096,13.77,2125.23,4465.35,192.31,5514.89,6818.52,0,111,50090,0,
2026-03-24T20:40:00+00:00,ATM-GB-0004,host-atm-gb-0004,Windows-Server-2019,19.85,840,4096,20.51,1259.51,4177.95,132.9,2615.64,2307.14,0,93,28019,0,
2026-03-24T20:41:00+00:00,ATM-GB-0001,host-atm-gb-0001,Windows-Server-2019,18.58,1314,4096,32.08,4237.38,989.0,159.54,6223.23,2222.95,0,92,14050,0,
2026-03-24T20:41:00+00:00,ATM-GB-0002,host-atm-gb-0002,Windows-Server-2019,23.43,621,4096,15.16,3977.16,3171.29,63.28,1336.62,6161.83,0,90,67817,0,
2026-03-24T20:41:00+00:00,ATM-GB-0003,host-atm-gb-0003,Windows-Server-2019,21.16,696,4096,16.99,74.01,606.76,32.18,7802.6,5141.99,0,112,52311,0,
2026-03-24T20:41:00+00:00,ATM-GB-0004,host-atm-gb-0004,Windows-Server-2019,38.14,404,4096,9.86,691.24,1141.3,61.9,6241.71,1611.69,0,87,55988,0,
2026-03-24T20:42:00+00:00,ATM-GB-0001,host-atm-gb-0001,Windows-Server-2019,24.22,576,4096,14.06,4895.04,1011.2,81.41,6058.58,1840.48,0,117,79304,0,
2026-03-24T20:42:00+00:00,ATM-GB-0002,host-atm-gb-0002,Windows-Server-2019,29.4,1343,4096,32.79,859.63,648.49,185.66,321.83,9653.7,0,111,53288,0,
2026-03-24T20:42:00+00:00,ATM-GB-0003,host-atm-gb-0003,Windows-Server-2019,24.91,629,4096,15.36,1511.08,4337.05,28.58,4845.11,4710.74,0,91,29855,0,
2026-03-24T20:42:00+00:00,ATM-GB-0004,host-atm-gb-0004,Windows-Server-2019,20.15,1318,4096,32.18,4509.19,1488.34,168.74,3834.86,5472.45,0,118,24342,0,
2026-03-24T20:43:00+00:00,ATM-GB-0001,host-atm-gb-0001,Windows-Server-2019,5.63,441,4096,10.77,3204.97,4496.95,108.64,6821.2,7472.74,0,97,76290,0,
2026-03-24T20:43:00+00:00,ATM-GB-0002,host-atm-gb-0002,Windows-Server-2019,25.25,947,4096,23.12,2993.12,4264.72,67.79,9254.62,2059.93,0,100,77572,0,
2026-03-24T20:43:00+00:00,ATM-GB-0003,host-atm-gb-0003,Windows-Server-2019,32.28,561,4096,13.7,4646.11,4872.68,17.12,8013.25,6481.45,0,85,75648,0,
2026-03-24T20:43:00+00:00,ATM-GB-0004,host-atm-gb-0004,Windows-Server-2019,39.95,1122,4096,27.39,790.25,940.94,33.51,5847.32,5446.51,0,117,66511,0,
2026-03-24T20:44:00+00:00,ATM-GB-0001,host-atm-gb-0001,Windows-Server-2019,15.66,1383,4096,33.76,1852.33,4654.86,186.63,7392.7,3209.28,0,99,65334,0,
2026-03-24T20:44:00+00:00,ATM-GB-0002,host-atm-gb-0002,Windows-Server-2019,26.93,812,4096,19.82,146.19,1119.46,26.76,1494.8,9054.12,0,116,17640,0,
2026-03-24T20:44:00+00:00,ATM-GB-0003,host-atm-gb-0003,Windows-Server-2019,9.37,1004,4096,24.51,4911.48,824.81,88.6,1880.63,3042.57,0,100,60436,0,
2026-03-24T20:44:00+00:00,ATM-GB-0004,host-atm-gb-0004,Windows-Server-2019,36.69,481,4096,11.74,1631.45,2865.88,121.92,6588.42,7638.11,0,114,57700,0,
2026-03-24T20:45:00+00:00,ATM-GB-0001,host-atm-gb-0001,Windows-Server-2019,9.04,1297,4096,31.67,4654.48,4416.97,170.07,8617.22,3889.1,0,83,32637,0,
2026-03-24T20:45:00+00:00,ATM-GB-0002,host-atm-gb-0002,Windows-Server-2019,5.38,999,4096,24.39,766.01,3709.63,186.83,4573.63,4736.88,0,99,33099,0,
2026-03-24T20:45:00+00:00,ATM-GB-0003,host-atm-gb-0003,Windows-Server-2019,10.26,1383,4096,33.76,4094.13,1040.56,34.38,2920.39,1491.77,0,113,68135,0,
2026-03-24T20:45:00+00:00,ATM-GB-0004,host-atm-gb-0004,Windows-Server-2019,17.18,1311,4096,32.01,3825.95,4168.25,42.9,9223.09,1192.46,0,109,46812,0,
2026-03-24T20:46:00+00:00,ATM-GB-0001,host-atm-gb-0001,Windows-Server-2019,34.62,954,4096,23.29,2619.16,4654.45,95.25,6522.77,7314.45,0,102,31302,0,
2026-03-24T20:46:00+00:00,ATM-GB-0002,host-atm-gb-0002,Windows-Server-2019,15.69,1421,4096,34.69,1495.64,2021.99,86.41,3313.25,4756.4,0,85,20888,0,
2026-03-24T20:46:00+00:00,ATM-GB-0003,host-atm-gb-0003,Windows-Server-2019,19.18,695,4096,16.97,4480.6,3307.55,48.01,2902.01,5884.83,0,112,23921,0,
2026-03-24T20:46:00+00:00,ATM-GB-0004,host-atm-gb-0004,Windows-Server-2019,19.44,537,4096,13.11,4454.36,2230.81,143.95,6719.79,6196.52,0,113,79467,0,
2026-03-24T20:47:00+00:00,ATM-GB-0001,host-atm-gb-0001,Windows-Server-2019,31.04,914,4096,22.31,640.31,3939.59,165.28,5512.56,3692.12,0,106,69002,0,
2026-03-24T20:47:00+00:00,ATM-GB-0002,host-atm-gb-0002,Windows-Server-2019,35.39,1105,4096,26.98,3801.8,4900.69,170.91,4098.42,4509.46,0,96,55892,0,
2026-03-24T20:47:00+00:00,ATM-GB-0003,host-atm-gb-0003,Windows-Server-2019,16.29,558,4096,13.62,2424.94,3707.37,98.63,2924.0,1817.11,0,95,53065,0,
2026-03-24T20:47:00+00:00,ATM-GB-0004,host-atm-gb-0004,Windows-Server-2019,10.11,771,4096,18.82,1826.43,3525.56,138.71,1930.18,9545.8,0,100,74723,0,
2026-03-24T20:48:00+00:00,ATM-GB-0001,host-atm-gb-0001,Windows-Server-2019,31.69,595,4096,14.53,346.52,1282.48,155.19,8319.65,3292.0,0,87,77264,0,
2026-03-24T20:48:00+00:00,ATM-GB-0002,host-atm-gb-0002,Windows-Server-2019,10.38,1494,4096,36.47,1488.88,1543.25,101.09,9829.87,1698.37,0,93,6150,0,
2026-03-24T20:48:00+00:00,ATM-GB-0003,host-atm-gb-0003,Windows-Server-2019,38.34,860,4096,21.0,149.35,630.54,40.58,8393.3,1849.74,0,102,22561,0,
2026-03-24T20:48:00+00:00,ATM-GB-0004,host-atm-gb-0004,Windows-Server-2019,20.72,790,4096,19.29,4181.62,4689.67,188.75,9010.34,2672.36,0,108,24775,0,
2026-03-24T20:49:00+00:00,ATM-GB-0001,host-atm-gb-0001,Windows-Server-2019,10.8,435,4096,10.62,2126.32,3898.29,99.91,2703.83,8444.88,0,97,56195,0,
2026-03-24T20:49:00+00:00,ATM-GB-0002,host-atm-gb-0002,Windows-Server-2019,30.98,1132,4096,27.64,1213.1,4384.97,195.17,6701.92,2070.87,0,115,59088,0,
2026-03-24T20:49:00+00:00,ATM-GB-0003,host-atm-gb-0003,Windows-Server-2019,27.14,485,4096,11.84,2559.52,4308.57,74.67,5981.6,8699.21,0,91,68923,0,
2026-03-24T20:49:00+00:00,ATM-GB-0004,host-atm-gb-0004,Windows-Server-2019,20.85,753,4096,18.38,2275.26,4759.92,103.53,5145.01,712.34,0,109,71965,0,
2026-03-24T20:50:00+00:00,ATM-GB-0001,host-atm-gb-0001,Windows-Server-2019,33.92,426,4096,10.4,4149.95,4769.78,104.69,9662.27,6087.76,0,113,84781,0,
2026-03-24T20:50:00+00:00,ATM-GB-0002,host-atm-gb-0002,Windows-Server-2019,31.54,538,4096,13.13,2857.55,3481.95,145.77,4650.65,9712.61,0,90,36368,0,
2026-03-24T20:50:00+00:00,ATM-GB-0003,host-atm-gb-0003,Windows-Server-2019,34.95,608,4096,14.84,1529.92,2301.85,10.86,9763.79,6948.98,0,82,41465,0,
2026-03-24T20:50:00+00:00,ATM-GB-0004,host-atm-gb-0004,Windows-Server-2019,15.75,676,4096,16.5,1352.25,2465.7,24.52,174.4,8072.13,0,86,76403,0,
2026-03-24T20:51:00+00:00,ATM-GB-0001,host-atm-gb-0001,Windows-Server-2019,21.05,683,4096,16.67,224.63,2429.53,89.99,7464.5,9811.85,0,80,31278,0,
2026-03-24T20:51:00+00:00,ATM-GB-0002,host-atm-gb-0002,Windows-Server-2019,13.36,683,4096,16.67,302.44,4701.59,30.06,4746.85,6437.02,0,102,65291,0,
2026-03-24T20:51:00+00:00,ATM-GB-0003,host-atm-gb-0003,Windows-Server-2019,27.62,980,4096,23.93,3871.26,2306.12,95.31,6165.4,5651.95,0,115,81567,0,
2026-03-24T20:51:00+00:00,ATM-GB-0004,host-atm-gb-0004,Windows-Server-2019,15.59,1487,4096,36.3,244.93,3782.22,21.3,6391.66,8931.21,0,97,43533,0,
2026-03-24T20:52:00+00:00,ATM-GB-0001,host-atm-gb-0001,Windows-Server-2019,26.74,676,4096,16.5,4825.16,2411.08,86.63,5338.1,2804.44,0,85,33764,0,
2026-03-24T20:52:00+00:00,ATM-GB-0002,host-atm-gb-0002,Windows-Server-2019,26.39,561,4096,13.7,207.96,2773.93,25.14,1885.49,4063.99,0,94,49965,0,
2026-03-24T20:52:00+00:00,ATM-GB-0003,host-atm-gb-0003,Windows-Server-2019,35.2,1104,4096,26.95,2247.6,1962.64,150.54,4204.7,1656.92,0,120,7653,0,
2026-03-24T20:52:00+00:00,ATM-GB-0004,host-atm-gb-0004,Windows-Server-2019,8.0,1368,4096,33.4,473.77,472.16,128.48,1998.31,3273.48,0,93,40071,0,
2026-03-24T20:53:00+00:00,ATM-GB-0001,host-atm-gb-0001,Windows-Server-2019,14.85,1249,4096,30.49,1470.09,233.16,118.95,5179.4,3954.51,0,114,77552,0,
2026-03-24T20:53:00+00:00,ATM-GB-0002,host-atm-gb-0002,Windows-Server-2019,15.41,1224,4096,29.88,1144.89,4863.36,79.65,6639.16,6094.65,0,116,57529,0,
2026-03-24T20:53:00+00:00,ATM-GB-0003,host-atm-gb-0003,Windows-Server-2019,24.75,960,4096,23.44,605.11,3414.27,109.32,1312.35,9225.23,0,94,12431,0,
2026-03-24T20:53:00+00:00,ATM-GB-0004,host-atm-gb-0004,Windows-Server-2019,20.29,878,4096,21.44,981.59,7.38,59.05,1237.16,826.91,0,91,83230,0,
2026-03-24T20:54:00+00:00,ATM-GB-0001,host-atm-gb-0001,Windows-Server-2019,25.23,461,4096,11.25,1920.5,4701.66,29.05,207.77,5395.85,0,111,12609,0,
2026-03-24T20:54:00+00:00,ATM-GB-0002,host-atm-gb-0002,Windows-Server-2019,13.05,635,4096,15.5,334.76,3230.71,191.36,4841.21,8903.28,0,110,82805,0,
2026-03-24T20:54:00+00:00,ATM-GB-0003,host-atm-gb-0003,Windows-Server-2019,9.02,1476,4096,36.04,800.84,4957.19,111.99,4508.71,8711.45,0,111,38912,0,
2026-03-24T20:54:00+00:00,ATM-GB-0004,host-atm-gb-0004,Windows-Server-2019,16.89,1348,4096,32.91,541.18,3808.82,178.85,2309.64,1240.77,0,81,25325,0,
2026-03-24T20:55:00+00:00,ATM-GB-0001,host-atm-gb-0001,Windows-Server-2019,36.17,1137,4096,27.76,794.26,1206.04,65.62,7996.69,3399.02,0,98,47244,0,
2026-03-24T20:55:00+00:00,ATM-GB-0002,host-atm-gb-0002,Windows-Server-2019,8.24,1391,4096,33.96,1440.92,1716.43,54.14,5758.96,6739.52,0,90,30360,0,
2026-03-24T20:55:00+00:00,ATM-GB-0003,host-atm-gb-0003,Windows-Server-2019,10.01,1117,4096,27.27,1996.84,2.93,69.39,9228.16,8907.79,0,93,62040,0,
2026-03-24T20:55:00+00:00,ATM-GB-0004,host-atm-gb-0004,Windows-Server-2019,36.07,1496,4096,36.52,1335.31,1713.15,121.08,2145.34,9729.38,0,101,9814,0,
2026-03-24T20:56:00+00:00,ATM-GB-0001,host-atm-gb-0001,Windows-Server-2019,7.23,753,4096,18.38,1021.96,2227.81,105.86,9436.99,4982.92,0,97,44093,0,
2026-03-24T20:56:00+00:00,ATM-GB-0002,host-atm-gb-0002,Windows-Server-2019,15.51,484,4096,11.82,3296.5,1583.71,131.0,1399.46,3088.78,0,85,38034,0,
2026-03-24T20:56:00+00:00,ATM-GB-0003,host-atm-gb-0003,Windows-Server-2019,14.38,1449,4096,35.38,3195.26,993.31,25.79,4088.22,1205.77,0,88,12314,0,
2026-03-24T20:56:00+00:00,ATM-GB-0004,host-atm-gb-0004,Windows-Server-2019,17.97,777,4096,18.97,3079.76,951.05,179.68,5585.11,4646.78,0,117,58775,0,
2026-03-24T20:57:00+00:00,ATM-GB-0001,host-atm-gb-0001,Windows-Server-2019,17.92,630,4096,15.38,4580.88,3525.88,106.71,8539.93,4289.56,0,106,77437,0,
2026-03-24T20:57:00+00:00,ATM-GB-0002,host-atm-gb-0002,Windows-Server-2019,28.86,1321,4096,32.25,1248.58,2917.59,44.82,6312.34,2845.85,0,117,50305,0,
2026-03-24T20:57:00+00:00,ATM-GB-0003,host-atm-gb-0003,Windows-Server-2019,21.63,686,4096,16.75,905.2,2661.05,19.71,1882.62,3255.36,0,120,77067,0,
2026-03-24T20:57:00+00:00,ATM-GB-0004,host-atm-gb-0004,Windows-Server-2019,9.43,1242,4096,30.32,56.43,3817.51,39.4,4016.84,6441.14,0,116,38946,0,
2026-03-24T20:58:00+00:00,ATM-GB-0001,host-atm-gb-0001,Windows-Server-2019,32.81,1009,4096,24.63,2279.92,403.58,70.64,3804.45,5721.45,0,94,60918,0,
2026-03-24T20:58:00+00:00,ATM-GB-0002,host-atm-gb-0002,Windows-Server-2019,14.12,849,4096,20.73,4283.49,3954.49,82.38,2628.86,7254.83,0,88,61557,0,
2026-03-24T20:58:00+00:00,ATM-GB-0003,host-atm-gb-0003,Windows-Server-2019,20.06,808,4096,19.73,4255.72,2639.23,90.57,8612.73,2077.88,0,111,15776,0,
2026-03-24T20:58:00+00:00,ATM-GB-0004,host-atm-gb-0004,Windows-Server-2019,21.9,948,4096,23.14,1271.44,590.62,93.08,4270.82,6834.21,0,102,83717,0,
2026-03-24T20:59:00+00:00,ATM-GB-0001,host-atm-gb-0001,Windows-Server-2019,34.14,1303,4096,31.81,4467.87,4945.77,158.84,3495.67,3526.55,0,109,62871,0,
2026-03-24T20:59:00+00:00,ATM-GB-0002,host-atm-gb-0002,Windows-Server-2019,26.02,893,4096,21.8,1550.67,33.06,195.81,7554.2,1254.11,0,96,56367,0,
2026-03-24T20:59:00+00:00,ATM-GB-0003,host-atm-gb-0003,Windows-Server-2019,9.72,799,4096,19.51,2777.05,3480.55,116.14,3221.14,699.69,0,93,75812,0,
2026-03-24T20:59:00+00:00,ATM-GB-0004,host-atm-gb-0004,Windows-Server-2019,25.15,472,4096,11.52,3799.54,836.62,180.63,2092.16,2557.34,0,110,49145,0,
2026-03-24T21:00:00+00:00,ATM-GB-0001,host-atm-gb-0001,Windows-Server-2019,27.16,1113,4096,27.17,1088.87,968.0,86.3,8563.13,5598.51,0,81,80892,0,
2026-03-24T21:00:00+00:00,ATM-GB-0002,host-atm-gb-0002,Windows-Server-2019,15.17,749,4096,18.29,4066.74,4650.9,86.21,3939.86,5511.92,0,92,49298,0,
2026-03-24T21:00:00+00:00,ATM-GB-0003,host-atm-gb-0003,Windows-Server-2019,8.12,761,4096,18.58,4256.56,3647.7,191.6,2397.16,9110.18,0,107,84785,0,
2026-03-24T21:00:00+00:00,ATM-GB-0004,host-atm-gb-0004,Windows-Server-2019,33.77,1175,4096,28.69,1452.26,2601.46,10.65,6582.69,9630.18,0,98,63088,0,
2026-03-24T21:01:00+00:00,ATM-GB-0001,host-atm-gb-0001,Windows-Server-2019,39.19,521,4096,12.72,367.97,4776.18,148.89,590.61,930.38,0,99,63235,0,
2026-03-24T21:01:00+00:00,ATM-GB-0002,host-atm-gb-0002,Windows-Server-2019,6.67,1350,4096,32.96,3137.87,2830.94,176.42,1963.43,5942.14,0,114,79860,0,
2026-03-24T21:01:00+00:00,ATM-GB-0003,host-atm-gb-0003,Windows-Server-2019,26.69,800,4096,19.53,554.37,2889.91,154.85,8971.44,2682.46,0,101,70342,0,
2026-03-24T21:01:00+00:00,ATM-GB-0004,host-atm-gb-0004,Windows-Server-2019,9.58,1047,4096,25.56,1384.99,444.51,194.92,1337.36,6646.75,0,117,21427,0,
2026-03-24T21:02:00+00:00,ATM-GB-0001,host-atm-gb-0001,Windows-Server-2019,33.59,1327,4096,32.4,6.87,2795.85,17.95,9195.58,8651.15,0,82,52813,0,
2026-03-24T21:02:00+00:00,ATM-GB-0002,host-atm-gb-0002,Windows-Server-2019,22.3,1115,4096,27.22,260.46,4210.26,33.7,1016.32,594.78,0,81,65764,0,
2026-03-24T21:02:00+00:00,ATM-GB-0003,host-atm-gb-0003,Windows-Server-2019,20.98,1051,4096,25.66,192.28,3173.92,153.93,1320.25,9492.13,0,94,63123,0,
2026-03-24T21:02:00+00:00,ATM-GB-0004,host-atm-gb-0004,Windows-Server-2019,10.4,875,4096,21.36,4987.78,4401.79,23.65,9830.89,385.99,0,90,49689,0,
2026-03-24T21:03:00+00:00,ATM-GB-0001,host-atm-gb-0001,Windows-Server-2019,5.42,1102,4096,26.9,2747.53,2450.91,167.81,6491.28,3784.43,0,86,4273,0,
2026-03-24T21:03:00+00:00,ATM-GB-0002,host-atm-gb-0002,Windows-Server-2019,29.5,670,4096,16.36,2365.4,1804.16,175.66,453.86,6609.89,0,115,48373,0,
2026-03-24T21:03:00+00:00,ATM-GB-0003,host-atm-gb-0003,Windows-Server-2019,25.26,854,4096,20.85,2510.94,741.35,131.1,7446.47,8648.37,0,87,61450,0,
2026-03-24T21:03:00+00:00,ATM-GB-0004,host-atm-gb-0004,Windows-Server-2019,14.58,1467,4096,35.82,1322.92,3794.25,150.51,9229.82,4222.01,0,94,16581,0,
2026-03-24T21:04:00+00:00,ATM-GB-0001,host-atm-gb-0001,Windows-Server-2019,26.02,798,4096,19.48,1810.74,2197.6,122.64,5750.04,1300.48,0,91,77311,0,
2026-03-24T21:04:00+00:00,ATM-GB-0002,host-atm-gb-0002,Windows-Server-2019,35.71,644,4096,15.72,2207.09,2264.44,114.75,283.39,6841.86,0,102,69962,0,
2026-03-24T21:04:00+00:00,ATM-GB-0003,host-atm-gb-0003,Windows-Server-2019,23.55,704,4096,17.19,2694.69,750.61,132.79,1206.01,6709.51,0,82,82791,0,
2026-03-24T21:04:00+00:00,ATM-GB-0004,host-atm-gb-0004,Windows-Server-2019,8.96,1062,4096,25.93,4296.25,3695.0,89.57,4942.69,9040.01,0,111,83818,0,
2026-03-24T21:05:00+00:00,ATM-GB-0001,host-atm-gb-0001,Windows-Server-2019,33.41,678,4096,16.55,1262.82,1115.63,104.26,1630.79,8863.66,0,96,77398,0,
2026-03-24T21:05:00+00:00,ATM-GB-0002,host-atm-gb-0002,Windows-Server-2019,27.57,1196,4096,29.2,297.56,4999.04,143.02,1096.33,5400.47,0,117,46002,0,
2026-03-24T21:05:00+00:00,ATM-GB-0003,host-atm-gb-0003,Windows-Server-2019,20.74,565,4096,13.79,2677.41,3393.51,32.05,4942.03,2736.04,0,100,43664,0,
2026-03-24T21:05:00+00:00,ATM-GB-0004,host-atm-gb-0004,Windows-Server-2019,35.97,781,4096,19.07,3176.68,405.89,104.13,5571.98,2561.04,0,89,64500,0,
2026-03-24T21:06:00+00:00,ATM-GB-0001,host-atm-gb-0001,Windows-Server-2019,15.79,1058,4096,25.83,2586.7,3336.36,77.96,1711.5,3038.54,0,100,23457,0,
2026-03-24T21:06:00+00:00,ATM-GB-0002,host-atm-gb-0002,Windows-Server-2019,8.69,789,4096,19.26,302.93,4837.51,139.95,2049.15,2680.53,0,98,49903,0,
2026-03-24T21:06:00+00:00,ATM-GB-0003,host-atm-gb-0003,Windows-Server-2019,21.7,761,4096,18.58,2603.98,485.14,77.21,2851.98,7909.68,0,82,64460,0,
2026-03-24T21:06:00+00:00,ATM-GB-0004,host-atm-gb-0004,Windows-Server-2019,14.34,529,4096,12.92,2473.97,4518.85,68.13,9237.73,3841.69,0,102,78557,0,
2026-03-24T21:07:00+00:00,ATM-GB-0001,host-atm-gb-0001,Windows-Server-2019,9.08,420,4096,10.25,4612.6,1912.35,95.03,8532.03,1507.77,0,84,37610,0,
2026-03-24T21:07:00+00:00,ATM-GB-0002,host-atm-gb-0002,Windows-Server-2019,20.94,786,4096,19.19,1407.71,1015.0,168.23,5896.35,6697.81,0,104,36444,0,
2026-03-24T21:07:00+00:00,ATM-GB-0003,host-atm-gb-0003,Windows-Server-2019,18.31,1303,4096,31.81,2604.36,3368.57,169.94,2595.91,9782.73,0,102,81138,0,
2026-03-24T21:07:00+00:00,ATM-GB-0004,host-atm-gb-0004,Windows-Server-2019,15.92,493,4096,12.04,4438.09,3428.46,182.26,3440.82,1788.05,0,112,5934,0,
2026-03-24T21:08:00+00:00,ATM-GB-0001,host-atm-gb-0001,Windows-Server-2019,31.8,501,4096,12.23,1592.21,2372.73,161.53,6352.94,3483.66,0,118,76824,0,
2026-03-24T21:08:00+00:00,ATM-GB-0002,host-atm-gb-0002,Windows-Server-2019,26.92,1333,4096,32.54,1287.85,2947.37,14.27,3988.74,6455.01,0,80,6519,0,
2026-03-24T21:08:00+00:00,ATM-GB-0003,host-atm-gb-0003,Windows-Server-2019,9.56,703,4096,17.16,605.07,645.08,46.44,5754.77,2695.49,0,89,27545,0,
2026-03-24T21:08:00+00:00,ATM-GB-0004,host-atm-gb-0004,Windows-Server-2019,29.51,1259,4096,30.74,1942.11,636.92,186.15,9435.79,7624.24,0,81,29076,0,
2026-03-24T21:09:00+00:00,ATM-GB-0001,host-atm-gb-0001,Windows-Server-2019,6.17,1081,4096,26.39,2849.65,742.86,32.82,3224.42,5137.93,0,82,27154,0,
2026-03-24T21:09:00+00:00,ATM-GB-0002,host-atm-gb-0002,Windows-Server-2019,18.34,467,4096,11.4,672.33,642.11,82.77,8998.81,8966.01,0,104,54100,0,
2026-03-24T21:09:00+00:00,ATM-GB-0003,host-atm-gb-0003,Windows-Server-2019,5.02,1348,4096,32.91,2990.42,1729.57,149.19,5968.44,9084.33,0,99,68677,0,
2026-03-24T21:09:00+00:00,ATM-GB-0004,host-atm-gb-0004,Windows-Server-2019,21.64,478,4096,11.67,2083.99,784.7,107.17,5108.17,6429.03,0,94,81310,0,
2026-03-24T21:10:00+00:00,ATM-GB-0001,host-atm-gb-0001,Windows-Server-2019,7.93,1181,4096,28.83,655.82,244.96,24.09,893.87,8560.78,0,106,12669,0,
2026-03-24T21:10:00+00:00,ATM-GB-0002,host-atm-gb-0002,Windows-Server-2019,23.78,495,4096,12.08,4280.62,1883.51,38.38,3223.35,8784.73,0,85,59455,0,
2026-03-24T21:10:00+00:00,ATM-GB-0003,host-atm-gb-0003,Windows-Server-2019,6.86,1213,4096,29.61,2001.37,14.05,134.79,9209.26,9363.88,0,93,31926,0,
2026-03-24T21:10:00+00:00,ATM-GB-0004,host-atm-gb-0004,Windows-Server-2019,29.85,786,4096,19.19,1223.66,791.29,191.06,3969.91,1770.94,0,99,10505,0,
2026-03-24T21:11:00+00:00,ATM-GB-0001,host-atm-gb-0001,Windows-Server-2019,38.87,1497,4096,36.55,647.78,3967.3,141.77,5083.82,9426.98,0,107,59572,0,
2026-03-24T21:11:00+00:00,ATM-GB-0002,host-atm-gb-0002,Windows-Server-2019,17.24,519,4096,12.67,4292.24,3942.43,95.46,6374.2,2756.78,0,86,35830,0,
2026-03-24T21:11:00+00:00,ATM-GB-0003,host-atm-gb-0003,Windows-Server-2019,28.47,780,4096,19.04,232.84,356.46,43.74,3345.07,246.9,0,97,4220,0,
2026-03-24T21:11:00+00:00,ATM-GB-0004,host-atm-gb-0004,Windows-Server-2019,26.58,1138,4096,27.78,2031.87,1436.95,67.92,3577.91,6819.7,0,117,80298,0,
2026-03-24T21:12:00+00:00,ATM-GB-0001,host-atm-gb-0001,Windows-Server-2019,12.16,456,4096,11.13,4406.61,2075.05,146.92,7085.91,4847.07,0,90,6921,0,
2026-03-24T21:12:00+00:00,ATM-GB-0002,host-atm-gb-0002,Windows-Server-2019,28.55,1452,4096,35.45,2867.49,1464.69,70.87,1352.06,4272.7,0,111,68184,0,
2026-03-24T21:12:00+00:00,ATM-GB-0003,host-atm-gb-0003,Windows-Server-2019,15.02,950,4096,23.19,546.86,2161.53,158.56,2483.7,6316.85,0,101,49349,0,
2026-03-24T21:12:00+00:00,ATM-GB-0004,host-atm-gb-0004,Windows-Server-2019,38.53,488,4096,11.91,3990.7,3564.74,47.66,6609.18,1078.12,0,104,56273,0,
2026-03-24T21:13:00+00:00,ATM-GB-0001,host-atm-gb-0001,Windows-Server-2019,25.61,849,4096,20.73,2894.23,4523.14,17.84,1763.08,2458.61,0,96,58335,0,
2026-03-24T21:13:00+00:00,ATM-GB-0002,host-atm-gb-0002,Windows-Server-2019,39.6,1269,4096,30.98,3956.84,54.7,131.54,2113.77,1132.12,0,94,79937,0,
2026-03-24T21:13:00+00:00,ATM-GB-0003,host-atm-gb-0003,Windows-Server-2019,34.31,1005,4096,24.54,162.71,1998.17,184.12,9760.61,1203.37,0,96,9040,0,
2026-03-24T21:13:00+00:00,ATM-GB-0004,host-atm-gb-0004,Windows-Server-2019,28.43,463,4096,11.3,2550.45,3473.68,28.09,3088.66,6259.3,0,115,55019,0,
2026-03-24T21:14:00+00:00,ATM-GB-0001,host-atm-gb-0001,Windows-Server-2019,28.18,1334,4096,32.57,744.71,4720.83,145.03,9704.68,3303.09,0,86,47665,0,
2026-03-24T21:14:00+00:00,ATM-GB-0002,host-atm-gb-0002,Windows-Server-2019,34.44,803,4096,19.6,1378.55,4294.73,110.11,957.76,4484.02,0,117,50851,0,
2026-03-24T21:14:00+00:00,ATM-GB-0003,host-atm-gb-0003,Windows-Server-2019,38.82,708,4096,17.29,230.14,120.99,141.39,7844.19,4376.49,0,90,46482,0,
2026-03-24T21:14:00+00:00,ATM-GB-0004,host-atm-gb-0004,Windows-Server-2019,18.53,1245,4096,30.4,3404.4,1861.97,154.69,6512.92,5129.11,0,99,45738,0,
2026-03-24T21:15:00+00:00,ATM-GB-0001,host-atm-gb-0001,Windows-Server-2019,36.61,1195,4096,29.17,1018.93,1099.65,55.27,8867.67,6403.14,0,93,25668,0,
2026-03-24T21:15:00+00:00,ATM-GB-0002,host-atm-gb-0002,Windows-Server-2019,38.98,1392,4096,33.98,2242.63,4427.84,33.91,2830.33,7630.08,0,101,20886,0,
2026-03-24T21:15:00+00:00,ATM-GB-0003,host-atm-gb-0003,Windows-Server-2019,23.06,405,4096,9.89,1857.2,2200.27,132.11,190.43,5301.97,0,110,27772,0,
2026-03-24T21:15:00+00:00,ATM-GB-0004,host-atm-gb-0004,Windows-Server-2019,39.56,1488,4096,36.33,2411.8,2431.4,19.94,9908.74,5403.26,0,101,86106,0,
2026-03-24T21:16:00+00:00,ATM-GB-0001,host-atm-gb-0001,Windows-Server-2019,15.9,1393,4096,34.01,3788.88,3738.31,35.45,5140.12,2040.59,0,100,25664,0,
2026-03-24T21:16:00+00:00,ATM-GB-0002,host-atm-gb-0002,Windows-Server-2019,14.78,470,4096,11.47,4077.81,1579.67,162.11,1239.65,9779.56,0,92,69808,0,
2026-03-24T21:16:00+00:00,ATM-GB-0003,host-atm-gb-0003,Windows-Server-2019,21.56,446,4096,10.89,4048.38,1158.76,194.61,2419.9,1035.38,0,84,69998,0,
2026-03-24T21:16:00+00:00,ATM-GB-0004,host-atm-gb-0004,Windows-Server-2019,33.29,1043,4096,25.46,892.77,3645.78,53.45,4875.92,525.92,0,113,73384,0,
2026-03-24T21:17:00+00:00,ATM-GB-0001,host-atm-gb-0001,Windows-Server-2019,12.87,1400,4096,34.18,4672.74,2629.58,197.71,9565.4,8051.82,0,83,22640,0,
2026-03-24T21:17:00+00:00,ATM-GB-0002,host-atm-gb-0002,Windows-Server-2019,33.0,1370,4096,33.45,201.51,3742.81,34.9,7637.19,6888.69,0,104,20455,0,
2026-03-24T21:17:00+00:00,ATM-GB-0003,host-atm-gb-0003,Windows-Server-2019,37.38,925,4096,22.58,4770.41,4363.41,44.05,9665.97,4357.09,0,81,46885,0,
2026-03-24T21:17:00+00:00,ATM-GB-0004,host-atm-gb-0004,Windows-Server-2019,18.43,1226,4096,29.93,4989.9,2496.84,37.69,5973.63,9533.09,0,104,60059,0,
2026-03-24T21:18:00+00:00,ATM-GB-0001,host-atm-gb-0001,Windows-Server-2019,23.86,1432,4096,34.96,4546.81,538.67,152.96,7591.57,4173.24,0,100,69736,0,
2026-03-24T21:18:00+00:00,ATM-GB-0002,host-atm-gb-0002,Windows-Server-2019,37.85,1072,4096,26.17,3309.33,623.81,47.67,3082.97,5712.07,0,100,74334,0,
2026-03-24T21:18:00+00:00,ATM-GB-0003,host-atm-gb-0003,Windows-Server-2019,19.02,1074,4096,26.22,4540.28,1747.92,133.05,4302.92,905.06,0,108,83410,0,
2026-03-24T21:18:00+00:00,ATM-GB-0004,host-atm-gb-0004,Windows-Server-2019,34.29,1444,4096,35.25,4058.58,4271.04,162.74,1803.71,1784.49,0,97,14407,0,
2026-03-24T21:19:00+00:00,ATM-GB-0001,host-atm-gb-0001,Windows-Server-2019,5.84,663,4096,16.19,1960.77,2506.05,150.66,2869.38,6286.15,0,96,48421,0,
2026-03-24T21:19:00+00:00,ATM-GB-0002,host-atm-gb-0002,Windows-Server-2019,13.16,566,4096,13.82,1423.64,835.39,172.0,7843.12,7254.33,0,98,77976,0,
2026-03-24T21:19:00+00:00,ATM-GB-0003,host-atm-gb-0003,Windows-Server-2019,27.65,1412,4096,34.47,3820.89,816.15,27.26,8619.64,6996.06,0,81,37715,0,
2026-03-24T21:19:00+00:00,ATM-GB-0004,host-atm-gb-0004,Windows-Server-2019,10.42,1107,4096,27.03,3632.31,2056.29,115.92,5784.11,5564.66,0,82,44821,0,
2026-03-24T21:20:00+00:00,ATM-GB-0001,host-atm-gb-0001,Windows-Server-2019,35.23,896,4096,21.88,3847.68,4166.44,96.65,6321.37,9260.19,0,111,51420,0,
2026-03-24T21:20:00+00:00,ATM-GB-0002,host-atm-gb-0002,Windows-Server-2019,31.34,805,4096,19.65,4897.26,4747.47,118.44,7709.86,7085.9,0,108,49856,0,
2026-03-24T21:20:00+00:00,ATM-GB-0003,host-atm-gb-0003,Windows-Server-2019,25.66,582,4096,14.21,4113.29,2029.82,25.98,7390.8,9265.74,0,99,45612,0,
2026-03-24T21:20:00+00:00,ATM-GB-0004,host-atm-gb-0004,Windows-Server-2019,9.99,753,4096,18.38,184.89,822.38,136.62,8742.81,5432.17,0,98,13770,0,
2026-03-24T21:21:00+00:00,ATM-GB-0001,host-atm-gb-0001,Windows-Server-2019,33.04,1097,4096,26.78,1239.34,908.34,156.59,1608.21,8976.15,0,102,61522,0,
2026-03-24T21:21:00+00:00,ATM-GB-0002,host-atm-gb-0002,Windows-Server-2019,21.44,902,4096,22.02,1649.65,3127.63,155.37,5097.97,9071.56,0,101,74616,0,
2026-03-24T21:21:00+00:00,ATM-GB-0003,host-atm-gb-0003,Windows-Server-2019,17.52,797,4096,19.46,1263.62,3512.02,76.98,1167.67,8257.98,0,105,59137,0,
2026-03-24T21:21:00+00:00,ATM-GB-0004,host-atm-gb-0004,Windows-Server-2019,14.67,511,4096,12.48,2689.89,1199.12,57.59,3488.81,2210.53,0,99,37132,0,
2026-03-24T21:22:00+00:00,ATM-GB-0001,host-atm-gb-0001,Windows-Server-2019,39.37,1029,4096,25.12,295.12,1331.37,121.96,6756.91,4742.8,0,91,64955,0,
2026-03-24T21:22:00+00:00,ATM-GB-0002,host-atm-gb-0002,Windows-Server-2019,28.49,769,4096,18.77,3623.48,2754.21,55.14,5580.2,219.7,0,91,54513,0,
2026-03-24T21:22:00+00:00,ATM-GB-0003,host-atm-gb-0003,Windows-Server-2019,29.09,429,4096,10.47,3985.09,2713.57,86.39,8060.14,7218.26,0,98,44063,0,
2026-03-24T21:22:00+00:00,ATM-GB-0004,host-atm-gb-0004,Windows-Server-2019,17.46,984,4096,24.02,4210.38,450.44,127.2,9753.24,9852.71,0,96,14659,0,
2026-03-24T21:23:00+00:00,ATM-GB-0001,host-atm-gb-0001,Windows-Server-2019,10.4,583,4096,14.23,4828.65,754.0,81.08,7690.68,5749.84,0,83,84242,0,
2026-03-24T21:23:00+00:00,ATM-GB-0002,host-atm-gb-0002,Windows-Server-2019,23.95,1057,4096,25.81,499.4,3068.21,13.85,696.59,6987.49,0,91,70581,0,
2026-03-24T21:23:00+00:00,ATM-GB-0003,host-atm-gb-0003,Windows-Server-2019,23.85,1384,4096,33.79,4623.21,2000.01,139.47,7574.69,5466.9,0,113,85391,0,
2026-03-24T21:23:00+00:00,ATM-GB-0004,host-atm-gb-0004,Windows-Server-2019,21.32,845,4096,20.63,705.24,4905.89,131.5,9989.03,7446.13,0,94,37156,0,
2026-03-24T21:24:00+00:00,ATM-GB-0001,host-atm-gb-0001,Windows-Server-2019,5.37,1114,4096,27.2,1314.38,205.75,146.5,4903.16,520.25,0,111,53297,0,
2026-03-24T21:24:00+00:00,ATM-GB-0002,host-atm-gb-0002,Windows-Server-2019,19.82,1456,4096,35.55,294.59,4792.59,192.49,2043.66,1050.62,0,83,7199,0,
2026-03-24T21:24:00+00:00,ATM-GB-0003,host-atm-gb-0003,Windows-Server-2019,10.93,1224,4096,29.88,1809.91,4616.84,190.11,6922.59,2813.57,0,84,51896,0,
2026-03-24T21:24:00+00:00,ATM-GB-0004,host-atm-gb-0004,Windows-Server-2019,6.03,1319,4096,32.2,157.3,3164.5,31.91,4386.06,7770.93,0,103,64090,0,
2026-03-24T21:25:00+00:00,ATM-GB-0001,host-atm-gb-0001,Windows-Server-2019,22.64,1105,4096,26.98,1843.69,4873.96,67.12,7359.24,2578.82,0,90,23227,0,
2026-03-24T21:25:00+00:00,ATM-GB-0002,host-atm-gb-0002,Windows-Server-2019,16.14,670,4096,16.36,4110.66,1869.3,129.47,5819.48,2673.44,0,94,50156,0,
2026-03-24T21:25:00+00:00,ATM-GB-0003,host-atm-gb-0003,Windows-Server-2019,9.83,1176,4096,28.71,4377.98,3060.75,82.55,6578.52,1798.25,0,104,27623,0,
2026-03-24T21:25:00+00:00,ATM-GB-0004,host-atm-gb-0004,Windows-Server-2019,23.58,1344,4096,32.81,4093.79,3472.56,48.6,9661.65,5703.38,0,113,3929,0,
2026-03-24T21:26:00+00:00,ATM-GB-0001,host-atm-gb-0001,Windows-Server-2019,19.46,981,4096,23.95,3694.79,4293.38,165.52,709.97,696.58,0,103,60125,0,
2026-03-24T21:26:00+00:00,ATM-GB-0002,host-atm-gb-0002,Windows-Server-2019,14.94,1222,4096,29.83,2167.66,2671.9,197.05,93.82,8702.58,0,90,57854,0,
2026-03-24T21:26:00+00:00,ATM-GB-0003,host-atm-gb-0003,Windows-Server-2019,5.17,1430,4096,34.91,885.65,3407.52,120.91,9722.33,8126.22,0,106,81489,0,
2026-03-24T21:26:00+00:00,ATM-GB-0004,host-atm-gb-0004,Windows-Server-2019,11.64,969,4096,23.66,2350.42,2098.82,119.7,4811.81,1919.08,0,119,17749,0,
2026-03-24T21:27:00+00:00,ATM-GB-0001,host-atm-gb-0001,Windows-Server-2019,35.42,1470,4096,35.89,541.72,2187.58,132.51,4882.85,8324.54,0,87,28884,0,
2026-03-24T21:27:00+00:00,ATM-GB-0002,host-atm-gb-0002,Windows-Server-2019,20.12,1306,4096,31.88,52.63,3243.68,124.81,3549.06,7261.39,0,91,55620,0,
2026-03-24T21:27:00+00:00,ATM-GB-0003,host-atm-gb-0003,Windows-Server-2019,5.35,437,4096,10.67,72.07,2643.15,38.47,171.46,7543.27,0,99,63337,0,
2026-03-24T21:27:00+00:00,ATM-GB-0004,host-atm-gb-0004,Windows-Server-2019,6.41,837,4096,20.43,496.28,354.38,32.74,5834.14,3682.99,0,103,72707,0,
2026-03-24T21:28:00+00:00,ATM-GB-0001,host-atm-gb-0001,Windows-Server-2019,22.75,1015,4096,24.78,1216.81,3866.35,162.69,7699.14,8409.23,0,106,84561,0,
2026-03-24T21:28:00+00:00,ATM-GB-0002,host-atm-gb-0002,Windows-Server-2019,25.43,502,4096,12.26,4339.96,2709.5,124.47,652.56,9669.02,0,87,45909,0,
2026-03-24T21:28:00+00:00,ATM-GB-0003,host-atm-gb-0003,Windows-Server-2019,10.01,1470,4096,35.89,1619.69,653.46,119.55,1578.83,3102.66,0,89,69984,0,
2026-03-24T21:28:00+00:00,ATM-GB-0004,host-atm-gb-0004,Windows-Server-2019,16.29,1337,4096,32.64,4357.81,1306.9,154.07,4496.67,7848.52,0,89,67213,0,
2026-03-24T21:29:00+00:00,ATM-GB-0001,host-atm-gb-0001,Windows-Server-2019,34.97,1023,4096,24.98,3278.74,3841.85,21.5,7274.01,938.31,0,94,57699,0,
2026-03-24T21:29:00+00:00,ATM-GB-0002,host-atm-gb-0002,Windows-Server-2019,30.46,779,4096,19.02,1339.97,2998.84,97.56,3938.41,2635.06,0,104,14773,0,
2026-03-24T21:29:00+00:00,ATM-GB-0003,host-atm-gb-0003,Windows-Server-2019,6.58,855,4096,20.87,1214.78,95.01,73.1,8723.21,1105.22,0,100,5804,0,
2026-03-24T21:29:00+00:00,ATM-GB-0004,host-atm-gb-0004,Windows-Server-2019,17.98,1102,4096,26.9,1200.44,3192.58,183.58,6880.65,2415.44,0,87,18508,0,
2026-03-24T21:30:00+00:00,ATM-GB-0001,host-atm-gb-0001,Windows-Server-2019,16.32,567,4096,13.84,2908.88,1426.58,36.74,8015.62,5389.32,0,106,23554,0,
2026-03-24T21:30:00+00:00,ATM-GB-0002,host-atm-gb-0002,Windows-Server-2019,14.89,1033,4096,25.22,3888.33,2345.74,11.24,8877.33,489.9,0,113,35109,0,
2026-03-24T21:30:00+00:00,ATM-GB-0003,host-atm-gb-0003,Windows-Server-2019,20.06,1190,4096,29.05,4304.72,3926.18,10.66,2566.42,8985.11,0,84,35229,0,
2026-03-24T21:30:00+00:00,ATM-GB-0004,host-atm-gb-0004,Windows-Server-2019,6.27,1289,4096,31.47,2727.03,2952.25,37.64,2097.13,8334.18,0,101,10318,0,
2026-03-24T21:31:00+00:00,ATM-GB-0001,host-atm-gb-0001,Windows-Server-2019,23.82,429,4096,10.47,2119.81,2372.74,186.11,7759.77,9707.22,0,95,43414,0,
2026-03-24T21:31:00+00:00,ATM-GB-0002,host-atm-gb-0002,Windows-Server-2019,37.62,721,4096,17.6,2697.48,4074.02,106.56,6354.21,5760.45,0,89,45956,0,
2026-03-24T21:31:00+00:00,ATM-GB-0003,host-atm-gb-0003,Windows-Server-2019,34.93,479,4096,11.69,4144.18,3135.04,75.86,3409.2,2752.35,0,116,7238,0,
2026-03-24T21:31:00+00:00,ATM-GB-0004,host-atm-gb-0004,Windows-Server-2019,7.47,427,4096,10.42,3610.91,3164.42,133.19,9248.75,2256.91,0,101,12478,0,
2026-03-24T21:32:00+00:00,ATM-GB-0001,host-atm-gb-0001,Windows-Server-2019,10.51,1304,4096,31.84,4907.43,2064.43,55.48,1469.18,1112.72,0,89,52142,0,
2026-03-24T21:32:00+00:00,ATM-GB-0002,host-atm-gb-0002,Windows-Server-2019,10.43,1138,4096,27.78,2312.74,850.08,36.77,919.52,9893.75,0,104,61419,0,
2026-03-24T21:32:00+00:00,ATM-GB-0003,host-atm-gb-0003,Windows-Server-2019,8.1,933,4096,22.78,967.12,3464.51,66.72,573.11,9235.94,0,108,13651,0,
2026-03-24T21:32:00+00:00,ATM-GB-0004,host-atm-gb-0004,Windows-Server-2019,24.13,926,4096,22.61,2819.2,484.99,80.97,2693.61,678.09,0,89,15108,0,
2026-03-24T21:33:00+00:00,ATM-GB-0001,host-atm-gb-0001,Windows-Server-2019,26.68,1305,4096,31.86,1123.23,1799.64,143.92,1294.44,9239.4,0,81,55496,0,
2026-03-24T21:33:00+00:00,ATM-GB-0002,host-atm-gb-0002,Windows-Server-2019,21.42,1491,4096,36.4,1398.45,2339.81,54.55,5133.07,5456.3,0,85,39200,0,
2026-03-24T21:33:00+00:00,ATM-GB-0003,host-atm-gb-0003,Windows-Server-2019,11.62,860,4096,21.0,1237.5,2835.85,171.25,4538.14,629.46,0,96,40172,0,
2026-03-24T21:33:00+00:00,ATM-GB-0004,host-atm-gb-0004,Windows-Server-2019,10.21,1298,4096,31.69,4550.5,4298.52,78.15,3280.56,6932.59,0,109,10658,0,
2026-03-24T21:34:00+00:00,ATM-GB-0001,host-atm-gb-0001,Windows-Server-2019,12.18,481,4096,11.74,2185.65,2816.92,136.76,9843.36,7428.13,0,90,13804,0,
2026-03-24T21:34:00+00:00,ATM-GB-0002,host-atm-gb-0002,Windows-Server-2019,15.82,1055,4096,25.76,3240.29,153.43,124.81,2435.9,5169.99,0,80,7790,0,
2026-03-24T21:34:00+00:00,ATM-GB-0003,host-atm-gb-0003,Windows-Server-2019,15.98,1394,4096,34.03,1476.76,3519.16,135.04,6035.76,1800.88,0,108,82799,0,
2026-03-24T21:34:00+00:00,ATM-GB-0004,host-atm-gb-0004,Windows-Server-2019,37.29,705,4096,17.21,75.91,3894.49,120.16,2326.55,8885.88,0,97,36452,0,
2026-03-24T21:35:00+00:00,ATM-GB-0001,host-atm-gb-0001,Windows-Server-2019,9.31,1242,4096,30.32,1348.33,1222.18,193.57,976.91,87.46,0,109,81636,0,
2026-03-24T21:35:00+00:00,ATM-GB-0002,host-atm-gb-0002,Windows-Server-2019,28.42,1198,4096,29.25,2530.22,2939.37,52.76,9601.97,3019.54,0,103,63438,0,
2026-03-24T21:35:00+00:00,ATM-GB-0003,host-atm-gb-0003,Windows-Server-2019,19.44,1383,4096,33.76,4986.69,200.76,90.37,7493.44,1934.1,0,113,25050,0,
2026-03-24T21:35:00+00:00,ATM-GB-0004,host-atm-gb-0004,Windows-Server-2019,6.15,1364,4096,33.3,1762.41,472.11,145.75,6546.15,9299.57,0,119,84427,0,
2026-03-24T21:36:00+00:00,ATM-GB-0001,host-atm-gb-0001,Windows-Server-2019,37.41,1237,4096,30.2,4515.7,3605.3,180.82,3588.73,1418.8,0,105,41262,0,
2026-03-24T21:36:00+00:00,ATM-GB-0002,host-atm-gb-0002,Windows-Server-2019,16.03,430,4096,10.5,4422.81,1180.49,198.58,5424.08,2404.05,0,98,27968,0,
2026-03-24T21:36:00+00:00,ATM-GB-0003,host-atm-gb-0003,Windows-Server-2019,38.19,567,4096,13.84,1357.92,3266.18,141.33,661.35,8014.04,0,92,38843,0,
2026-03-24T21:36:00+00:00,ATM-GB-0004,host-atm-gb-0004,Windows-Server-2019,36.62,1034,4096,25.24,2985.3,4066.23,178.55,8169.76,1077.25,0,107,54024,0,
2026-03-24T21:37:00+00:00,ATM-GB-0001,host-atm-gb-0001,Windows-Server-2019,20.28,1415,4096,34.55,4626.23,1973.89,20.66,6326.91,443.43,0,117,78906,0,
2026-03-24T21:37:00+00:00,ATM-GB-0002,host-atm-gb-0002,Windows-Server-2019,10.82,1246,4096,30.42,1570.87,1208.32,137.75,5440.25,6289.21,0,97,72170,0,
2026-03-24T21:37:00+00:00,ATM-GB-0003,host-atm-gb-0003,Windows-Server-2019,18.98,1406,4096,34.33,3938.88,2280.47,133.73,6425.45,7630.13,0,91,75377,0,
2026-03-24T21:37:00+00:00,ATM-GB-0004,host-atm-gb-0004,Windows-Server-2019,23.55,914,4096,22.31,4979.31,3851.16,130.33,4355.57,6456.28,0,101,66497,0,
2026-03-24T21:38:00+00:00,ATM-GB-0001,host-atm-gb-0001,Windows-Server-2019,18.14,690,4096,16.85,80.99,2167.1,25.53,5464.42,1244.81,0,101,29867,0,
2026-03-24T21:38:00+00:00,ATM-GB-0002,host-atm-gb-0002,Windows-Server-2019,14.59,587,4096,14.33,4603.6,37.96,42.63,2313.35,7778.71,0,105,4678,0,
2026-03-24T21:38:00+00:00,ATM-GB-0003,host-atm-gb-0003,Windows-Server-2019,36.38,1413,4096,34.5,3409.13,875.0,78.52,5248.31,9596.04,0,86,63114,0,
2026-03-24T21:38:00+00:00,ATM-GB-0004,host-atm-gb-0004,Windows-Server-2019,11.66,664,4096,16.21,4786.95,7.31,50.97,5126.26,2458.27,0,109,5803,0,
2026-03-24T21:39:00+00:00,ATM-GB-0001,host-atm-gb-0001,Windows-Server-2019,38.4,1181,4096,28.83,3811.94,54.93,171.01,7337.86,8900.32,0,109,53152,0,
2026-03-24T21:39:00+00:00,ATM-GB-0002,host-atm-gb-0002,Windows-Server-2019,35.86,523,4096,12.77,814.13,1427.49,75.28,2809.28,4623.5,0,118,37177,0,
2026-03-24T21:39:00+00:00,ATM-GB-0003,host-atm-gb-0003,Windows-Server-2019,39.59,1395,4096,34.06,3011.18,4411.68,164.18,5759.93,7717.89,0,95,29474,0,
2026-03-24T21:39:00+00:00,ATM-GB-0004,host-atm-gb-0004,Windows-Server-2019,31.7,785,4096,19.17,1416.21,14.87,26.09,1538.06,2858.89,0,103,35064,0,
2026-03-24T21:40:00+00:00,ATM-GB-0001,host-atm-gb-0001,Windows-Server-2019,33.12,1208,4096,29.49,4386.53,3977.12,172.11,2783.41,6569.28,0,94,80684,0,
2026-03-24T21:40:00+00:00,ATM-GB-0002,host-atm-gb-0002,Windows-Server-2019,14.86,1350,4096,32.96,1147.73,1201.26,132.92,2763.37,7156.03,0,120,71460,0,
2026-03-24T21:40:00+00:00,ATM-GB-0003,host-atm-gb-0003,Windows-Server-2019,9.04,1279,4096,31.23,401.32,4038.96,126.6,7438.22,9803.3,0,103,34394,0,
2026-03-24T21:40:00+00:00,ATM-GB-0004,host-atm-gb-0004,Windows-Server-2019,5.78,905,4096,22.09,856.61,2993.64,181.48,5186.61,6067.6,0,80,18324,0,
2026-03-24T21:41:00+00:00,ATM-GB-0001,host-atm-gb-0001,Windows-Server-2019,9.8,596,4096,14.55,3583.19,3033.25,65.93,4378.78,7321.02,0,84,39373,0,
2026-03-24T21:41:00+00:00,ATM-GB-0002,host-atm-gb-0002,Windows-Server-2019,26.31,1218,4096,29.74,1145.74,1732.87,190.36,8345.5,9440.02,0,107,65238,0,
2026-03-24T21:41:00+00:00,ATM-GB-0003,host-atm-gb-0003,Windows-Server-2019,6.43,1394,4096,34.03,4258.17,836.86,136.74,9773.09,5837.84,0,112,78157,0,
2026-03-24T21:41:00+00:00,ATM-GB-0004,host-atm-gb-0004,Windows-Server-2019,15.22,1230,4096,30.03,4765.04,787.14,75.58,6059.98,4839.87,0,110,15229,0,
2026-03-24T21:42:00+00:00,ATM-GB-0001,host-atm-gb-0001,Windows-Server-2019,11.06,1087,4096,26.54,2035.22,4086.03,28.3,608.38,2282.29,0,108,61862,0,
2026-03-24T21:42:00+00:00,ATM-GB-0002,host-atm-gb-0002,Windows-Server-2019,34.9,640,4096,15.62,1851.55,3246.69,40.6,6714.03,5797.21,0,85,41841,0,
2026-03-24T21:42:00+00:00,ATM-GB-0003,host-atm-gb-0003,Windows-Server-2019,27.81,1259,4096,30.74,3198.06,1814.76,35.72,2811.34,4691.03,0,111,86381,0,
2026-03-24T21:42:00+00:00,ATM-GB-0004,host-atm-gb-0004,Windows-Server-2019,13.6,1216,4096,29.69,2884.18,4154.25,143.48,7224.6,1946.0,0,116,43748,0,
2026-03-24T21:43:00+00:00,ATM-GB-0001,host-atm-gb-0001,Windows-Server-2019,35.54,1145,4096,27.95,2862.9,1408.0,144.6,7493.53,7500.35,0,109,76450,0,
2026-03-24T21:43:00+00:00,ATM-GB-0002,host-atm-gb-0002,Windows-Server-2019,9.39,1467,4096,35.82,4576.52,1222.44,91.31,4137.03,6795.38,0,109,58722,0,
2026-03-24T21:43:00+00:00,ATM-GB-0003,host-atm-gb-0003,Windows-Server-2019,9.99,639,4096,15.6,3757.78,486.68,127.0,116.07,6815.36,0,96,20210,0,
2026-03-24T21:43:00+00:00,ATM-GB-0004,host-atm-gb-0004,Windows-Server-2019,19.32,843,4096,20.58,2006.64,4957.14,93.15,3668.57,7136.97,0,104,77097,0,
2026-03-24T21:44:00+00:00,ATM-GB-0001,host-atm-gb-0001,Windows-Server-2019,34.68,604,4096,14.75,1064.06,3223.29,83.23,7768.88,6524.78,0,107,62288,0,
2026-03-24T21:44:00+00:00,ATM-GB-0002,host-atm-gb-0002,Windows-Server-2019,39.9,568,4096,13.87,2075.56,4830.69,93.6,5576.75,7012.18,0,110,68723,0,
2026-03-24T21:44:00+00:00,ATM-GB-0003,host-atm-gb-0003,Windows-Server-2019,7.29,1272,4096,31.05,334.14,4261.42,38.35,8388.36,664.47,0,115,5435,0,
2026-03-24T21:44:00+00:00,ATM-GB-0004,host-atm-gb-0004,Windows-Server-2019,32.57,929,4096,22.68,20.16,3881.7,95.81,5456.68,578.22,0,101,58268,0,
2026-03-24T21:45:00+00:00,ATM-GB-0001,host-atm-gb-0001,Windows-Server-2019,22.4,1185,4096,28.93,2785.72,1187.58,47.47,9806.77,762.85,0,93,84236,0,
2026-03-24T21:45:00+00:00,ATM-GB-0002,host-atm-gb-0002,Windows-Server-2019,6.15,1303,4096,31.81,3044.72,4581.67,129.37,9412.97,4628.69,0,85,19218,0,
2026-03-24T21:45:00+00:00,ATM-GB-0003,host-atm-gb-0003,Windows-Server-2019,14.22,1372,4096,33.5,3669.95,4444.34,48.32,8367.71,6074.67,0,85,43756,0,
2026-03-24T21:45:00+00:00,ATM-GB-0004,host-atm-gb-0004,Windows-Server-2019,5.96,899,4096,21.95,54.85,2930.3,135.73,456.12,36.06,0,120,80349,0,
2026-03-24T21:46:00+00:00,ATM-GB-0001,host-atm-gb-0001,Windows-Server-2019,20.44,1223,4096,29.86,4995.89,317.74,90.42,2529.31,199.26,0,106,52866,0,
2026-03-24T21:46:00+00:00,ATM-GB-0002,host-atm-gb-0002,Windows-Server-2019,31.68,1252,4096,30.57,4579.2,3312.97,187.02,4443.86,4613.92,0,101,40124,0,
2026-03-24T21:46:00+00:00,ATM-GB-0003,host-atm-gb-0003,Windows-Server-2019,37.95,832,4096,20.31,2071.18,4631.87,100.3,7339.98,7401.55,0,115,28442,0,
2026-03-24T21:46:00+00:00,ATM-GB-0004,host-atm-gb-0004,Windows-Server-2019,6.17,1500,4096,36.62,1322.53,4786.49,29.21,6272.93,4018.0,0,93,32362,0,
2026-03-24T21:47:00+00:00,ATM-GB-0001,host-atm-gb-0001,Windows-Server-2019,28.69,656,4096,16.02,3555.19,833.85,185.12,7760.4,9192.7,0,103,21807,0,
2026-03-24T21:47:00+00:00,ATM-GB-0002,host-atm-gb-0002,Windows-Server-2019,26.62,883,4096,21.56,1654.85,3706.59,156.04,3302.24,1083.92,0,116,18806,0,
2026-03-24T21:47:00+00:00,ATM-GB-0003,host-atm-gb-0003,Windows-Server-2019,10.33,1229,4096,30.0,1636.81,4138.56,16.67,584.26,4266.42,0,119,38847,0,
2026-03-24T21:47:00+00:00,ATM-GB-0004,host-atm-gb-0004,Windows-Server-2019,7.7,630,4096,15.38,4826.34,180.9,148.47,4089.31,6421.86,0,83,63706,0,
2026-03-24T21:48:00+00:00,ATM-GB-0001,host-atm-gb-0001,Windows-Server-2019,9.45,584,4096,14.26,176.62,4696.99,191.61,6657.49,4368.86,0,97,77018,0,
2026-03-24T21:48:00+00:00,ATM-GB-0002,host-atm-gb-0002,Windows-Server-2019,36.21,424,4096,10.35,224.5,2615.64,41.01,8919.62,2319.26,0,82,77681,0,
2026-03-24T21:48:00+00:00,ATM-GB-0003,host-atm-gb-0003,Windows-Server-2019,6.19,1298,4096,31.69,1959.66,3120.97,165.39,4387.96,1494.84,0,93,27600,0,
2026-03-24T21:48:00+00:00,ATM-GB-0004,host-atm-gb-0004,Windows-Server-2019,5.87,890,4096,21.73,4701.77,2530.06,185.79,7634.69,5024.82,0,96,34525,0,
2026-03-24T21:49:00+00:00,ATM-GB-0001,host-atm-gb-0001,Windows-Server-2019,13.24,1205,4096,29.42,3520.14,256.05,129.84,8628.41,4134.23,0,87,50923,0,
2026-03-24T21:49:00+00:00,ATM-GB-0002,host-atm-gb-0002,Windows-Server-2019,38.89,1097,4096,26.78,3582.7,252.22,100.57,178.33,5196.41,0,95,48798,0,
2026-03-24T21:49:00+00:00,ATM-GB-0003,host-atm-gb-0003,Windows-Server-2019,12.14,1001,4096,24.44,4560.28,1115.28,98.69,3620.95,2642.92,0,99,3750,0,
2026-03-24T21:49:00+00:00,ATM-GB-0004,host-atm-gb-0004,Windows-Server-2019,23.21,1154,4096,28.17,3917.01,3175.48,180.29,6358.53,69.14,0,86,10730,0,
2026-03-24T21:50:00+00:00,ATM-GB-0001,host-atm-gb-0001,Windows-Server-2019,29.95,707,4096,17.26,2268.77,606.02,149.08,5395.03,1181.49,0,86,71980,0,
2026-03-24T21:50:00+00:00,ATM-GB-0002,host-atm-gb-0002,Windows-Server-2019,35.7,1408,4096,34.38,2706.01,1938.35,25.29,1314.97,9371.06,0,105,76044,0,
2026-03-24T21:50:00+00:00,ATM-GB-0003,host-atm-gb-0003,Windows-Server-2019,17.9,671,4096,16.38,1261.84,920.8,20.5,2760.73,6751.96,0,119,22980,0,
2026-03-24T21:50:00+00:00,ATM-GB-0004,host-atm-gb-0004,Windows-Server-2019,15.18,990,4096,24.17,4285.2,3711.68,132.43,5783.65,1286.56,0,94,36198,0,
2026-03-24T21:51:00+00:00,ATM-GB-0001,host-atm-gb-0001,Windows-Server-2019,21.86,970,4096,23.68,2192.77,23.64,25.29,3016.34,9298.44,0,100,20979,0,
2026-03-24T21:51:00+00:00,ATM-GB-0002,host-atm-gb-0002,Windows-Server-2019,28.29,1074,4096,26.22,1065.66,4463.43,112.49,9578.95,5018.57,0,89,4317,0,
2026-03-24T21:51:00+00:00,ATM-GB-0003,host-atm-gb-0003,Windows-Server-2019,38.79,1137,4096,27.76,3965.85,603.86,189.15,2405.18,8916.64,0,114,34289,0,
2026-03-24T21:51:00+00:00,ATM-GB-0004,host-atm-gb-0004,Windows-Server-2019,8.35,1280,4096,31.25,995.72,2557.28,121.65,1473.22,8277.64,0,114,54921,0,
2026-03-24T21:52:00+00:00,ATM-GB-0001,host-atm-gb-0001,Windows-Server-2019,28.18,861,4096,21.02,932.12,20.38,117.72,7147.76,5765.07,0,108,23862,0,
2026-03-24T21:52:00+00:00,ATM-GB-0002,host-atm-gb-0002,Windows-Server-2019,31.58,1051,4096,25.66,3372.16,1191.03,158.71,1582.64,2145.63,0,93,9561,0,
2026-03-24T21:52:00+00:00,ATM-GB-0003,host-atm-gb-0003,Windows-Server-2019,10.16,1277,4096,31.18,2795.3,112.34,141.39,6756.27,4605.99,0,89,62303,0,
2026-03-24T21:52:00+00:00,ATM-GB-0004,host-atm-gb-0004,Windows-Server-2019,26.69,1257,4096,30.69,4619.02,4799.04,162.67,1535.14,845.32,0,112,19978,0,
2026-03-24T21:53:00+00:00,ATM-GB-0001,host-atm-gb-0001,Windows-Server-2019,8.44,644,4096,15.72,3251.32,1899.18,154.35,5943.03,1586.52,0,95,36766,0,
2026-03-24T21:53:00+00:00,ATM-GB-0002,host-atm-gb-0002,Windows-Server-2019,11.91,1145,4096,27.95,2986.91,456.67,191.12,3142.42,6929.21,0,81,48266,0,
2026-03-24T21:53:00+00:00,ATM-GB-0003,host-atm-gb-0003,Windows-Server-2019,27.22,876,4096,21.39,4671.69,1395.6,184.75,163.36,9646.87,0,111,39491,0,
2026-03-24T21:53:00+00:00,ATM-GB-0004,host-atm-gb-0004,Windows-Server-2019,20.29,1388,4096,33.89,4529.36,440.79,128.99,9256.9,1397.51,0,116,71192,0,
2026-03-24T21:54:00+00:00,ATM-GB-0001,host-atm-gb-0001,Windows-Server-2019,32.23,1318,4096,32.18,1274.21,1228.08,108.81,7893.55,7261.21,0,115,59537,0,
2026-03-24T21:54:00+00:00,ATM-GB-0002,host-atm-gb-0002,Windows-Server-2019,13.33,1211,4096,29.57,2866.49,2375.41,154.75,5475.74,7277.86,0,94,41021,0,
2026-03-24T21:54:00+00:00,ATM-GB-0003,host-atm-gb-0003,Windows-Server-2019,24.94,1082,4096,26.42,1635.24,1371.37,198.38,2502.91,6847.88,0,120,60351,0,
2026-03-24T21:54:00+00:00,ATM-GB-0004,host-atm-gb-0004,Windows-Server-2019,33.06,1420,4096,34.67,4977.12,1371.83,39.66,2323.77,2212.08,0,82,16156,0,
2026-03-24T21:55:00+00:00,ATM-GB-0001,host-atm-gb-0001,Windows-Server-2019,24.2,1060,4096,25.88,4464.44,2828.12,76.37,3124.28,6273.0,0,90,59843,0,
2026-03-24T21:55:00+00:00,ATM-GB-0002,host-atm-gb-0002,Windows-Server-2019,17.95,404,4096,9.86,537.51,4829.18,190.77,6722.31,8665.71,0,104,32770,0,
2026-03-24T21:55:00+00:00,ATM-GB-0003,host-atm-gb-0003,Windows-Server-2019,33.89,1017,4096,24.83,2743.32,2577.21,45.15,2936.25,1288.7,0,112,40436,0,
2026-03-24T21:55:00+00:00,ATM-GB-0004,host-atm-gb-0004,Windows-Server-2019,16.62,1074,4096,26.22,3827.92,2282.63,35.9,4336.34,3644.48,0,108,33075,0,
2026-03-24T21:56:00+00:00,ATM-GB-0001,host-atm-gb-0001,Windows-Server-2019,23.1,1310,4096,31.98,2206.97,1927.49,141.48,1626.18,4585.39,0,117,24178,0,
2026-03-24T21:56:00+00:00,ATM-GB-0002,host-atm-gb-0002,Windows-Server-2019,7.8,1280,4096,31.25,2758.63,46.69,100.96,8143.93,548.11,0,96,35822,0,
2026-03-24T21:56:00+00:00,ATM-GB-0003,host-atm-gb-0003,Windows-Server-2019,6.34,1385,4096,33.81,728.44,739.59,169.82,4238.43,9827.4,0,99,47276,0,
2026-03-24T21:56:00+00:00,ATM-GB-0004,host-atm-gb-0004,Windows-Server-2019,26.05,1358,4096,33.15,1903.46,4164.86,47.53,3430.13,9264.32,0,89,45163,0,
2026-03-24T21:57:00+00:00,ATM-GB-0001,host-atm-gb-0001,Windows-Server-2019,33.83,823,4096,20.09,2763.31,4816.3,175.01,3816.71,1822.1,0,89,83995,0,
2026-03-24T21:57:00+00:00,ATM-GB-0002,host-atm-gb-0002,Windows-Server-2019,24.54,929,4096,22.68,574.03,2527.24,87.04,1517.87,9254.05,0,81,25666,0,
2026-03-24T21:57:00+00:00,ATM-GB-0003,host-atm-gb-0003,Windows-Server-2019,16.84,1404,4096,34.28,4740.34,2035.13,49.33,9719.58,9174.43,0,92,61873,0,
2026-03-24T21:57:00+00:00,ATM-GB-0004,host-atm-gb-0004,Windows-Server-2019,19.8,1496,4096,36.52,3274.35,1164.71,124.03,5014.77,6869.2,0,88,15482,0,
2026-03-24T21:58:00+00:00,ATM-GB-0001,host-atm-gb-0001,Windows-Server-2019,39.38,624,4096,15.23,3672.28,4700.91,41.41,6808.64,323.63,0,98,85724,0,
2026-03-24T21:58:00+00:00,ATM-GB-0002,host-atm-gb-0002,Windows-Server-2019,38.68,1415,4096,34.55,1104.35,2521.67,113.98,2878.21,4057.11,0,96,34784,0,
2026-03-24T21:58:00+00:00,ATM-GB-0003,host-atm-gb-0003,Windows-Server-2019,25.7,1405,4096,34.3,4392.14,65.08,107.67,1558.83,9270.73,0,113,53878,0,
2026-03-24T21:58:00+00:00,ATM-GB-0004,host-atm-gb-0004,Windows-Server-2019,29.55,584,4096,14.26,1861.37,2348.1,184.33,113.98,2272.97,0,96,27894,0,
2026-03-24T21:59:00+00:00,ATM-GB-0001,host-atm-gb-0001,Windows-Server-2019,8.38,1259,4096,30.74,4964.26,1081.26,119.94,8791.3,7540.67,0,80,83448,0,
2026-03-24T21:59:00+00:00,ATM-GB-0002,host-atm-gb-0002,Windows-Server-2019,15.06,1387,4096,33.86,4780.1,164.55,109.58,5559.97,5805.97,0,86,74542,0,
2026-03-24T21:59:00+00:00,ATM-GB-0003,host-atm-gb-0003,Windows-Server-2019,8.09,566,4096,13.82,2661.76,4793.11,165.38,5436.21,8221.3,0,109,30372,0,
2026-03-24T21:59:00+00:00,ATM-GB-0004,host-atm-gb-0004,Windows-Server-2019,34.86,1241,4096,30.3,2881.76,2957.96,54.31,9864.08,4114.23,0,86,8436,0,
2026-03-24T22:00:00+00:00,ATM-GB-0001,host-atm-gb-0001,Windows-Server-2019,29.42,705,4096,17.21,2163.68,4893.8,98.22,1921.99,4611.5,0,87,41031,0,
2026-03-24T22:00:00+00:00,ATM-GB-0002,host-atm-gb-0002,Windows-Server-2019,8.52,1292,4096,31.54,2758.37,3307.09,25.43,4539.12,3655.4,0,104,55437,0,
2026-03-24T22:00:00+00:00,ATM-GB-0003,host-atm-gb-0003,Windows-Server-2019,25.56,646,4096,15.77,195.82,4660.59,36.16,7578.75,6498.56,0,85,66243,0,
2026-03-24T22:00:00+00:00,ATM-GB-0004,host-atm-gb-0004,Windows-Server-2019,33.28,1168,4096,28.52,2935.19,483.24,53.5,3368.71,4705.22,0,96,23850,0,
2026-03-24T22:01:00+00:00,ATM-GB-0001,host-atm-gb-0001,Windows-Server-2019,5.56,1359,4096,33.18,2979.15,2127.69,195.22,6615.24,6118.62,0,102,67407,0,
2026-03-24T22:01:00+00:00,ATM-GB-0002,host-atm-gb-0002,Windows-Server-2019,31.44,997,4096,24.34,1264.7,3644.72,11.91,8086.4,6087.71,0,117,36277,0,
2026-03-24T22:01:00+00:00,ATM-GB-0003,host-atm-gb-0003,Windows-Server-2019,14.09,1426,4096,34.81,1810.46,3137.62,143.37,5001.0,2151.86,0,94,17694,0,
2026-03-24T22:01:00+00:00,ATM-GB-0004,host-atm-gb-0004,Windows-Server-2019,37.63,775,4096,18.92,4421.55,2324.13,66.22,9200.53,6241.91,0,115,26128,0,
2026-03-24T22:02:00+00:00,ATM-GB-0001,host-atm-gb-0001,Windows-Server-2019,38.4,1088,4096,26.56,1631.01,253.73,112.98,5733.04,4518.07,0,101,71564,0,
2026-03-24T22:02:00+00:00,ATM-GB-0002,host-atm-gb-0002,Windows-Server-2019,10.71,981,4096,23.95,4668.86,3160.55,97.67,6271.99,1798.73,0,99,12849,0,
2026-03-24T22:02:00+00:00,ATM-GB-0003,host-atm-gb-0003,Windows-Server-2019,13.78,1261,4096,30.79,271.47,2598.74,64.69,9510.85,7741.46,0,103,20605,0,
2026-03-24T22:02:00+00:00,ATM-GB-0004,host-atm-gb-0004,Windows-Server-2019,23.82,1150,4096,28.08,95.17,3428.12,11.5,3037.71,1809.54,0,90,79704,0,
2026-03-24T22:03:00+00:00,ATM-GB-0001,host-atm-gb-0001,Windows-Server-2019,36.58,1076,4096,26.27,302.62,1234.62,30.11,5800.11,2168.54,0,104,78071,0,
2026-03-24T22:03:00+00:00,ATM-GB-0002,host-atm-gb-0002,Windows-Server-2019,13.03,895,4096,21.85,2079.56,879.83,165.06,6944.82,7012.43,0,117,14711,0,
2026-03-24T22:03:00+00:00,ATM-GB-0003,host-atm-gb-0003,Windows-Server-2019,11.16,1303,4096,31.81,681.29,2537.86,19.24,3443.75,5307.66,0,102,17052,0,
2026-03-24T22:03:00+00:00,ATM-GB-0004,host-atm-gb-0004,Windows-Server-2019,6.79,690,4096,16.85,491.02,149.89,67.14,54.22,2979.6,0,85,34434,0,
2026-03-24T22:04:00+00:00,ATM-GB-0001,host-atm-gb-0001,Windows-Server-2019,13.2,789,4096,19.26,3627.66,816.4,25.65,70.45,8679.53,0,114,23267,0,
2026-03-24T22:04:00+00:00,ATM-GB-0002,host-atm-gb-0002,Windows-Server-2019,20.7,777,4096,18.97,4117.95,118.27,89.15,6362.51,8703.7,0,107,44768,0,
2026-03-24T22:04:00+00:00,ATM-GB-0003,host-atm-gb-0003,Windows-Server-2019,29.19,957,4096,23.36,2738.2,1059.28,198.17,2679.0,7747.29,0,111,24346,0,
2026-03-24T22:04:00+00:00,ATM-GB-0004,host-atm-gb-0004,Windows-Server-2019,25.39,607,4096,14.82,4183.19,2593.48,191.23,5008.26,3676.84,0,95,60837,0,
2026-03-24T22:05:00+00:00,ATM-GB-0001,host-atm-gb-0001,Windows-Server-2019,27.56,869,4096,21.22,3748.76,2127.2,126.09,1224.86,5474.65,0,104,66613,0,
2026-03-24T22:05:00+00:00,ATM-GB-0002,host-atm-gb-0002,Windows-Server-2019,35.78,1399,4096,34.16,3468.7,4282.55,86.65,9881.31,7978.87,0,84,14475,0,
2026-03-24T22:05:00+00:00,ATM-GB-0003,host-atm-gb-0003,Windows-Server-2019,34.26,954,4096,23.29,238.71,1870.98,191.08,9067.08,9720.31,0,106,53894,0,
2026-03-24T22:05:00+00:00,ATM-GB-0004,host-atm-gb-0004,Windows-Server-2019,13.05,1129,4096,27.56,2890.48,1992.14,64.8,7005.51,8432.06,0,91,84681,0,
2026-03-24T22:06:00+00:00,ATM-GB-0001,host-atm-gb-0001,Windows-Server-2019,37.9,1324,4096,32.32,2023.39,1537.28,143.16,4009.23,1109.55,0,106,33627,0,
2026-03-24T22:06:00+00:00,ATM-GB-0002,host-atm-gb-0002,Windows-Server-2019,8.54,1234,4096,30.13,2659.74,935.11,116.66,9885.82,330.16,0,97,48925,0,
2026-03-24T22:06:00+00:00,ATM-GB-0003,host-atm-gb-0003,Windows-Server-2019,20.7,1375,4096,33.57,3947.0,2807.52,22.93,8205.08,4289.93,0,113,10534,0,
2026-03-24T22:06:00+00:00,ATM-GB-0004,host-atm-gb-0004,Windows-Server-2019,35.29,841,4096,20.53,3880.84,4555.53,59.76,5426.12,9977.43,0,98,20042,0,
2026-03-24T22:07:00+00:00,ATM-GB-0001,host-atm-gb-0001,Windows-Server-2019,11.74,1309,4096,31.96,4778.09,713.93,65.7,1583.8,2076.86,0,99,50010,0,
2026-03-24T22:07:00+00:00,ATM-GB-0002,host-atm-gb-0002,Windows-Server-2019,5.37,1248,4096,30.47,1226.87,4056.79,32.4,4750.33,3611.66,0,118,70133,0,
2026-03-24T22:07:00+00:00,ATM-GB-0003,host-atm-gb-0003,Windows-Server-2019,23.86,1148,4096,28.03,3557.01,2576.63,138.22,2576.94,5557.1,0,81,72985,0,
2026-03-24T22:07:00+00:00,ATM-GB-0004,host-atm-gb-0004,Windows-Server-2019,22.66,635,4096,15.5,1659.52,4472.96,83.57,7865.99,5349.26,0,87,43461,0,
2026-03-24T22:08:00+00:00,ATM-GB-0001,host-atm-gb-0001,Windows-Server-2019,15.81,904,4096,22.07,4987.64,3551.76,152.6,9384.64,9799.69,0,99,41105,0,
2026-03-24T22:08:00+00:00,ATM-GB-0002,host-atm-gb-0002,Windows-Server-2019,21.22,570,4096,13.92,1684.69,1841.69,198.34,6797.48,1704.61,0,85,28731,0,
2026-03-24T22:08:00+00:00,ATM-GB-0003,host-atm-gb-0003,Windows-Server-2019,28.52,531,4096,12.96,2468.92,2129.11,190.7,4223.29,3530.36,0,111,49373,0,
2026-03-24T22:08:00+00:00,ATM-GB-0004,host-atm-gb-0004,Windows-Server-2019,5.28,1225,4096,29.91,1369.98,3208.8,30.38,9802.39,9204.41,0,102,7953,0,
2026-03-24T22:09:00+00:00,ATM-GB-0001,host-atm-gb-0001,Windows-Server-2019,21.5,1053,4096,25.71,1064.3,646.16,18.98,9566.12,7573.22,0,90,53976,0,
2026-03-24T22:09:00+00:00,ATM-GB-0002,host-atm-gb-0002,Windows-Server-2019,17.97,850,4096,20.75,3481.06,3597.8,93.77,6628.94,2213.64,0,105,18374,0,
2026-03-24T22:09:00+00:00,ATM-GB-0003,host-atm-gb-0003,Windows-Server-2019,20.41,770,4096,18.8,1559.13,4556.77,139.95,9497.47,6629.38,0,92,36761,0,
2026-03-24T22:09:00+00:00,ATM-GB-0004,host-atm-gb-0004,Windows-Server-2019,27.13,414,4096,10.11,3521.63,4097.88,125.08,1459.36,8044.35,0,93,51023,0,
2026-03-24T22:10:00+00:00,ATM-GB-0001,host-atm-gb-0001,Windows-Server-2019,30.29,950,4096,23.19,2871.55,4444.85,12.99,199.31,1498.98,0,85,28950,0,
2026-03-24T22:10:00+00:00,ATM-GB-0002,host-atm-gb-0002,Windows-Server-2019,19.49,630,4096,15.38,803.73,3795.26,111.5,3109.6,5274.1,0,112,72857,0,
2026-03-24T22:10:00+00:00,ATM-GB-0003,host-atm-gb-0003,Windows-Server-2019,6.41,911,4096,22.24,4569.95,139.48,123.45,7188.04,8082.61,0,120,82554,0,
2026-03-24T22:10:00+00:00,ATM-GB-0004,host-atm-gb-0004,Windows-Server-2019,36.77,1418,4096,34.62,3254.51,2337.6,137.12,6583.52,9736.8,0,117,31888,0,
2026-03-24T22:11:00+00:00,ATM-GB-0001,host-atm-gb-0001,Windows-Server-2019,15.73,1004,4096,24.51,1810.27,4048.13,194.37,5985.09,4900.38,0,109,45110,0,
2026-03-24T22:11:00+00:00,ATM-GB-0002,host-atm-gb-0002,Windows-Server-2019,13.63,957,4096,23.36,3714.5,1872.17,133.14,6556.59,6203.68,0,118,52811,0,
2026-03-24T22:11:00+00:00,ATM-GB-0003,host-atm-gb-0003,Windows-Server-2019,23.87,944,4096,23.05,4053.44,1397.76,91.83,5247.65,9561.57,0,109,79041,0,
2026-03-24T22:11:00+00:00,ATM-GB-0004,host-atm-gb-0004,Windows-Server-2019,15.85,513,4096,12.52,1197.52,671.76,144.95,6531.15,6182.83,0,88,41694,0,
2026-03-24T22:12:00+00:00,ATM-GB-0001,host-atm-gb-0001,Windows-Server-2019,35.81,876,4096,21.39,399.4,3944.36,113.57,5655.14,7910.44,0,93,20780,0,
2026-03-24T22:12:00+00:00,ATM-GB-0002,host-atm-gb-0002,Windows-Server-2019,7.82,433,4096,10.57,4610.03,2053.18,38.5,8011.41,1089.46,0,96,73113,0,
2026-03-24T22:12:00+00:00,ATM-GB-0003,host-atm-gb-0003,Windows-Server-2019,26.78,694,4096,16.94,3662.05,4390.46,153.75,7878.9,4774.78,0,101,40407,0,
2026-03-24T22:12:00+00:00,ATM-GB-0004,host-atm-gb-0004,Windows-Server-2019,22.1,689,4096,16.82,1183.34,1222.04,19.75,7589.73,9641.34,0,102,54596,0,
2026-03-24T22:13:00+00:00,ATM-GB-0001,host-atm-gb-0001,Windows-Server-2019,31.87,455,4096,11.11,1433.47,636.21,50.94,7849.92,3560.44,0,91,64912,0,
2026-03-24T22:13:00+00:00,ATM-GB-0002,host-atm-gb-0002,Windows-Server-2019,36.56,815,4096,19.9,2630.55,2620.5,152.45,9600.17,1101.05,0,81,17211,0,
2026-03-24T22:13:00+00:00,ATM-GB-0003,host-atm-gb-0003,Windows-Server-2019,25.28,1384,4096,33.79,2509.43,2943.84,127.97,7105.49,6919.84,0,95,18373,0,
2026-03-24T22:13:00+00:00,ATM-GB-0004,host-atm-gb-0004,Windows-Server-2019,11.44,1463,4096,35.72,4548.47,957.16,57.65,7026.27,8173.61,0,91,81764,0,
2026-03-24T22:14:00+00:00,ATM-GB-0001,host-atm-gb-0001,Windows-Server-2019,36.48,847,4096,20.68,574.75,2585.93,78.1,8161.7,5388.48,0,89,44077,0,
2026-03-24T22:14:00+00:00,ATM-GB-0002,host-atm-gb-0002,Windows-Server-2019,39.45,759,4096,18.53,3306.59,3153.03,47.64,2487.4,711.8,0,98,49065,0,
2026-03-24T22:14:00+00:00,ATM-GB-0003,host-atm-gb-0003,Windows-Server-2019,18.44,647,4096,15.8,4580.57,2349.89,187.82,7017.42,6496.95,0,103,84129,0,
2026-03-24T22:14:00+00:00,ATM-GB-0004,host-atm-gb-0004,Windows-Server-2019,31.58,431,4096,10.52,4511.32,2693.7,186.1,4846.94,9877.58,0,101,48379,0,
2026-03-24T22:15:00+00:00,ATM-GB-0001,host-atm-gb-0001,Windows-Server-2019,22.7,1099,4096,26.83,3635.46,1661.77,199.19,1179.5,8768.76,0,117,23535,0,
2026-03-24T22:15:00+00:00,ATM-GB-0002,host-atm-gb-0002,Windows-Server-2019,15.38,892,4096,21.78,3226.85,464.07,96.74,9229.82,3648.95,0,81,35418,0,
2026-03-24T22:15:00+00:00,ATM-GB-0003,host-atm-gb-0003,Windows-Server-2019,33.24,1344,4096,32.81,1742.17,1508.45,129.5,9299.77,8245.37,0,118,17933,0,
2026-03-24T22:15:00+00:00,ATM-GB-0004,host-atm-gb-0004,Windows-Server-2019,25.58,876,4096,21.39,1927.33,221.07,138.54,6308.76,3544.64,0,109,24475,0,
2026-03-24T22:16:00+00:00,ATM-GB-0001,host-atm-gb-0001,Windows-Server-2019,36.9,451,4096,11.01,1596.64,2680.45,116.55,6073.3,2920.87,0,114,82484,0,
2026-03-24T22:16:00+00:00,ATM-GB-0002,host-atm-gb-0002,Windows-Server-2019,35.2,469,4096,11.45,4142.83,2588.08,75.65,8156.82,9846.35,0,99,11451,0,
2026-03-24T22:16:00+00:00,ATM-GB-0003,host-atm-gb-0003,Windows-Server-2019,29.58,498,4096,12.16,3932.19,2051.0,13.18,8313.77,5019.86,0,100,9835,0,
2026-03-24T22:16:00+00:00,ATM-GB-0004,host-atm-gb-0004,Windows-Server-2019,13.58,1047,4096,25.56,3854.18,4623.99,61.16,2352.66,3396.69,0,83,79424,0,
2026-03-24T22:17:00+00:00,ATM-GB-0001,host-atm-gb-0001,Windows-Server-2019,39.53,872,4096,21.29,503.93,3561.48,29.22,457.3,1088.46,0,96,33844,0,
2026-03-24T22:17:00+00:00,ATM-GB-0002,host-atm-gb-0002,Windows-Server-2019,30.22,1148,4096,28.03,3550.66,4123.0,21.6,7603.39,9068.75,0,110,51986,0,
2026-03-24T22:17:00+00:00,ATM-GB-0003,host-atm-gb-0003,Windows-Server-2019,16.4,402,4096,9.81,4074.76,2839.52,110.24,4701.24,319.51,0,91,78583,0,
2026-03-24T22:17:00+00:00,ATM-GB-0004,host-atm-gb-0004,Windows-Server-2019,28.39,400,4096,9.77,1308.32,810.57,80.93,7897.81,4957.29,0,99,85789,0,
2026-03-24T22:18:00+00:00,ATM-GB-0001,host-atm-gb-0001,Windows-Server-2019,18.65,774,4096,18.9,544.19,501.91,25.8,9320.33,8159.33,0,115,81602,0,
2026-03-24T22:18:00+00:00,ATM-GB-0002,host-atm-gb-0002,Windows-Server-2019,7.36,784,4096,19.14,3183.16,2384.91,137.07,7975.4,4008.33,0,117,7516,0,
2026-03-24T22:18:00+00:00,ATM-GB-0003,host-atm-gb-0003,Windows-Server-2019,7.1,1398,4096,34.13,1993.84,1879.61,44.92,6892.04,2475.22,0,94,46540,0,
2026-03-24T22:18:00+00:00,ATM-GB-0004,host-atm-gb-0004,Windows-Server-2019,28.59,778,4096,18.99,1781.68,1592.65,196.76,4488.76,8557.18,0,117,8912,0,
2026-03-24T22:19:00+00:00,ATM-GB-0001,host-atm-gb-0001,Windows-Server-2019,30.13,736,4096,17.97,3231.71,3087.93,16.43,9421.43,6536.54,0,108,62460,0,
2026-03-24T22:19:00+00:00,ATM-GB-0002,host-atm-gb-0002,Windows-Server-2019,38.22,1126,4096,27.49,4214.73,927.26,75.62,107.92,5662.36,0,100,18587,0,
2026-03-24T22:19:00+00:00,ATM-GB-0003,host-atm-gb-0003,Windows-Server-2019,28.07,853,4096,20.83,2882.13,2789.94,38.63,7949.97,2974.79,0,115,62400,0,
2026-03-24T22:19:00+00:00,ATM-GB-0004,host-atm-gb-0004,Windows-Server-2019,13.63,1028,4096,25.1,3176.82,1968.42,78.93,6017.79,3818.09,0,119,49649,0,
2026-03-24T22:20:00+00:00,ATM-GB-0001,host-atm-gb-0001,Windows-Server-2019,23.83,1398,4096,34.13,1718.88,516.32,127.32,4106.55,8988.23,0,97,23875,0,
2026-03-24T22:20:00+00:00,ATM-GB-0002,host-atm-gb-0002,Windows-Server-2019,38.84,873,4096,21.31,3226.49,3826.97,55.23,3942.68,8600.13,0,113,32221,0,
2026-03-24T22:20:00+00:00,ATM-GB-0003,host-atm-gb-0003,Windows-Server-2019,31.49,593,4096,14.48,1765.16,3396.49,132.68,3970.82,5139.93,0,82,4649,0,
2026-03-24T22:20:00+00:00,ATM-GB-0004,host-atm-gb-0004,Windows-Server-2019,30.47,1028,4096,25.1,2216.59,293.81,73.42,3019.64,9612.86,0,115,36374,0,
2026-03-24T22:21:00+00:00,ATM-GB-0001,host-atm-gb-0001,Windows-Server-2019,30.39,1299,4096,31.71,938.73,832.13,29.53,3289.64,1422.78,0,96,27574,0,
2026-03-24T22:21:00+00:00,ATM-GB-0002,host-atm-gb-0002,Windows-Server-2019,37.12,402,4096,9.81,4825.49,3546.18,11.52,6074.46,1764.53,0,101,57768,0,
2026-03-24T22:21:00+00:00,ATM-GB-0003,host-atm-gb-0003,Windows-Server-2019,38.7,993,4096,24.24,3991.31,3450.98,58.54,9833.62,8308.8,0,89,25227,0,
2026-03-24T22:21:00+00:00,ATM-GB-0004,host-atm-gb-0004,Windows-Server-2019,30.25,1374,4096,33.54,3410.04,4160.54,41.66,5347.26,4375.45,0,120,73044,0,
2026-03-24T22:22:00+00:00,ATM-GB-0001,host-atm-gb-0001,Windows-Server-2019,7.52,1132,4096,27.64,2746.08,4528.8,175.61,848.53,7588.27,0,103,85328,0,
2026-03-24T22:22:00+00:00,ATM-GB-0002,host-atm-gb-0002,Windows-Server-2019,38.63,406,4096,9.91,3713.94,3343.9,79.79,5818.18,3758.04,0,82,12307,0,
2026-03-24T22:22:00+00:00,ATM-GB-0003,host-atm-gb-0003,Windows-Server-2019,39.62,1043,4096,25.46,3727.76,3033.65,77.83,2142.8,5335.04,0,92,59623,0,
2026-03-24T22:22:00+00:00,ATM-GB-0004,host-atm-gb-0004,Windows-Server-2019,38.86,1475,4096,36.01,2652.1,4568.92,154.46,9123.53,344.12,0,91,26410,0,
2026-03-24T22:23:00+00:00,ATM-GB-0001,host-atm-gb-0001,Windows-Server-2019,31.43,607,4096,14.82,372.29,4989.83,151.09,938.92,1755.25,0,118,70680,0,
2026-03-24T22:23:00+00:00,ATM-GB-0002,host-atm-gb-0002,Windows-Server-2019,22.9,831,4096,20.29,1647.62,1487.65,116.65,9293.41,6089.9,0,104,81328,0,
2026-03-24T22:23:00+00:00,ATM-GB-0003,host-atm-gb-0003,Windows-Server-2019,6.57,1190,4096,29.05,3333.73,3634.29,144.37,5862.41,6265.53,0,102,45848,0,
2026-03-24T22:23:00+00:00,ATM-GB-0004,host-atm-gb-0004,Windows-Server-2019,6.57,516,4096,12.6,4202.45,1286.05,121.12,1656.5,9960.37,0,80,14352,0,
2026-03-24T22:24:00+00:00,ATM-GB-0001,host-atm-gb-0001,Windows-Server-2019,35.8,1176,4096,28.71,261.64,504.2,19.93,9714.69,4735.16,0,108,77330,0,
2026-03-24T22:24:00+00:00,ATM-GB-0002,host-atm-gb-0002,Windows-Server-2019,12.7,418,4096,10.21,2321.66,1429.6,124.99,9239.93,1616.98,0,90,9298,0,
2026-03-24T22:24:00+00:00,ATM-GB-0003,host-atm-gb-0003,Windows-Server-2019,34.57,489,4096,11.94,2847.93,4651.52,183.12,8476.07,7046.94,0,91,11190,0,
2026-03-24T22:24:00+00:00,ATM-GB-0004,host-atm-gb-0004,Windows-Server-2019,16.08,753,4096,18.38,4385.51,2764.25,89.39,7808.15,3578.14,0,114,72603,0,
2026-03-24T22:25:00+00:00,ATM-GB-0001,host-atm-gb-0001,Windows-Server-2019,13.47,568,4096,13.87,38.33,2365.91,156.8,9715.33,7355.1,0,85,85386,0,
2026-03-24T22:25:00+00:00,ATM-GB-0002,host-atm-gb-0002,Windows-Server-2019,30.69,774,4096,18.9,1769.1,1285.56,97.74,5092.93,4628.71,0,97,19056,0,
2026-03-24T22:25:00+00:00,ATM-GB-0003,host-atm-gb-0003,Windows-Server-2019,37.29,1022,4096,24.95,2585.04,1513.07,172.77,7723.63,7094.57,0,107,76901,0,
2026-03-24T22:25:00+00:00,ATM-GB-0004,host-atm-gb-0004,Windows-Server-2019,31.7,511,4096,12.48,4717.92,3544.41,127.0,4052.71,4582.55,0,102,22104,0,
2026-03-24T22:26:00+00:00,ATM-GB-0001,host-atm-gb-0001,Windows-Server-2019,27.57,1173,4096,28.64,4784.38,1840.16,145.76,8462.93,7757.43,0,105,48860,0,
2026-03-24T22:26:00+00:00,ATM-GB-0002,host-atm-gb-0002,Windows-Server-2019,36.89,1051,4096,25.66,2502.18,225.96,32.44,3408.12,6648.49,0,93,36875,0,
2026-03-24T22:26:00+00:00,ATM-GB-0003,host-atm-gb-0003,Windows-Server-2019,35.47,632,4096,15.43,2735.37,2075.22,169.88,4786.2,5633.49,0,90,54840,0,
2026-03-24T22:26:00+00:00,ATM-GB-0004,host-atm-gb-0004,Windows-Server-2019,8.3,1073,4096,26.2,4770.42,4907.92,99.79,2579.66,8086.12,0,120,33117,0,
2026-03-24T22:27:00+00:00,ATM-GB-0001,host-atm-gb-0001,Windows-Server-2019,12.01,853,4096,20.83,1978.03,2853.27,85.42,4261.2,3199.16,0,111,55497,0,
2026-03-24T22:27:00+00:00,ATM-GB-0002,host-atm-gb-0002,Windows-Server-2019,22.19,1291,4096,31.52,3416.59,4813.98,48.95,9140.46,5474.7,0,81,51272,0,
2026-03-24T22:27:00+00:00,ATM-GB-0003,host-atm-gb-0003,Windows-Server-2019,12.84,447,4096,10.91,3850.64,1159.21,144.41,7537.26,2518.83,0,98,86259,0,
2026-03-24T22:27:00+00:00,ATM-GB-0004,host-atm-gb-0004,Windows-Server-2019,6.69,1044,4096,25.49,1446.9,3568.34,174.3,3980.06,7102.36,0,90,61161,0,
2026-03-24T22:28:00+00:00,ATM-GB-0001,host-atm-gb-0001,Windows-Server-2019,36.69,818,4096,19.97,3985.19,4409.22,101.87,7945.84,3322.42,0,86,37474,0,
2026-03-24T22:28:00+00:00,ATM-GB-0002,host-atm-gb-0002,Windows-Server-2019,33.28,1033,4096,25.22,230.73,228.86,23.51,2889.56,9851.29,0,106,58444,0,
2026-03-24T22:28:00+00:00,ATM-GB-0003,host-atm-gb-0003,Windows-Server-2019,14.76,603,4096,14.72,1740.62,290.44,101.22,3543.64,7534.42,0,82,54506,0,
2026-03-24T22:28:00+00:00,ATM-GB-0004,host-atm-gb-0004,Windows-Server-2019,31.74,476,4096,11.62,1313.95,3610.58,139.16,8100.15,8988.05,0,117,60683,0,
2026-03-24T22:29:00+00:00,ATM-GB-0001,host-atm-gb-0001,Windows-Server-2019,19.26,494,4096,12.06,849.05,1120.83,31.93,160.59,7941.23,0,86,19203,0,
2026-03-24T22:29:00+00:00,ATM-GB-0002,host-atm-gb-0002,Windows-Server-2019,6.31,551,4096,13.45,2030.31,2755.1,120.24,2254.91,6403.15,0,88,33329,0,
2026-03-24T22:29:00+00:00,ATM-GB-0003,host-atm-gb-0003,Windows-Server-2019,26.43,1144,4096,27.93,3276.48,2652.94,134.4,8396.56,8729.41,0,108,30007,0,
2026-03-24T22:29:00+00:00,ATM-GB-0004,host-atm-gb-0004,Windows-Server-2019,25.33,1416,4096,34.57,3617.86,3063.76,106.12,1046.66,5823.65,0,119,11791,0,
2026-03-24T22:30:00+00:00,ATM-GB-0001,host-atm-gb-0001,Windows-Server-2019,25.73,1123,4096,27.42,339.04,2774.92,130.36,8593.11,7312.66,0,94,9136,0,
2026-03-24T22:30:00+00:00,ATM-GB-0002,host-atm-gb-0002,Windows-Server-2019,21.81,785,4096,19.17,2767.53,461.36,179.91,3313.25,5343.77,0,94,55467,0,
2026-03-24T22:30:00+00:00,ATM-GB-0003,host-atm-gb-0003,Windows-Server-2019,25.02,985,4096,24.05,1394.71,1355.97,199.99,6165.17,9006.95,0,114,53745,0,
2026-03-24T22:30:00+00:00,ATM-GB-0004,host-atm-gb-0004,Windows-Server-2019,34.33,1386,4096,33.84,3944.89,3545.86,188.95,3011.92,9950.36,0,118,10204,0,
2026-03-24T22:31:00+00:00,ATM-GB-0001,host-atm-gb-0001,Windows-Server-2019,16.39,766,4096,18.7,3720.7,3643.38,145.23,6596.01,1758.95,0,112,32392,0,
2026-03-24T22:31:00+00:00,ATM-GB-0002,host-atm-gb-0002,Windows-Server-2019,8.27,1428,4096,34.86,2553.29,1024.37,31.9,581.14,7486.18,0,91,53812,0,
2026-03-24T22:31:00+00:00,ATM-GB-0003,host-atm-gb-0003,Windows-Server-2019,11.49,1410,4096,34.42,608.03,798.15,39.78,8927.79,6095.53,0,94,26067,0,
2026-03-24T22:31:00+00:00,ATM-GB-0004,host-atm-gb-0004,Windows-Server-2019,33.22,1263,4096,30.83,3826.83,4600.4,100.38,789.71,2074.65,0,95,80980,0,
2026-03-24T22:32:00+00:00,ATM-GB-0001,host-atm-gb-0001,Windows-Server-2019,5.8,1298,4096,31.69,4474.95,20.26,111.86,5478.53,1336.36,0,93,73111,0,
2026-03-24T22:32:00+00:00,ATM-GB-0002,host-atm-gb-0002,Windows-Server-2019,33.21,960,4096,23.44,2950.29,4785.75,110.1,190.23,3373.53,0,90,8323,0,
2026-03-24T22:32:00+00:00,ATM-GB-0003,host-atm-gb-0003,Windows-Server-2019,18.73,1098,4096,26.81,3917.18,4689.53,39.85,8113.44,7973.06,0,92,24221,0,
2026-03-24T22:32:00+00:00,ATM-GB-0004,host-atm-gb-0004,Windows-Server-2019,27.22,654,4096,15.97,2003.46,786.18,109.77,5239.08,404.23,0,80,62979,0,
2026-03-24T22:33:00+00:00,ATM-GB-0001,host-atm-gb-0001,Windows-Server-2019,34.22,952,4096,23.24,2732.0,884.55,159.55,6022.86,3143.52,0,116,45806,0,
2026-03-24T22:33:00+00:00,ATM-GB-0002,host-atm-gb-0002,Windows-Server-2019,15.11,1124,4096,27.44,2365.14,3743.24,158.14,4994.61,1753.73,0,106,68648,0,
2026-03-24T22:33:00+00:00,ATM-GB-0003,host-atm-gb-0003,Windows-Server-2019,32.37,1234,4096,30.13,1986.09,1262.25,152.25,6072.23,3806.64,0,83,64297,0,
2026-03-24T22:33:00+00:00,ATM-GB-0004,host-atm-gb-0004,Windows-Server-2019,12.61,847,4096,20.68,2712.73,2444.1,31.6,5300.78,1658.52,0,115,42783,0,
2026-03-24T22:34:00+00:00,ATM-GB-0001,host-atm-gb-0001,Windows-Server-2019,33.36,910,4096,22.22,4204.94,4516.08,65.28,28.7,6025.48,0,93,55999,0,
2026-03-24T22:34:00+00:00,ATM-GB-0002,host-atm-gb-0002,Windows-Server-2019,10.14,792,4096,19.34,122.23,1800.53,199.84,8206.63,5726.26,0,98,44602,0,
2026-03-24T22:34:00+00:00,ATM-GB-0003,host-atm-gb-0003,Windows-Server-2019,26.85,778,4096,18.99,4190.08,4131.16,165.38,9797.69,1931.62,0,115,9753,0,
2026-03-24T22:34:00+00:00,ATM-GB-0004,host-atm-gb-0004,Windows-Server-2019,21.91,540,4096,13.18,1477.56,2372.98,38.35,9437.71,8456.55,0,89,40409,0,
2026-03-24T22:35:00+00:00,ATM-GB-0001,host-atm-gb-0001,Windows-Server-2019,19.5,482,4096,11.77,3871.26,865.44,146.47,1451.84,5403.72,0,100,63916,0,
2026-03-24T22:35:00+00:00,ATM-GB-0002,host-atm-gb-0002,Windows-Server-2019,11.56,970,4096,23.68,2755.98,3876.01,92.1,8608.7,6489.93,0,90,16031,0,
2026-03-24T22:35:00+00:00,ATM-GB-0003,host-atm-gb-0003,Windows-Server-2019,36.36,709,4096,17.31,2451.88,1261.43,160.23,4950.1,6129.3,0,91,67690,0,
2026-03-24T22:35:00+00:00,ATM-GB-0004,host-atm-gb-0004,Windows-Server-2019,8.41,406,4096,9.91,3783.42,1291.74,48.07,9390.99,5628.87,0,80,41155,0,
2026-03-24T22:36:00+00:00,ATM-GB-0001,host-atm-gb-0001,Windows-Server-2019,21.56,1312,4096,32.03,4088.14,71.28,154.19,321.05,8644.79,0,82,31131,0,
2026-03-24T22:36:00+00:00,ATM-GB-0002,host-atm-gb-0002,Windows-Server-2019,38.66,1092,4096,26.66,4536.0,1052.06,127.12,5134.38,6352.96,0,105,12031,0,
2026-03-24T22:36:00+00:00,ATM-GB-0003,host-atm-gb-0003,Windows-Server-2019,6.06,1310,4096,31.98,1733.76,2429.33,19.88,5980.99,6463.81,0,98,32545,0,
2026-03-24T22:36:00+00:00,ATM-GB-0004,host-atm-gb-0004,Windows-Server-2019,14.21,744,4096,18.16,1987.28,2585.85,95.69,8197.92,9309.95,0,102,66942,0,
2026-03-24T22:37:00+00:00,ATM-GB-0001,host-atm-gb-0001,Windows-Server-2019,25.78,1047,4096,25.56,1124.06,2899.44,59.69,2310.83,7400.77,0,82,50996,0,
2026-03-24T22:37:00+00:00,ATM-GB-0002,host-atm-gb-0002,Windows-Server-2019,35.29,1303,4096,31.81,2432.58,4124.46,129.5,5677.2,3264.62,0,85,35253,0,
2026-03-24T22:37:00+00:00,ATM-GB-0003,host-atm-gb-0003,Windows-Server-2019,36.22,982,4096,23.97,204.34,2395.14,77.35,5343.49,4551.91,0,105,80124,0,
2026-03-24T22:37:00+00:00,ATM-GB-0004,host-atm-gb-0004,Windows-Server-2019,34.41,1328,4096,32.42,3154.86,542.11,75.8,7402.94,8709.17,0,89,74067,0,
2026-03-24T22:38:00+00:00,ATM-GB-0001,host-atm-gb-0001,Windows-Server-2019,22.46,432,4096,10.55,1637.51,91.16,179.37,4685.59,2403.28,0,83,77312,0,
2026-03-24T22:38:00+00:00,ATM-GB-0002,host-atm-gb-0002,Windows-Server-2019,18.2,1330,4096,32.47,4836.21,1985.41,37.2,5248.49,364.48,0,116,34889,0,
2026-03-24T22:38:00+00:00,ATM-GB-0003,host-atm-gb-0003,Windows-Server-2019,15.48,960,4096,23.44,3242.69,1529.93,31.77,9292.85,1881.38,0,108,49604,0,
2026-03-24T22:38:00+00:00,ATM-GB-0004,host-atm-gb-0004,Windows-Server-2019,34.17,661,4096,16.14,4488.22,1061.24,142.45,3519.86,9306.11,0,80,12006,0,
2026-03-24T22:39:00+00:00,ATM-GB-0001,host-atm-gb-0001,Windows-Server-2019,34.87,412,4096,10.06,92.1,4967.76,48.93,2144.7,5602.57,0,102,48964,0,
2026-03-24T22:39:00+00:00,ATM-GB-0002,host-atm-gb-0002,Windows-Server-2019,17.6,759,4096,18.53,2077.68,124.98,101.48,5975.31,4953.78,0,100,65487,0,
2026-03-24T22:39:00+00:00,ATM-GB-0003,host-atm-gb-0003,Windows-Server-2019,20.83,1100,4096,26.86,4039.78,4031.22,17.12,756.01,6474.58,0,107,17108,0,
2026-03-24T22:39:00+00:00,ATM-GB-0004,host-atm-gb-0004,Windows-Server-2019,36.63,961,4096,23.46,354.19,3113.66,102.43,1688.74,8435.34,0,86,20345,0,
2026-03-24T22:40:00+00:00,ATM-GB-0001,host-atm-gb-0001,Windows-Server-2019,18.3,1293,4096,31.57,3737.93,2931.65,117.7,5993.69,5833.41,0,91,13598,0,
2026-03-24T22:40:00+00:00,ATM-GB-0002,host-atm-gb-0002,Windows-Server-2019,37.27,1308,4096,31.93,1829.02,1345.93,107.97,9759.52,5835.12,0,103,25413,0,
2026-03-24T22:40:00+00:00,ATM-GB-0003,host-atm-gb-0003,Windows-Server-2019,18.06,679,4096,16.58,4051.61,1962.59,108.89,4052.17,866.49,0,119,15801,0,
2026-03-24T22:40:00+00:00,ATM-GB-0004,host-atm-gb-0004,Windows-Server-2019,20.27,968,4096,23.63,3938.63,3816.63,177.96,7361.66,634.97,0,87,14105,0,
2026-03-24T22:41:00+00:00,ATM-GB-0001,host-atm-gb-0001,Windows-Server-2019,5.82,467,4096,11.4,2496.52,3731.37,70.38,680.29,7463.45,0,93,18740,0,
2026-03-24T22:41:00+00:00,ATM-GB-0002,host-atm-gb-0002,Windows-Server-2019,28.49,1183,4096,28.88,631.62,335.32,193.26,9889.56,6586.83,0,87,74544,0,
2026-03-24T22:41:00+00:00,ATM-GB-0003,host-atm-gb-0003,Windows-Server-2019,20.57,641,4096,15.65,2466.44,3091.33,66.63,7316.39,7646.39,0,106,22487,0,
2026-03-24T22:41:00+00:00,ATM-GB-0004,host-atm-gb-0004,Windows-Server-2019,26.42,1282,4096,31.3,4879.19,2356.69,169.79,4261.68,7214.64,0,110,20131,0,
2026-03-24T22:42:00+00:00,ATM-GB-0001,host-atm-gb-0001,Windows-Server-2019,33.0,685,4096,16.72,150.58,3136.85,100.06,1465.49,1385.94,0,99,8586,0,
2026-03-24T22:42:00+00:00,ATM-GB-0002,host-atm-gb-0002,Windows-Server-2019,37.72,479,4096,11.69,1481.19,1252.83,152.34,9080.65,2346.62,0,80,4198,0,
2026-03-24T22:42:00+00:00,ATM-GB-0003,host-atm-gb-0003,Windows-Server-2019,7.61,1219,4096,29.76,3293.04,2859.15,143.85,5005.78,5.99,0,96,82519,0,
2026-03-24T22:42:00+00:00,ATM-GB-0004,host-atm-gb-0004,Windows-Server-2019,31.71,420,4096,10.25,3433.66,2419.72,197.95,4425.52,6969.41,0,96,60938,0,
2026-03-24T22:43:00+00:00,ATM-GB-0001,host-atm-gb-0001,Windows-Server-2019,17.91,664,4096,16.21,1203.25,4650.88,162.91,5532.17,5976.0,0,97,37411,0,
2026-03-24T22:43:00+00:00,ATM-GB-0002,host-atm-gb-0002,Windows-Server-2019,28.43,1030,4096,25.15,4834.95,2503.13,44.39,7207.42,2828.48,0,110,75328,0,
2026-03-24T22:43:00+00:00,ATM-GB-0003,host-atm-gb-0003,Windows-Server-2019,35.3,837,4096,20.43,178.58,3713.84,19.56,3502.08,3349.43,0,117,74930,0,
2026-03-24T22:43:00+00:00,ATM-GB-0004,host-atm-gb-0004,Windows-Server-2019,22.69,901,4096,22.0,846.18,1858.28,142.7,1874.38,9463.49,0,84,32578,0,
2026-03-24T22:44:00+00:00,ATM-GB-0001,host-atm-gb-0001,Windows-Server-2019,17.73,687,4096,16.77,1535.1,1306.85,125.25,4534.28,3148.37,0,116,9179,0,
2026-03-24T22:44:00+00:00,ATM-GB-0002,host-atm-gb-0002,Windows-Server-2019,25.63,1207,4096,29.47,1244.47,688.8,98.04,4496.92,1270.6,0,81,86049,0,
2026-03-24T22:44:00+00:00,ATM-GB-0003,host-atm-gb-0003,Windows-Server-2019,38.94,1320,4096,32.23,2549.1,1448.5,185.87,7461.26,9262.68,0,116,61225,0,
2026-03-24T22:44:00+00:00,ATM-GB-0004,host-atm-gb-0004,Windows-Server-2019,14.78,464,4096,11.33,976.4,4178.18,79.33,2876.93,7951.6,0,93,27024,0,
2026-03-24T22:45:00+00:00,ATM-GB-0001,host-atm-gb-0001,Windows-Server-2019,27.51,932,4096,22.75,1312.14,1040.7,104.75,3616.09,277.74,0,89,55044,0,
2026-03-24T22:45:00+00:00,ATM-GB-0002,host-atm-gb-0002,Windows-Server-2019,33.4,533,4096,13.01,1179.73,4927.3,35.05,4999.48,8253.37,0,93,18626,0,
2026-03-24T22:45:00+00:00,ATM-GB-0003,host-atm-gb-0003,Windows-Server-2019,20.79,792,4096,19.34,929.07,1627.02,148.17,8388.63,3322.14,0,119,68362,0,
2026-03-24T22:45:00+00:00,ATM-GB-0004,host-atm-gb-0004,Windows-Server-2019,9.88,407,4096,9.94,2934.29,1741.65,196.44,7378.11,1363.21,0,103,60131,0,
2026-03-24T22:46:00+00:00,ATM-GB-0001,host-atm-gb-0001,Windows-Server-2019,29.3,892,4096,21.78,4086.93,859.43,176.34,6493.02,1706.32,0,90,12419,0,
2026-03-24T22:46:00+00:00,ATM-GB-0002,host-atm-gb-0002,Windows-Server-2019,11.3,701,4096,17.11,4883.32,2040.04,57.6,5647.51,2490.86,0,84,20729,0,
2026-03-24T22:46:00+00:00,ATM-GB-0003,host-atm-gb-0003,Windows-Server-2019,10.35,630,4096,15.38,589.03,4645.04,159.79,4050.68,6610.86,0,90,10686,0,
2026-03-24T22:46:00+00:00,ATM-GB-0004,host-atm-gb-0004,Windows-Server-2019,5.55,1341,4096,32.74,462.58,1743.45,193.99,1392.7,3508.78,0,101,43004,0,
2026-03-24T22:47:00+00:00,ATM-GB-0001,host-atm-gb-0001,Windows-Server-2019,38.13,446,4096,10.89,1132.32,2670.2,79.34,7808.11,1193.25,0,120,81087,0,
2026-03-24T22:47:00+00:00,ATM-GB-0002,host-atm-gb-0002,Windows-Server-2019,17.27,1326,4096,32.37,4987.13,1664.68,16.88,786.33,8696.99,0,118,39074,0,
2026-03-24T22:47:00+00:00,ATM-GB-0003,host-atm-gb-0003,Windows-Server-2019,33.65,1156,4096,28.22,518.47,3999.11,132.79,6800.94,4217.33,0,115,38133,0,
2026-03-24T22:47:00+00:00,ATM-GB-0004,host-atm-gb-0004,Windows-Server-2019,28.35,1144,4096,27.93,1807.62,1900.45,49.54,5257.67,9462.37,0,119,15334,0,
2026-03-24T22:48:00+00:00,ATM-GB-0001,host-atm-gb-0001,Windows-Server-2019,25.82,589,4096,14.38,3779.82,1618.66,90.82,6564.58,1465.26,0,88,29667,0,
2026-03-24T22:48:00+00:00,ATM-GB-0002,host-atm-gb-0002,Windows-Server-2019,19.06,1092,4096,26.66,3038.4,2280.53,131.81,4008.6,4453.35,0,81,38302,0,
2026-03-24T22:48:00+00:00,ATM-GB-0003,host-atm-gb-0003,Windows-Server-2019,39.6,767,4096,18.73,1239.63,784.34,51.35,8539.17,2014.28,0,120,41435,0,
2026-03-24T22:48:00+00:00,ATM-GB-0004,host-atm-gb-0004,Windows-Server-2019,5.02,1260,4096,30.76,992.88,4542.52,22.18,1531.58,9217.81,0,89,13228,0,
2026-03-24T22:49:00+00:00,ATM-GB-0001,host-atm-gb-0001,Windows-Server-2019,13.86,517,4096,12.62,3281.89,3432.65,117.74,7673.61,6363.52,0,119,23214,0,
2026-03-24T22:49:00+00:00,ATM-GB-0002,host-atm-gb-0002,Windows-Server-2019,15.86,739,4096,18.04,2571.01,2119.1,141.57,7970.98,8507.66,0,118,38566,0,
2026-03-24T22:49:00+00:00,ATM-GB-0003,host-atm-gb-0003,Windows-Server-2019,19.0,722,4096,17.63,3887.05,2148.63,45.84,5435.98,6674.14,0,84,14465,0,
2026-03-24T22:49:00+00:00,ATM-GB-0004,host-atm-gb-0004,Windows-Server-2019,22.79,575,4096,14.04,4862.87,359.28,17.46,41.3,7664.45,0,119,24313,0,
2026-03-24T22:50:00+00:00,ATM-GB-0001,host-atm-gb-0001,Windows-Server-2019,30.3,736,4096,17.97,3611.74,3686.81,57.3,3705.01,7952.76,0,84,39378,0,
2026-03-24T22:50:00+00:00,ATM-GB-0002,host-atm-gb-0002,Windows-Server-2019,22.14,693,4096,16.92,649.6,2664.09,151.28,3767.47,7027.47,0,87,70803,0,
2026-03-24T22:50:00+00:00,ATM-GB-0003,host-atm-gb-0003,Windows-Server-2019,12.86,1299,4096,31.71,3304.18,1708.34,103.15,7861.73,50.29,0,105,45048,0,
2026-03-24T22:50:00+00:00,ATM-GB-0004,host-atm-gb-0004,Windows-Server-2019,17.69,603,4096,14.72,2122.87,3869.0,43.1,9808.39,8658.73,0,102,25938,0,
2026-03-24T22:51:00+00:00,ATM-GB-0001,host-atm-gb-0001,Windows-Server-2019,18.24,547,4096,13.35,113.15,4686.8,35.49,3127.9,4456.49,0,95,72970,0,
2026-03-24T22:51:00+00:00,ATM-GB-0002,host-atm-gb-0002,Windows-Server-2019,20.13,1260,4096,30.76,2208.55,1645.84,128.77,1135.2,9513.83,0,80,61174,0,
2026-03-24T22:51:00+00:00,ATM-GB-0003,host-atm-gb-0003,Windows-Server-2019,19.33,1353,4096,33.03,3754.25,1745.01,22.88,297.53,3204.88,0,104,63605,0,
2026-03-24T22:51:00+00:00,ATM-GB-0004,host-atm-gb-0004,Windows-Server-2019,18.37,1019,4096,24.88,3130.04,4033.4,96.91,2982.58,7531.38,0,82,59426,0,
2026-03-24T22:52:00+00:00,ATM-GB-0001,host-atm-gb-0001,Windows-Server-2019,38.47,841,4096,20.53,2138.21,3914.31,185.26,1015.47,3737.93,0,96,85908,0,
2026-03-24T22:52:00+00:00,ATM-GB-0002,host-atm-gb-0002,Windows-Server-2019,12.39,990,4096,24.17,3591.24,4749.74,126.76,7109.03,8279.88,0,92,24142,0,
2026-03-24T22:52:00+00:00,ATM-GB-0003,host-atm-gb-0003,Windows-Server-2019,16.5,720,4096,17.58,1653.83,4094.36,147.5,5835.92,4308.63,0,113,52755,0,
2026-03-24T22:52:00+00:00,ATM-GB-0004,host-atm-gb-0004,Windows-Server-2019,39.9,840,4096,20.51,1734.13,2119.99,82.12,2957.66,450.05,0,95,60389,0,
2026-03-24T22:53:00+00:00,ATM-GB-0001,host-atm-gb-0001,Windows-Server-2019,25.86,943,4096,23.02,2642.83,3890.45,74.34,323.95,9454.81,0,116,20299,0,
2026-03-24T22:53:00+00:00,ATM-GB-0002,host-atm-gb-0002,Windows-Server-2019,15.93,1096,4096,26.76,1668.89,16.77,53.1,1146.41,2972.76,0,109,4394,0,
2026-03-24T22:53:00+00:00,ATM-GB-0003,host-atm-gb-0003,Windows-Server-2019,6.42,1084,4096,26.46,3839.3,619.27,10.66,8482.72,7571.48,0,96,42830,0,
2026-03-24T22:53:00+00:00,ATM-GB-0004,host-atm-gb-0004,Windows-Server-2019,21.91,1024,4096,25.0,3448.06,327.96,21.06,448.79,3170.66,0,90,57430,0,
2026-03-24T22:54:00+00:00,ATM-GB-0001,host-atm-gb-0001,Windows-Server-2019,30.75,973,4096,23.75,4967.89,2479.47,12.83,2768.95,9998.31,0,94,61236,0,
2026-03-24T22:54:00+00:00,ATM-GB-0002,host-atm-gb-0002,Windows-Server-2019,15.09,1261,4096,30.79,4013.17,4396.01,94.58,2568.53,8775.9,0,82,61090,0,
2026-03-24T22:54:00+00:00,ATM-GB-0003,host-atm-gb-0003,Windows-Server-2019,36.02,1133,4096,27.66,1476.67,1844.71,83.86,795.31,171.71,0,103,55381,0,
2026-03-24T22:54:00+00:00,ATM-GB-0004,host-atm-gb-0004,Windows-Server-2019,20.67,728,4096,17.77,3772.45,957.36,63.22,1988.85,5756.37,0,90,46002,0,
2026-03-24T22:55:00+00:00,ATM-GB-0001,host-atm-gb-0001,Windows-Server-2019,25.33,1132,4096,27.64,1915.14,3153.86,190.13,609.0,6139.62,0,84,72969,0,
2026-03-24T22:55:00+00:00,ATM-GB-0002,host-atm-gb-0002,Windows-Server-2019,18.03,1281,4096,31.27,3771.73,1994.13,155.2,7086.37,3480.27,0,106,27377,0,
2026-03-24T22:55:00+00:00,ATM-GB-0003,host-atm-gb-0003,Windows-Server-2019,31.82,424,4096,10.35,2822.02,3646.23,143.95,4234.36,9497.85,0,100,28714,0,
2026-03-24T22:55:00+00:00,ATM-GB-0004,host-atm-gb-0004,Windows-Server-2019,10.32,997,4096,24.34,1071.14,1871.07,167.48,8895.69,3880.28,0,90,12513,0,
2026-03-24T22:56:00+00:00,ATM-GB-0001,host-atm-gb-0001,Windows-Server-2019,39.56,466,4096,11.38,2004.38,3279.26,197.72,4138.4,5577.26,0,96,75424,0,
2026-03-24T22:56:00+00:00,ATM-GB-0002,host-atm-gb-0002,Windows-Server-2019,39.26,565,4096,13.79,3209.82,3107.8,107.92,5569.23,8453.16,0,102,31654,0,
2026-03-24T22:56:00+00:00,ATM-GB-0003,host-atm-gb-0003,Windows-Server-2019,25.11,504,4096,12.3,3784.47,2664.1,52.03,8572.3,6402.11,0,80,54208,0,
2026-03-24T22:56:00+00:00,ATM-GB-0004,host-atm-gb-0004,Windows-Server-2019,27.62,842,4096,20.56,752.25,559.52,29.55,3291.37,9662.2,0,80,45259,0,
2026-03-24T22:57:00+00:00,ATM-GB-0001,host-atm-gb-0001,Windows-Server-2019,35.08,1410,4096,34.42,3033.35,819.83,58.33,7609.36,9119.97,0,106,63917,0,
2026-03-24T22:57:00+00:00,ATM-GB-0002,host-atm-gb-0002,Windows-Server-2019,20.44,1180,4096,28.81,4967.26,502.2,119.64,7289.11,5796.15,0,99,7141,0,
2026-03-24T22:57:00+00:00,ATM-GB-0003,host-atm-gb-0003,Windows-Server-2019,29.53,1423,4096,34.74,4092.98,327.14,146.01,5362.8,4250.83,0,99,37550,0,
2026-03-24T22:57:00+00:00,ATM-GB-0004,host-atm-gb-0004,Windows-Server-2019,13.53,546,4096,13.33,2745.61,2205.8,66.19,5476.3,3482.04,0,94,20270,0,
2026-03-24T22:58:00+00:00,ATM-GB-0001,host-atm-gb-0001,Windows-Server-2019,29.32,407,4096,9.94,4830.87,2816.47,25.75,3695.71,3718.54,0,80,15781,0,
2026-03-24T22:58:00+00:00,ATM-GB-0002,host-atm-gb-0002,Windows-Server-2019,29.77,792,4096,19.34,1645.52,1919.2,85.44,9195.72,2459.35,0,115,65263,0,
2026-03-24T22:58:00+00:00,ATM-GB-0003,host-atm-gb-0003,Windows-Server-2019,30.09,1101,4096,26.88,2584.39,821.27,67.94,357.06,5835.44,0,97,72487,0,
2026-03-24T22:58:00+00:00,ATM-GB-0004,host-atm-gb-0004,Windows-Server-2019,25.11,1255,4096,30.64,1456.98,4447.74,33.9,1164.47,6443.58,0,108,5435,0,
2026-03-24T22:59:00+00:00,ATM-GB-0001,host-atm-gb-0001,Windows-Server-2019,10.6,1174,4096,28.66,3030.21,4209.67,52.56,7791.57,510.35,0,92,51375,0,
2026-03-24T22:59:00+00:00,ATM-GB-0002,host-atm-gb-0002,Windows-Server-2019,11.19,432,4096,10.55,2279.34,4551.11,52.54,2543.93,2915.95,0,114,56112,0,
2026-03-24T22:59:00+00:00,ATM-GB-0003,host-atm-gb-0003,Windows-Server-2019,14.42,1140,4096,27.83,4929.69,1408.88,195.31,8673.65,7395.19,0,99,40724,0,
2026-03-24T22:59:00+00:00,ATM-GB-0004,host-atm-gb-0004,Windows-Server-2019,39.27,882,4096,21.53,3836.65,1138.73,20.75,7843.01,4869.28,0,118,17935,0,
2026-03-24T23:00:00+00:00,ATM-GB-0001,host-atm-gb-0001,Windows-Server-2019,25.97,1286,4096,31.4,2841.09,3769.61,186.12,7689.6,8425.75,0,90,45936,0,
2026-03-24T23:00:00+00:00,ATM-GB-0002,host-atm-gb-0002,Windows-Server-2019,26.08,1418,4096,34.62,4536.04,4405.82,89.25,6736.96,8004.93,0,95,79990,0,
2026-03-24T23:00:00+00:00,ATM-GB-0003,host-atm-gb-0003,Windows-Server-2019,34.43,1436,4096,35.06,3996.43,2808.93,86.96,626.7,1019.55,0,115,65288,0,
2026-03-24T23:00:00+00:00,ATM-GB-0004,host-atm-gb-0004,Windows-Server-2019,35.29,465,4096,11.35,813.4,4774.91,79.05,2772.42,9914.34,0,92,22167,0,
2026-03-24T23:01:00+00:00,ATM-GB-0001,host-atm-gb-0001,Windows-Server-2019,24.66,645,4096,15.75,3003.52,3956.26,165.0,3722.46,9935.84,0,83,62353,0,
2026-03-24T23:01:00+00:00,ATM-GB-0002,host-atm-gb-0002,Windows-Server-2019,18.61,720,4096,17.58,3580.07,3362.01,187.13,7524.38,5862.62,0,113,65468,0,
2026-03-24T23:01:00+00:00,ATM-GB-0003,host-atm-gb-0003,Windows-Server-2019,11.28,1088,4096,26.56,2919.79,2767.74,178.37,5766.22,8106.64,0,95,48962,0,
2026-03-24T23:01:00+00:00,ATM-GB-0004,host-atm-gb-0004,Windows-Server-2019,17.49,878,4096,21.44,2855.15,2535.76,20.09,1565.6,8780.14,0,113,42533,0,
2026-03-24T23:02:00+00:00,ATM-GB-0001,host-atm-gb-0001,Windows-Server-2019,28.28,729,4096,17.8,1794.37,2548.07,161.19,8570.0,2612.57,0,118,47486,0,
2026-03-24T23:02:00+00:00,ATM-GB-0002,host-atm-gb-0002,Windows-Server-2019,18.59,970,4096,23.68,1767.39,1034.66,186.13,3933.83,3078.22,0,80,5308,0,
2026-03-24T23:02:00+00:00,ATM-GB-0003,host-atm-gb-0003,Windows-Server-2019,12.98,1002,4096,24.46,1243.36,1352.02,128.96,3779.18,8439.48,0,96,71498,0,
2026-03-24T23:02:00+00:00,ATM-GB-0004,host-atm-gb-0004,Windows-Server-2019,31.74,584,4096,14.26,4827.31,1036.38,101.98,5835.28,8558.2,0,108,28663,0,
2026-03-24T23:03:00+00:00,ATM-GB-0001,host-atm-gb-0001,Windows-Server-2019,12.38,814,4096,19.87,4073.6,2589.66,28.86,5370.25,653.31,0,88,74132,0,
2026-03-24T23:03:00+00:00,ATM-GB-0002,host-atm-gb-0002,Windows-Server-2019,25.72,1250,4096,30.52,599.09,4223.78,32.22,6183.23,4965.31,0,93,54309,0,
2026-03-24T23:03:00+00:00,ATM-GB-0003,host-atm-gb-0003,Windows-Server-2019,26.93,943,4096,23.02,1060.53,4196.93,164.97,2664.26,3701.77,0,82,27330,0,
2026-03-24T23:03:00+00:00,ATM-GB-0004,host-atm-gb-0004,Windows-Server-2019,7.14,1463,4096,35.72,137.59,2626.79,22.92,9084.53,6545.07,0,86,39126,0,
2026-03-24T23:04:00+00:00,ATM-GB-0001,host-atm-gb-0001,Windows-Server-2019,12.54,955,4096,23.32,1345.54,2373.58,48.96,751.42,2982.83,0,96,10776,0,
2026-03-24T23:04:00+00:00,ATM-GB-0002,host-atm-gb-0002,Windows-Server-2019,5.78,985,4096,24.05,730.14,609.05,67.3,2274.46,6958.79,0,110,18397,0,
2026-03-24T23:04:00+00:00,ATM-GB-0003,host-atm-gb-0003,Windows-Server-2019,5.87,828,4096,20.21,1901.58,2941.97,118.77,4521.85,7654.25,0,99,21666,0,
2026-03-24T23:04:00+00:00,ATM-GB-0004,host-atm-gb-0004,Windows-Server-2019,9.71,1081,4096,26.39,1518.09,3012.59,147.34,5281.35,8601.8,0,82,21648,0,
2026-03-24T23:05:00+00:00,ATM-GB-0001,host-atm-gb-0001,Windows-Server-2019,32.9,963,4096,23.51,2859.54,3813.64,162.31,9981.89,1083.66,0,85,70190,0,
2026-03-24T23:05:00+00:00,ATM-GB-0002,host-atm-gb-0002,Windows-Server-2019,21.47,630,4096,15.38,1423.11,2395.49,158.17,1065.39,7332.15,0,109,81395,0,
2026-03-24T23:05:00+00:00,ATM-GB-0003,host-atm-gb-0003,Windows-Server-2019,29.76,1416,4096,34.57,1065.59,1539.96,104.28,381.16,9540.66,0,91,6667,0,
2026-03-24T23:05:00+00:00,ATM-GB-0004,host-atm-gb-0004,Windows-Server-2019,28.85,1228,4096,29.98,3749.57,1869.26,182.46,6266.17,4534.02,0,118,16839,0,
2026-03-24T23:06:00+00:00,ATM-GB-0001,host-atm-gb-0001,Windows-Server-2019,14.52,540,4096,13.18,4875.15,1590.18,12.16,8017.4,4107.97,0,116,76258,0,
2026-03-24T23:06:00+00:00,ATM-GB-0002,host-atm-gb-0002,Windows-Server-2019,27.08,1495,4096,36.5,357.95,1470.08,189.57,1112.09,1967.78,0,83,17212,0,
2026-03-24T23:06:00+00:00,ATM-GB-0003,host-atm-gb-0003,Windows-Server-2019,33.44,477,4096,11.65,4429.41,4339.03,81.3,6898.8,6719.42,0,110,30913,0,
2026-03-24T23:06:00+00:00,ATM-GB-0004,host-atm-gb-0004,Windows-Server-2019,6.16,467,4096,11.4,784.26,1265.73,155.14,3154.52,2589.39,0,97,61506,0,
2026-03-24T23:07:00+00:00,ATM-GB-0001,host-atm-gb-0001,Windows-Server-2019,33.12,1115,4096,27.22,1741.79,4309.34,198.1,8327.37,6554.37,0,90,61827,0,
2026-03-24T23:07:00+00:00,ATM-GB-0002,host-atm-gb-0002,Windows-Server-2019,6.88,864,4096,21.09,553.75,2159.07,178.39,1998.0,7391.13,0,89,13990,0,
2026-03-24T23:07:00+00:00,ATM-GB-0003,host-atm-gb-0003,Windows-Server-2019,25.72,1034,4096,25.24,559.69,2597.85,75.06,9933.35,6267.47,0,92,58077,0,
2026-03-24T23:07:00+00:00,ATM-GB-0004,host-atm-gb-0004,Windows-Server-2019,32.87,730,4096,17.82,934.14,4645.54,46.65,4123.64,9042.01,0,83,21898,0,
2026-03-24T23:08:00+00:00,ATM-GB-0001,host-atm-gb-0001,Windows-Server-2019,34.32,444,4096,10.84,4372.22,2071.32,158.04,8012.79,6132.26,0,103,85086,0,
2026-03-24T23:08:00+00:00,ATM-GB-0002,host-atm-gb-0002,Windows-Server-2019,7.27,1170,4096,28.56,2299.39,3894.41,192.08,3149.84,7732.92,0,84,31212,0,
2026-03-24T23:08:00+00:00,ATM-GB-0003,host-atm-gb-0003,Windows-Server-2019,22.77,1444,4096,35.25,1461.06,2109.91,151.13,1691.51,1330.34,0,89,55917,0,
2026-03-24T23:08:00+00:00,ATM-GB-0004,host-atm-gb-0004,Windows-Server-2019,16.53,781,4096,19.07,422.11,1997.37,116.27,3204.61,896.51,0,120,28789,0,
2026-03-24T23:09:00+00:00,ATM-GB-0001,host-atm-gb-0001,Windows-Server-2019,25.46,532,4096,12.99,1022.29,2774.11,120.06,3546.26,89.88,0,84,47334,0,
2026-03-24T23:09:00+00:00,ATM-GB-0002,host-atm-gb-0002,Windows-Server-2019,5.51,1279,4096,31.23,2805.9,4181.08,16.87,9767.97,883.61,0,105,62640,0,
2026-03-24T23:09:00+00:00,ATM-GB-0003,host-atm-gb-0003,Windows-Server-2019,25.12,496,4096,12.11,2535.98,494.74,43.23,8882.52,6499.48,0,84,29115,0,
2026-03-24T23:09:00+00:00,ATM-GB-0004,host-atm-gb-0004,Windows-Server-2019,29.36,414,4096,10.11,2434.83,4656.02,118.67,7553.12,1878.0,0,97,14308,0,
2026-03-24T23:10:00+00:00,ATM-GB-0001,host-atm-gb-0001,Windows-Server-2019,10.23,1462,4096,35.69,328.81,1188.92,104.95,2846.46,2449.78,0,87,9604,0,
2026-03-24T23:10:00+00:00,ATM-GB-0002,host-atm-gb-0002,Windows-Server-2019,28.95,416,4096,10.16,1194.63,3896.82,125.69,5744.79,3190.25,0,105,25378,0,
2026-03-24T23:10:00+00:00,ATM-GB-0003,host-atm-gb-0003,Windows-Server-2019,15.28,809,4096,19.75,2269.8,4914.07,87.82,5362.3,9553.03,0,83,80239,0,
2026-03-24T23:10:00+00:00,ATM-GB-0004,host-atm-gb-0004,Windows-Server-2019,33.13,681,4096,16.63,4039.43,2773.04,196.15,1969.82,3993.1,0,117,21603,0,
2026-03-24T23:11:00+00:00,ATM-GB-0001,host-atm-gb-0001,Windows-Server-2019,26.58,974,4096,23.78,2698.15,1163.02,52.06,8769.57,7172.48,0,120,55938,0,
2026-03-24T23:11:00+00:00,ATM-GB-0002,host-atm-gb-0002,Windows-Server-2019,35.51,1446,4096,35.3,4193.1,661.47,13.42,3993.42,5379.23,0,99,63482,0,
2026-03-24T23:11:00+00:00,ATM-GB-0003,host-atm-gb-0003,Windows-Server-2019,24.49,676,4096,16.5,2870.75,647.01,60.02,2231.03,3718.3,0,118,47744,0,
2026-03-24T23:11:00+00:00,ATM-GB-0004,host-atm-gb-0004,Windows-Server-2019,38.26,1193,4096,29.13,536.0,1672.02,50.13,6182.22,4386.17,0,117,45389,0,
2026-03-24T23:12:00+00:00,ATM-GB-0001,host-atm-gb-0001,Windows-Server-2019,25.81,627,4096,15.31,365.01,4896.1,26.63,7238.96,9518.36,0,109,85130,0,
2026-03-24T23:12:00+00:00,ATM-GB-0002,host-atm-gb-0002,Windows-Server-2019,20.24,1437,4096,35.08,3976.97,4043.14,13.99,9599.3,1919.73,0,94,39215,0,
2026-03-24T23:12:00+00:00,ATM-GB-0003,host-atm-gb-0003,Windows-Server-2019,21.4,1352,4096,33.01,4631.98,2819.95,113.76,1923.88,4234.54,0,118,22325,0,
2026-03-24T23:12:00+00:00,ATM-GB-0004,host-atm-gb-0004,Windows-Server-2019,12.58,607,4096,14.82,1494.78,343.87,189.58,4164.19,5838.44,0,89,57310,0,
2026-03-24T23:13:00+00:00,ATM-GB-0001,host-atm-gb-0001,Windows-Server-2019,12.6,716,4096,17.48,2087.96,2630.39,136.67,3750.5,9401.76,0,95,57652,0,
2026-03-24T23:13:00+00:00,ATM-GB-0002,host-atm-gb-0002,Windows-Server-2019,30.3,1387,4096,33.86,447.97,42.31,28.87,9367.88,6722.05,0,108,15363,0,
2026-03-24T23:13:00+00:00,ATM-GB-0003,host-atm-gb-0003,Windows-Server-2019,30.21,1037,4096,25.32,3344.47,3131.74,140.73,7331.76,8957.26,0,117,47475,0,
2026-03-24T23:13:00+00:00,ATM-GB-0004,host-atm-gb-0004,Windows-Server-2019,27.67,836,4096,20.41,3556.94,3634.56,55.58,3881.83,9473.86,0,81,4651,0,
2026-03-24T23:14:00+00:00,ATM-GB-0001,host-atm-gb-0001,Windows-Server-2019,27.56,678,4096,16.55,1182.51,4572.53,116.81,2721.57,6841.54,0,100,78138,0,
2026-03-24T23:14:00+00:00,ATM-GB-0002,host-atm-gb-0002,Windows-Server-2019,10.45,420,4096,10.25,532.54,1725.11,163.91,8431.54,9326.39,0,86,51940,0,
2026-03-24T23:14:00+00:00,ATM-GB-0003,host-atm-gb-0003,Windows-Server-2019,28.32,950,4096,23.19,1679.05,4061.5,21.66,2607.95,659.93,0,85,80873,0,
2026-03-24T23:14:00+00:00,ATM-GB-0004,host-atm-gb-0004,Windows-Server-2019,27.94,557,4096,13.6,1929.86,3811.66,12.63,8834.17,3081.06,0,93,63482,0,
2026-03-24T23:15:00+00:00,ATM-GB-0001,host-atm-gb-0001,Windows-Server-2019,36.5,1450,4096,35.4,393.47,218.88,58.35,1144.52,4647.42,0,113,65081,0,
2026-03-24T23:15:00+00:00,ATM-GB-0002,host-atm-gb-0002,Windows-Server-2019,20.11,1447,4096,35.33,2146.81,4844.59,161.2,533.53,1717.01,0,82,22730,0,
2026-03-24T23:15:00+00:00,ATM-GB-0003,host-atm-gb-0003,Windows-Server-2019,17.68,922,4096,22.51,2899.11,1122.02,33.02,8327.87,8351.7,0,91,60500,0,
2026-03-24T23:15:00+00:00,ATM-GB-0004,host-atm-gb-0004,Windows-Server-2019,37.16,1000,4096,24.41,2975.14,3658.34,160.45,1541.83,7263.67,0,83,42433,0,
2026-03-24T23:16:00+00:00,ATM-GB-0001,host-atm-gb-0001,Windows-Server-2019,17.37,441,4096,10.77,852.56,2197.29,155.24,1310.53,9839.2,0,90,43846,0,
2026-03-24T23:16:00+00:00,ATM-GB-0002,host-atm-gb-0002,Windows-Server-2019,14.79,876,4096,21.39,161.2,712.65,14.3,3128.92,9924.15,0,90,76624,0,
2026-03-24T23:16:00+00:00,ATM-GB-0003,host-atm-gb-0003,Windows-Server-2019,9.31,513,4096,12.52,2016.88,1847.77,133.87,4260.2,8291.74,0,117,39421,0,
2026-03-24T23:16:00+00:00,ATM-GB-0004,host-atm-gb-0004,Windows-Server-2019,21.76,1400,4096,34.18,3692.34,692.96,191.68,8570.4,5709.4,0,106,33605,0,
2026-03-24T23:17:00+00:00,ATM-GB-0001,host-atm-gb-0001,Windows-Server-2019,11.56,1305,4096,31.86,3724.72,1120.87,31.76,2164.01,7158.73,0,97,28570,0,
2026-03-24T23:17:00+00:00,ATM-GB-0002,host-atm-gb-0002,Windows-Server-2019,26.09,468,4096,11.43,2743.63,392.48,177.19,4803.49,1100.16,0,81,14250,0,
2026-03-24T23:17:00+00:00,ATM-GB-0003,host-atm-gb-0003,Windows-Server-2019,12.48,1204,4096,29.39,3530.92,417.69,166.45,8105.6,6080.38,0,105,48584,0,
2026-03-24T23:17:00+00:00,ATM-GB-0004,host-atm-gb-0004,Windows-Server-2019,27.23,1406,4096,34.33,4421.52,629.6,42.82,9774.62,20.13,0,99,8873,0,
2026-03-24T23:18:00+00:00,ATM-GB-0001,host-atm-gb-0001,Windows-Server-2019,8.14,1303,4096,31.81,1916.09,1484.96,21.52,271.62,2733.3,0,99,83716,0,
2026-03-24T23:18:00+00:00,ATM-GB-0002,host-atm-gb-0002,Windows-Server-2019,30.62,497,4096,12.13,2942.09,3109.3,182.88,79.55,1683.72,0,110,37773,0,
2026-03-24T23:18:00+00:00,ATM-GB-0003,host-atm-gb-0003,Windows-Server-2019,29.9,1368,4096,33.4,3512.99,2644.91,49.48,7168.86,388.62,0,103,19819,0,
2026-03-24T23:18:00+00:00,ATM-GB-0004,host-atm-gb-0004,Windows-Server-2019,5.73,961,4096,23.46,3040.03,2228.51,198.53,2615.53,363.22,0,90,47059,0,
2026-03-24T23:19:00+00:00,ATM-GB-0001,host-atm-gb-0001,Windows-Server-2019,39.89,691,4096,16.87,440.09,4825.97,111.5,4326.19,848.56,0,81,71631,0,
2026-03-24T23:19:00+00:00,ATM-GB-0002,host-atm-gb-0002,Windows-Server-2019,14.89,424,4096,10.35,236.74,1600.71,148.88,1684.13,3292.59,0,92,42080,0,
2026-03-24T23:19:00+00:00,ATM-GB-0003,host-atm-gb-0003,Windows-Server-2019,16.51,642,4096,15.67,2116.4,372.92,176.26,3991.0,8149.78,0,82,81993,0,
2026-03-24T23:19:00+00:00,ATM-GB-0004,host-atm-gb-0004,Windows-Server-2019,14.14,1091,4096,26.64,2311.76,2318.9,69.79,8115.73,5228.33,0,110,46097,0,
2026-03-24T23:20:00+00:00,ATM-GB-0001,host-atm-gb-0001,Windows-Server-2019,8.42,1044,4096,25.49,3785.12,1019.92,187.26,4929.23,2477.59,0,105,55920,0,
2026-03-24T23:20:00+00:00,ATM-GB-0002,host-atm-gb-0002,Windows-Server-2019,27.78,427,4096,10.42,4704.67,1797.13,188.38,7026.86,8334.97,0,109,81506,0,
2026-03-24T23:20:00+00:00,ATM-GB-0003,host-atm-gb-0003,Windows-Server-2019,21.68,1022,4096,24.95,3320.38,2428.89,124.01,803.56,5760.79,0,106,15173,0,
2026-03-24T23:20:00+00:00,ATM-GB-0004,host-atm-gb-0004,Windows-Server-2019,34.56,893,4096,21.8,2021.06,2999.66,162.17,1183.15,5436.2,0,81,82798,0,
2026-03-24T23:21:00+00:00,ATM-GB-0001,host-atm-gb-0001,Windows-Server-2019,25.92,1173,4096,28.64,289.1,1398.24,106.07,9319.14,7161.85,0,107,82676,0,
2026-03-24T23:21:00+00:00,ATM-GB-0002,host-atm-gb-0002,Windows-Server-2019,19.97,803,4096,19.6,284.42,3039.95,168.67,4329.61,3732.28,0,96,54611,0,
2026-03-24T23:21:00+00:00,ATM-GB-0003,host-atm-gb-0003,Windows-Server-2019,36.81,454,4096,11.08,497.67,1109.03,108.81,943.23,4161.48,0,118,20939,0,
2026-03-24T23:21:00+00:00,ATM-GB-0004,host-atm-gb-0004,Windows-Server-2019,35.83,1208,4096,29.49,1486.32,3625.37,167.78,9037.09,1036.56,0,115,43238,0,
2026-03-24T23:22:00+00:00,ATM-GB-0001,host-atm-gb-0001,Windows-Server-2019,5.84,1106,4096,27.0,4552.07,227.54,28.33,2241.98,8049.65,0,89,69135,0,
2026-03-24T23:22:00+00:00,ATM-GB-0002,host-atm-gb-0002,Windows-Server-2019,39.11,1455,4096,35.52,3340.03,483.98,192.81,7026.12,2917.73,0,119,40698,0,
2026-03-24T23:22:00+00:00,ATM-GB-0003,host-atm-gb-0003,Windows-Server-2019,25.08,605,4096,14.77,1822.45,1213.91,68.21,5885.07,6491.02,0,115,20864,0,
2026-03-24T23:22:00+00:00,ATM-GB-0004,host-atm-gb-0004,Windows-Server-2019,5.01,571,4096,13.94,2375.19,2774.43,170.99,8055.49,8657.13,0,111,4315,0,
2026-03-24T23:23:00+00:00,ATM-GB-0001,host-atm-gb-0001,Windows-Server-2019,10.35,1287,4096,31.42,945.22,3957.28,16.86,4957.95,4386.11,0,103,17556,0,
2026-03-24T23:23:00+00:00,ATM-GB-0002,host-atm-gb-0002,Windows-Server-2019,14.06,457,4096,11.16,2306.27,852.78,168.34,7400.48,8704.85,0,91,8281,0,
2026-03-24T23:23:00+00:00,ATM-GB-0003,host-atm-gb-0003,Windows-Server-2019,29.38,695,4096,16.97,4790.69,1599.14,194.07,3879.96,9397.8,0,109,41306,0,
2026-03-24T23:23:00+00:00,ATM-GB-0004,host-atm-gb-0004,Windows-Server-2019,31.71,657,4096,16.04,4128.13,3218.22,49.12,751.03,648.54,0,114,8410,0,
2026-03-24T23:24:00+00:00,ATM-GB-0001,host-atm-gb-0001,Windows-Server-2019,19.0,986,4096,24.07,336.29,1333.56,35.71,3400.16,3581.04,0,115,66111,0,
2026-03-24T23:24:00+00:00,ATM-GB-0002,host-atm-gb-0002,Windows-Server-2019,28.53,785,4096,19.17,3821.76,4325.98,140.68,4217.54,7862.7,0,112,44521,0,
2026-03-24T23:24:00+00:00,ATM-GB-0003,host-atm-gb-0003,Windows-Server-2019,20.64,1439,4096,35.13,3152.5,4647.46,13.94,2812.4,3862.84,0,108,47644,0,
2026-03-24T23:24:00+00:00,ATM-GB-0004,host-atm-gb-0004,Windows-Server-2019,39.26,721,4096,17.6,853.97,2463.09,158.53,4917.77,8706.91,0,115,47725,0,
2026-03-24T23:25:00+00:00,ATM-GB-0001,host-atm-gb-0001,Windows-Server-2019,37.04,1209,4096,29.52,2177.47,3797.83,154.95,3508.13,858.53,0,98,29732,0,
2026-03-24T23:25:00+00:00,ATM-GB-0002,host-atm-gb-0002,Windows-Server-2019,11.05,874,4096,21.34,4042.02,1141.85,43.2,543.14,8681.98,0,105,45380,0,
2026-03-24T23:25:00+00:00,ATM-GB-0003,host-atm-gb-0003,Windows-Server-2019,29.94,1214,4096,29.64,2096.42,15.99,159.07,1624.49,4534.72,0,87,32696,0,
2026-03-24T23:25:00+00:00,ATM-GB-0004,host-atm-gb-0004,Windows-Server-2019,34.55,1358,4096,33.15,6.82,3155.37,107.35,9564.6,2651.94,0,96,5665,0,
2026-03-24T23:26:00+00:00,ATM-GB-0001,host-atm-gb-0001,Windows-Server-2019,17.62,677,4096,16.53,2173.99,4102.64,42.27,5873.5,4623.75,0,96,45958,0,
2026-03-24T23:26:00+00:00,ATM-GB-0002,host-atm-gb-0002,Windows-Server-2019,25.77,504,4096,12.3,1627.28,2159.27,115.11,1735.48,9825.3,0,87,22765,0,
2026-03-24T23:26:00+00:00,ATM-GB-0003,host-atm-gb-0003,Windows-Server-2019,22.88,576,4096,14.06,1922.83,2817.91,43.75,4666.52,7712.5,0,98,53855,0,
2026-03-24T23:26:00+00:00,ATM-GB-0004,host-atm-gb-0004,Windows-Server-2019,11.3,781,4096,19.07,172.97,4089.9,191.51,4995.75,9665.05,0,93,12519,0,
2026-03-24T23:27:00+00:00,ATM-GB-0001,host-atm-gb-0001,Windows-Server-2019,21.5,1275,4096,31.13,2612.65,4871.5,29.04,113.52,2583.97,0,111,13010,0,
2026-03-24T23:27:00+00:00,ATM-GB-0002,host-atm-gb-0002,Windows-Server-2019,26.25,1390,4096,33.94,39.87,70.89,95.5,2454.23,8499.02,0,117,29547,0,
2026-03-24T23:27:00+00:00,ATM-GB-0003,host-atm-gb-0003,Windows-Server-2019,17.19,845,4096,20.63,2923.94,3681.1,127.38,8599.46,4608.39,0,118,69090,0,
2026-03-24T23:27:00+00:00,ATM-GB-0004,host-atm-gb-0004,Windows-Server-2019,26.53,1465,4096,35.77,4247.61,1252.44,172.95,629.82,871.06,0,106,41429,0,
2026-03-24T23:28:00+00:00,ATM-GB-0001,host-atm-gb-0001,Windows-Server-2019,17.61,853,4096,20.83,4083.35,2365.86,144.02,388.64,1106.1,0,114,48165,0,
2026-03-24T23:28:00+00:00,ATM-GB-0002,host-atm-gb-0002,Windows-Server-2019,36.83,956,4096,23.34,3752.7,1297.88,151.06,1917.14,1147.41,0,107,62949,0,
2026-03-24T23:28:00+00:00,ATM-GB-0003,host-atm-gb-0003,Windows-Server-2019,27.83,766,4096,18.7,1114.28,3828.69,142.49,206.35,5833.31,0,111,73218,0,
2026-03-24T23:28:00+00:00,ATM-GB-0004,host-atm-gb-0004,Windows-Server-2019,38.31,526,4096,12.84,1607.15,3428.07,130.21,7557.55,5705.7,0,108,15850,0,
2026-03-24T23:29:00+00:00,ATM-GB-0001,host-atm-gb-0001,Windows-Server-2019,36.76,1049,4096,25.61,2601.06,4885.35,102.85,4110.02,3750.85,0,94,18709,0,
2026-03-24T23:29:00+00:00,ATM-GB-0002,host-atm-gb-0002,Windows-Server-2019,16.86,617,4096,15.06,1475.72,2544.3,39.97,9474.23,4944.77,0,114,8733,0,
2026-03-24T23:29:00+00:00,ATM-GB-0003,host-atm-gb-0003,Windows-Server-2019,22.31,537,4096,13.11,768.35,3525.87,196.19,7881.7,9044.38,0,108,20667,0,
2026-03-24T23:29:00+00:00,ATM-GB-0004,host-atm-gb-0004,Windows-Server-2019,38.5,1323,4096,32.3,1799.34,1543.92,71.58,6172.21,2539.35,0,92,28396,0,
2026-03-24T23:30:00+00:00,ATM-GB-0001,host-atm-gb-0001,Windows-Server-2019,13.87,887,4096,21.66,275.15,385.4,79.36,107.81,6535.41,0,116,49698,0,
2026-03-24T23:30:00+00:00,ATM-GB-0002,host-atm-gb-0002,Windows-Server-2019,10.83,795,4096,19.41,603.29,4698.37,40.45,9231.17,6825.26,0,87,35891,0,
2026-03-24T23:30:00+00:00,ATM-GB-0003,host-atm-gb-0003,Windows-Server-2019,15.7,1496,4096,36.52,622.57,3407.45,186.93,260.44,6342.38,0,88,61194,0,
2026-03-24T23:30:00+00:00,ATM-GB-0004,host-atm-gb-0004,Windows-Server-2019,33.19,847,4096,20.68,402.61,1756.44,183.99,7515.32,1010.39,0,90,83910,0,
2026-03-24T23:31:00+00:00,ATM-GB-0001,host-atm-gb-0001,Windows-Server-2019,25.02,483,4096,11.79,1412.28,758.74,188.63,375.93,3339.16,0,107,22986,0,
2026-03-24T23:31:00+00:00,ATM-GB-0002,host-atm-gb-0002,Windows-Server-2019,20.88,481,4096,11.74,4821.56,2985.66,78.61,1536.7,6614.99,0,100,83587,0,
2026-03-24T23:31:00+00:00,ATM-GB-0003,host-atm-gb-0003,Windows-Server-2019,37.94,626,4096,15.28,841.15,4793.33,59.76,5524.26,348.55,0,116,12908,0,
2026-03-24T23:31:00+00:00,ATM-GB-0004,host-atm-gb-0004,Windows-Server-2019,21.94,1384,4096,33.79,3594.54,98.8,195.35,2917.04,1122.26,0,100,73161,0,
2026-03-24T23:32:00+00:00,ATM-GB-0001,host-atm-gb-0001,Windows-Server-2019,38.35,483,4096,11.79,764.5,339.09,40.02,6128.05,5726.67,0,96,84415,0,
2026-03-24T23:32:00+00:00,ATM-GB-0002,host-atm-gb-0002,Windows-Server-2019,18.79,903,4096,22.05,2429.45,1201.55,103.63,3035.86,7585.88,0,107,58833,0,
2026-03-24T23:32:00+00:00,ATM-GB-0003,host-atm-gb-0003,Windows-Server-2019,35.13,899,4096,21.95,4254.64,4212.08,154.09,7811.84,9305.99,0,88,15229,0,
2026-03-24T23:32:00+00:00,ATM-GB-0004,host-atm-gb-0004,Windows-Server-2019,28.37,1497,4096,36.55,4769.97,4173.1,78.54,3607.87,7349.77,0,108,35789,0,
2026-03-24T23:33:00+00:00,ATM-GB-0001,host-atm-gb-0001,Windows-Server-2019,10.98,1483,4096,36.21,286.36,3405.29,185.54,3673.83,6030.9,0,101,26060,0,
2026-03-24T23:33:00+00:00,ATM-GB-0002,host-atm-gb-0002,Windows-Server-2019,11.47,629,4096,15.36,1250.06,3720.32,130.25,1522.99,3837.72,0,113,30419,0,
2026-03-24T23:33:00+00:00,ATM-GB-0003,host-atm-gb-0003,Windows-Server-2019,14.52,1067,4096,26.05,2810.13,260.27,63.87,4073.36,918.52,0,111,38428,0,
2026-03-24T23:33:00+00:00,ATM-GB-0004,host-atm-gb-0004,Windows-Server-2019,20.54,1005,4096,24.54,3835.83,1173.75,118.98,6687.84,5204.55,0,110,65962,0,
2026-03-24T23:34:00+00:00,ATM-GB-0001,host-atm-gb-0001,Windows-Server-2019,5.21,1049,4096,25.61,2681.42,2746.61,102.35,6644.67,7498.0,0,81,67092,0,
2026-03-24T23:34:00+00:00,ATM-GB-0002,host-atm-gb-0002,Windows-Server-2019,15.76,1017,4096,24.83,1357.08,2484.71,16.56,5090.99,361.54,0,100,84988,0,
2026-03-24T23:34:00+00:00,ATM-GB-0003,host-atm-gb-0003,Windows-Server-2019,18.08,943,4096,23.02,1457.87,2741.01,24.74,1209.71,6514.98,0,114,53593,0,
2026-03-24T23:34:00+00:00,ATM-GB-0004,host-atm-gb-0004,Windows-Server-2019,34.47,948,4096,23.14,2808.55,4918.45,74.1,9374.97,3695.88,0,104,8791,0,
2026-03-24T23:35:00+00:00,ATM-GB-0001,host-atm-gb-0001,Windows-Server-2019,33.6,754,4096,18.41,2005.43,3342.18,56.04,8050.9,6106.29,0,113,18110,0,
2026-03-24T23:35:00+00:00,ATM-GB-0002,host-atm-gb-0002,Windows-Server-2019,31.81,435,4096,10.62,4641.62,241.71,117.03,6.81,6613.33,0,82,6681,0,
2026-03-24T23:35:00+00:00,ATM-GB-0003,host-atm-gb-0003,Windows-Server-2019,25.57,759,4096,18.53,2290.55,4506.55,93.59,5531.92,1463.77,0,112,55444,0,
2026-03-24T23:35:00+00:00,ATM-GB-0004,host-atm-gb-0004,Windows-Server-2019,30.83,1186,4096,28.96,4289.0,4084.31,83.63,6743.06,60.08,0,103,12977,0,
2026-03-24T23:36:00+00:00,ATM-GB-0001,host-atm-gb-0001,Windows-Server-2019,7.24,1449,4096,35.38,3072.87,2648.32,19.57,4594.34,3452.71,0,80,71309,0,
2026-03-24T23:36:00+00:00,ATM-GB-0002,host-atm-gb-0002,Windows-Server-2019,35.34,1260,4096,30.76,1351.13,85.09,37.17,7561.14,6007.29,0,80,64821,0,
2026-03-24T23:36:00+00:00,ATM-GB-0003,host-atm-gb-0003,Windows-Server-2019,9.19,1359,4096,33.18,1843.9,3439.87,54.53,6278.24,4914.24,0,94,47224,0,
2026-03-24T23:36:00+00:00,ATM-GB-0004,host-atm-gb-0004,Windows-Server-2019,16.04,421,4096,10.28,1264.55,4146.17,59.0,8866.45,3650.45,0,101,55192,0,
2026-03-24T23:37:00+00:00,ATM-GB-0001,host-atm-gb-0001,Windows-Server-2019,17.04,805,4096,19.65,1153.61,1754.33,81.44,4604.38,4403.03,0,112,29727,0,
2026-03-24T23:37:00+00:00,ATM-GB-0002,host-atm-gb-0002,Windows-Server-2019,5.69,714,4096,17.43,2708.46,33.57,33.65,1037.02,42.06,0,104,11104,0,
2026-03-24T23:37:00+00:00,ATM-GB-0003,host-atm-gb-0003,Windows-Server-2019,19.82,842,4096,20.56,2661.47,3420.76,150.22,5487.33,5014.17,0,108,77639,0,
2026-03-24T23:37:00+00:00,ATM-GB-0004,host-atm-gb-0004,Windows-Server-2019,14.43,620,4096,15.14,1779.72,4751.58,106.21,3078.17,9900.87,0,80,28041,0,
2026-03-24T23:38:00+00:00,ATM-GB-0001,host-atm-gb-0001,Windows-Server-2019,20.03,1413,4096,34.5,4711.77,2770.43,27.09,7665.29,9990.78,0,100,67390,0,
2026-03-24T23:38:00+00:00,ATM-GB-0002,host-atm-gb-0002,Windows-Server-2019,5.08,521,4096,12.72,3980.48,3283.85,152.69,415.67,5316.56,0,90,79304,0,
2026-03-24T23:38:00+00:00,ATM-GB-0003,host-atm-gb-0003,Windows-Server-2019,5.26,425,4096,10.38,1354.81,71.49,137.71,7798.19,7710.6,0,85,30751,0,
2026-03-24T23:38:00+00:00,ATM-GB-0004,host-atm-gb-0004,Windows-Server-2019,12.81,1436,4096,35.06,2385.48,251.59,43.16,8384.29,1801.19,0,96,71592,0,
2026-03-24T23:39:00+00:00,ATM-GB-0001,host-atm-gb-0001,Windows-Server-2019,20.4,1383,4096,33.76,1996.11,4023.91,197.06,5184.7,4529.69,0,119,67263,0,
2026-03-24T23:39:00+00:00,ATM-GB-0002,host-atm-gb-0002,Windows-Server-2019,17.92,514,4096,12.55,1815.24,3930.33,189.22,2663.07,4043.18,0,103,85229,0,
2026-03-24T23:39:00+00:00,ATM-GB-0003,host-atm-gb-0003,Windows-Server-2019,14.76,998,4096,24.37,3535.13,4929.38,124.65,5136.66,6233.17,0,116,16822,0,
2026-03-24T23:39:00+00:00,ATM-GB-0004,host-atm-gb-0004,Windows-Server-2019,25.82,479,4096,11.69,550.55,2852.26,92.71,6622.4,3346.47,0,81,60301,0,
2026-03-24T23:40:00+00:00,ATM-GB-0001,host-atm-gb-0001,Windows-Server-2019,27.76,1402,4096,34.23,1303.76,200.07,196.55,4001.71,6219.65,0,116,52829,0,
2026-03-24T23:40:00+00:00,ATM-GB-0002,host-atm-gb-0002,Windows-Server-2019,12.5,835,4096,20.39,1620.11,355.33,187.98,7412.13,2056.38,0,88,74840,0,
2026-03-24T23:40:00+00:00,ATM-GB-0003,host-atm-gb-0003,Windows-Server-2019,8.96,567,4096,13.84,3992.76,4996.67,84.78,9290.94,7566.09,0,118,24323,0,
2026-03-24T23:40:00+00:00,ATM-GB-0004,host-atm-gb-0004,Windows-Server-2019,33.1,1457,4096,35.57,1182.87,420.62,21.98,5775.46,7556.37,0,119,42403,0,
2026-03-24T23:41:00+00:00,ATM-GB-0001,host-atm-gb-0001,Windows-Server-2019,20.63,956,4096,23.34,993.93,2008.59,81.89,3332.83,788.7,0,105,10048,0,
2026-03-24T23:41:00+00:00,ATM-GB-0002,host-atm-gb-0002,Windows-Server-2019,19.14,738,4096,18.02,4767.42,1442.6,183.88,4856.03,8692.56,0,107,25336,0,
2026-03-24T23:41:00+00:00,ATM-GB-0003,host-atm-gb-0003,Windows-Server-2019,38.75,1181,4096,28.83,2813.98,1202.31,72.69,8293.63,748.55,0,115,30019,0,
2026-03-24T23:41:00+00:00,ATM-GB-0004,host-atm-gb-0004,Windows-Server-2019,28.45,792,4096,19.34,3851.47,4414.27,25.54,267.75,8938.92,0,96,8931,0,
2026-03-24T23:42:00+00:00,ATM-GB-0001,host-atm-gb-0001,Windows-Server-2019,7.34,1002,4096,24.46,2283.26,2677.79,19.77,5040.01,8996.22,0,107,50884,0,
2026-03-24T23:42:00+00:00,ATM-GB-0002,host-atm-gb-0002,Windows-Server-2019,11.86,942,4096,23.0,2579.46,1040.42,132.33,1503.63,7751.4,0,110,82360,0,
2026-03-24T23:42:00+00:00,ATM-GB-0003,host-atm-gb-0003,Windows-Server-2019,24.09,1142,4096,27.88,3660.08,405.77,34.22,7872.37,9077.28,0,83,73011,0,
2026-03-24T23:42:00+00:00,ATM-GB-0004,host-atm-gb-0004,Windows-Server-2019,12.12,822,4096,20.07,745.18,1163.26,148.44,2543.1,3665.69,0,106,52454,0,
2026-03-24T23:43:00+00:00,ATM-GB-0001,host-atm-gb-0001,Windows-Server-2019,5.57,1480,4096,36.13,1429.29,4696.01,68.35,1197.83,9529.96,0,112,13655,0,
2026-03-24T23:43:00+00:00,ATM-GB-0002,host-atm-gb-0002,Windows-Server-2019,37.14,1479,4096,36.11,1663.57,1356.44,179.69,6047.84,8984.21,0,99,18601,0,
2026-03-24T23:43:00+00:00,ATM-GB-0003,host-atm-gb-0003,Windows-Server-2019,17.01,1311,4096,32.01,3321.98,3756.59,137.54,5333.36,3627.18,0,104,32861,0,
2026-03-24T23:43:00+00:00,ATM-GB-0004,host-atm-gb-0004,Windows-Server-2019,10.25,407,4096,9.94,426.95,3981.76,90.37,8690.08,3604.51,0,85,41783,0,
2026-03-24T23:44:00+00:00,ATM-GB-0001,host-atm-gb-0001,Windows-Server-2019,15.72,1467,4096,35.82,2298.65,3172.05,158.87,6130.59,9036.8,0,90,68268,0,
2026-03-24T23:44:00+00:00,ATM-GB-0002,host-atm-gb-0002,Windows-Server-2019,7.21,1390,4096,33.94,2839.54,4974.76,84.01,3587.15,4185.46,0,107,37309,0,
2026-03-24T23:44:00+00:00,ATM-GB-0003,host-atm-gb-0003,Windows-Server-2019,9.61,1459,4096,35.62,139.76,592.2,68.46,9303.9,7054.73,0,95,38684,0,
2026-03-24T23:44:00+00:00,ATM-GB-0004,host-atm-gb-0004,Windows-Server-2019,22.87,1433,4096,34.99,3150.09,2999.88,61.84,4055.01,1482.66,0,115,27689,0,
2026-03-24T23:45:00+00:00,ATM-GB-0001,host-atm-gb-0001,Windows-Server-2019,35.96,638,4096,15.58,3261.09,3972.05,24.12,897.52,17.25,0,89,51975,0,
2026-03-24T23:45:00+00:00,ATM-GB-0002,host-atm-gb-0002,Windows-Server-2019,29.06,1283,4096,31.32,2804.31,4760.22,183.11,860.55,5331.53,0,120,64480,0,
2026-03-24T23:45:00+00:00,ATM-GB-0003,host-atm-gb-0003,Windows-Server-2019,33.42,457,4096,11.16,1950.8,2101.9,29.5,8897.22,5538.37,0,101,34491,0,
2026-03-24T23:45:00+00:00,ATM-GB-0004,host-atm-gb-0004,Windows-Server-2019,38.49,1303,4096,31.81,972.0,3061.85,116.95,3938.75,4533.38,0,91,24081,0,
2026-03-24T23:46:00+00:00,ATM-GB-0001,host-atm-gb-0001,Windows-Server-2019,14.49,1343,4096,32.79,2048.81,4890.04,96.46,9345.11,7145.82,0,119,64483,0,
2026-03-24T23:46:00+00:00,ATM-GB-0002,host-atm-gb-0002,Windows-Server-2019,26.3,474,4096,11.57,4138.37,62.34,192.07,7857.56,2657.51,0,95,51642,0,
2026-03-24T23:46:00+00:00,ATM-GB-0003,host-atm-gb-0003,Windows-Server-2019,27.46,936,4096,22.85,3634.39,4774.99,131.23,197.55,3384.28,0,85,67075,0,
2026-03-24T23:46:00+00:00,ATM-GB-0004,host-atm-gb-0004,Windows-Server-2019,10.57,430,4096,10.5,224.22,3874.62,124.79,8375.17,3070.34,0,96,42540,0,
2026-03-24T23:47:00+00:00,ATM-GB-0001,host-atm-gb-0001,Windows-Server-2019,33.12,537,4096,13.11,3258.58,2034.14,168.75,6384.18,2780.55,0,103,65807,0,
2026-03-24T23:47:00+00:00,ATM-GB-0002,host-atm-gb-0002,Windows-Server-2019,29.46,843,4096,20.58,2092.41,3481.17,110.95,4492.67,4851.57,0,119,21430,0,
2026-03-24T23:47:00+00:00,ATM-GB-0003,host-atm-gb-0003,Windows-Server-2019,6.58,942,4096,23.0,2558.36,3394.83,46.82,2941.69,6138.36,0,99,11372,0,
2026-03-24T23:47:00+00:00,ATM-GB-0004,host-atm-gb-0004,Windows-Server-2019,10.41,1246,4096,30.42,2928.47,1629.84,195.94,4430.32,9778.94,0,120,30135,0,
2026-03-24T23:48:00+00:00,ATM-GB-0001,host-atm-gb-0001,Windows-Server-2019,12.54,708,4096,17.29,2434.72,4695.91,147.12,4954.8,1716.69,0,116,49510,0,
2026-03-24T23:48:00+00:00,ATM-GB-0002,host-atm-gb-0002,Windows-Server-2019,30.02,601,4096,14.67,1785.28,1551.49,108.04,7108.06,7740.51,0,104,18411,0,
2026-03-24T23:48:00+00:00,ATM-GB-0003,host-atm-gb-0003,Windows-Server-2019,11.76,1419,4096,34.64,2562.0,3489.76,70.3,9369.16,6629.92,0,96,86177,0,
2026-03-24T23:48:00+00:00,ATM-GB-0004,host-atm-gb-0004,Windows-Server-2019,27.28,1423,4096,34.74,41.12,2626.46,98.29,7708.42,5616.29,0,99,69611,0,
2026-03-24T23:49:00+00:00,ATM-GB-0001,host-atm-gb-0001,Windows-Server-2019,35.28,1321,4096,32.25,1900.67,4986.97,118.56,2003.54,6018.8,0,105,17029,0,
2026-03-24T23:49:00+00:00,ATM-GB-0002,host-atm-gb-0002,Windows-Server-2019,30.35,745,4096,18.19,2126.13,4234.59,97.42,3873.51,7940.62,0,84,30491,0,
2026-03-24T23:49:00+00:00,ATM-GB-0003,host-atm-gb-0003,Windows-Server-2019,19.67,1362,4096,33.25,1486.2,4013.74,18.41,1116.43,9374.86,0,99,72657,0,
2026-03-24T23:49:00+00:00,ATM-GB-0004,host-atm-gb-0004,Windows-Server-2019,20.07,1341,4096,32.74,4566.3,3655.82,108.8,6219.74,5979.29,0,119,81445,0,
2026-03-24T23:50:00+00:00,ATM-GB-0001,host-atm-gb-0001,Windows-Server-2019,35.52,1443,4096,35.23,2357.63,72.02,54.87,9796.7,1208.27,0,101,21967,0,
2026-03-24T23:50:00+00:00,ATM-GB-0002,host-atm-gb-0002,Windows-Server-2019,22.84,717,4096,17.5,484.79,202.41,125.72,2384.7,66.79,0,107,33442,0,
2026-03-24T23:50:00+00:00,ATM-GB-0003,host-atm-gb-0003,Windows-Server-2019,32.57,1420,4096,34.67,4726.16,4549.03,45.77,8502.91,753.73,0,86,57406,0,
2026-03-24T23:50:00+00:00,ATM-GB-0004,host-atm-gb-0004,Windows-Server-2019,15.74,525,4096,12.82,2264.79,1305.56,133.89,693.0,2719.8,0,111,35966,0,
2026-03-24T23:51:00+00:00,ATM-GB-0001,host-atm-gb-0001,Windows-Server-2019,30.0,766,4096,18.7,4676.81,1598.58,160.14,3357.49,5630.05,0,109,58706,0,
2026-03-24T23:51:00+00:00,ATM-GB-0002,host-atm-gb-0002,Windows-Server-2019,32.7,718,4096,17.53,1471.4,1750.93,96.56,1904.42,5003.96,0,90,57602,0,
2026-03-24T23:51:00+00:00,ATM-GB-0003,host-atm-gb-0003,Windows-Server-2019,21.48,1277,4096,31.18,2128.52,2810.59,92.91,8773.9,4889.39,0,109,26693,0,
2026-03-24T23:51:00+00:00,ATM-GB-0004,host-atm-gb-0004,Windows-Server-2019,20.67,1215,4096,29.66,1198.96,4450.97,146.07,6785.84,5816.05,0,84,60680,0,
2026-03-24T23:52:00+00:00,ATM-GB-0001,host-atm-gb-0001,Windows-Server-2019,39.69,451,4096,11.01,4426.43,1664.89,33.1,5166.81,3134.2,0,117,63856,0,
2026-03-24T23:52:00+00:00,ATM-GB-0002,host-atm-gb-0002,Windows-Server-2019,16.2,1161,4096,28.34,2294.04,4107.21,177.55,3753.72,6980.63,0,82,13725,0,
2026-03-24T23:52:00+00:00,ATM-GB-0003,host-atm-gb-0003,Windows-Server-2019,13.56,943,4096,23.02,165.76,1766.68,63.37,7660.26,192.35,0,90,57183,0,
2026-03-24T23:52:00+00:00,ATM-GB-0004,host-atm-gb-0004,Windows-Server-2019,5.13,738,4096,18.02,417.68,2908.97,48.33,2089.91,2310.58,0,83,83056,0,
2026-03-24T23:53:00+00:00,ATM-GB-0001,host-atm-gb-0001,Windows-Server-2019,33.8,721,4096,17.6,4524.94,4.78,103.6,366.92,6597.71,0,102,80724,0,
2026-03-24T23:53:00+00:00,ATM-GB-0002,host-atm-gb-0002,Windows-Server-2019,26.34,518,4096,12.65,1806.08,2836.7,54.0,8694.63,9630.26,0,109,33487,0,
2026-03-24T23:53:00+00:00,ATM-GB-0003,host-atm-gb-0003,Windows-Server-2019,20.41,1038,4096,25.34,2900.77,3682.73,55.19,9570.5,5777.39,0,98,69062,0,
2026-03-24T23:53:00+00:00,ATM-GB-0004,host-atm-gb-0004,Windows-Server-2019,6.94,881,4096,21.51,30.26,2084.9,169.16,693.51,2880.94,0,88,5371,0,
2026-03-24T23:54:00+00:00,ATM-GB-0001,host-atm-gb-0001,Windows-Server-2019,27.34,944,4096,23.05,54.83,152.34,114.68,2697.51,5967.1,0,96,62073,0,
2026-03-24T23:54:00+00:00,ATM-GB-0002,host-atm-gb-0002,Windows-Server-2019,12.08,1463,4096,35.72,1310.8,3756.21,161.22,8375.77,3826.24,0,85,14390,0,
2026-03-24T23:54:00+00:00,ATM-GB-0003,host-atm-gb-0003,Windows-Server-2019,34.3,471,4096,11.5,4513.27,4761.44,87.92,1569.7,5082.23,0,99,5938,0,
2026-03-24T23:54:00+00:00,ATM-GB-0004,host-atm-gb-0004,Windows-Server-2019,5.02,823,4096,20.09,1801.11,1596.57,13.13,7361.75,3889.5,0,102,69976,0,
2026-03-24T23:55:00+00:00,ATM-GB-0001,host-atm-gb-0001,Windows-Server-2019,14.12,946,4096,23.1,735.41,2468.66,80.08,9790.47,1268.47,0,84,10889,0,
2026-03-24T23:55:00+00:00,ATM-GB-0002,host-atm-gb-0002,Windows-Server-2019,36.24,863,4096,21.07,2508.04,3910.51,18.08,8640.44,4260.11,0,85,53415,0,
2026-03-24T23:55:00+00:00,ATM-GB-0003,host-atm-gb-0003,Windows-Server-2019,32.32,874,4096,21.34,2108.76,3143.66,112.77,337.58,2355.21,0,101,35858,0,
2026-03-24T23:55:00+00:00,ATM-GB-0004,host-atm-gb-0004,Windows-Server-2019,27.38,961,4096,23.46,698.4,4465.01,152.6,3139.55,7691.38,0,82,79193,0,
2026-03-24T23:56:00+00:00,ATM-GB-0001,host-atm-gb-0001,Windows-Server-2019,14.16,1292,4096,31.54,3409.68,4796.48,140.76,9134.96,2062.64,0,119,48222,0,
2026-03-24T23:56:00+00:00,ATM-GB-0002,host-atm-gb-0002,Windows-Server-2019,27.61,803,4096,19.6,1004.89,3395.2,72.98,3688.34,455.01,0,112,3821,0,
2026-03-24T23:56:00+00:00,ATM-GB-0003,host-atm-gb-0003,Windows-Server-2019,16.43,767,4096,18.73,4318.65,1990.85,149.53,9806.12,9133.13,0,98,76156,0,
2026-03-24T23:56:00+00:00,ATM-GB-0004,host-atm-gb-0004,Windows-Server-2019,16.02,1336,4096,32.62,2282.31,4844.76,188.74,6033.67,6936.23,0,118,76713,0,
2026-03-24T23:57:00+00:00,ATM-GB-0001,host-atm-gb-0001,Windows-Server-2019,30.0,1330,4096,32.47,3300.51,3117.47,111.06,351.25,233.65,0,114,54793,0,
2026-03-24T23:57:00+00:00,ATM-GB-0002,host-atm-gb-0002,Windows-Server-2019,39.64,1198,4096,29.25,3305.5,4911.01,67.82,6426.4,6443.61,0,104,48664,0,
2026-03-24T23:57:00+00:00,ATM-GB-0003,host-atm-gb-0003,Windows-Server-2019,10.6,1253,4096,30.59,276.49,3453.9,55.37,737.37,6110.91,0,93,71363,0,
2026-03-24T23:57:00+00:00,ATM-GB-0004,host-atm-gb-0004,Windows-Server-2019,28.7,699,4096,17.07,4966.56,4583.33,158.58,6896.99,6519.88,0,88,5053,0,
2026-03-24T23:58:00+00:00,ATM-GB-0001,host-atm-gb-0001,Windows-Server-2019,24.34,1419,4096,34.64,3563.79,2865.97,198.3,6362.43,440.27,0,96,53454,0,
2026-03-24T23:58:00+00:00,ATM-GB-0002,host-atm-gb-0002,Windows-Server-2019,16.09,1313,4096,32.06,4806.3,3551.09,169.69,7368.28,3228.02,0,86,23223,0,
2026-03-24T23:58:00+00:00,ATM-GB-0003,host-atm-gb-0003,Windows-Server-2019,9.78,747,4096,18.24,3661.12,3126.5,196.02,5535.8,9698.97,0,99,40886,0,
2026-03-24T23:58:00+00:00,ATM-GB-0004,host-atm-gb-0004,Windows-Server-2019,22.83,555,4096,13.55,4652.38,1298.43,96.36,6276.63,4332.89,0,102,28761,0,
2026-03-24T23:59:00+00:00,ATM-GB-0001,host-atm-gb-0001,Windows-Server-2019,24.21,699,4096,17.07,429.67,3033.05,40.01,4008.44,402.75,0,107,33835,0,
2026-03-24T23:59:00+00:00,ATM-GB-0002,host-atm-gb-0002,Windows-Server-2019,11.6,497,4096,12.13,3094.69,557.23,54.7,6239.09,8085.94,0,118,51451,0,
2026-03-24T23:59:00+00:00,ATM-GB-0003,host-atm-gb-0003,Windows-Server-2019,20.66,971,4096,23.71,361.11,1800.56,160.25,757.5,2345.88,0,109,7847,0,
2026-03-24T23:59:00+00:00,ATM-GB-0004,host-atm-gb-0004,Windows-Server-2019,12.48,872,4096,21.29,2448.65,3862.84,127.77,8004.52,8920.25,0,109,24345,0,
2026-03-25T00:00:00+00:00,ATM-GB-0001,host-atm-gb-0001,Windows-Server-2019,34.09,1134,4096,27.69,483.19,1775.9,123.58,6035.23,1598.23,0,99,46964,0,
2026-03-25T00:00:00+00:00,ATM-GB-0002,host-atm-gb-0002,Windows-Server-2019,16.0,1448,4096,35.35,2413.7,1367.36,133.89,1339.03,6766.24,0,115,83786,0,
2026-03-25T00:00:00+00:00,ATM-GB-0003,host-atm-gb-0003,Windows-Server-2019,39.71,434,4096,10.6,4746.16,1093.3,78.62,1710.22,5404.13,0,90,78656,0,
2026-03-25T00:00:00+00:00,ATM-GB-0004,host-atm-gb-0004,Windows-Server-2019,14.15,1481,4096,36.16,2095.94,3794.5,26.36,169.99,2678.66,0,114,41764,0,
2026-03-25T00:01:00+00:00,ATM-GB-0001,host-atm-gb-0001,Windows-Server-2019,36.82,1060,4096,25.88,2050.58,472.51,125.3,8553.17,8697.07,0,81,23629,0,
2026-03-25T00:01:00+00:00,ATM-GB-0002,host-atm-gb-0002,Windows-Server-2019,9.25,907,4096,22.14,4820.78,1531.75,55.03,3536.37,2715.95,0,99,64389,0,
2026-03-25T00:01:00+00:00,ATM-GB-0003,host-atm-gb-0003,Windows-Server-2019,35.7,521,4096,12.72,4583.92,2069.62,165.32,5028.97,4386.63,0,111,27933,0,
2026-03-25T00:01:00+00:00,ATM-GB-0004,host-atm-gb-0004,Windows-Server-2019,8.34,717,4096,17.5,3112.59,4426.14,42.92,2404.57,6813.19,0,87,76469,0,
2026-03-25T00:02:00+00:00,ATM-GB-0001,host-atm-gb-0001,Windows-Server-2019,10.57,782,4096,19.09,2684.38,43.36,33.75,9213.04,564.73,0,113,77461,0,
2026-03-25T00:02:00+00:00,ATM-GB-0002,host-atm-gb-0002,Windows-Server-2019,26.38,557,4096,13.6,1136.31,3340.19,88.11,4083.88,4704.72,0,114,20109,0,
2026-03-25T00:02:00+00:00,ATM-GB-0003,host-atm-gb-0003,Windows-Server-2019,38.36,1306,4096,31.88,1500.95,2443.26,151.69,5223.41,3024.86,0,83,49453,0,
2026-03-25T00:02:00+00:00,ATM-GB-0004,host-atm-gb-0004,Windows-Server-2019,22.34,1409,4096,34.4,1638.51,2674.33,126.12,1315.99,3042.64,0,92,40181,0,
2026-03-25T00:03:00+00:00,ATM-GB-0001,host-atm-gb-0001,Windows-Server-2019,34.12,1357,4096,33.13,1475.95,3230.86,73.43,4213.52,4706.67,0,103,52256,0,
2026-03-25T00:03:00+00:00,ATM-GB-0002,host-atm-gb-0002,Windows-Server-2019,25.39,517,4096,12.62,3855.68,2063.41,108.25,6067.09,8934.42,0,110,49952,0,
2026-03-25T00:03:00+00:00,ATM-GB-0003,host-atm-gb-0003,Windows-Server-2019,20.2,645,4096,15.75,893.08,3103.6,156.54,4533.27,2042.98,0,116,48909,0,
2026-03-25T00:03:00+00:00,ATM-GB-0004,host-atm-gb-0004,Windows-Server-2019,38.57,1138,4096,27.78,390.69,4270.41,117.94,123.56,382.82,0,89,16879,0,
2026-03-25T00:04:00+00:00,ATM-GB-0001,host-atm-gb-0001,Windows-Server-2019,24.03,1145,4096,27.95,3333.0,902.11,53.03,7611.65,3084.75,0,94,26334,0,
2026-03-25T00:04:00+00:00,ATM-GB-0002,host-atm-gb-0002,Windows-Server-2019,21.7,743,4096,18.14,388.47,3108.2,80.67,1166.79,2768.83,0,91,76692,0,
2026-03-25T00:04:00+00:00,ATM-GB-0003,host-atm-gb-0003,Windows-Server-2019,37.98,904,4096,22.07,1165.25,656.5,19.47,4871.31,6889.08,0,118,62892,0,
2026-03-25T00:04:00+00:00,ATM-GB-0004,host-atm-gb-0004,Windows-Server-2019,27.67,1484,4096,36.23,1232.15,680.4,55.13,4591.8,7514.39,0,85,31299,0,
2026-03-25T00:05:00+00:00,ATM-GB-0001,host-atm-gb-0001,Windows-Server-2019,24.05,1227,4096,29.96,832.22,2177.85,85.91,3458.31,8570.83,0,88,28064,0,
2026-03-25T00:05:00+00:00,ATM-GB-0002,host-atm-gb-0002,Windows-Server-2019,8.96,937,4096,22.88,376.89,838.11,179.95,8902.73,3469.74,0,107,70335,0,
2026-03-25T00:05:00+00:00,ATM-GB-0003,host-atm-gb-0003,Windows-Server-2019,5.0,1134,4096,27.69,1759.84,1865.32,80.76,2207.24,7910.94,0,120,28979,0,
2026-03-25T00:05:00+00:00,ATM-GB-0004,host-atm-gb-0004,Windows-Server-2019,9.53,621,4096,15.16,2072.63,4611.72,124.14,4307.61,4090.92,0,105,30309,0,
2026-03-25T00:06:00+00:00,ATM-GB-0001,host-atm-gb-0001,Windows-Server-2019,23.84,1056,4096,25.78,1408.57,2283.62,97.43,2798.11,5784.97,0,82,13424,0,
2026-03-25T00:06:00+00:00,ATM-GB-0002,host-atm-gb-0002,Windows-Server-2019,34.37,1252,4096,30.57,3155.5,86.99,148.5,6724.08,7817.12,0,88,27677,0,
2026-03-25T00:06:00+00:00,ATM-GB-0003,host-atm-gb-0003,Windows-Server-2019,31.11,957,4096,23.36,4258.41,4906.19,17.96,6781.77,5924.64,0,108,65121,0,
2026-03-25T00:06:00+00:00,ATM-GB-0004,host-atm-gb-0004,Windows-Server-2019,34.15,879,4096,21.46,3236.54,3796.16,35.98,4122.56,1656.33,0,102,5543,0,
2026-03-25T00:07:00+00:00,ATM-GB-0001,host-atm-gb-0001,Windows-Server-2019,35.88,909,4096,22.19,4020.03,898.49,61.24,2760.89,7603.46,0,117,40175,0,
2026-03-25T00:07:00+00:00,ATM-GB-0002,host-atm-gb-0002,Windows-Server-2019,35.13,965,4096,23.56,2741.27,4395.81,88.91,6019.64,6080.9,0,115,71117,0,
2026-03-25T00:07:00+00:00,ATM-GB-0003,host-atm-gb-0003,Windows-Server-2019,38.22,488,4096,11.91,4590.54,3696.28,178.15,9101.78,4923.6,0,118,25118,0,
2026-03-25T00:07:00+00:00,ATM-GB-0004,host-atm-gb-0004,Windows-Server-2019,30.66,1456,4096,35.55,2908.42,880.22,47.68,4690.25,5487.61,0,120,59354,0,
2026-03-25T00:08:00+00:00,ATM-GB-0001,host-atm-gb-0001,Windows-Server-2019,34.93,528,4096,12.89,4759.86,1258.31,91.7,8871.35,9163.92,0,81,37844,0,
2026-03-25T00:08:00+00:00,ATM-GB-0002,host-atm-gb-0002,Windows-Server-2019,5.58,404,4096,9.86,3627.01,3064.66,195.96,2587.51,585.78,0,104,44061,0,
2026-03-25T00:08:00+00:00,ATM-GB-0003,host-atm-gb-0003,Windows-Server-2019,26.0,1267,4096,30.93,3760.94,771.39,163.23,3209.18,4365.67,0,102,62472,0,
2026-03-25T00:08:00+00:00,ATM-GB-0004,host-atm-gb-0004,Windows-Server-2019,32.67,1246,4096,30.42,492.5,24.37,46.76,2289.12,4389.84,0,116,34499,0,
2026-03-25T00:09:00+00:00,ATM-GB-0001,host-atm-gb-0001,Windows-Server-2019,6.42,1249,4096,30.49,2968.2,4095.27,186.5,6815.33,8986.74,0,90,65784,0,
2026-03-25T00:09:00+00:00,ATM-GB-0002,host-atm-gb-0002,Windows-Server-2019,18.22,1359,4096,33.18,17.29,3858.94,59.73,8877.49,5022.65,0,103,60530,0,
2026-03-25T00:09:00+00:00,ATM-GB-0003,host-atm-gb-0003,Windows-Server-2019,15.6,953,4096,23.27,4656.64,964.21,93.42,5866.36,3986.36,0,119,70421,0,
2026-03-25T00:09:00+00:00,ATM-GB-0004,host-atm-gb-0004,Windows-Server-2019,28.74,743,4096,18.14,3537.35,4638.99,151.2,8299.06,3442.68,0,113,21786,0,
2026-03-25T00:10:00+00:00,ATM-GB-0001,host-atm-gb-0001,Windows-Server-2019,5.88,932,4096,22.75,289.88,1798.16,52.83,2715.52,3207.91,0,82,77720,0,
2026-03-25T00:10:00+00:00,ATM-GB-0002,host-atm-gb-0002,Windows-Server-2019,16.35,448,4096,10.94,2913.4,2220.92,172.34,3310.86,6864.7,0,105,53674,0,
2026-03-25T00:10:00+00:00,ATM-GB-0003,host-atm-gb-0003,Windows-Server-2019,12.19,760,4096,18.55,1480.05,1108.92,42.13,3313.69,5872.1,0,104,5039,0,
2026-03-25T00:10:00+00:00,ATM-GB-0004,host-atm-gb-0004,Windows-Server-2019,39.87,1361,4096,33.23,4310.87,3387.17,34.78,2479.47,5011.78,0,97,52999,0,
2026-03-25T00:11:00+00:00,ATM-GB-0001,host-atm-gb-0001,Windows-Server-2019,20.42,1147,4096,28.0,3014.8,3018.13,62.63,5417.7,6219.03,0,102,50235,0,
2026-03-25T00:11:00+00:00,ATM-GB-0002,host-atm-gb-0002,Windows-Server-2019,30.81,1201,4096,29.32,3230.07,3889.51,74.82,8523.81,6619.72,0,92,13861,0,
2026-03-25T00:11:00+00:00,ATM-GB-0003,host-atm-gb-0003,Windows-Server-2019,21.66,1348,4096,32.91,3972.79,3888.47,50.64,8944.74,6181.57,0,108,41428,0,
2026-03-25T00:11:00+00:00,ATM-GB-0004,host-atm-gb-0004,Windows-Server-2019,32.71,660,4096,16.11,1057.25,4706.67,190.01,8897.69,8476.45,0,115,73880,0,
2026-03-25T00:12:00+00:00,ATM-GB-0001,host-atm-gb-0001,Windows-Server-2019,9.95,441,4096,10.77,2142.93,2292.51,88.84,185.78,7386.78,0,120,30451,0,
2026-03-25T00:12:00+00:00,ATM-GB-0002,host-atm-gb-0002,Windows-Server-2019,39.2,1446,4096,35.3,315.56,3330.33,196.2,7186.61,5099.19,0,99,49263,0,
2026-03-25T00:12:00+00:00,ATM-GB-0003,host-atm-gb-0003,Windows-Server-2019,37.78,547,4096,13.35,1726.64,4773.97,57.73,1947.01,596.9,0,120,86029,0,
2026-03-25T00:12:00+00:00,ATM-GB-0004,host-atm-gb-0004,Windows-Server-2019,32.03,1052,4096,25.68,1083.74,2108.21,51.08,8253.82,5939.57,0,105,45986,0,
2026-03-25T00:13:00+00:00,ATM-GB-0001,host-atm-gb-0001,Windows-Server-2019,25.54,1399,4096,34.16,1382.45,4468.57,50.66,836.65,9773.45,0,82,49785,0,
2026-03-25T00:13:00+00:00,ATM-GB-0002,host-atm-gb-0002,Windows-Server-2019,21.28,824,4096,20.12,3700.54,1977.82,178.83,117.53,5303.06,0,82,64582,0,
2026-03-25T00:13:00+00:00,ATM-GB-0003,host-atm-gb-0003,Windows-Server-2019,30.71,705,4096,17.21,4289.91,4838.71,77.24,797.05,5790.29,0,101,58362,0,
2026-03-25T00:13:00+00:00,ATM-GB-0004,host-atm-gb-0004,Windows-Server-2019,24.24,893,4096,21.8,2354.67,3610.8,156.68,6927.14,5935.54,0,103,45986,0,
2026-03-25T00:14:00+00:00,ATM-GB-0001,host-atm-gb-0001,Windows-Server-2019,11.16,1395,4096,34.06,1955.45,4761.48,177.41,4701.3,6634.42,0,98,23980,0,
2026-03-25T00:14:00+00:00,ATM-GB-0002,host-atm-gb-0002,Windows-Server-2019,37.2,1106,4096,27.0,3374.87,1193.13,163.44,9434.37,3669.04,0,104,12064,0,
2026-03-25T00:14:00+00:00,ATM-GB-0003,host-atm-gb-0003,Windows-Server-2019,27.86,1125,4096,27.47,1130.62,3421.01,42.67,9170.82,9696.88,0,93,74677,0,
2026-03-25T00:14:00+00:00,ATM-GB-0004,host-atm-gb-0004,Windows-Server-2019,31.25,1064,4096,25.98,4914.6,374.02,38.18,3125.77,6683.04,0,101,21523,0,
2026-03-25T00:15:00+00:00,ATM-GB-0001,host-atm-gb-0001,Windows-Server-2019,10.88,846,4096,20.65,4146.71,1291.11,87.95,8643.02,8925.17,0,85,76653,0,
2026-03-25T00:15:00+00:00,ATM-GB-0002,host-atm-gb-0002,Windows-Server-2019,38.13,919,4096,22.44,955.01,2171.37,23.15,5645.94,5016.75,0,88,84095,0,
2026-03-25T00:15:00+00:00,ATM-GB-0003,host-atm-gb-0003,Windows-Server-2019,5.39,1147,4096,28.0,1188.51,95.54,155.58,6568.77,3196.88,0,91,79746,0,
2026-03-25T00:15:00+00:00,ATM-GB-0004,host-atm-gb-0004,Windows-Server-2019,25.73,1082,4096,26.42,2257.09,3222.28,171.61,4506.47,2330.49,0,106,28208,0,
2026-03-25T00:16:00+00:00,ATM-GB-0001,host-atm-gb-0001,Windows-Server-2019,38.47,1202,4096,29.35,195.53,2376.93,156.45,8057.74,6559.36,0,89,31808,0,
2026-03-25T00:16:00+00:00,ATM-GB-0002,host-atm-gb-0002,Windows-Server-2019,33.76,456,4096,11.13,3890.46,1637.51,25.37,8785.61,3984.94,0,104,60005,0,
2026-03-25T00:16:00+00:00,ATM-GB-0003,host-atm-gb-0003,Windows-Server-2019,36.78,1063,4096,25.95,175.9,2147.19,37.21,5089.86,3299.96,0,83,84555,0,
2026-03-25T00:16:00+00:00,ATM-GB-0004,host-atm-gb-0004,Windows-Server-2019,6.98,1454,4096,35.5,1378.26,2738.46,30.52,440.52,5255.5,0,89,28150,0,
2026-03-25T00:17:00+00:00,ATM-GB-0001,host-atm-gb-0001,Windows-Server-2019,31.67,1028,4096,25.1,709.79,530.52,175.07,9619.07,841.53,0,80,11832,0,
2026-03-25T00:17:00+00:00,ATM-GB-0002,host-atm-gb-0002,Windows-Server-2019,32.43,581,4096,14.18,363.44,1556.06,59.3,9445.43,890.49,0,89,59835,0,
2026-03-25T00:17:00+00:00,ATM-GB-0003,host-atm-gb-0003,Windows-Server-2019,32.52,413,4096,10.08,3306.67,3761.46,163.05,4053.21,4312.23,0,95,5880,0,
2026-03-25T00:17:00+00:00,ATM-GB-0004,host-atm-gb-0004,Windows-Server-2019,25.43,813,4096,19.85,867.21,1008.3,117.03,339.64,3221.3,0,96,18745,0,
2026-03-25T00:18:00+00:00,ATM-GB-0001,host-atm-gb-0001,Windows-Server-2019,34.25,812,4096,19.82,750.8,3380.1,46.95,9884.9,1390.78,0,96,30288,0,
2026-03-25T00:18:00+00:00,ATM-GB-0002,host-atm-gb-0002,Windows-Server-2019,12.93,930,4096,22.71,3452.56,1807.44,132.7,2571.29,1327.93,0,102,84551,0,
2026-03-25T00:18:00+00:00,ATM-GB-0003,host-atm-gb-0003,Windows-Server-2019,5.43,888,4096,21.68,739.57,1732.79,74.9,52.65,8666.34,0,114,12651,0,
2026-03-25T00:18:00+00:00,ATM-GB-0004,host-atm-gb-0004,Windows-Server-2019,7.03,962,4096,23.49,3687.41,2573.2,168.51,9627.19,3224.66,0,95,37885,0,
2026-03-25T00:19:00+00:00,ATM-GB-0001,host-atm-gb-0001,Windows-Server-2019,33.33,711,4096,17.36,1149.71,4048.08,161.09,5197.99,2490.79,0,86,57349,0,
2026-03-25T00:19:00+00:00,ATM-GB-0002,host-atm-gb-0002,Windows-Server-2019,10.45,778,4096,18.99,1055.65,398.57,62.42,8940.57,1074.59,0,96,69138,0,
2026-03-25T00:19:00+00:00,ATM-GB-0003,host-atm-gb-0003,Windows-Server-2019,21.9,944,4096,23.05,357.64,3502.68,139.37,1665.47,5543.08,0,99,9733,0,
2026-03-25T00:19:00+00:00,ATM-GB-0004,host-atm-gb-0004,Windows-Server-2019,15.19,1176,4096,28.71,688.52,3668.42,40.61,5543.21,4879.88,0,110,50292,0,
2026-03-25T00:20:00+00:00,ATM-GB-0001,host-atm-gb-0001,Windows-Server-2019,24.76,722,4096,17.63,1167.82,362.86,129.26,4572.82,2445.15,0,92,56504,0,
2026-03-25T00:20:00+00:00,ATM-GB-0002,host-atm-gb-0002,Windows-Server-2019,16.63,1308,4096,31.93,290.23,2461.29,12.36,4497.95,6670.48,0,90,52280,0,
2026-03-25T00:20:00+00:00,ATM-GB-0003,host-atm-gb-0003,Windows-Server-2019,23.07,692,4096,16.89,4311.06,2475.7,54.63,1939.83,7799.22,0,104,7355,0,
2026-03-25T00:20:00+00:00,ATM-GB-0004,host-atm-gb-0004,Windows-Server-2019,16.57,781,4096,19.07,2595.47,2450.23,128.32,4114.54,4836.88,0,96,8388,0,
2026-03-25T00:21:00+00:00,ATM-GB-0001,host-atm-gb-0001,Windows-Server-2019,6.77,586,4096,14.31,74.91,4298.51,65.94,6740.63,499.0,0,90,39507,0,
2026-03-25T00:21:00+00:00,ATM-GB-0002,host-atm-gb-0002,Windows-Server-2019,12.86,1159,4096,28.3,2870.32,1726.81,93.96,8369.08,9537.01,0,118,10799,0,
2026-03-25T00:21:00+00:00,ATM-GB-0003,host-atm-gb-0003,Windows-Server-2019,16.44,1026,4096,25.05,1362.5,4225.93,186.57,8502.76,772.97,0,103,64899,0,
2026-03-25T00:21:00+00:00,ATM-GB-0004,host-atm-gb-0004,Windows-Server-2019,31.45,867,4096,21.17,4287.72,2765.46,179.26,8169.97,9361.55,0,118,56440,0,
2026-03-25T00:22:00+00:00,ATM-GB-0001,host-atm-gb-0001,Windows-Server-2019,32.89,762,4096,18.6,4344.66,2873.76,162.22,4122.57,6987.66,0,102,44441,0,
2026-03-25T00:22:00+00:00,ATM-GB-0002,host-atm-gb-0002,Windows-Server-2019,35.55,607,4096,14.82,2467.35,2072.51,198.33,9964.77,9923.01,0,87,52189,0,
2026-03-25T00:22:00+00:00,ATM-GB-0003,host-atm-gb-0003,Windows-Server-2019,14.57,483,4096,11.79,4344.98,42.0,22.79,8819.8,6739.69,0,110,49339,0,
2026-03-25T00:22:00+00:00,ATM-GB-0004,host-atm-gb-0004,Windows-Server-2019,25.84,1211,4096,29.57,3304.19,3596.93,93.6,109.76,3444.08,0,106,76775,0,
2026-03-25T00:23:00+00:00,ATM-GB-0001,host-atm-gb-0001,Windows-Server-2019,38.0,427,4096,10.42,1192.49,234.81,130.15,586.17,5048.3,0,83,40894,0,
2026-03-25T00:23:00+00:00,ATM-GB-0002,host-atm-gb-0002,Windows-Server-2019,37.18,908,4096,22.17,1879.72,4548.57,14.76,3458.71,1771.15,0,101,3807,0,
2026-03-25T00:23:00+00:00,ATM-GB-0003,host-atm-gb-0003,Windows-Server-2019,36.62,691,4096,16.87,4124.78,2004.28,134.28,8108.22,5752.11,0,81,74473,0,
2026-03-25T00:23:00+00:00,ATM-GB-0004,host-atm-gb-0004,Windows-Server-2019,22.97,979,4096,23.9,1176.38,4999.36,10.52,9977.96,3271.76,0,105,70018,0,
2026-03-25T00:24:00+00:00,ATM-GB-0001,host-atm-gb-0001,Windows-Server-2019,33.26,1344,4096,32.81,2253.43,252.23,27.7,5130.85,2571.94,0,81,73737,0,
2026-03-25T00:24:00+00:00,ATM-GB-0002,host-atm-gb-0002,Windows-Server-2019,10.13,427,4096,10.42,3894.44,578.02,71.56,6122.23,927.06,0,86,42366,0,
2026-03-25T00:24:00+00:00,ATM-GB-0003,host-atm-gb-0003,Windows-Server-2019,6.86,530,4096,12.94,4008.3,345.96,133.47,1162.42,3651.35,0,113,11513,0,
2026-03-25T00:24:00+00:00,ATM-GB-0004,host-atm-gb-0004,Windows-Server-2019,6.39,1288,4096,31.45,4440.39,2614.61,57.5,1849.51,8086.48,0,112,40143,0,
2026-03-25T00:25:00+00:00,ATM-GB-0001,host-atm-gb-0001,Windows-Server-2019,8.69,1486,4096,36.28,4651.92,3756.86,144.75,7258.49,2684.66,0,107,20900,0,
2026-03-25T00:25:00+00:00,ATM-GB-0002,host-atm-gb-0002,Windows-Server-2019,11.3,1477,4096,36.06,4318.82,1986.04,132.28,4670.45,8598.63,0,99,69039,0,
2026-03-25T00:25:00+00:00,ATM-GB-0003,host-atm-gb-0003,Windows-Server-2019,32.09,669,4096,16.33,4311.89,4467.79,95.25,1911.43,1372.29,0,80,58096,0,
2026-03-25T00:25:00+00:00,ATM-GB-0004,host-atm-gb-0004,Windows-Server-2019,7.62,449,4096,10.96,3924.82,4437.01,141.96,5404.04,3403.76,0,87,8739,0,
2026-03-25T00:26:00+00:00,ATM-GB-0001,host-atm-gb-0001,Windows-Server-2019,5.09,1148,4096,28.03,1429.96,4113.02,142.7,483.69,1245.65,0,96,31811,0,
2026-03-25T00:26:00+00:00,ATM-GB-0002,host-atm-gb-0002,Windows-Server-2019,7.43,1476,4096,36.04,424.4,3533.15,102.46,3378.67,2842.28,0,102,52057,0,
2026-03-25T00:26:00+00:00,ATM-GB-0003,host-atm-gb-0003,Windows-Server-2019,38.23,452,4096,11.04,3870.53,3576.54,124.05,9108.91,4159.83,0,82,33589,0,
2026-03-25T00:26:00+00:00,ATM-GB-0004,host-atm-gb-0004,Windows-Server-2019,18.13,691,4096,16.87,2346.5,2434.87,17.9,6986.38,8191.82,0,80,16675,0,
2026-03-25T00:27:00+00:00,ATM-GB-0001,host-atm-gb-0001,Windows-Server-2019,10.06,1486,4096,36.28,4724.33,2387.85,183.17,4615.13,7325.27,0,120,54775,0,
2026-03-25T00:27:00+00:00,ATM-GB-0002,host-atm-gb-0002,Windows-Server-2019,14.3,1407,4096,34.35,3846.08,116.36,138.06,7901.5,3404.99,0,101,58898,0,
2026-03-25T00:27:00+00:00,ATM-GB-0003,host-atm-gb-0003,Windows-Server-2019,13.86,1343,4096,32.79,273.28,702.73,11.56,8626.96,4459.49,0,82,8794,0,
2026-03-25T00:27:00+00:00,ATM-GB-0004,host-atm-gb-0004,Windows-Server-2019,37.41,976,4096,23.83,4222.43,3461.8,194.56,1675.4,5833.94,0,116,37720,0,
2026-03-25T00:28:00+00:00,ATM-GB-0001,host-atm-gb-0001,Windows-Server-2019,13.91,1174,4096,28.66,2818.28,2973.06,15.89,364.5,8895.16,0,84,72803,0,
2026-03-25T00:28:00+00:00,ATM-GB-0002,host-atm-gb-0002,Windows-Server-2019,21.48,919,4096,22.44,3385.62,3933.2,155.19,6424.99,9626.56,0,114,27096,0,
2026-03-25T00:28:00+00:00,ATM-GB-0003,host-atm-gb-0003,Windows-Server-2019,28.57,568,4096,13.87,3697.94,2025.86,170.49,6548.44,6620.11,0,92,20407,0,
2026-03-25T00:28:00+00:00,ATM-GB-0004,host-atm-gb-0004,Windows-Server-2019,18.18,456,4096,11.13,1479.17,2848.55,55.91,1009.44,6653.62,0,93,42220,0,
2026-03-25T00:29:00+00:00,ATM-GB-0001,host-atm-gb-0001,Windows-Server-2019,10.99,492,4096,12.01,4115.97,4802.35,109.83,8819.92,4666.25,0,102,37813,0,
2026-03-25T00:29:00+00:00,ATM-GB-0002,host-atm-gb-0002,Windows-Server-2019,38.36,634,4096,15.48,252.38,232.48,110.23,7466.81,3275.99,0,89,49807,0,
2026-03-25T00:29:00+00:00,ATM-GB-0003,host-atm-gb-0003,Windows-Server-2019,27.85,804,4096,19.63,1889.71,3184.47,136.64,7640.94,9379.09,0,95,4457,0,
2026-03-25T00:29:00+00:00,ATM-GB-0004,host-atm-gb-0004,Windows-Server-2019,5.33,669,4096,16.33,572.54,3166.19,91.71,1666.27,6889.34,0,98,38455,0,
2026-03-25T00:30:00+00:00,ATM-GB-0001,host-atm-gb-0001,Windows-Server-2019,32.83,550,4096,13.43,828.81,785.35,96.8,3207.69,2592.89,0,120,57222,0,
2026-03-25T00:30:00+00:00,ATM-GB-0002,host-atm-gb-0002,Windows-Server-2019,15.35,1135,4096,27.71,1950.59,183.36,48.45,3655.45,832.45,0,88,47998,0,
2026-03-25T00:30:00+00:00,ATM-GB-0003,host-atm-gb-0003,Windows-Server-2019,28.11,1104,4096,26.95,1791.53,3873.01,43.71,1983.78,816.23,0,104,66050,0,
2026-03-25T00:30:00+00:00,ATM-GB-0004,host-atm-gb-0004,Windows-Server-2019,35.9,1195,4096,29.17,3230.45,4494.09,168.13,4604.9,7399.37,0,84,36418,0,
2026-03-25T00:31:00+00:00,ATM-GB-0001,host-atm-gb-0001,Windows-Server-2019,32.83,1109,4096,27.08,1166.37,1793.84,172.57,5191.93,2184.19,0,101,39724,0,
2026-03-25T00:31:00+00:00,ATM-GB-0002,host-atm-gb-0002,Windows-Server-2019,18.67,1287,4096,31.42,4302.87,2292.11,74.16,6867.93,8615.67,0,115,48262,0,
2026-03-25T00:31:00+00:00,ATM-GB-0003,host-atm-gb-0003,Windows-Server-2019,39.61,1379,4096,33.67,1412.88,4815.8,180.37,4534.23,9087.24,0,105,59675,0,
2026-03-25T00:31:00+00:00,ATM-GB-0004,host-atm-gb-0004,Windows-Server-2019,36.1,430,4096,10.5,41.31,1763.28,73.67,7836.01,9707.18,0,95,75505,0,
2026-03-25T00:32:00+00:00,ATM-GB-0001,host-atm-gb-0001,Windows-Server-2019,16.22,1087,4096,26.54,3842.18,4214.33,98.74,5497.42,1948.41,0,110,68402,0,
2026-03-25T00:32:00+00:00,ATM-GB-0002,host-atm-gb-0002,Windows-Server-2019,32.12,1079,4096,26.34,11.88,3601.85,58.16,1115.02,4999.12,0,89,54787,0,
2026-03-25T00:32:00+00:00,ATM-GB-0003,host-atm-gb-0003,Windows-Server-2019,12.97,1146,4096,27.98,1676.56,4849.4,97.28,7801.82,3488.61,0,91,83054,0,
2026-03-25T00:32:00+00:00,ATM-GB-0004,host-atm-gb-0004,Windows-Server-2019,21.72,795,4096,19.41,818.41,3634.74,133.21,4708.75,1501.78,0,113,66032,0,
2026-03-25T00:33:00+00:00,ATM-GB-0001,host-atm-gb-0001,Windows-Server-2019,11.11,1081,4096,26.39,4153.12,1481.81,13.44,9809.38,7970.23,0,97,65181,0,
2026-03-25T00:33:00+00:00,ATM-GB-0002,host-atm-gb-0002,Windows-Server-2019,31.81,891,4096,21.75,1342.87,2636.91,90.78,7343.91,1742.2,0,96,15260,0,
2026-03-25T00:33:00+00:00,ATM-GB-0003,host-atm-gb-0003,Windows-Server-2019,11.43,764,4096,18.65,2511.48,2588.95,195.55,1423.88,5860.62,0,87,24653,0,
2026-03-25T00:33:00+00:00,ATM-GB-0004,host-atm-gb-0004,Windows-Server-2019,6.67,635,4096,15.5,657.37,927.45,197.84,3044.21,9634.06,0,98,23153,0,
2026-03-25T00:34:00+00:00,ATM-GB-0001,host-atm-gb-0001,Windows-Server-2019,29.66,698,4096,17.04,3539.46,3216.22,107.33,3427.18,1324.59,0,101,65272,0,
2026-03-25T00:34:00+00:00,ATM-GB-0002,host-atm-gb-0002,Windows-Server-2019,7.56,1439,4096,35.13,1835.94,4703.58,122.18,8114.38,9635.22,0,100,75343,0,
2026-03-25T00:34:00+00:00,ATM-GB-0003,host-atm-gb-0003,Windows-Server-2019,24.49,1392,4096,33.98,4361.05,4989.2,10.52,9452.95,9672.08,0,105,39591,0,
2026-03-25T00:34:00+00:00,ATM-GB-0004,host-atm-gb-0004,Windows-Server-2019,8.22,524,4096,12.79,3859.7,34.77,88.47,464.45,8056.42,0,100,69657,0,
2026-03-25T00:35:00+00:00,ATM-GB-0001,host-atm-gb-0001,Windows-Server-2019,19.56,1085,4096,26.49,1106.11,551.14,33.99,841.92,6758.61,0,95,62113,0,
2026-03-25T00:35:00+00:00,ATM-GB-0002,host-atm-gb-0002,Windows-Server-2019,35.16,669,4096,16.33,1762.67,3307.38,44.87,6918.02,769.35,0,102,59706,0,
2026-03-25T00:35:00+00:00,ATM-GB-0003,host-atm-gb-0003,Windows-Server-2019,16.26,842,4096,20.56,2537.5,1176.21,164.59,4450.59,6405.21,0,91,29685,0,
2026-03-25T00:35:00+00:00,ATM-GB-0004,host-atm-gb-0004,Windows-Server-2019,21.53,701,4096,17.11,1221.32,4873.71,36.61,399.83,9722.05,0,100,62408,0,
2026-03-25T00:36:00+00:00,ATM-GB-0001,host-atm-gb-0001,Windows-Server-2019,33.97,1346,4096,32.86,305.71,4750.45,170.62,3076.28,794.86,0,110,30254,0,
2026-03-25T00:36:00+00:00,ATM-GB-0002,host-atm-gb-0002,Windows-Server-2019,33.37,621,4096,15.16,4892.28,95.05,72.9,4783.98,9388.23,0,90,15850,0,
2026-03-25T00:36:00+00:00,ATM-GB-0003,host-atm-gb-0003,Windows-Server-2019,37.99,941,4096,22.97,1384.87,2596.47,72.05,5010.38,882.15,0,92,77477,0,
2026-03-25T00:36:00+00:00,ATM-GB-0004,host-atm-gb-0004,Windows-Server-2019,33.13,536,4096,13.09,111.35,4628.29,181.39,609.74,8359.08,0,99,64368,0,
2026-03-25T00:37:00+00:00,ATM-GB-0001,host-atm-gb-0001,Windows-Server-2019,18.99,668,4096,16.31,1911.81,2842.59,11.46,5265.09,9170.87,0,105,48421,0,
2026-03-25T00:37:00+00:00,ATM-GB-0002,host-atm-gb-0002,Windows-Server-2019,19.89,1084,4096,26.46,2006.78,4194.85,159.73,5334.64,2267.09,0,109,49995,0,
2026-03-25T00:37:00+00:00,ATM-GB-0003,host-atm-gb-0003,Windows-Server-2019,35.45,1165,4096,28.44,1303.58,1.88,75.39,9183.99,2161.7,0,111,42859,0,
2026-03-25T00:37:00+00:00,ATM-GB-0004,host-atm-gb-0004,Windows-Server-2019,7.1,1482,4096,36.18,2094.73,4134.9,179.17,1030.33,1238.53,0,83,19852,0,
2026-03-25T00:38:00+00:00,ATM-GB-0001,host-atm-gb-0001,Windows-Server-2019,20.14,445,4096,10.86,3607.77,2169.56,127.27,1161.28,7744.73,0,94,10367,0,
2026-03-25T00:38:00+00:00,ATM-GB-0002,host-atm-gb-0002,Windows-Server-2019,31.65,1049,4096,25.61,2134.91,4575.44,176.57,4163.39,2655.88,0,99,38809,0,
2026-03-25T00:38:00+00:00,ATM-GB-0003,host-atm-gb-0003,Windows-Server-2019,6.22,1275,4096,31.13,4373.42,3400.85,52.97,5762.1,3372.75,0,84,12631,0,
2026-03-25T00:38:00+00:00,ATM-GB-0004,host-atm-gb-0004,Windows-Server-2019,11.51,1142,4096,27.88,1481.69,4286.21,42.52,3782.66,2400.55,0,85,49097,0,
2026-03-25T00:39:00+00:00,ATM-GB-0001,host-atm-gb-0001,Windows-Server-2019,8.86,1241,4096,30.3,2118.74,332.67,62.92,7477.74,7285.19,0,112,74184,0,
2026-03-25T00:39:00+00:00,ATM-GB-0002,host-atm-gb-0002,Windows-Server-2019,34.58,1292,4096,31.54,2905.79,733.57,136.25,5437.08,2784.38,0,88,63623,0,
2026-03-25T00:39:00+00:00,ATM-GB-0003,host-atm-gb-0003,Windows-Server-2019,36.02,1448,4096,35.35,2624.4,145.91,153.53,429.35,3024.03,0,94,62919,0,
2026-03-25T00:39:00+00:00,ATM-GB-0004,host-atm-gb-0004,Windows-Server-2019,13.69,1175,4096,28.69,3529.16,2588.14,124.63,4231.03,4773.2,0,107,34432,0,
2026-03-25T00:40:00+00:00,ATM-GB-0001,host-atm-gb-0001,Windows-Server-2019,23.42,923,4096,22.53,1682.47,3304.14,88.67,2903.51,2763.86,0,111,85836,0,
2026-03-25T00:40:00+00:00,ATM-GB-0002,host-atm-gb-0002,Windows-Server-2019,22.56,498,4096,12.16,3730.31,1622.67,43.75,2176.2,1815.0,0,84,42778,0,
2026-03-25T00:40:00+00:00,ATM-GB-0003,host-atm-gb-0003,Windows-Server-2019,36.6,902,4096,22.02,413.63,1465.35,63.55,732.63,2115.21,0,114,50900,0,
2026-03-25T00:40:00+00:00,ATM-GB-0004,host-atm-gb-0004,Windows-Server-2019,33.84,1223,4096,29.86,1251.62,2866.57,67.8,7624.89,1330.39,0,112,68859,0,
2026-03-25T00:41:00+00:00,ATM-GB-0001,host-atm-gb-0001,Windows-Server-2019,37.55,504,4096,12.3,3767.26,475.87,48.27,8014.12,7369.71,0,86,59167,0,
2026-03-25T00:41:00+00:00,ATM-GB-0002,host-atm-gb-0002,Windows-Server-2019,26.07,979,4096,23.9,1569.42,478.77,183.97,9567.77,8433.65,0,91,19090,0,
2026-03-25T00:41:00+00:00,ATM-GB-0003,host-atm-gb-0003,Windows-Server-2019,8.4,1162,4096,28.37,1098.46,927.38,48.49,5481.19,5931.05,0,87,79298,0,
2026-03-25T00:41:00+00:00,ATM-GB-0004,host-atm-gb-0004,Windows-Server-2019,8.6,828,4096,20.21,3768.45,4717.51,145.35,9122.39,8015.38,0,102,16485,0,
2026-03-25T00:42:00+00:00,ATM-GB-0001,host-atm-gb-0001,Windows-Server-2019,9.49,864,4096,21.09,4465.32,3102.82,78.28,8460.06,8861.53,0,83,17115,0,
2026-03-25T00:42:00+00:00,ATM-GB-0002,host-atm-gb-0002,Windows-Server-2019,23.14,1494,4096,36.47,2994.59,4641.69,181.16,6332.08,9602.85,0,100,25707,0,
2026-03-25T00:42:00+00:00,ATM-GB-0003,host-atm-gb-0003,Windows-Server-2019,9.56,1165,4096,28.44,3497.99,2575.61,131.75,3604.79,4724.14,0,80,6243,0,
2026-03-25T00:42:00+00:00,ATM-GB-0004,host-atm-gb-0004,Windows-Server-2019,6.54,859,4096,20.97,312.62,3784.38,68.38,1489.05,9012.24,0,103,19626,0,
2026-03-25T00:43:00+00:00,ATM-GB-0001,host-atm-gb-0001,Windows-Server-2019,11.38,1129,4096,27.56,4275.93,3789.4,47.54,3634.17,1858.11,0,83,22054,0,
2026-03-25T00:43:00+00:00,ATM-GB-0002,host-atm-gb-0002,Windows-Server-2019,35.25,597,4096,14.58,2498.62,3283.51,127.67,1342.94,6479.95,0,88,78589,0,
2026-03-25T00:43:00+00:00,ATM-GB-0003,host-atm-gb-0003,Windows-Server-2019,38.04,1190,4096,29.05,3288.28,2523.65,104.67,7815.3,5254.59,0,104,72195,0,
2026-03-25T00:43:00+00:00,ATM-GB-0004,host-atm-gb-0004,Windows-Server-2019,34.02,1104,4096,26.95,47.37,3385.27,96.83,7261.23,9147.69,0,100,67311,0,
2026-03-25T00:44:00+00:00,ATM-GB-0001,host-atm-gb-0001,Windows-Server-2019,19.03,648,4096,15.82,4360.37,124.56,121.95,5190.53,1858.55,0,85,34865,0,
2026-03-25T00:44:00+00:00,ATM-GB-0002,host-atm-gb-0002,Windows-Server-2019,39.42,1256,4096,30.66,4267.98,2294.15,40.49,1739.29,4985.57,0,108,71836,0,
2026-03-25T00:44:00+00:00,ATM-GB-0003,host-atm-gb-0003,Windows-Server-2019,6.4,1053,4096,25.71,2250.24,1718.79,17.45,3757.25,8900.85,0,104,76969,0,
2026-03-25T00:44:00+00:00,ATM-GB-0004,host-atm-gb-0004,Windows-Server-2019,32.72,537,4096,13.11,739.8,141.78,130.95,4339.37,8403.2,0,118,42984,0,
2026-03-25T00:45:00+00:00,ATM-GB-0001,host-atm-gb-0001,Windows-Server-2019,7.55,1090,4096,26.61,1370.49,1364.45,59.05,407.76,3247.98,0,105,71135,0,
2026-03-25T00:45:00+00:00,ATM-GB-0002,host-atm-gb-0002,Windows-Server-2019,5.44,1180,4096,28.81,365.62,2047.09,47.75,1713.19,8230.17,0,118,85318,0,
2026-03-25T00:45:00+00:00,ATM-GB-0003,host-atm-gb-0003,Windows-Server-2019,22.83,1201,4096,29.32,4415.37,345.42,173.51,7007.75,7399.75,0,94,15252,0,
2026-03-25T00:45:00+00:00,ATM-GB-0004,host-atm-gb-0004,Windows-Server-2019,19.12,887,4096,21.66,1009.46,4640.35,183.95,8528.18,1117.33,0,98,52764,0,
2026-03-25T00:46:00+00:00,ATM-GB-0001,host-atm-gb-0001,Windows-Server-2019,22.33,534,4096,13.04,3659.02,4313.05,87.1,2733.65,5988.91,0,107,76795,0,
2026-03-25T00:46:00+00:00,ATM-GB-0002,host-atm-gb-0002,Windows-Server-2019,9.41,564,4096,13.77,2252.1,845.33,113.66,5267.36,8095.14,0,108,30566,0,
2026-03-25T00:46:00+00:00,ATM-GB-0003,host-atm-gb-0003,Windows-Server-2019,31.05,711,4096,17.36,3374.73,1526.75,16.46,7995.13,8992.2,0,110,21865,0,
2026-03-25T00:46:00+00:00,ATM-GB-0004,host-atm-gb-0004,Windows-Server-2019,21.33,1023,4096,24.98,277.59,1541.43,19.47,1312.42,3788.29,0,90,43472,0,
2026-03-25T00:47:00+00:00,ATM-GB-0001,host-atm-gb-0001,Windows-Server-2019,28.97,1030,4096,25.15,1975.87,4354.66,56.69,7283.56,9787.56,0,105,44533,0,
2026-03-25T00:47:00+00:00,ATM-GB-0002,host-atm-gb-0002,Windows-Server-2019,29.94,538,4096,13.13,695.68,2299.11,44.41,6505.13,1373.04,0,80,58103,0,
2026-03-25T00:47:00+00:00,ATM-GB-0003,host-atm-gb-0003,Windows-Server-2019,11.79,1369,4096,33.42,1744.86,759.56,197.07,7289.49,8555.53,0,95,31031,0,
2026-03-25T00:47:00+00:00,ATM-GB-0004,host-atm-gb-0004,Windows-Server-2019,28.59,1381,4096,33.72,3850.33,1762.04,160.83,6217.57,2928.3,0,120,82182,0,
2026-03-25T00:48:00+00:00,ATM-GB-0001,host-atm-gb-0001,Windows-Server-2019,12.9,1125,4096,27.47,4404.12,2668.56,31.63,2113.87,1733.39,0,85,36071,0,
2026-03-25T00:48:00+00:00,ATM-GB-0002,host-atm-gb-0002,Windows-Server-2019,8.83,1145,4096,27.95,1391.11,1467.96,82.73,2867.96,4434.36,0,108,19774,0,
2026-03-25T00:48:00+00:00,ATM-GB-0003,host-atm-gb-0003,Windows-Server-2019,22.06,1006,4096,24.56,2775.11,1636.0,151.22,7118.03,8053.32,0,92,63989,0,
2026-03-25T00:48:00+00:00,ATM-GB-0004,host-atm-gb-0004,Windows-Server-2019,8.96,1495,4096,36.5,4879.04,1291.99,96.39,3697.24,2050.92,0,107,13599,0,
2026-03-25T00:49:00+00:00,ATM-GB-0001,host-atm-gb-0001,Windows-Server-2019,20.94,1079,4096,26.34,4272.56,3591.26,64.03,4860.73,5595.08,0,95,6536,0,
2026-03-25T00:49:00+00:00,ATM-GB-0002,host-atm-gb-0002,Windows-Server-2019,14.94,1086,4096,26.51,1134.07,871.79,65.22,3606.31,8537.2,0,88,39785,0,
2026-03-25T00:49:00+00:00,ATM-GB-0003,host-atm-gb-0003,Windows-Server-2019,28.15,1041,4096,25.42,4825.99,72.08,20.42,4175.97,1128.53,0,104,47324,0,
2026-03-25T00:49:00+00:00,ATM-GB-0004,host-atm-gb-0004,Windows-Server-2019,35.88,1298,4096,31.69,3329.46,3678.91,130.68,8410.29,4531.01,0,105,66659,0,
2026-03-25T00:50:00+00:00,ATM-GB-0001,host-atm-gb-0001,Windows-Server-2019,38.73,798,4096,19.48,2260.72,4023.72,154.21,3868.07,7426.51,0,103,7657,0,
2026-03-25T00:50:00+00:00,ATM-GB-0002,host-atm-gb-0002,Windows-Server-2019,33.95,1128,4096,27.54,581.89,3891.9,84.24,5905.07,7851.24,0,86,10691,0,
2026-03-25T00:50:00+00:00,ATM-GB-0003,host-atm-gb-0003,Windows-Server-2019,32.27,1007,4096,24.58,2420.18,3716.37,176.36,7283.8,1290.87,0,99,18794,0,
2026-03-25T00:50:00+00:00,ATM-GB-0004,host-atm-gb-0004,Windows-Server-2019,19.53,778,4096,18.99,3338.06,4158.65,59.49,184.42,3714.84,0,87,83837,0,
2026-03-25T00:51:00+00:00,ATM-GB-0001,host-atm-gb-0001,Windows-Server-2019,10.02,1069,4096,26.1,2051.82,1789.63,96.08,6667.44,6920.7,0,108,46347,0,
2026-03-25T00:51:00+00:00,ATM-GB-0002,host-atm-gb-0002,Windows-Server-2019,33.4,521,4096,12.72,1518.58,1396.75,113.63,8445.94,7338.57,0,105,30742,0,
2026-03-25T00:51:00+00:00,ATM-GB-0003,host-atm-gb-0003,Windows-Server-2019,30.7,667,4096,16.28,1652.87,2688.8,150.45,804.08,9390.27,0,80,25504,0,
2026-03-25T00:51:00+00:00,ATM-GB-0004,host-atm-gb-0004,Windows-Server-2019,33.64,965,4096,23.56,413.04,3343.91,114.48,6902.23,5580.7,0,97,70856,0,
2026-03-25T00:52:00+00:00,ATM-GB-0001,host-atm-gb-0001,Windows-Server-2019,6.24,592,4096,14.45,2221.87,3206.91,12.42,6483.16,6126.24,0,102,75603,0,
2026-03-25T00:52:00+00:00,ATM-GB-0002,host-atm-gb-0002,Windows-Server-2019,28.36,702,4096,17.14,3754.63,1064.85,20.82,2701.28,7500.31,0,111,13659,0,
2026-03-25T00:52:00+00:00,ATM-GB-0003,host-atm-gb-0003,Windows-Server-2019,35.49,609,4096,14.87,3422.52,1222.86,47.27,1389.76,396.15,0,90,24013,0,
2026-03-25T00:52:00+00:00,ATM-GB-0004,host-atm-gb-0004,Windows-Server-2019,22.69,670,4096,16.36,976.32,4660.56,49.14,4642.0,7675.5,0,100,63360,0,
2026-03-25T00:53:00+00:00,ATM-GB-0001,host-atm-gb-0001,Windows-Server-2019,24.47,1307,4096,31.91,3876.3,4527.84,174.96,8563.12,6385.31,0,85,84210,0,
2026-03-25T00:53:00+00:00,ATM-GB-0002,host-atm-gb-0002,Windows-Server-2019,34.81,1383,4096,33.76,2734.16,4317.31,162.43,252.4,2136.48,0,114,40092,0,
2026-03-25T00:53:00+00:00,ATM-GB-0003,host-atm-gb-0003,Windows-Server-2019,28.78,512,4096,12.5,4382.72,3721.1,125.29,8695.31,4277.63,0,116,17691,0,
2026-03-25T00:53:00+00:00,ATM-GB-0004,host-atm-gb-0004,Windows-Server-2019,34.77,966,4096,23.58,3069.63,2585.13,79.11,3117.33,1673.33,0,82,23364,0,
2026-03-25T00:54:00+00:00,ATM-GB-0001,host-atm-gb-0001,Windows-Server-2019,13.3,566,4096,13.82,804.75,2661.64,138.81,6696.56,5615.67,0,114,69233,0,
2026-03-25T00:54:00+00:00,ATM-GB-0002,host-atm-gb-0002,Windows-Server-2019,35.66,761,4096,18.58,4694.72,2827.77,57.23,6830.39,9497.85,0,93,80362,0,
2026-03-25T00:54:00+00:00,ATM-GB-0003,host-atm-gb-0003,Windows-Server-2019,37.68,690,4096,16.85,2949.3,4797.34,143.26,5624.66,5237.08,0,97,62137,0,
2026-03-25T00:54:00+00:00,ATM-GB-0004,host-atm-gb-0004,Windows-Server-2019,6.75,1364,4096,33.3,3674.16,391.21,157.03,6676.76,4287.99,0,88,71345,0,
2026-03-25T00:55:00+00:00,ATM-GB-0001,host-atm-gb-0001,Windows-Server-2019,6.84,555,4096,13.55,3532.97,3656.72,81.09,5017.81,6443.76,0,111,84061,0,
2026-03-25T00:55:00+00:00,ATM-GB-0002,host-atm-gb-0002,Windows-Server-2019,21.78,960,4096,23.44,1753.15,4157.66,174.8,6652.53,8265.19,0,80,21740,0,
2026-03-25T00:55:00+00:00,ATM-GB-0003,host-atm-gb-0003,Windows-Server-2019,23.6,1110,4096,27.1,3347.63,2085.53,108.14,7415.01,3501.01,0,85,47334,0,
2026-03-25T00:55:00+00:00,ATM-GB-0004,host-atm-gb-0004,Windows-Server-2019,20.44,929,4096,22.68,733.37,1842.5,26.69,5693.98,1984.77,0,97,35836,0,
2026-03-25T00:56:00+00:00,ATM-GB-0001,host-atm-gb-0001,Windows-Server-2019,28.28,465,4096,11.35,3376.17,3821.38,71.7,1812.3,3344.84,0,99,22785,0,
2026-03-25T00:56:00+00:00,ATM-GB-0002,host-atm-gb-0002,Windows-Server-2019,30.39,552,4096,13.48,4017.42,1035.23,105.24,3845.39,4444.47,0,103,35166,0,
2026-03-25T00:56:00+00:00,ATM-GB-0003,host-atm-gb-0003,Windows-Server-2019,17.63,941,4096,22.97,1932.5,739.4,184.88,7370.07,9046.84,0,86,10899,0,
2026-03-25T00:56:00+00:00,ATM-GB-0004,host-atm-gb-0004,Windows-Server-2019,34.04,1140,4096,27.83,3881.59,1011.21,178.61,5164.46,5597.86,0,114,24197,0,
2026-03-25T00:57:00+00:00,ATM-GB-0001,host-atm-gb-0001,Windows-Server-2019,23.43,817,4096,19.95,1891.17,410.24,195.05,9809.8,848.35,0,98,10239,0,
2026-03-25T00:57:00+00:00,ATM-GB-0002,host-atm-gb-0002,Windows-Server-2019,5.35,643,4096,15.7,3981.15,3152.57,185.7,8863.76,7140.44,0,91,74311,0,
2026-03-25T00:57:00+00:00,ATM-GB-0003,host-atm-gb-0003,Windows-Server-2019,14.81,816,4096,19.92,99.37,4052.41,119.19,86.08,3784.29,0,89,20802,0,
2026-03-25T00:57:00+00:00,ATM-GB-0004,host-atm-gb-0004,Windows-Server-2019,12.54,800,4096,19.53,1283.88,4415.94,69.44,444.43,5810.13,0,84,57062,0,
2026-03-25T00:58:00+00:00,ATM-GB-0001,host-atm-gb-0001,Windows-Server-2019,16.81,859,4096,20.97,569.97,1449.85,60.12,5070.93,191.65,0,112,18869,0,
2026-03-25T00:58:00+00:00,ATM-GB-0002,host-atm-gb-0002,Windows-Server-2019,9.73,714,4096,17.43,713.43,1312.97,157.68,9569.21,4669.35,0,116,15433,0,
2026-03-25T00:58:00+00:00,ATM-GB-0003,host-atm-gb-0003,Windows-Server-2019,15.98,1288,4096,31.45,2205.88,705.31,159.39,7345.42,7909.77,0,85,74860,0,
2026-03-25T00:58:00+00:00,ATM-GB-0004,host-atm-gb-0004,Windows-Server-2019,12.14,565,4096,13.79,3475.2,2398.34,50.39,3667.75,4746.74,0,112,12993,0,
2026-03-25T00:59:00+00:00,ATM-GB-0001,host-atm-gb-0001,Windows-Server-2019,17.4,1095,4096,26.73,1832.81,3813.6,170.38,9463.49,602.1,0,82,28530,0,
2026-03-25T00:59:00+00:00,ATM-GB-0002,host-atm-gb-0002,Windows-Server-2019,11.47,642,4096,15.67,1448.69,859.29,48.99,7433.11,4519.55,0,84,51544,0,
2026-03-25T00:59:00+00:00,ATM-GB-0003,host-atm-gb-0003,Windows-Server-2019,38.83,923,4096,22.53,3958.08,2663.29,128.84,735.01,542.33,0,107,73180,0,
2026-03-25T00:59:00+00:00,ATM-GB-0004,host-atm-gb-0004,Windows-Server-2019,7.06,542,4096,13.23,4747.64,2216.3,11.22,4821.6,6086.56,0,115,64198,0,
2026-03-25T01:00:00+00:00,ATM-GB-0001,host-atm-gb-0001,Windows-Server-2019,38.57,1452,4096,35.45,1591.33,115.77,126.12,1693.05,4764.36,0,101,38335,0,
2026-03-25T01:00:00+00:00,ATM-GB-0002,host-atm-gb-0002,Windows-Server-2019,5.67,764,4096,18.65,1289.84,2315.5,127.68,6388.46,5417.06,0,88,59860,0,
2026-03-25T01:00:00+00:00,ATM-GB-0003,host-atm-gb-0003,Windows-Server-2019,15.72,1095,4096,26.73,1681.9,2492.47,162.9,6251.28,8408.71,0,119,61305,0,
2026-03-25T01:00:00+00:00,ATM-GB-0004,host-atm-gb-0004,Windows-Server-2019,37.58,1216,4096,29.69,4404.03,2789.9,94.22,7898.42,209.9,0,109,26499,0,
2026-03-25T01:01:00+00:00,ATM-GB-0001,host-atm-gb-0001,Windows-Server-2019,35.93,416,4096,10.16,2105.93,1527.29,92.96,6999.6,933.1,0,89,33860,0,
2026-03-25T01:01:00+00:00,ATM-GB-0002,host-atm-gb-0002,Windows-Server-2019,22.15,729,4096,17.8,110.24,2651.77,57.84,6272.16,126.8,0,81,65223,0,
2026-03-25T01:01:00+00:00,ATM-GB-0003,host-atm-gb-0003,Windows-Server-2019,28.01,743,4096,18.14,2581.46,4499.81,195.0,4893.54,7788.26,0,92,51313,0,
2026-03-25T01:01:00+00:00,ATM-GB-0004,host-atm-gb-0004,Windows-Server-2019,35.48,750,4096,18.31,683.11,2263.99,156.89,9706.33,426.27,0,113,59953,0,
2026-03-25T01:02:00+00:00,ATM-GB-0001,host-atm-gb-0001,Windows-Server-2019,23.64,1490,4096,36.38,756.56,990.03,90.73,2331.94,322.68,0,114,58585,0,
2026-03-25T01:02:00+00:00,ATM-GB-0002,host-atm-gb-0002,Windows-Server-2019,28.39,786,4096,19.19,4075.57,569.85,62.07,7476.78,6431.98,0,113,59403,0,
2026-03-25T01:02:00+00:00,ATM-GB-0003,host-atm-gb-0003,Windows-Server-2019,5.7,1304,4096,31.84,2468.7,3984.84,88.46,2915.42,2917.5,0,120,5512,0,
2026-03-25T01:02:00+00:00,ATM-GB-0004,host-atm-gb-0004,Windows-Server-2019,34.57,1298,4096,31.69,2992.02,2347.23,171.09,2266.81,3412.36,0,89,25045,0,
2026-03-25T01:03:00+00:00,ATM-GB-0001,host-atm-gb-0001,Windows-Server-2019,35.38,989,4096,24.15,3889.51,92.66,166.95,1124.03,10.41,0,112,46313,0,
2026-03-25T01:03:00+00:00,ATM-GB-0002,host-atm-gb-0002,Windows-Server-2019,7.86,893,4096,21.8,2178.7,2813.57,106.38,9644.58,730.78,0,95,31613,0,
2026-03-25T01:03:00+00:00,ATM-GB-0003,host-atm-gb-0003,Windows-Server-2019,19.5,872,4096,21.29,1026.28,3058.87,154.19,2757.98,8523.66,0,91,29467,0,
2026-03-25T01:03:00+00:00,ATM-GB-0004,host-atm-gb-0004,Windows-Server-2019,13.73,1442,4096,35.21,2349.71,3853.61,90.04,8317.54,5987.46,0,111,9292,0,
2026-03-25T01:04:00+00:00,ATM-GB-0001,host-atm-gb-0001,Windows-Server-2019,24.55,1362,4096,33.25,3970.99,4850.89,17.56,4957.28,8554.1,0,100,27895,0,
2026-03-25T01:04:00+00:00,ATM-GB-0002,host-atm-gb-0002,Windows-Server-2019,22.13,1355,4096,33.08,583.46,3321.13,139.92,1922.85,6168.57,0,85,40980,0,
2026-03-25T01:04:00+00:00,ATM-GB-0003,host-atm-gb-0003,Windows-Server-2019,23.65,490,4096,11.96,761.71,4715.54,46.13,6541.24,93.4,0,100,73908,0,
2026-03-25T01:04:00+00:00,ATM-GB-0004,host-atm-gb-0004,Windows-Server-2019,32.9,656,4096,16.02,1883.86,4296.99,73.09,937.69,6367.61,0,83,53090,0,
2026-03-25T01:05:00+00:00,ATM-GB-0001,host-atm-gb-0001,Windows-Server-2019,15.87,949,4096,23.17,3761.5,4231.55,15.33,3734.16,1001.33,0,108,14755,0,
2026-03-25T01:05:00+00:00,ATM-GB-0002,host-atm-gb-0002,Windows-Server-2019,7.26,1396,4096,34.08,2638.71,3889.58,81.46,5697.11,9275.89,0,87,15506,0,
2026-03-25T01:05:00+00:00,ATM-GB-0003,host-atm-gb-0003,Windows-Server-2019,34.17,438,4096,10.69,4017.45,2064.17,191.8,8184.5,4274.22,0,80,14265,0,
2026-03-25T01:05:00+00:00,ATM-GB-0004,host-atm-gb-0004,Windows-Server-2019,32.66,530,4096,12.94,2277.03,2274.15,142.12,805.78,239.24,0,88,61504,0,
2026-03-25T01:06:00+00:00,ATM-GB-0001,host-atm-gb-0001,Windows-Server-2019,33.44,1203,4096,29.37,2210.98,4518.74,172.36,8901.74,6229.78,0,110,61671,0,
2026-03-25T01:06:00+00:00,ATM-GB-0002,host-atm-gb-0002,Windows-Server-2019,9.64,1227,4096,29.96,2927.6,4215.83,183.7,3099.65,3648.02,0,93,54656,0,
2026-03-25T01:06:00+00:00,ATM-GB-0003,host-atm-gb-0003,Windows-Server-2019,14.9,1059,4096,25.85,4562.4,4597.99,108.63,5672.49,936.0,0,107,40370,0,
2026-03-25T01:06:00+00:00,ATM-GB-0004,host-atm-gb-0004,Windows-Server-2019,31.44,1290,4096,31.49,363.61,689.83,102.28,3533.81,2386.59,0,108,61258,0,
2026-03-25T01:07:00+00:00,ATM-GB-0001,host-atm-gb-0001,Windows-Server-2019,33.12,536,4096,13.09,2826.15,625.14,128.07,8698.34,3968.67,0,84,72847,0,
2026-03-25T01:07:00+00:00,ATM-GB-0002,host-atm-gb-0002,Windows-Server-2019,39.38,911,4096,22.24,96.42,79.58,61.85,8569.06,5487.55,0,89,21229,0,
2026-03-25T01:07:00+00:00,ATM-GB-0003,host-atm-gb-0003,Windows-Server-2019,17.0,1498,4096,36.57,3430.65,1723.48,83.27,3689.41,3791.16,0,99,29576,0,
2026-03-25T01:07:00+00:00,ATM-GB-0004,host-atm-gb-0004,Windows-Server-2019,16.33,774,4096,18.9,895.87,4108.49,168.0,7275.33,338.38,0,97,28193,0,
2026-03-25T01:08:00+00:00,ATM-GB-0001,host-atm-gb-0001,Windows-Server-2019,34.65,1416,4096,34.57,829.71,3719.07,151.2,6939.49,7540.41,0,92,58841,0,
2026-03-25T01:08:00+00:00,ATM-GB-0002,host-atm-gb-0002,Windows-Server-2019,14.78,1443,4096,35.23,4836.96,1321.01,62.14,4843.91,8953.17,0,100,51145,0,
2026-03-25T01:08:00+00:00,ATM-GB-0003,host-atm-gb-0003,Windows-Server-2019,33.45,1358,4096,33.15,1036.96,1295.51,10.67,191.5,625.23,0,86,45554,0,
2026-03-25T01:08:00+00:00,ATM-GB-0004,host-atm-gb-0004,Windows-Server-2019,9.13,564,4096,13.77,2456.04,4820.3,97.97,9940.83,2110.03,0,119,85637,0,
2026-03-25T01:09:00+00:00,ATM-GB-0001,host-atm-gb-0001,Windows-Server-2019,9.2,1130,4096,27.59,4388.19,1030.81,77.98,845.41,3964.59,0,119,37118,0,
2026-03-25T01:09:00+00:00,ATM-GB-0002,host-atm-gb-0002,Windows-Server-2019,25.46,975,4096,23.8,4723.54,4413.0,108.07,1288.33,7466.58,0,85,6605,0,
2026-03-25T01:09:00+00:00,ATM-GB-0003,host-atm-gb-0003,Windows-Server-2019,30.97,575,4096,14.04,2951.16,4795.05,122.42,2035.8,1397.02,0,115,40075,0,
2026-03-25T01:09:00+00:00,ATM-GB-0004,host-atm-gb-0004,Windows-Server-2019,14.24,1245,4096,30.4,1793.7,1653.31,176.8,8668.37,6.0,0,101,65341,0,
2026-03-25T01:10:00+00:00,ATM-GB-0001,host-atm-gb-0001,Windows-Server-2019,19.79,1281,4096,31.27,79.67,4302.2,121.92,2636.12,8015.21,0,115,51314,0,
2026-03-25T01:10:00+00:00,ATM-GB-0002,host-atm-gb-0002,Windows-Server-2019,27.46,1242,4096,30.32,1339.33,3971.81,109.91,5088.35,6655.1,0,112,59128,0,
2026-03-25T01:10:00+00:00,ATM-GB-0003,host-atm-gb-0003,Windows-Server-2019,32.18,536,4096,13.09,2050.53,1140.7,114.22,5068.67,5834.15,0,89,42056,0,
2026-03-25T01:10:00+00:00,ATM-GB-0004,host-atm-gb-0004,Windows-Server-2019,14.34,1194,4096,29.15,4652.16,1112.53,144.94,5614.26,6889.76,0,84,18552,0,
2026-03-25T01:11:00+00:00,ATM-GB-0001,host-atm-gb-0001,Windows-Server-2019,11.11,903,4096,22.05,192.51,590.63,97.73,1257.54,7799.7,0,94,14533,0,
2026-03-25T01:11:00+00:00,ATM-GB-0002,host-atm-gb-0002,Windows-Server-2019,14.28,1023,4096,24.98,2770.03,140.1,59.65,3418.05,6769.11,0,102,6177,0,
2026-03-25T01:11:00+00:00,ATM-GB-0003,host-atm-gb-0003,Windows-Server-2019,10.6,1440,4096,35.16,4912.37,4063.3,87.19,9124.32,6738.64,0,116,29508,0,
2026-03-25T01:11:00+00:00,ATM-GB-0004,host-atm-gb-0004,Windows-Server-2019,25.77,1245,4096,30.4,1585.49,4432.27,114.95,7198.35,9100.42,0,101,61804,0,
2026-03-25T01:12:00+00:00,ATM-GB-0001,host-atm-gb-0001,Windows-Server-2019,11.58,521,4096,12.72,2613.52,4637.39,110.97,5030.97,6957.87,0,107,76955,0,
2026-03-25T01:12:00+00:00,ATM-GB-0002,host-atm-gb-0002,Windows-Server-2019,5.12,1239,4096,30.25,278.47,656.35,76.1,2751.57,3815.55,0,99,56927,0,
2026-03-25T01:12:00+00:00,ATM-GB-0003,host-atm-gb-0003,Windows-Server-2019,17.73,668,4096,16.31,4796.91,2950.3,58.22,4424.8,3026.38,0,115,37710,0,
2026-03-25T01:12:00+00:00,ATM-GB-0004,host-atm-gb-0004,Windows-Server-2019,29.45,871,4096,21.26,1519.36,2419.89,174.37,7501.01,9265.69,0,87,55975,0,
2026-03-25T01:13:00+00:00,ATM-GB-0001,host-atm-gb-0001,Windows-Server-2019,18.5,1454,4096,35.5,4300.16,477.42,18.82,8227.78,2993.76,0,86,52126,0,
2026-03-25T01:13:00+00:00,ATM-GB-0002,host-atm-gb-0002,Windows-Server-2019,20.77,1473,4096,35.96,1096.65,341.22,111.51,2880.98,2534.58,0,108,40449,0,
2026-03-25T01:13:00+00:00,ATM-GB-0003,host-atm-gb-0003,Windows-Server-2019,5.58,523,4096,12.77,2065.3,1020.63,111.55,8028.76,6530.41,0,109,58722,0,
2026-03-25T01:13:00+00:00,ATM-GB-0004,host-atm-gb-0004,Windows-Server-2019,25.96,855,4096,20.87,3639.32,2633.89,68.67,9637.89,2394.86,0,104,34920,0,
2026-03-25T01:14:00+00:00,ATM-GB-0001,host-atm-gb-0001,Windows-Server-2019,14.05,451,4096,11.01,158.65,1453.96,153.72,3739.49,5950.59,0,101,15583,0,
2026-03-25T01:14:00+00:00,ATM-GB-0002,host-atm-gb-0002,Windows-Server-2019,10.22,673,4096,16.43,3307.78,18.2,164.54,2621.38,3107.67,0,112,4161,0,
2026-03-25T01:14:00+00:00,ATM-GB-0003,host-atm-gb-0003,Windows-Server-2019,17.71,1237,4096,30.2,1935.83,2361.52,29.98,307.25,5814.82,0,105,25080,0,
2026-03-25T01:14:00+00:00,ATM-GB-0004,host-atm-gb-0004,Windows-Server-2019,13.12,992,4096,24.22,1459.66,4130.42,127.57,8157.7,7352.68,0,96,75533,0,
2026-03-25T01:15:00+00:00,ATM-GB-0001,host-atm-gb-0001,Windows-Server-2019,17.13,1329,4096,32.45,3860.42,1825.77,58.71,4810.57,9893.13,0,84,5707,0,
2026-03-25T01:15:00+00:00,ATM-GB-0002,host-atm-gb-0002,Windows-Server-2019,9.55,497,4096,12.13,4338.45,1339.74,17.39,2463.41,7205.71,0,106,36131,0,
2026-03-25T01:15:00+00:00,ATM-GB-0003,host-atm-gb-0003,Windows-Server-2019,27.64,479,4096,11.69,511.74,3679.6,23.68,8721.95,7187.38,0,87,10671,0,
2026-03-25T01:15:00+00:00,ATM-GB-0004,host-atm-gb-0004,Windows-Server-2019,15.49,786,4096,19.19,1916.71,2651.68,174.04,5708.33,6907.52,0,98,53174,0,
2026-03-25T01:16:00+00:00,ATM-GB-0001,host-atm-gb-0001,Windows-Server-2019,18.74,1496,4096,36.52,1825.39,4607.31,188.9,2128.85,6788.38,0,115,51823,0,
2026-03-25T01:16:00+00:00,ATM-GB-0002,host-atm-gb-0002,Windows-Server-2019,36.23,779,4096,19.02,3435.34,239.63,103.97,7524.45,8826.96,0,102,49981,0,
2026-03-25T01:16:00+00:00,ATM-GB-0003,host-atm-gb-0003,Windows-Server-2019,6.34,1141,4096,27.86,1710.21,1193.34,70.5,2524.11,159.91,0,85,78752,0,
2026-03-25T01:16:00+00:00,ATM-GB-0004,host-atm-gb-0004,Windows-Server-2019,30.44,1178,4096,28.76,1997.15,4165.81,186.88,6187.25,2093.81,0,96,65609,0,
2026-03-25T01:17:00+00:00,ATM-GB-0001,host-atm-gb-0001,Windows-Server-2019,25.38,1189,4096,29.03,3444.75,1423.84,102.74,7119.47,1070.87,0,104,69540,0,
2026-03-25T01:17:00+00:00,ATM-GB-0002,host-atm-gb-0002,Windows-Server-2019,31.46,1173,4096,28.64,2897.32,3131.16,88.23,3787.39,8002.83,0,110,34381,0,
2026-03-25T01:17:00+00:00,ATM-GB-0003,host-atm-gb-0003,Windows-Server-2019,14.43,1460,4096,35.64,2714.72,2398.93,181.22,2310.18,6026.04,0,107,74782,0,
2026-03-25T01:17:00+00:00,ATM-GB-0004,host-atm-gb-0004,Windows-Server-2019,9.73,1006,4096,24.56,4207.22,252.83,28.7,7962.83,1330.09,0,112,51222,0,
2026-03-25T01:18:00+00:00,ATM-GB-0001,host-atm-gb-0001,Windows-Server-2019,6.64,856,4096,20.9,1264.76,4227.16,148.47,7004.55,1507.26,0,85,27976,0,
2026-03-25T01:18:00+00:00,ATM-GB-0002,host-atm-gb-0002,Windows-Server-2019,23.76,976,4096,23.83,93.95,4373.8,156.72,5073.02,7083.65,0,82,45607,0,
2026-03-25T01:18:00+00:00,ATM-GB-0003,host-atm-gb-0003,Windows-Server-2019,9.21,1333,4096,32.54,548.72,198.23,124.49,6716.59,8288.89,0,102,75689,0,
2026-03-25T01:18:00+00:00,ATM-GB-0004,host-atm-gb-0004,Windows-Server-2019,29.16,1182,4096,28.86,4121.15,2983.19,133.89,3043.55,8474.52,0,118,31311,0,
2026-03-25T01:19:00+00:00,ATM-GB-0001,host-atm-gb-0001,Windows-Server-2019,33.41,963,4096,23.51,223.39,2361.82,65.57,9308.46,7240.37,0,92,45801,0,
2026-03-25T01:19:00+00:00,ATM-GB-0002,host-atm-gb-0002,Windows-Server-2019,18.21,450,4096,10.99,1270.14,1348.15,14.92,3672.87,6822.93,0,118,34434,0,
2026-03-25T01:19:00+00:00,ATM-GB-0003,host-atm-gb-0003,Windows-Server-2019,33.23,1197,4096,29.22,3636.71,954.74,84.0,299.22,7720.01,0,95,70023,0,
2026-03-25T01:19:00+00:00,ATM-GB-0004,host-atm-gb-0004,Windows-Server-2019,12.59,737,4096,17.99,1000.41,3547.1,194.61,1048.93,820.2,0,118,18319,0,
2026-03-25T01:20:00+00:00,ATM-GB-0001,host-atm-gb-0001,Windows-Server-2019,18.86,999,4096,24.39,4087.68,801.08,53.69,763.89,343.17,0,100,53860,0,
2026-03-25T01:20:00+00:00,ATM-GB-0002,host-atm-gb-0002,Windows-Server-2019,36.55,1406,4096,34.33,3706.88,4988.82,166.45,7088.29,2803.59,0,99,71582,0,
2026-03-25T01:20:00+00:00,ATM-GB-0003,host-atm-gb-0003,Windows-Server-2019,31.52,1473,4096,35.96,3545.96,3642.64,188.31,2425.39,1702.94,0,109,68685,0,
2026-03-25T01:20:00+00:00,ATM-GB-0004,host-atm-gb-0004,Windows-Server-2019,35.35,547,4096,13.35,413.44,2942.46,98.22,4345.99,1889.87,0,116,61313,0,
2026-03-25T01:21:00+00:00,ATM-GB-0001,host-atm-gb-0001,Windows-Server-2019,10.33,1214,4096,29.64,4668.62,47.87,155.27,6810.91,6342.47,0,94,29851,0,
2026-03-25T01:21:00+00:00,ATM-GB-0002,host-atm-gb-0002,Windows-Server-2019,6.95,892,4096,21.78,4709.66,2170.73,188.01,7040.1,4318.2,0,111,21018,0,
2026-03-25T01:21:00+00:00,ATM-GB-0003,host-atm-gb-0003,Windows-Server-2019,31.33,625,4096,15.26,4895.73,2057.27,12.38,3677.73,3904.5,0,112,80214,0,
2026-03-25T01:21:00+00:00,ATM-GB-0004,host-atm-gb-0004,Windows-Server-2019,27.09,429,4096,10.47,1537.81,2319.7,11.95,8161.42,7255.35,0,92,54347,0,
2026-03-25T01:22:00+00:00,ATM-GB-0001,host-atm-gb-0001,Windows-Server-2019,10.42,1243,4096,30.35,613.28,558.12,38.25,5761.76,389.5,0,99,27536,0,
2026-03-25T01:22:00+00:00,ATM-GB-0002,host-atm-gb-0002,Windows-Server-2019,30.18,1265,4096,30.88,1464.94,2373.43,81.33,3185.01,2675.17,0,91,68137,0,
2026-03-25T01:22:00+00:00,ATM-GB-0003,host-atm-gb-0003,Windows-Server-2019,34.2,1240,4096,30.27,2628.53,2528.17,116.8,6062.22,9633.9,0,95,25567,0,
2026-03-25T01:22:00+00:00,ATM-GB-0004,host-atm-gb-0004,Windows-Server-2019,22.07,660,4096,16.11,1355.95,3074.02,149.72,4157.9,39.42,0,90,26247,0,
2026-03-25T01:23:00+00:00,ATM-GB-0001,host-atm-gb-0001,Windows-Server-2019,21.42,783,4096,19.12,3644.31,2316.54,32.65,7875.89,5460.42,0,87,22997,0,
2026-03-25T01:23:00+00:00,ATM-GB-0002,host-atm-gb-0002,Windows-Server-2019,9.25,525,4096,12.82,1671.12,4668.8,30.27,817.47,1457.82,0,107,30189,0,
2026-03-25T01:23:00+00:00,ATM-GB-0003,host-atm-gb-0003,Windows-Server-2019,7.72,909,4096,22.19,2568.77,150.84,89.31,8992.67,4155.97,0,89,60414,0,
2026-03-25T01:23:00+00:00,ATM-GB-0004,host-atm-gb-0004,Windows-Server-2019,36.62,1404,4096,34.28,4608.82,675.0,65.15,7192.46,9753.06,0,99,25288,0,
2026-03-25T01:24:00+00:00,ATM-GB-0001,host-atm-gb-0001,Windows-Server-2019,30.35,999,4096,24.39,2766.74,230.96,64.52,7693.52,904.78,0,107,84832,0,
2026-03-25T01:24:00+00:00,ATM-GB-0002,host-atm-gb-0002,Windows-Server-2019,18.49,870,4096,21.24,3211.26,4168.32,89.88,7033.44,4576.87,0,105,37673,0,
2026-03-25T01:24:00+00:00,ATM-GB-0003,host-atm-gb-0003,Windows-Server-2019,14.08,1240,4096,30.27,2385.01,3928.75,122.22,940.28,4269.04,0,83,34476,0,
2026-03-25T01:24:00+00:00,ATM-GB-0004,host-atm-gb-0004,Windows-Server-2019,34.46,476,4096,11.62,866.54,4193.11,105.42,2922.46,6030.08,0,81,61587,0,
2026-03-25T01:25:00+00:00,ATM-GB-0001,host-atm-gb-0001,Windows-Server-2019,33.64,986,4096,24.07,4567.57,2629.71,48.13,7469.41,5085.39,0,83,13370,0,
2026-03-25T01:25:00+00:00,ATM-GB-0002,host-atm-gb-0002,Windows-Server-2019,6.24,1156,4096,28.22,3217.79,2840.55,164.64,9956.08,2643.1,0,99,43376,0,
2026-03-25T01:25:00+00:00,ATM-GB-0003,host-atm-gb-0003,Windows-Server-2019,24.45,668,4096,16.31,35.26,4235.19,174.07,1393.43,5624.45,0,101,66833,0,
2026-03-25T01:25:00+00:00,ATM-GB-0004,host-atm-gb-0004,Windows-Server-2019,21.16,902,4096,22.02,1057.02,2434.12,195.1,7484.63,5986.02,0,102,62022,0,
2026-03-25T01:26:00+00:00,ATM-GB-0001,host-atm-gb-0001,Windows-Server-2019,16.15,660,4096,16.11,995.81,1405.08,158.18,2647.36,2623.2,0,97,56641,0,
2026-03-25T01:26:00+00:00,ATM-GB-0002,host-atm-gb-0002,Windows-Server-2019,14.94,892,4096,21.78,560.36,65.17,96.23,6923.29,520.04,0,109,53539,0,
2026-03-25T01:26:00+00:00,ATM-GB-0003,host-atm-gb-0003,Windows-Server-2019,38.71,834,4096,20.36,4144.29,3103.54,182.37,8764.12,8413.33,0,81,4622,0,
2026-03-25T01:26:00+00:00,ATM-GB-0004,host-atm-gb-0004,Windows-Server-2019,36.16,1029,4096,25.12,383.66,303.58,139.35,1269.43,7011.5,0,110,47492,0,
2026-03-25T01:27:00+00:00,ATM-GB-0001,host-atm-gb-0001,Windows-Server-2019,17.4,1184,4096,28.91,1297.22,2925.28,88.89,5248.89,1719.99,0,82,29150,0,
2026-03-25T01:27:00+00:00,ATM-GB-0002,host-atm-gb-0002,Windows-Server-2019,28.64,1317,4096,32.15,4091.27,3104.97,109.67,5700.53,7683.86,0,117,51675,0,
2026-03-25T01:27:00+00:00,ATM-GB-0003,host-atm-gb-0003,Windows-Server-2019,36.66,666,4096,16.26,1911.13,414.29,21.67,3985.52,9339.32,0,93,43599,0,
2026-03-25T01:27:00+00:00,ATM-GB-0004,host-atm-gb-0004,Windows-Server-2019,29.56,637,4096,15.55,1417.24,4353.87,148.65,795.07,4075.77,0,87,45991,0,
2026-03-25T01:28:00+00:00,ATM-GB-0001,host-atm-gb-0001,Windows-Server-2019,15.75,436,4096,10.64,4903.67,141.81,102.04,7722.78,5753.37,0,99,11120,0,
2026-03-25T01:28:00+00:00,ATM-GB-0002,host-atm-gb-0002,Windows-Server-2019,18.49,1425,4096,34.79,3317.71,1620.4,99.71,1156.69,8997.61,0,114,76701,0,
2026-03-25T01:28:00+00:00,ATM-GB-0003,host-atm-gb-0003,Windows-Server-2019,34.63,601,4096,14.67,2337.9,3667.14,188.81,8913.11,5554.13,0,103,84871,0,
2026-03-25T01:28:00+00:00,ATM-GB-0004,host-atm-gb-0004,Windows-Server-2019,32.16,1284,4096,31.35,3547.36,335.51,103.01,1240.83,765.55,0,105,13784,0,
2026-03-25T01:29:00+00:00,ATM-GB-0001,host-atm-gb-0001,Windows-Server-2019,36.78,549,4096,13.4,1224.29,1587.74,55.06,744.83,1918.78,0,80,53745,0,
2026-03-25T01:29:00+00:00,ATM-GB-0002,host-atm-gb-0002,Windows-Server-2019,13.47,607,4096,14.82,1282.64,1032.7,122.38,9874.46,8572.56,0,116,14732,0,
2026-03-25T01:29:00+00:00,ATM-GB-0003,host-atm-gb-0003,Windows-Server-2019,16.7,711,4096,17.36,1600.21,447.72,138.85,345.21,3868.97,0,113,37853,0,
2026-03-25T01:29:00+00:00,ATM-GB-0004,host-atm-gb-0004,Windows-Server-2019,16.82,670,4096,16.36,3561.82,1917.62,198.48,9343.94,957.2,0,86,69037,0,
2026-03-25T01:30:00+00:00,ATM-GB-0001,host-atm-gb-0001,Windows-Server-2019,19.21,1330,4096,32.47,1704.67,2619.66,129.81,5854.92,280.25,0,88,8149,0,
2026-03-25T01:30:00+00:00,ATM-GB-0002,host-atm-gb-0002,Windows-Server-2019,7.02,1159,4096,28.3,653.1,4323.55,167.45,171.7,4464.68,0,88,25679,0,
2026-03-25T01:30:00+00:00,ATM-GB-0003,host-atm-gb-0003,Windows-Server-2019,29.57,678,4096,16.55,4118.56,3225.57,56.06,6309.56,2624.63,0,80,77181,0,
2026-03-25T01:30:00+00:00,ATM-GB-0004,host-atm-gb-0004,Windows-Server-2019,24.14,1066,4096,26.03,2075.46,60.77,72.78,1445.82,3852.94,0,118,17216,0,
2026-03-25T01:31:00+00:00,ATM-GB-0001,host-atm-gb-0001,Windows-Server-2019,9.63,811,4096,19.8,2719.07,437.48,129.63,7031.61,7729.67,0,91,69904,0,
2026-03-25T01:31:00+00:00,ATM-GB-0002,host-atm-gb-0002,Windows-Server-2019,37.5,1101,4096,26.88,1351.03,3425.46,38.26,1694.5,5828.22,0,93,74853,0,
2026-03-25T01:31:00+00:00,ATM-GB-0003,host-atm-gb-0003,Windows-Server-2019,13.06,650,4096,15.87,568.94,849.02,162.77,8142.23,388.58,0,113,51182,0,
2026-03-25T01:31:00+00:00,ATM-GB-0004,host-atm-gb-0004,Windows-Server-2019,16.17,1390,4096,33.94,139.13,2953.88,74.92,3042.24,5929.75,0,117,8032,0,
2026-03-25T01:32:00+00:00,ATM-GB-0001,host-atm-gb-0001,Windows-Server-2019,39.38,832,4096,20.31,4449.31,3382.34,66.52,6742.96,8108.47,0,114,5627,0,
2026-03-25T01:32:00+00:00,ATM-GB-0002,host-atm-gb-0002,Windows-Server-2019,38.94,1333,4096,32.54,4550.72,263.66,24.49,359.05,4463.8,0,110,74008,0,
2026-03-25T01:32:00+00:00,ATM-GB-0003,host-atm-gb-0003,Windows-Server-2019,5.53,409,4096,9.99,3309.55,2725.54,43.9,6990.91,8864.42,0,87,70673,0,
2026-03-25T01:32:00+00:00,ATM-GB-0004,host-atm-gb-0004,Windows-Server-2019,28.53,570,4096,13.92,3956.08,2423.48,139.09,5948.88,9904.33,0,90,37805,0,
2026-03-25T01:33:00+00:00,ATM-GB-0001,host-atm-gb-0001,Windows-Server-2019,27.41,487,4096,11.89,1322.98,3451.36,119.16,7620.92,7798.75,0,108,82863,0,
2026-03-25T01:33:00+00:00,ATM-GB-0002,host-atm-gb-0002,Windows-Server-2019,29.31,624,4096,15.23,4528.52,3397.96,161.49,1240.31,6373.58,0,108,21102,0,
2026-03-25T01:33:00+00:00,ATM-GB-0003,host-atm-gb-0003,Windows-Server-2019,15.75,1327,4096,32.4,4627.93,3490.59,79.09,2985.16,9700.19,0,91,8971,0,
2026-03-25T01:33:00+00:00,ATM-GB-0004,host-atm-gb-0004,Windows-Server-2019,34.74,873,4096,21.31,2135.54,3396.41,129.47,1293.12,4537.96,0,96,5395,0,
2026-03-25T01:34:00+00:00,ATM-GB-0001,host-atm-gb-0001,Windows-Server-2019,36.22,429,4096,10.47,2958.0,3281.21,197.67,6184.8,818.2,0,107,76403,0,
2026-03-25T01:34:00+00:00,ATM-GB-0002,host-atm-gb-0002,Windows-Server-2019,5.29,735,4096,17.94,3592.14,1894.9,109.55,8156.37,7876.95,0,114,23759,0,
2026-03-25T01:34:00+00:00,ATM-GB-0003,host-atm-gb-0003,Windows-Server-2019,7.69,1460,4096,35.64,3241.1,2243.17,161.97,9007.65,1245.47,0,80,76181,0,
2026-03-25T01:34:00+00:00,ATM-GB-0004,host-atm-gb-0004,Windows-Server-2019,25.35,1357,4096,33.13,2886.56,1474.81,52.95,8542.21,1059.94,0,86,52943,0,
2026-03-25T01:35:00+00:00,ATM-GB-0001,host-atm-gb-0001,Windows-Server-2019,24.93,845,4096,20.63,4886.1,2580.74,77.34,7254.19,9061.87,0,87,38692,0,
2026-03-25T01:35:00+00:00,ATM-GB-0002,host-atm-gb-0002,Windows-Server-2019,38.74,936,4096,22.85,996.13,4122.22,61.84,3203.02,1033.3,0,110,10474,0,
2026-03-25T01:35:00+00:00,ATM-GB-0003,host-atm-gb-0003,Windows-Server-2019,30.13,1082,4096,26.42,759.82,2058.23,129.31,5437.29,3537.57,0,85,18440,0,
2026-03-25T01:35:00+00:00,ATM-GB-0004,host-atm-gb-0004,Windows-Server-2019,21.1,651,4096,15.89,3983.35,2496.9,18.83,3160.88,6337.27,0,97,22970,0,
2026-03-25T01:36:00+00:00,ATM-GB-0001,host-atm-gb-0001,Windows-Server-2019,5.79,887,4096,21.66,520.63,4566.52,61.93,7571.32,2302.35,0,98,56345,0,
2026-03-25T01:36:00+00:00,ATM-GB-0002,host-atm-gb-0002,Windows-Server-2019,15.76,1432,4096,34.96,1120.93,1072.05,146.34,9783.29,4424.56,0,94,51698,0,
2026-03-25T01:36:00+00:00,ATM-GB-0003,host-atm-gb-0003,Windows-Server-2019,32.02,1164,4096,28.42,3075.92,4680.73,36.1,2635.65,7786.17,0,93,74243,0,
2026-03-25T01:36:00+00:00,ATM-GB-0004,host-atm-gb-0004,Windows-Server-2019,19.72,532,4096,12.99,2673.96,4239.31,71.37,3239.02,9552.29,0,81,26566,0,
2026-03-25T01:37:00+00:00,ATM-GB-0001,host-atm-gb-0001,Windows-Server-2019,33.02,1282,4096,31.3,3155.74,3806.84,54.64,3115.38,1655.26,0,120,62330,0,
2026-03-25T01:37:00+00:00,ATM-GB-0002,host-atm-gb-0002,Windows-Server-2019,5.52,708,4096,17.29,1953.95,3645.58,16.29,5777.54,1440.28,0,80,25474,0,
2026-03-25T01:37:00+00:00,ATM-GB-0003,host-atm-gb-0003,Windows-Server-2019,31.31,785,4096,19.17,4198.37,1317.69,31.63,3377.5,3676.16,0,97,22820,0,
2026-03-25T01:37:00+00:00,ATM-GB-0004,host-atm-gb-0004,Windows-Server-2019,13.22,1068,4096,26.07,848.69,1917.54,94.11,2920.05,2785.77,0,89,61433,0,
2026-03-25T01:38:00+00:00,ATM-GB-0001,host-atm-gb-0001,Windows-Server-2019,19.14,1042,4096,25.44,596.95,398.9,104.22,2000.17,5243.67,0,101,34853,0,
2026-03-25T01:38:00+00:00,ATM-GB-0002,host-atm-gb-0002,Windows-Server-2019,8.13,770,4096,18.8,2373.3,1630.74,142.9,9116.02,3010.83,0,109,27958,0,
2026-03-25T01:38:00+00:00,ATM-GB-0003,host-atm-gb-0003,Windows-Server-2019,13.91,1251,4096,30.54,1527.99,3696.13,193.07,2274.92,3472.12,0,98,33531,0,
2026-03-25T01:38:00+00:00,ATM-GB-0004,host-atm-gb-0004,Windows-Server-2019,39.83,430,4096,10.5,1527.64,4466.44,153.65,1387.86,3132.57,0,108,74646,0,
2026-03-25T01:39:00+00:00,ATM-GB-0001,host-atm-gb-0001,Windows-Server-2019,32.89,1438,4096,35.11,1110.41,144.26,25.86,4710.1,9468.61,0,91,32335,0,
2026-03-25T01:39:00+00:00,ATM-GB-0002,host-atm-gb-0002,Windows-Server-2019,36.69,1421,4096,34.69,3347.63,1818.65,61.65,3479.77,7096.49,0,104,36412,0,
2026-03-25T01:39:00+00:00,ATM-GB-0003,host-atm-gb-0003,Windows-Server-2019,16.72,529,4096,12.92,1667.67,3407.46,110.16,4329.57,4781.43,0,83,4770,0,
2026-03-25T01:39:00+00:00,ATM-GB-0004,host-atm-gb-0004,Windows-Server-2019,37.67,725,4096,17.7,4884.22,2903.06,57.36,4017.61,244.19,0,96,82385,0,
2026-03-25T01:40:00+00:00,ATM-GB-0001,host-atm-gb-0001,Windows-Server-2019,24.31,1360,4096,33.2,4231.08,4046.98,110.92,7250.1,5648.5,0,89,41234,0,
2026-03-25T01:40:00+00:00,ATM-GB-0002,host-atm-gb-0002,Windows-Server-2019,27.62,1080,4096,26.37,1711.02,147.13,33.35,6014.11,8978.67,0,114,6975,0,
2026-03-25T01:40:00+00:00,ATM-GB-0003,host-atm-gb-0003,Windows-Server-2019,20.53,643,4096,15.7,1153.2,1066.13,55.65,4914.35,7560.18,0,110,31239,0,
2026-03-25T01:40:00+00:00,ATM-GB-0004,host-atm-gb-0004,Windows-Server-2019,31.22,517,4096,12.62,2244.41,3946.39,167.79,2175.84,8625.3,0,102,16379,0,
2026-03-25T01:41:00+00:00,ATM-GB-0001,host-atm-gb-0001,Windows-Server-2019,23.09,767,4096,18.73,2389.95,1684.01,156.41,9377.16,6570.49,0,85,17991,0,
2026-03-25T01:41:00+00:00,ATM-GB-0002,host-atm-gb-0002,Windows-Server-2019,24.46,1236,4096,30.18,2353.13,602.81,50.04,7764.54,428.0,0,80,51188,0,
2026-03-25T01:41:00+00:00,ATM-GB-0003,host-atm-gb-0003,Windows-Server-2019,14.91,1262,4096,30.81,4468.17,356.82,11.3,834.28,1554.52,0,98,82132,0,
2026-03-25T01:41:00+00:00,ATM-GB-0004,host-atm-gb-0004,Windows-Server-2019,18.7,1156,4096,28.22,4217.59,2993.47,187.76,6828.68,4918.77,0,85,22228,0,
2026-03-25T01:42:00+00:00,ATM-GB-0001,host-atm-gb-0001,Windows-Server-2019,13.49,1404,4096,34.28,166.25,4051.54,31.4,363.77,4537.39,0,100,18755,0,
2026-03-25T01:42:00+00:00,ATM-GB-0002,host-atm-gb-0002,Windows-Server-2019,6.86,1255,4096,30.64,2109.16,333.46,165.89,1292.57,5956.2,0,82,82534,0,
2026-03-25T01:42:00+00:00,ATM-GB-0003,host-atm-gb-0003,Windows-Server-2019,31.09,1048,4096,25.59,4469.22,3723.57,184.51,3818.17,4918.95,0,106,84197,0,
2026-03-25T01:42:00+00:00,ATM-GB-0004,host-atm-gb-0004,Windows-Server-2019,34.36,525,4096,12.82,1685.99,3817.14,167.93,282.91,9431.07,0,90,60061,0,
2026-03-25T01:43:00+00:00,ATM-GB-0001,host-atm-gb-0001,Windows-Server-2019,24.55,616,4096,15.04,3795.58,242.95,157.14,6225.25,3680.08,0,98,44688,0,
2026-03-25T01:43:00+00:00,ATM-GB-0002,host-atm-gb-0002,Windows-Server-2019,12.58,945,4096,23.07,4235.21,3583.87,126.28,3147.44,5526.97,0,82,13688,0,
2026-03-25T01:43:00+00:00,ATM-GB-0003,host-atm-gb-0003,Windows-Server-2019,14.74,1249,4096,30.49,3062.85,2591.91,79.92,2725.43,5975.76,0,100,55504,0,
2026-03-25T01:43:00+00:00,ATM-GB-0004,host-atm-gb-0004,Windows-Server-2019,22.75,1207,4096,29.47,4429.58,1461.78,119.32,8623.25,9392.17,0,96,5387,0,
2026-03-25T01:44:00+00:00,ATM-GB-0001,host-atm-gb-0001,Windows-Server-2019,16.38,728,4096,17.77,645.14,1391.56,112.52,9528.82,1391.01,0,95,27600,0,
2026-03-25T01:44:00+00:00,ATM-GB-0002,host-atm-gb-0002,Windows-Server-2019,12.91,474,4096,11.57,3407.26,3369.58,66.38,5433.93,3663.42,0,95,43027,0,
2026-03-25T01:44:00+00:00,ATM-GB-0003,host-atm-gb-0003,Windows-Server-2019,36.37,749,4096,18.29,1699.59,63.24,162.49,2845.25,4514.19,0,105,61543,0,
2026-03-25T01:44:00+00:00,ATM-GB-0004,host-atm-gb-0004,Windows-Server-2019,34.15,482,4096,11.77,2485.07,4555.22,105.22,1342.86,4443.89,0,114,15195,0,
2026-03-25T01:45:00+00:00,ATM-GB-0001,host-atm-gb-0001,Windows-Server-2019,5.52,403,4096,9.84,4213.05,3558.26,168.17,4512.06,2197.57,0,111,79793,0,
2026-03-25T01:45:00+00:00,ATM-GB-0002,host-atm-gb-0002,Windows-Server-2019,16.68,1039,4096,25.37,1307.41,4371.11,93.77,8699.05,5683.39,0,109,22079,0,
2026-03-25T01:45:00+00:00,ATM-GB-0003,host-atm-gb-0003,Windows-Server-2019,39.43,1307,4096,31.91,1461.78,3484.26,183.64,2586.1,8484.06,0,103,56109,0,
2026-03-25T01:45:00+00:00,ATM-GB-0004,host-atm-gb-0004,Windows-Server-2019,28.15,776,4096,18.95,4230.86,3200.26,18.3,4548.37,541.73,0,90,22393,0,
2026-03-25T01:46:00+00:00,ATM-GB-0001,host-atm-gb-0001,Windows-Server-2019,36.8,685,4096,16.72,4153.07,2058.63,196.11,5340.3,9130.93,0,105,12834,0,
2026-03-25T01:46:00+00:00,ATM-GB-0002,host-atm-gb-0002,Windows-Server-2019,18.24,788,4096,19.24,292.88,871.18,106.47,7014.57,1845.92,0,112,11026,0,
2026-03-25T01:46:00+00:00,ATM-GB-0003,host-atm-gb-0003,Windows-Server-2019,8.87,1150,4096,28.08,2786.98,1097.04,194.15,2483.3,3218.19,0,89,38710,0,
2026-03-25T01:46:00+00:00,ATM-GB-0004,host-atm-gb-0004,Windows-Server-2019,25.43,1108,4096,27.05,4090.61,2377.22,15.59,9938.02,746.24,0,91,54349,0,
2026-03-25T01:47:00+00:00,ATM-GB-0001,host-atm-gb-0001,Windows-Server-2019,14.91,768,4096,18.75,2038.7,4655.19,147.16,2933.26,7415.25,0,81,10130,0,
2026-03-25T01:47:00+00:00,ATM-GB-0002,host-atm-gb-0002,Windows-Server-2019,20.26,550,4096,13.43,4317.13,3826.07,54.55,5284.62,6518.55,0,120,10320,0,
2026-03-25T01:47:00+00:00,ATM-GB-0003,host-atm-gb-0003,Windows-Server-2019,34.06,1252,4096,30.57,2482.83,781.07,92.18,8126.95,7267.39,0,97,71560,0,
2026-03-25T01:47:00+00:00,ATM-GB-0004,host-atm-gb-0004,Windows-Server-2019,36.83,627,4096,15.31,1804.3,3441.58,148.72,7220.03,3778.74,0,97,84396,0,
2026-03-25T01:48:00+00:00,ATM-GB-0001,host-atm-gb-0001,Windows-Server-2019,39.51,1138,4096,27.78,4793.61,1303.52,169.43,7182.02,1958.53,0,118,66744,0,
2026-03-25T01:48:00+00:00,ATM-GB-0002,host-atm-gb-0002,Windows-Server-2019,32.85,878,4096,21.44,2742.66,1578.7,162.04,2636.54,5844.07,0,81,5304,0,
2026-03-25T01:48:00+00:00,ATM-GB-0003,host-atm-gb-0003,Windows-Server-2019,21.23,851,4096,20.78,3118.63,2463.37,103.16,6058.92,1081.58,0,85,77690,0,
2026-03-25T01:48:00+00:00,ATM-GB-0004,host-atm-gb-0004,Windows-Server-2019,25.29,1224,4096,29.88,2482.54,3709.43,176.53,6770.38,3044.5,0,107,12771,0,
2026-03-25T01:49:00+00:00,ATM-GB-0001,host-atm-gb-0001,Windows-Server-2019,13.65,1159,4096,28.3,2683.86,4667.04,22.69,1772.41,5.41,0,109,28547,0,
2026-03-25T01:49:00+00:00,ATM-GB-0002,host-atm-gb-0002,Windows-Server-2019,19.37,804,4096,19.63,4469.18,2628.65,143.65,8404.37,8081.78,0,104,54426,0,
2026-03-25T01:49:00+00:00,ATM-GB-0003,host-atm-gb-0003,Windows-Server-2019,9.18,647,4096,15.8,1552.13,79.38,195.52,2999.54,4938.6,0,84,12035,0,
2026-03-25T01:49:00+00:00,ATM-GB-0004,host-atm-gb-0004,Windows-Server-2019,17.84,1456,4096,35.55,2889.11,984.01,140.65,5782.55,9256.28,0,108,68010,0,
2026-03-25T01:50:00+00:00,ATM-GB-0001,host-atm-gb-0001,Windows-Server-2019,7.8,1135,4096,27.71,30.69,4126.19,123.19,8848.19,6210.65,0,85,83912,0,
2026-03-25T01:50:00+00:00,ATM-GB-0002,host-atm-gb-0002,Windows-Server-2019,15.36,961,4096,23.46,2841.67,905.35,130.32,7152.8,3168.98,0,102,45108,0,
2026-03-25T01:50:00+00:00,ATM-GB-0003,host-atm-gb-0003,Windows-Server-2019,5.15,1191,4096,29.08,4695.62,145.48,77.31,5825.25,419.55,0,118,82623,0,
2026-03-25T01:50:00+00:00,ATM-GB-0004,host-atm-gb-0004,Windows-Server-2019,27.85,883,4096,21.56,1572.62,127.43,50.33,4843.31,1559.24,0,81,50915,0,
2026-03-25T01:51:00+00:00,ATM-GB-0001,host-atm-gb-0001,Windows-Server-2019,19.78,1082,4096,26.42,2433.04,1181.68,39.86,5113.98,4611.86,0,103,54820,0,
2026-03-25T01:51:00+00:00,ATM-GB-0002,host-atm-gb-0002,Windows-Server-2019,39.07,690,4096,16.85,1661.53,3973.75,62.64,3100.35,9691.33,0,120,73515,0,
2026-03-25T01:51:00+00:00,ATM-GB-0003,host-atm-gb-0003,Windows-Server-2019,12.43,1352,4096,33.01,1778.81,1501.96,87.03,3388.77,8630.56,0,109,65023,0,
2026-03-25T01:51:00+00:00,ATM-GB-0004,host-atm-gb-0004,Windows-Server-2019,17.76,1037,4096,25.32,976.4,3186.38,169.2,6753.02,6122.08,0,81,55681,0,
2026-03-25T01:52:00+00:00,ATM-GB-0001,host-atm-gb-0001,Windows-Server-2019,30.33,1144,4096,27.93,1384.86,4829.4,173.93,2017.3,3002.44,0,91,14502,0,
2026-03-25T01:52:00+00:00,ATM-GB-0002,host-atm-gb-0002,Windows-Server-2019,15.39,950,4096,23.19,2228.87,3557.33,76.12,7574.9,2191.07,0,85,44487,0,
2026-03-25T01:52:00+00:00,ATM-GB-0003,host-atm-gb-0003,Windows-Server-2019,34.1,1408,4096,34.38,3193.07,2898.2,179.17,2398.33,201.83,0,111,32780,0,
2026-03-25T01:52:00+00:00,ATM-GB-0004,host-atm-gb-0004,Windows-Server-2019,22.87,935,4096,22.83,105.59,1666.97,148.94,2740.47,4279.37,0,100,57626,0,
2026-03-25T01:53:00+00:00,ATM-GB-0001,host-atm-gb-0001,Windows-Server-2019,37.03,1408,4096,34.38,4478.68,712.1,35.78,9789.82,7789.76,0,100,75924,0,
2026-03-25T01:53:00+00:00,ATM-GB-0002,host-atm-gb-0002,Windows-Server-2019,13.88,1133,4096,27.66,218.6,1843.31,132.83,5563.23,3173.66,0,80,23288,0,
2026-03-25T01:53:00+00:00,ATM-GB-0003,host-atm-gb-0003,Windows-Server-2019,6.54,1439,4096,35.13,2560.02,4245.21,27.31,8075.9,8958.26,0,109,29677,0,
2026-03-25T01:53:00+00:00,ATM-GB-0004,host-atm-gb-0004,Windows-Server-2019,25.38,1074,4096,26.22,3638.22,4023.7,91.72,7881.81,7848.47,0,83,73540,0,
2026-03-25T01:54:00+00:00,ATM-GB-0001,host-atm-gb-0001,Windows-Server-2019,13.59,550,4096,13.43,4479.26,4614.28,192.47,9469.39,1163.96,0,93,76615,0,
2026-03-25T01:54:00+00:00,ATM-GB-0002,host-atm-gb-0002,Windows-Server-2019,15.26,901,4096,22.0,3085.14,1132.31,196.55,2303.86,2323.44,0,98,55774,0,
2026-03-25T01:54:00+00:00,ATM-GB-0003,host-atm-gb-0003,Windows-Server-2019,35.91,847,4096,20.68,4780.38,2729.56,31.35,4013.3,3639.54,0,109,55133,0,
2026-03-25T01:54:00+00:00,ATM-GB-0004,host-atm-gb-0004,Windows-Server-2019,8.71,418,4096,10.21,2977.36,1687.81,183.54,1634.19,3800.59,0,113,58308,0,
2026-03-25T01:55:00+00:00,ATM-GB-0001,host-atm-gb-0001,Windows-Server-2019,16.77,785,4096,19.17,990.9,2767.67,150.31,2007.96,7276.07,0,85,75314,0,
2026-03-25T01:55:00+00:00,ATM-GB-0002,host-atm-gb-0002,Windows-Server-2019,6.74,777,4096,18.97,3705.0,1553.92,147.89,4574.78,3705.93,0,91,51424,0,
2026-03-25T01:55:00+00:00,ATM-GB-0003,host-atm-gb-0003,Windows-Server-2019,12.28,783,4096,19.12,4144.52,4720.87,49.96,2377.77,3315.75,0,93,67611,0,
2026-03-25T01:55:00+00:00,ATM-GB-0004,host-atm-gb-0004,Windows-Server-2019,19.21,711,4096,17.36,4573.09,3777.71,135.78,4259.69,7533.13,0,94,30103,0,
2026-03-25T01:56:00+00:00,ATM-GB-0001,host-atm-gb-0001,Windows-Server-2019,6.22,608,4096,14.84,1407.58,3778.21,21.73,3521.34,9274.72,0,83,76606,0,
2026-03-25T01:56:00+00:00,ATM-GB-0002,host-atm-gb-0002,Windows-Server-2019,15.81,1218,4096,29.74,739.18,1490.31,112.93,3520.43,5109.58,0,104,15289,0,
2026-03-25T01:56:00+00:00,ATM-GB-0003,host-atm-gb-0003,Windows-Server-2019,37.11,473,4096,11.55,957.5,1653.9,111.19,5671.45,8740.09,0,86,57518,0,
2026-03-25T01:56:00+00:00,ATM-GB-0004,host-atm-gb-0004,Windows-Server-2019,31.57,1243,4096,30.35,2155.13,2410.93,163.15,9944.79,753.64,0,86,81224,0,
2026-03-25T01:57:00+00:00,ATM-GB-0001,host-atm-gb-0001,Windows-Server-2019,29.21,1001,4096,24.44,4866.93,226.56,144.14,3268.63,6213.24,0,100,58580,0,
2026-03-25T01:57:00+00:00,ATM-GB-0002,host-atm-gb-0002,Windows-Server-2019,23.07,429,4096,10.47,4288.8,3805.13,171.43,2607.18,9015.28,0,83,46860,0,
2026-03-25T01:57:00+00:00,ATM-GB-0003,host-atm-gb-0003,Windows-Server-2019,33.57,1495,4096,36.5,497.64,560.94,193.25,8839.9,1458.22,0,102,85753,0,
2026-03-25T01:57:00+00:00,ATM-GB-0004,host-atm-gb-0004,Windows-Server-2019,8.45,629,4096,15.36,363.55,4262.22,53.92,3857.3,1013.46,0,99,9726,0,
2026-03-25T01:58:00+00:00,ATM-GB-0001,host-atm-gb-0001,Windows-Server-2019,25.25,749,4096,18.29,595.53,498.87,115.84,4514.07,6168.88,0,108,78008,0,
2026-03-25T01:58:00+00:00,ATM-GB-0002,host-atm-gb-0002,Windows-Server-2019,13.11,1069,4096,26.1,1526.56,4146.78,169.42,8288.65,8372.08,0,98,11554,0,
2026-03-25T01:58:00+00:00,ATM-GB-0003,host-atm-gb-0003,Windows-Server-2019,28.85,582,4096,14.21,2820.81,3811.03,165.43,7101.67,654.85,0,93,86058,0,
2026-03-25T01:58:00+00:00,ATM-GB-0004,host-atm-gb-0004,Windows-Server-2019,13.91,1402,4096,34.23,3587.83,2170.91,98.44,4993.05,5744.71,0,92,7452,0,
2026-03-25T01:59:00+00:00,ATM-GB-0001,host-atm-gb-0001,Windows-Server-2019,12.08,1051,4096,25.66,2820.33,4380.7,174.04,339.68,6781.35,0,89,56571,0,
2026-03-25T01:59:00+00:00,ATM-GB-0002,host-atm-gb-0002,Windows-Server-2019,16.61,543,4096,13.26,4776.32,2819.69,74.84,7232.71,7398.37,0,85,75783,0,
2026-03-25T01:59:00+00:00,ATM-GB-0003,host-atm-gb-0003,Windows-Server-2019,17.29,731,4096,17.85,1308.05,4761.78,193.63,6055.02,6902.19,0,85,61735,0,
2026-03-25T01:59:00+00:00,ATM-GB-0004,host-atm-gb-0004,Windows-Server-2019,38.51,1279,4096,31.23,2930.21,2219.21,31.42,2708.28,7173.59,0,102,14968,0,
2026-03-25T02:00:00+00:00,ATM-GB-0001,host-atm-gb-0001,Windows-Server-2019,6.65,1323,4096,32.3,2258.46,1546.6,123.55,1978.67,8965.77,0,106,16572,0,
2026-03-25T02:00:00+00:00,ATM-GB-0002,host-atm-gb-0002,Windows-Server-2019,26.92,533,4096,13.01,4132.85,2301.59,161.69,1993.74,7882.74,0,88,18937,0,
2026-03-25T02:00:00+00:00,ATM-GB-0003,host-atm-gb-0003,Windows-Server-2019,16.31,1076,4096,26.27,3352.33,3783.28,28.34,3751.06,1272.89,0,96,55092,0,
2026-03-25T02:00:00+00:00,ATM-GB-0004,host-atm-gb-0004,Windows-Server-2019,35.41,1123,4096,27.42,2151.42,2098.45,14.0,2918.73,4298.88,0,98,75387,0,
2026-03-25T02:01:00+00:00,ATM-GB-0001,host-atm-gb-0001,Windows-Server-2019,35.52,1082,4096,26.42,482.81,745.38,13.13,2412.47,1374.69,0,119,61107,0,
2026-03-25T02:01:00+00:00,ATM-GB-0002,host-atm-gb-0002,Windows-Server-2019,34.17,473,4096,11.55,355.51,2424.85,145.52,1360.52,8578.3,0,117,58965,0,
2026-03-25T02:01:00+00:00,ATM-GB-0003,host-atm-gb-0003,Windows-Server-2019,35.3,1114,4096,27.2,3516.65,3249.13,90.17,6967.75,2204.05,0,96,4659,0,
2026-03-25T02:01:00+00:00,ATM-GB-0004,host-atm-gb-0004,Windows-Server-2019,7.85,484,4096,11.82,725.08,1836.58,38.58,4113.84,6387.53,0,105,46246,0,
2026-03-25T02:02:00+00:00,ATM-GB-0001,host-atm-gb-0001,Windows-Server-2019,24.96,1223,4096,29.86,1764.37,2411.34,72.23,9374.54,238.6,0,120,68082,0,
2026-03-25T02:02:00+00:00,ATM-GB-0002,host-atm-gb-0002,Windows-Server-2019,13.39,1454,4096,35.5,279.06,773.73,46.23,491.21,4824.99,0,88,7044,0,
2026-03-25T02:02:00+00:00,ATM-GB-0003,host-atm-gb-0003,Windows-Server-2019,11.44,574,4096,14.01,4910.8,3575.84,156.67,4730.94,7705.06,0,104,71181,0,
2026-03-25T02:02:00+00:00,ATM-GB-0004,host-atm-gb-0004,Windows-Server-2019,13.17,820,4096,20.02,1804.02,4919.91,19.24,220.1,4313.75,0,110,27481,0,
2026-03-25T02:03:00+00:00,ATM-GB-0001,host-atm-gb-0001,Windows-Server-2019,23.55,1282,4096,31.3,4269.43,2465.89,124.24,4625.36,8863.91,0,96,5830,0,
2026-03-25T02:03:00+00:00,ATM-GB-0002,host-atm-gb-0002,Windows-Server-2019,21.27,1420,4096,34.67,2777.83,3211.62,34.71,7004.5,8636.58,0,96,76315,0,
2026-03-25T02:03:00+00:00,ATM-GB-0003,host-atm-gb-0003,Windows-Server-2019,39.18,1433,4096,34.99,250.94,4940.61,140.7,7660.78,9603.29,0,105,12208,0,
2026-03-25T02:03:00+00:00,ATM-GB-0004,host-atm-gb-0004,Windows-Server-2019,24.1,933,4096,22.78,2366.74,2512.26,96.73,3826.36,7611.05,0,94,40464,0,
2026-03-25T02:04:00+00:00,ATM-GB-0001,host-atm-gb-0001,Windows-Server-2019,7.28,1103,4096,26.93,3076.58,1956.2,16.11,8310.21,595.71,0,116,20373,0,
2026-03-25T02:04:00+00:00,ATM-GB-0002,host-atm-gb-0002,Windows-Server-2019,10.61,1476,4096,36.04,4428.97,3626.31,170.94,3874.7,6062.27,0,80,68874,0,
2026-03-25T02:04:00+00:00,ATM-GB-0003,host-atm-gb-0003,Windows-Server-2019,14.49,1340,4096,32.71,3559.21,3894.61,122.34,6987.72,7812.24,0,93,14790,0,
2026-03-25T02:04:00+00:00,ATM-GB-0004,host-atm-gb-0004,Windows-Server-2019,10.7,1179,4096,28.78,4691.43,4540.93,39.96,7953.42,6192.08,0,97,13657,0,
2026-03-25T02:05:00+00:00,ATM-GB-0001,host-atm-gb-0001,Windows-Server-2019,29.22,710,4096,17.33,4285.09,2266.74,22.04,5808.01,1529.63,0,102,66011,0,
2026-03-25T02:05:00+00:00,ATM-GB-0002,host-atm-gb-0002,Windows-Server-2019,23.18,1164,4096,28.42,894.27,3787.39,179.73,9478.63,9632.4,0,114,15025,0,
2026-03-25T02:05:00+00:00,ATM-GB-0003,host-atm-gb-0003,Windows-Server-2019,22.62,599,4096,14.62,3733.19,2133.12,131.82,9502.51,5412.43,0,91,44365,0,
2026-03-25T02:05:00+00:00,ATM-GB-0004,host-atm-gb-0004,Windows-Server-2019,14.3,1485,4096,36.25,2397.14,757.44,89.07,8776.89,5506.52,0,114,28094,0,
2026-03-25T02:06:00+00:00,ATM-GB-0001,host-atm-gb-0001,Windows-Server-2019,9.34,684,4096,16.7,3139.86,3658.41,110.87,4707.7,9998.48,0,92,84594,0,
2026-03-25T02:06:00+00:00,ATM-GB-0002,host-atm-gb-0002,Windows-Server-2019,34.65,515,4096,12.57,2326.6,4634.29,162.62,630.2,3455.84,0,104,43500,0,
2026-03-25T02:06:00+00:00,ATM-GB-0003,host-atm-gb-0003,Windows-Server-2019,29.49,612,4096,14.94,3721.41,1383.78,15.85,7267.12,7367.7,0,96,66878,0,
2026-03-25T02:06:00+00:00,ATM-GB-0004,host-atm-gb-0004,Windows-Server-2019,22.55,976,4096,23.83,1115.93,1079.45,163.46,3477.35,7948.63,0,89,52073,0,
2026-03-25T02:07:00+00:00,ATM-GB-0001,host-atm-gb-0001,Windows-Server-2019,35.08,886,4096,21.63,1397.42,3040.92,103.89,6377.17,6524.69,0,106,16915,0,
2026-03-25T02:07:00+00:00,ATM-GB-0002,host-atm-gb-0002,Windows-Server-2019,33.05,662,4096,16.16,3022.75,920.97,76.22,7869.07,2366.93,0,88,4413,0,
2026-03-25T02:07:00+00:00,ATM-GB-0003,host-atm-gb-0003,Windows-Server-2019,7.43,1459,4096,35.62,981.92,1363.09,66.86,3401.29,3621.97,0,94,69941,0,
2026-03-25T02:07:00+00:00,ATM-GB-0004,host-atm-gb-0004,Windows-Server-2019,17.33,1004,4096,24.51,3012.09,2801.61,59.32,6818.68,4963.37,0,98,32921,0,
2026-03-25T02:08:00+00:00,ATM-GB-0001,host-atm-gb-0001,Windows-Server-2019,27.71,1014,4096,24.76,2053.66,2067.82,127.57,783.4,5541.43,0,118,78759,0,
2026-03-25T02:08:00+00:00,ATM-GB-0002,host-atm-gb-0002,Windows-Server-2019,11.1,902,4096,22.02,3666.49,3558.87,169.43,2359.34,8886.46,0,98,74818,0,
2026-03-25T02:08:00+00:00,ATM-GB-0003,host-atm-gb-0003,Windows-Server-2019,26.67,1185,4096,28.93,1672.51,4958.34,62.81,6863.51,5841.17,0,102,65847,0,
2026-03-25T02:08:00+00:00,ATM-GB-0004,host-atm-gb-0004,Windows-Server-2019,37.64,637,4096,15.55,2403.17,1908.05,143.64,8995.14,4470.73,0,117,36002,0,
2026-03-25T02:09:00+00:00,ATM-GB-0001,host-atm-gb-0001,Windows-Server-2019,39.66,797,4096,19.46,4906.16,1082.63,101.5,6404.2,7455.61,0,94,54360,0,
2026-03-25T02:09:00+00:00,ATM-GB-0002,host-atm-gb-0002,Windows-Server-2019,29.88,1307,4096,31.91,2227.57,3598.47,140.01,7738.47,194.52,0,114,23148,0,
2026-03-25T02:09:00+00:00,ATM-GB-0003,host-atm-gb-0003,Windows-Server-2019,14.92,910,4096,22.22,2176.89,326.08,91.43,3933.71,9273.92,0,109,34030,0,
2026-03-25T02:09:00+00:00,ATM-GB-0004,host-atm-gb-0004,Windows-Server-2019,5.1,748,4096,18.26,2112.47,4698.16,73.25,5281.45,6244.25,0,104,84520,0,
2026-03-25T02:10:00+00:00,ATM-GB-0001,host-atm-gb-0001,Windows-Server-2019,28.15,749,4096,18.29,1132.04,3036.56,164.42,8725.23,2732.32,0,90,74490,0,
2026-03-25T02:10:00+00:00,ATM-GB-0002,host-atm-gb-0002,Windows-Server-2019,11.88,426,4096,10.4,2458.52,2587.37,39.06,8494.34,2447.86,0,116,63838,0,
2026-03-25T02:10:00+00:00,ATM-GB-0003,host-atm-gb-0003,Windows-Server-2019,32.21,552,4096,13.48,4749.04,4968.11,158.05,4141.9,1475.07,0,96,73098,0,
2026-03-25T02:10:00+00:00,ATM-GB-0004,host-atm-gb-0004,Windows-Server-2019,28.01,1039,4096,25.37,3850.15,1978.37,156.05,505.36,9171.13,0,98,33823,0,
2026-03-25T02:11:00+00:00,ATM-GB-0001,host-atm-gb-0001,Windows-Server-2019,21.01,1469,4096,35.86,4209.68,4339.45,176.99,514.03,753.03,0,118,55612,0,
2026-03-25T02:11:00+00:00,ATM-GB-0002,host-atm-gb-0002,Windows-Server-2019,39.78,793,4096,19.36,3064.1,4013.01,123.98,2542.5,9955.77,0,87,81095,0,
2026-03-25T02:11:00+00:00,ATM-GB-0003,host-atm-gb-0003,Windows-Server-2019,28.04,487,4096,11.89,3973.08,782.97,154.34,4399.66,6082.29,0,111,77766,0,
2026-03-25T02:11:00+00:00,ATM-GB-0004,host-atm-gb-0004,Windows-Server-2019,39.63,750,4096,18.31,4626.72,2088.89,141.84,8125.67,4470.15,0,80,11962,0,
2026-03-25T02:12:00+00:00,ATM-GB-0001,host-atm-gb-0001,Windows-Server-2019,14.24,1200,4096,29.3,1755.18,1312.72,124.59,3091.9,4617.89,0,83,21352,0,
2026-03-25T02:12:00+00:00,ATM-GB-0002,host-atm-gb-0002,Windows-Server-2019,25.65,551,4096,13.45,1082.57,1722.28,166.34,8345.97,5696.93,0,85,32805,0,
2026-03-25T02:12:00+00:00,ATM-GB-0003,host-atm-gb-0003,Windows-Server-2019,22.5,1026,4096,25.05,3687.08,861.93,62.02,5301.31,1468.77,0,117,71570,0,
2026-03-25T02:12:00+00:00,ATM-GB-0004,host-atm-gb-0004,Windows-Server-2019,22.32,437,4096,10.67,1150.54,2452.85,107.76,8996.96,6409.24,0,117,48439,0,
2026-03-25T02:13:00+00:00,ATM-GB-0001,host-atm-gb-0001,Windows-Server-2019,25.49,769,4096,18.77,2563.5,4847.09,61.03,6867.66,4124.39,0,102,11574,0,
2026-03-25T02:13:00+00:00,ATM-GB-0002,host-atm-gb-0002,Windows-Server-2019,25.39,1066,4096,26.03,913.49,2858.68,72.02,3387.3,1498.37,0,87,16016,0,
2026-03-25T02:13:00+00:00,ATM-GB-0003,host-atm-gb-0003,Windows-Server-2019,10.76,975,4096,23.8,1702.61,1188.55,22.15,2843.15,990.69,0,114,32752,0,
2026-03-25T02:13:00+00:00,ATM-GB-0004,host-atm-gb-0004,Windows-Server-2019,16.87,1475,4096,36.01,1219.01,3646.3,22.14,5826.41,3614.98,0,83,10213,0,
2026-03-25T02:14:00+00:00,ATM-GB-0001,host-atm-gb-0001,Windows-Server-2019,10.74,1326,4096,32.37,4757.08,1678.12,76.85,37.04,1369.19,0,92,25660,0,
2026-03-25T02:14:00+00:00,ATM-GB-0002,host-atm-gb-0002,Windows-Server-2019,15.74,576,4096,14.06,185.68,2943.79,47.79,5825.22,333.07,0,114,39277,0,
2026-03-25T02:14:00+00:00,ATM-GB-0003,host-atm-gb-0003,Windows-Server-2019,12.94,727,4096,17.75,975.05,1766.56,64.78,1659.29,4923.02,0,98,33771,0,
2026-03-25T02:14:00+00:00,ATM-GB-0004,host-atm-gb-0004,Windows-Server-2019,5.71,673,4096,16.43,4025.31,4412.58,174.08,2933.4,4598.21,0,105,60869,0,
2026-03-25T02:15:00+00:00,ATM-GB-0001,host-atm-gb-0001,Windows-Server-2019,26.73,1443,4096,35.23,4235.72,900.17,77.42,9413.49,161.07,0,113,17385,0,
2026-03-25T02:15:00+00:00,ATM-GB-0002,host-atm-gb-0002,Windows-Server-2019,33.28,1031,4096,25.17,2005.09,4287.1,185.33,9873.02,1182.3,0,108,8902,0,
2026-03-25T02:15:00+00:00,ATM-GB-0003,host-atm-gb-0003,Windows-Server-2019,23.07,571,4096,13.94,4688.31,2100.69,171.93,5967.85,9361.21,0,91,4753,0,
2026-03-25T02:15:00+00:00,ATM-GB-0004,host-atm-gb-0004,Windows-Server-2019,5.36,1412,4096,34.47,1077.63,1549.94,71.25,7152.5,6839.4,0,114,9915,0,
2026-03-25T02:16:00+00:00,ATM-GB-0001,host-atm-gb-0001,Windows-Server-2019,19.11,1112,4096,27.15,444.33,4183.47,187.05,9345.82,7094.5,0,99,57670,0,
2026-03-25T02:16:00+00:00,ATM-GB-0002,host-atm-gb-0002,Windows-Server-2019,30.72,1405,4096,34.3,3312.0,4039.54,183.62,3458.07,7744.27,0,97,35108,0,
2026-03-25T02:16:00+00:00,ATM-GB-0003,host-atm-gb-0003,Windows-Server-2019,24.72,801,4096,19.56,547.66,3187.77,176.27,267.84,2137.57,0,108,63551,0,
2026-03-25T02:16:00+00:00,ATM-GB-0004,host-atm-gb-0004,Windows-Server-2019,11.2,1115,4096,27.22,1879.52,981.36,126.16,4748.11,9944.98,0,83,72346,0,
2026-03-25T02:17:00+00:00,ATM-GB-0001,host-atm-gb-0001,Windows-Server-2019,30.59,1154,4096,28.17,2258.3,2175.44,180.51,2146.29,6012.9,0,91,73567,0,
2026-03-25T02:17:00+00:00,ATM-GB-0002,host-atm-gb-0002,Windows-Server-2019,16.23,882,4096,21.53,1746.63,2906.58,154.59,1392.44,3127.78,0,101,16171,0,
2026-03-25T02:17:00+00:00,ATM-GB-0003,host-atm-gb-0003,Windows-Server-2019,5.2,757,4096,18.48,2110.58,1057.51,159.27,8026.41,7675.33,0,97,34817,0,
2026-03-25T02:17:00+00:00,ATM-GB-0004,host-atm-gb-0004,Windows-Server-2019,11.45,818,4096,19.97,3894.8,4513.46,50.72,5370.1,8282.84,0,115,16079,0,
2026-03-25T02:18:00+00:00,ATM-GB-0001,host-atm-gb-0001,Windows-Server-2019,27.08,1078,4096,26.32,4660.76,4343.67,61.1,5879.49,7081.61,0,91,79867,0,
2026-03-25T02:18:00+00:00,ATM-GB-0002,host-atm-gb-0002,Windows-Server-2019,31.24,1464,4096,35.74,3715.64,4423.12,180.89,1403.78,8343.08,0,86,51703,0,
2026-03-25T02:18:00+00:00,ATM-GB-0003,host-atm-gb-0003,Windows-Server-2019,13.08,913,4096,22.29,3472.26,2166.45,79.66,9910.18,3583.13,0,82,37389,0,
2026-03-25T02:18:00+00:00,ATM-GB-0004,host-atm-gb-0004,Windows-Server-2019,9.66,1426,4096,34.81,3202.62,1217.19,89.08,8840.36,2027.18,0,84,25432,0,
2026-03-25T02:19:00+00:00,ATM-GB-0001,host-atm-gb-0001,Windows-Server-2019,11.99,542,4096,13.23,1043.7,837.43,22.49,5256.54,8528.87,0,118,82126,0,
2026-03-25T02:19:00+00:00,ATM-GB-0002,host-atm-gb-0002,Windows-Server-2019,26.89,610,4096,14.89,3149.04,721.61,89.12,536.68,9354.55,0,98,12388,0,
2026-03-25T02:19:00+00:00,ATM-GB-0003,host-atm-gb-0003,Windows-Server-2019,18.36,776,4096,18.95,1189.75,1066.85,132.71,3923.51,2020.71,0,80,53605,0,
2026-03-25T02:19:00+00:00,ATM-GB-0004,host-atm-gb-0004,Windows-Server-2019,19.39,789,4096,19.26,1270.58,4223.83,187.59,9269.96,5488.5,0,106,50214,0,
2026-03-25T02:20:00+00:00,ATM-GB-0001,host-atm-gb-0001,Windows-Server-2019,31.79,1308,4096,31.93,2267.84,3311.46,130.58,6761.25,2708.2,0,98,74540,0,
2026-03-25T02:20:00+00:00,ATM-GB-0002,host-atm-gb-0002,Windows-Server-2019,33.35,534,4096,13.04,4352.0,356.84,58.62,9324.02,14.29,0,117,72426,0,
2026-03-25T02:20:00+00:00,ATM-GB-0003,host-atm-gb-0003,Windows-Server-2019,39.61,828,4096,20.21,4621.33,803.1,31.1,4055.43,4535.5,0,113,39533,0,
2026-03-25T02:20:00+00:00,ATM-GB-0004,host-atm-gb-0004,Windows-Server-2019,29.04,659,4096,16.09,4908.51,179.22,28.06,2053.49,7021.54,0,80,19115,0,
2026-03-25T02:21:00+00:00,ATM-GB-0001,host-atm-gb-0001,Windows-Server-2019,25.11,1158,4096,28.27,4646.16,4801.34,140.32,2156.35,8891.82,0,120,18662,0,
2026-03-25T02:21:00+00:00,ATM-GB-0002,host-atm-gb-0002,Windows-Server-2019,35.01,1095,4096,26.73,308.12,4021.03,28.14,8989.6,2250.93,0,94,11900,0,
2026-03-25T02:21:00+00:00,ATM-GB-0003,host-atm-gb-0003,Windows-Server-2019,6.42,1471,4096,35.91,4973.24,3293.54,123.36,8381.59,9363.91,0,81,67951,0,
2026-03-25T02:21:00+00:00,ATM-GB-0004,host-atm-gb-0004,Windows-Server-2019,35.96,809,4096,19.75,1311.26,3956.02,49.76,2995.11,666.53,0,97,36884,0,
2026-03-25T02:22:00+00:00,ATM-GB-0001,host-atm-gb-0001,Windows-Server-2019,29.84,624,4096,15.23,65.09,2623.41,29.41,311.14,5002.29,0,108,55332,0,
2026-03-25T02:22:00+00:00,ATM-GB-0002,host-atm-gb-0002,Windows-Server-2019,15.51,1118,4096,27.29,491.65,2002.26,144.81,244.76,4037.45,0,119,12585,0,
2026-03-25T02:22:00+00:00,ATM-GB-0003,host-atm-gb-0003,Windows-Server-2019,16.7,1101,4096,26.88,1592.76,70.09,172.98,78.58,7608.26,0,120,16912,0,
2026-03-25T02:22:00+00:00,ATM-GB-0004,host-atm-gb-0004,Windows-Server-2019,32.02,901,4096,22.0,668.61,4110.92,41.36,9626.7,7836.33,0,92,19435,0,
2026-03-25T02:23:00+00:00,ATM-GB-0001,host-atm-gb-0001,Windows-Server-2019,6.26,1150,4096,28.08,727.15,1768.09,37.07,6138.48,4136.72,0,95,34350,0,
2026-03-25T02:23:00+00:00,ATM-GB-0002,host-atm-gb-0002,Windows-Server-2019,14.85,1149,4096,28.05,1687.59,900.97,56.05,8909.36,8177.16,0,80,16151,0,
2026-03-25T02:23:00+00:00,ATM-GB-0003,host-atm-gb-0003,Windows-Server-2019,27.59,472,4096,11.52,91.36,4567.17,182.04,8830.56,959.28,0,107,8422,0,
2026-03-25T02:23:00+00:00,ATM-GB-0004,host-atm-gb-0004,Windows-Server-2019,24.51,1042,4096,25.44,3323.06,1939.09,167.14,9771.19,9446.95,0,102,28209,0,
2026-03-25T02:24:00+00:00,ATM-GB-0001,host-atm-gb-0001,Windows-Server-2019,9.76,1047,4096,25.56,3525.58,74.65,18.52,4586.14,5232.78,0,107,75636,0,
2026-03-25T02:24:00+00:00,ATM-GB-0002,host-atm-gb-0002,Windows-Server-2019,29.9,586,4096,14.31,4455.42,4008.1,33.19,199.7,8454.02,0,108,77665,0,
2026-03-25T02:24:00+00:00,ATM-GB-0003,host-atm-gb-0003,Windows-Server-2019,16.58,951,4096,23.22,2250.07,2231.31,146.07,4289.17,8792.63,0,85,53379,0,
2026-03-25T02:24:00+00:00,ATM-GB-0004,host-atm-gb-0004,Windows-Server-2019,9.11,976,4096,23.83,1583.82,3223.16,165.0,9301.53,8057.63,0,112,77355,0,
2026-03-25T02:25:00+00:00,ATM-GB-0001,host-atm-gb-0001,Windows-Server-2019,28.62,1415,4096,34.55,1708.27,2788.76,155.44,6485.79,3569.09,0,98,82248,0,
2026-03-25T02:25:00+00:00,ATM-GB-0002,host-atm-gb-0002,Windows-Server-2019,10.14,742,4096,18.12,1053.81,1440.83,188.01,2315.14,1230.18,0,98,15582,0,
2026-03-25T02:25:00+00:00,ATM-GB-0003,host-atm-gb-0003,Windows-Server-2019,22.41,874,4096,21.34,1817.82,1529.25,145.7,5108.61,7194.8,0,88,5676,0,
2026-03-25T02:25:00+00:00,ATM-GB-0004,host-atm-gb-0004,Windows-Server-2019,28.09,790,4096,19.29,1997.98,4302.25,132.57,1262.79,9830.16,0,82,75139,0,
2026-03-25T02:26:00+00:00,ATM-GB-0001,host-atm-gb-0001,Windows-Server-2019,16.56,1440,4096,35.16,532.12,1249.7,132.07,8615.15,472.76,0,89,4727,0,
2026-03-25T02:26:00+00:00,ATM-GB-0002,host-atm-gb-0002,Windows-Server-2019,32.45,1098,4096,26.81,3265.48,3071.17,117.78,8887.98,6971.18,0,117,32841,0,
2026-03-25T02:26:00+00:00,ATM-GB-0003,host-atm-gb-0003,Windows-Server-2019,19.73,1418,4096,34.62,642.6,336.27,193.44,1340.66,8886.92,0,91,43660,0,
2026-03-25T02:26:00+00:00,ATM-GB-0004,host-atm-gb-0004,Windows-Server-2019,18.97,1492,4096,36.43,3869.03,1484.43,180.64,8461.35,6960.89,0,109,12215,0,
2026-03-25T02:27:00+00:00,ATM-GB-0001,host-atm-gb-0001,Windows-Server-2019,32.42,927,4096,22.63,4096.87,3590.45,17.19,4336.77,3602.21,0,87,74182,0,
2026-03-25T02:27:00+00:00,ATM-GB-0002,host-atm-gb-0002,Windows-Server-2019,5.97,583,4096,14.23,4898.4,2573.04,171.72,8343.91,8086.29,0,102,72849,0,
2026-03-25T02:27:00+00:00,ATM-GB-0003,host-atm-gb-0003,Windows-Server-2019,35.93,1015,4096,24.78,3822.93,4761.11,99.09,7529.06,7924.52,0,91,53460,0,
2026-03-25T02:27:00+00:00,ATM-GB-0004,host-atm-gb-0004,Windows-Server-2019,16.85,440,4096,10.74,2749.47,3713.41,120.58,6446.08,9127.64,0,119,17539,0,
2026-03-25T02:28:00+00:00,ATM-GB-0001,host-atm-gb-0001,Windows-Server-2019,16.43,1355,4096,33.08,929.89,2417.15,167.14,8157.97,5852.12,0,102,65417,0,
2026-03-25T02:28:00+00:00,ATM-GB-0002,host-atm-gb-0002,Windows-Server-2019,24.24,1136,4096,27.73,4659.15,3602.53,100.3,9651.44,3513.78,0,86,78677,0,
2026-03-25T02:28:00+00:00,ATM-GB-0003,host-atm-gb-0003,Windows-Server-2019,31.63,1147,4096,28.0,1463.12,2397.08,43.6,5336.45,1081.27,0,108,13507,0,
2026-03-25T02:28:00+00:00,ATM-GB-0004,host-atm-gb-0004,Windows-Server-2019,38.6,1183,4096,28.88,576.06,4512.91,189.67,5006.52,4543.34,0,96,23032,0,
2026-03-25T02:29:00+00:00,ATM-GB-0001,host-atm-gb-0001,Windows-Server-2019,7.2,1468,4096,35.84,3538.75,3037.6,130.24,4725.34,5297.09,0,110,48408,0,
2026-03-25T02:29:00+00:00,ATM-GB-0002,host-atm-gb-0002,Windows-Server-2019,24.37,1205,4096,29.42,919.31,3512.05,128.99,4355.86,2092.09,0,111,74245,0,
2026-03-25T02:29:00+00:00,ATM-GB-0003,host-atm-gb-0003,Windows-Server-2019,29.82,1328,4096,32.42,543.39,1042.51,126.36,5217.47,8496.9,0,88,16092,0,
2026-03-25T02:29:00+00:00,ATM-GB-0004,host-atm-gb-0004,Windows-Server-2019,20.54,1002,4096,24.46,4181.89,799.12,109.01,384.49,9201.53,0,87,43829,0,
2026-03-25T02:30:00+00:00,ATM-GB-0001,host-atm-gb-0001,Windows-Server-2019,10.94,1163,4096,28.39,16.62,3884.07,13.69,3895.72,36.0,0,87,45525,0,
2026-03-25T02:30:00+00:00,ATM-GB-0002,host-atm-gb-0002,Windows-Server-2019,35.53,1014,4096,24.76,4928.1,3353.91,187.48,14.31,4940.05,0,88,53250,0,
2026-03-25T02:30:00+00:00,ATM-GB-0003,host-atm-gb-0003,Windows-Server-2019,36.65,821,4096,20.04,1275.31,1570.5,69.72,4525.18,8813.52,0,85,69576,0,
2026-03-25T02:30:00+00:00,ATM-GB-0004,host-atm-gb-0004,Windows-Server-2019,33.53,632,4096,15.43,3829.82,3137.9,121.38,6942.06,5982.9,0,115,43644,0,
2026-03-25T02:31:00+00:00,ATM-GB-0001,host-atm-gb-0001,Windows-Server-2019,6.24,1250,4096,30.52,2376.01,3250.9,33.13,4978.06,3883.15,0,90,21540,0,
2026-03-25T02:31:00+00:00,ATM-GB-0002,host-atm-gb-0002,Windows-Server-2019,38.95,847,4096,20.68,275.32,1402.43,87.86,2102.56,375.12,0,102,6022,0,
2026-03-25T02:31:00+00:00,ATM-GB-0003,host-atm-gb-0003,Windows-Server-2019,16.73,478,4096,11.67,1877.45,4515.53,199.78,5806.62,9058.8,0,92,84000,0,
2026-03-25T02:31:00+00:00,ATM-GB-0004,host-atm-gb-0004,Windows-Server-2019,36.6,840,4096,20.51,2580.07,402.27,131.31,7817.57,8299.19,0,102,60446,0,
2026-03-25T02:32:00+00:00,ATM-GB-0001,host-atm-gb-0001,Windows-Server-2019,6.3,1228,4096,29.98,4620.77,4794.04,182.8,6989.06,6901.36,0,91,66068,0,
2026-03-25T02:32:00+00:00,ATM-GB-0002,host-atm-gb-0002,Windows-Server-2019,25.58,539,4096,13.16,523.47,1473.91,66.8,3325.72,3311.83,0,119,20731,0,
2026-03-25T02:32:00+00:00,ATM-GB-0003,host-atm-gb-0003,Windows-Server-2019,37.27,615,4096,15.01,4365.95,1954.14,110.73,819.47,5375.87,0,111,4248,0,
2026-03-25T02:32:00+00:00,ATM-GB-0004,host-atm-gb-0004,Windows-Server-2019,34.9,538,4096,13.13,1731.85,2395.59,28.91,8712.14,6137.25,0,111,33566,0,
2026-03-25T02:33:00+00:00,ATM-GB-0001,host-atm-gb-0001,Windows-Server-2019,7.04,1490,4096,36.38,171.11,2837.21,198.44,8199.29,6057.42,0,82,3770,0,
2026-03-25T02:33:00+00:00,ATM-GB-0002,host-atm-gb-0002,Windows-Server-2019,27.81,1113,4096,27.17,841.43,963.33,86.88,2207.55,3748.33,0,98,47588,0,
2026-03-25T02:33:00+00:00,ATM-GB-0003,host-atm-gb-0003,Windows-Server-2019,18.19,1318,4096,32.18,340.28,3212.19,173.0,9263.2,2953.63,0,83,45309,0,
2026-03-25T02:33:00+00:00,ATM-GB-0004,host-atm-gb-0004,Windows-Server-2019,30.52,513,4096,12.52,4717.46,2257.91,182.23,1250.99,895.46,0,102,31716,0,
2026-03-25T02:34:00+00:00,ATM-GB-0001,host-atm-gb-0001,Windows-Server-2019,7.48,646,4096,15.77,4389.65,4697.23,154.25,2097.59,4289.86,0,119,37931,0,
2026-03-25T02:34:00+00:00,ATM-GB-0002,host-atm-gb-0002,Windows-Server-2019,15.85,458,4096,11.18,360.11,3141.63,135.48,6228.82,6763.46,0,84,23974,0,
2026-03-25T02:34:00+00:00,ATM-GB-0003,host-atm-gb-0003,Windows-Server-2019,30.21,993,4096,24.24,4510.9,4257.21,33.89,6854.35,5192.81,0,81,50946,0,
2026-03-25T02:34:00+00:00,ATM-GB-0004,host-atm-gb-0004,Windows-Server-2019,33.77,1047,4096,25.56,2746.25,236.4,58.03,9580.48,1705.19,0,104,75126,0,
2026-03-25T02:35:00+00:00,ATM-GB-0001,host-atm-gb-0001,Windows-Server-2019,22.26,1138,4096,27.78,1359.27,4216.93,188.91,590.85,9478.63,0,102,33869,0,
2026-03-25T02:35:00+00:00,ATM-GB-0002,host-atm-gb-0002,Windows-Server-2019,22.32,1262,4096,30.81,2024.21,2371.61,163.75,2677.85,9410.93,0,83,65255,0,
2026-03-25T02:35:00+00:00,ATM-GB-0003,host-atm-gb-0003,Windows-Server-2019,16.38,511,4096,12.48,1634.31,2579.75,85.15,3588.92,8146.77,0,116,28719,0,
2026-03-25T02:35:00+00:00,ATM-GB-0004,host-atm-gb-0004,Windows-Server-2019,18.26,770,4096,18.8,4689.25,4888.91,191.65,1708.09,2270.16,0,113,58853,0,
2026-03-25T02:36:00+00:00,ATM-GB-0001,host-atm-gb-0001,Windows-Server-2019,29.19,1105,4096,26.98,2855.64,2287.5,57.47,7442.41,9265.64,0,91,43816,0,
2026-03-25T02:36:00+00:00,ATM-GB-0002,host-atm-gb-0002,Windows-Server-2019,14.28,935,4096,22.83,1199.9,1583.31,136.99,9179.36,788.1,0,111,4750,0,
2026-03-25T02:36:00+00:00,ATM-GB-0003,host-atm-gb-0003,Windows-Server-2019,38.99,507,4096,12.38,4887.41,2851.81,161.48,9368.62,941.47,0,109,75007,0,
2026-03-25T02:36:00+00:00,ATM-GB-0004,host-atm-gb-0004,Windows-Server-2019,36.51,1337,4096,32.64,217.82,1951.14,58.53,404.63,7828.76,0,94,25354,0,
2026-03-25T02:37:00+00:00,ATM-GB-0001,host-atm-gb-0001,Windows-Server-2019,14.59,853,4096,20.83,4071.25,3496.82,36.5,7367.68,6752.42,0,112,76703,0,
2026-03-25T02:37:00+00:00,ATM-GB-0002,host-atm-gb-0002,Windows-Server-2019,8.95,1076,4096,26.27,3818.03,2920.9,79.48,7609.04,3233.31,0,86,66006,0,
2026-03-25T02:37:00+00:00,ATM-GB-0003,host-atm-gb-0003,Windows-Server-2019,12.87,1099,4096,26.83,3253.19,2585.74,116.47,4142.64,1702.55,0,111,35105,0,
2026-03-25T02:37:00+00:00,ATM-GB-0004,host-atm-gb-0004,Windows-Server-2019,33.08,1120,4096,27.34,685.09,596.11,50.36,9268.58,6170.21,0,85,22844,0,
2026-03-25T02:38:00+00:00,ATM-GB-0001,host-atm-gb-0001,Windows-Server-2019,29.86,501,4096,12.23,3534.33,3058.22,44.46,6763.81,4226.21,0,100,47490,0,
2026-03-25T02:38:00+00:00,ATM-GB-0002,host-atm-gb-0002,Windows-Server-2019,38.14,706,4096,17.24,1547.12,1524.05,137.37,2708.0,9306.18,0,116,78680,0,
2026-03-25T02:38:00+00:00,ATM-GB-0003,host-atm-gb-0003,Windows-Server-2019,27.7,1207,4096,29.47,1880.88,3084.83,84.38,3074.22,9957.05,0,101,76406,0,
2026-03-25T02:38:00+00:00,ATM-GB-0004,host-atm-gb-0004,Windows-Server-2019,30.07,835,4096,20.39,2642.92,1021.13,104.5,9587.34,4578.2,0,108,53917,0,
2026-03-25T02:39:00+00:00,ATM-GB-0001,host-atm-gb-0001,Windows-Server-2019,28.32,827,4096,20.19,1491.0,2479.07,164.2,4404.76,6575.69,0,107,34473,0,
2026-03-25T02:39:00+00:00,ATM-GB-0002,host-atm-gb-0002,Windows-Server-2019,34.83,647,4096,15.8,4429.84,1581.89,144.17,9513.31,4625.24,0,87,16623,0,
2026-03-25T02:39:00+00:00,ATM-GB-0003,host-atm-gb-0003,Windows-Server-2019,10.02,682,4096,16.65,285.9,126.21,163.23,8.47,724.23,0,109,19597,0,
2026-03-25T02:39:00+00:00,ATM-GB-0004,host-atm-gb-0004,Windows-Server-2019,29.36,873,4096,21.31,4668.41,4450.61,92.33,9651.04,2837.74,0,94,48898,0,
2026-03-25T02:40:00+00:00,ATM-GB-0001,host-atm-gb-0001,Windows-Server-2019,11.93,1432,4096,34.96,330.7,404.06,99.26,8829.66,2838.84,0,112,20196,0,
2026-03-25T02:40:00+00:00,ATM-GB-0002,host-atm-gb-0002,Windows-Server-2019,31.0,891,4096,21.75,2561.16,88.36,84.08,335.31,718.44,0,116,80202,0,
2026-03-25T02:40:00+00:00,ATM-GB-0003,host-atm-gb-0003,Windows-Server-2019,17.08,995,4096,24.29,2809.9,150.34,113.19,2222.14,9370.75,0,95,30144,0,
2026-03-25T02:40:00+00:00,ATM-GB-0004,host-atm-gb-0004,Windows-Server-2019,30.96,710,4096,17.33,1927.01,3811.19,124.94,5160.41,817.59,0,114,13811,0,
2026-03-25T02:41:00+00:00,ATM-GB-0001,host-atm-gb-0001,Windows-Server-2019,8.44,736,4096,17.97,4949.6,2666.98,63.66,8164.47,4560.99,0,114,79484,0,
2026-03-25T02:41:00+00:00,ATM-GB-0002,host-atm-gb-0002,Windows-Server-2019,32.45,950,4096,23.19,4536.15,1153.27,49.74,8769.63,1444.49,0,92,34859,0,
2026-03-25T02:41:00+00:00,ATM-GB-0003,host-atm-gb-0003,Windows-Server-2019,27.27,565,4096,13.79,3235.23,3114.28,144.3,8079.31,8700.85,0,102,36807,0,
2026-03-25T02:41:00+00:00,ATM-GB-0004,host-atm-gb-0004,Windows-Server-2019,16.58,740,4096,18.07,4656.72,1227.35,184.05,9005.89,3195.95,0,118,45830,0,
2026-03-25T02:42:00+00:00,ATM-GB-0001,host-atm-gb-0001,Windows-Server-2019,14.06,733,4096,17.9,3679.36,1999.31,66.08,9075.09,4175.32,0,96,31482,0,
2026-03-25T02:42:00+00:00,ATM-GB-0002,host-atm-gb-0002,Windows-Server-2019,39.04,1158,4096,28.27,2424.99,2200.42,173.42,2571.91,9200.52,0,103,63895,0,
2026-03-25T02:42:00+00:00,ATM-GB-0003,host-atm-gb-0003,Windows-Server-2019,22.27,647,4096,15.8,3541.1,3278.51,199.66,9258.36,2251.54,0,111,63659,0,
2026-03-25T02:42:00+00:00,ATM-GB-0004,host-atm-gb-0004,Windows-Server-2019,31.46,1321,4096,32.25,2720.05,1618.24,158.03,1648.16,8968.13,0,116,68892,0,
2026-03-25T02:43:00+00:00,ATM-GB-0001,host-atm-gb-0001,Windows-Server-2019,29.25,918,4096,22.41,3801.75,116.32,146.02,6992.33,9054.89,0,84,54967,0,
2026-03-25T02:43:00+00:00,ATM-GB-0002,host-atm-gb-0002,Windows-Server-2019,23.53,416,4096,10.16,0.71,4070.49,66.47,4172.88,1212.8,0,83,15727,0,
2026-03-25T02:43:00+00:00,ATM-GB-0003,host-atm-gb-0003,Windows-Server-2019,13.65,470,4096,11.47,4006.94,1476.17,84.09,4361.79,2980.13,0,113,16907,0,
2026-03-25T02:43:00+00:00,ATM-GB-0004,host-atm-gb-0004,Windows-Server-2019,22.34,1283,4096,31.32,970.9,555.83,77.99,3665.33,8801.89,0,113,16672,0,
2026-03-25T02:44:00+00:00,ATM-GB-0001,host-atm-gb-0001,Windows-Server-2019,8.33,554,4096,13.53,4716.56,2273.18,188.77,7709.59,6760.46,0,87,58812,0,
2026-03-25T02:44:00+00:00,ATM-GB-0002,host-atm-gb-0002,Windows-Server-2019,26.0,1408,4096,34.38,3839.46,4364.45,130.17,8577.26,5741.12,0,89,55892,0,
2026-03-25T02:44:00+00:00,ATM-GB-0003,host-atm-gb-0003,Windows-Server-2019,26.85,974,4096,23.78,3857.98,4511.19,145.17,3806.4,4201.56,0,90,43269,0,
2026-03-25T02:44:00+00:00,ATM-GB-0004,host-atm-gb-0004,Windows-Server-2019,32.04,1334,4096,32.57,4046.24,734.14,22.41,6868.19,2682.62,0,88,13478,0,
2026-03-25T02:45:00+00:00,ATM-GB-0001,host-atm-gb-0001,Windows-Server-2019,9.87,882,4096,21.53,1891.31,1940.94,191.53,1342.09,3516.94,0,92,28408,0,
2026-03-25T02:45:00+00:00,ATM-GB-0002,host-atm-gb-0002,Windows-Server-2019,7.46,1125,4096,27.47,3184.87,3464.77,61.45,2064.63,7278.41,0,117,29747,0,
2026-03-25T02:45:00+00:00,ATM-GB-0003,host-atm-gb-0003,Windows-Server-2019,25.11,1223,4096,29.86,1881.09,538.2,63.39,953.1,1940.17,0,93,58130,0,
2026-03-25T02:45:00+00:00,ATM-GB-0004,host-atm-gb-0004,Windows-Server-2019,22.76,662,4096,16.16,624.99,3178.17,36.79,1990.96,276.27,0,116,24265,0,
2026-03-25T02:46:00+00:00,ATM-GB-0001,host-atm-gb-0001,Windows-Server-2019,34.45,404,4096,9.86,594.82,2014.88,165.76,4660.04,7103.1,0,96,72237,0,
2026-03-25T02:46:00+00:00,ATM-GB-0002,host-atm-gb-0002,Windows-Server-2019,21.93,1327,4096,32.4,369.88,4592.96,52.85,7130.18,2949.09,0,118,32443,0,
2026-03-25T02:46:00+00:00,ATM-GB-0003,host-atm-gb-0003,Windows-Server-2019,13.21,801,4096,19.56,4697.75,1754.11,40.7,3912.07,4747.66,0,101,24309,0,
2026-03-25T02:46:00+00:00,ATM-GB-0004,host-atm-gb-0004,Windows-Server-2019,24.24,460,4096,11.23,528.72,656.13,134.52,9426.99,6299.31,0,97,41731,0,
2026-03-25T02:47:00+00:00,ATM-GB-0001,host-atm-gb-0001,Windows-Server-2019,33.23,1427,4096,34.84,2377.19,3736.43,180.26,883.91,6408.32,0,92,64614,0,
2026-03-25T02:47:00+00:00,ATM-GB-0002,host-atm-gb-0002,Windows-Server-2019,7.0,541,4096,13.21,4883.34,3755.98,95.3,7698.03,6890.8,0,83,38598,0,
2026-03-25T02:47:00+00:00,ATM-GB-0003,host-atm-gb-0003,Windows-Server-2019,36.0,1385,4096,33.81,2886.55,4905.5,58.04,9314.99,484.8,0,91,59519,0,
2026-03-25T02:47:00+00:00,ATM-GB-0004,host-atm-gb-0004,Windows-Server-2019,29.6,598,4096,14.6,4025.32,2158.73,171.29,7058.84,905.04,0,113,55273,0,
2026-03-25T02:48:00+00:00,ATM-GB-0001,host-atm-gb-0001,Windows-Server-2019,8.05,1022,4096,24.95,718.16,2224.39,119.8,1159.95,7289.52,0,101,60087,0,
2026-03-25T02:48:00+00:00,ATM-GB-0002,host-atm-gb-0002,Windows-Server-2019,32.47,531,4096,12.96,3091.39,356.1,125.68,2177.84,4291.54,0,119,42697,0,
2026-03-25T02:48:00+00:00,ATM-GB-0003,host-atm-gb-0003,Windows-Server-2019,34.62,637,4096,15.55,333.35,4292.9,115.31,4183.24,3391.1,0,114,60285,0,
2026-03-25T02:48:00+00:00,ATM-GB-0004,host-atm-gb-0004,Windows-Server-2019,35.06,1393,4096,34.01,1574.25,3287.79,113.71,8245.85,9987.03,0,83,64499,0,
2026-03-25T02:49:00+00:00,ATM-GB-0001,host-atm-gb-0001,Windows-Server-2019,6.51,1454,4096,35.5,805.03,3257.46,26.58,6560.12,7837.49,0,119,23204,0,
2026-03-25T02:49:00+00:00,ATM-GB-0002,host-atm-gb-0002,Windows-Server-2019,27.63,1144,4096,27.93,1457.54,1293.79,51.21,2523.36,9976.47,0,85,21399,0,
2026-03-25T02:49:00+00:00,ATM-GB-0003,host-atm-gb-0003,Windows-Server-2019,11.21,617,4096,15.06,648.95,4374.69,179.52,7724.31,9287.0,0,110,84827,0,
2026-03-25T02:49:00+00:00,ATM-GB-0004,host-atm-gb-0004,Windows-Server-2019,15.02,1398,4096,34.13,3210.64,2847.03,61.31,9576.67,2195.34,0,104,71227,0,
2026-03-25T02:50:00+00:00,ATM-GB-0001,host-atm-gb-0001,Windows-Server-2019,12.82,989,4096,24.15,2744.62,1708.65,169.42,5800.23,391.36,0,120,21043,0,
2026-03-25T02:50:00+00:00,ATM-GB-0002,host-atm-gb-0002,Windows-Server-2019,34.17,1205,4096,29.42,156.12,2460.16,44.08,855.81,4213.43,0,114,56470,0,
2026-03-25T02:50:00+00:00,ATM-GB-0003,host-atm-gb-0003,Windows-Server-2019,26.78,736,4096,17.97,2198.48,266.4,166.44,6918.42,417.62,0,101,84517,0,
2026-03-25T02:50:00+00:00,ATM-GB-0004,host-atm-gb-0004,Windows-Server-2019,21.45,780,4096,19.04,1676.77,1461.55,81.52,9509.03,6952.53,0,107,48622,0,
2026-03-25T02:51:00+00:00,ATM-GB-0001,host-atm-gb-0001,Windows-Server-2019,38.18,1176,4096,28.71,4124.1,1319.05,118.15,5737.88,4625.39,0,98,11220,0,
2026-03-25T02:51:00+00:00,ATM-GB-0002,host-atm-gb-0002,Windows-Server-2019,15.36,957,4096,23.36,2105.76,1607.69,80.24,2116.03,6176.64,0,99,41066,0,
2026-03-25T02:51:00+00:00,ATM-GB-0003,host-atm-gb-0003,Windows-Server-2019,7.05,406,4096,9.91,2388.7,1241.84,69.01,5590.69,3638.46,0,81,12928,0,
2026-03-25T02:51:00+00:00,ATM-GB-0004,host-atm-gb-0004,Windows-Server-2019,10.69,962,4096,23.49,904.49,4654.72,82.27,6199.6,4993.91,0,107,79619,0,
2026-03-25T02:52:00+00:00,ATM-GB-0001,host-atm-gb-0001,Windows-Server-2019,32.78,810,4096,19.78,315.92,4549.19,182.2,8825.61,7787.26,0,112,45025,0,
2026-03-25T02:52:00+00:00,ATM-GB-0002,host-atm-gb-0002,Windows-Server-2019,20.85,954,4096,23.29,2485.08,3553.54,139.9,7716.47,1672.37,0,96,51925,0,
2026-03-25T02:52:00+00:00,ATM-GB-0003,host-atm-gb-0003,Windows-Server-2019,15.03,729,4096,17.8,1876.47,2283.68,110.67,7795.96,3335.1,0,109,76222,0,
2026-03-25T02:52:00+00:00,ATM-GB-0004,host-atm-gb-0004,Windows-Server-2019,6.03,812,4096,19.82,652.69,4668.81,44.85,9057.06,6728.75,0,99,69360,0,
2026-03-25T02:53:00+00:00,ATM-GB-0001,host-atm-gb-0001,Windows-Server-2019,11.91,1131,4096,27.61,3245.55,2564.99,70.21,2940.64,2252.92,0,82,75275,0,
2026-03-25T02:53:00+00:00,ATM-GB-0002,host-atm-gb-0002,Windows-Server-2019,23.22,1009,4096,24.63,4249.28,385.85,29.19,1442.49,4211.62,0,96,32255,0,
2026-03-25T02:53:00+00:00,ATM-GB-0003,host-atm-gb-0003,Windows-Server-2019,14.12,564,4096,13.77,2777.05,2500.91,102.07,7767.81,9255.98,0,114,68164,0,
2026-03-25T02:53:00+00:00,ATM-GB-0004,host-atm-gb-0004,Windows-Server-2019,36.91,945,4096,23.07,3764.95,503.34,117.15,1255.48,846.02,0,118,24123,0,
2026-03-25T02:54:00+00:00,ATM-GB-0001,host-atm-gb-0001,Windows-Server-2019,39.4,522,4096,12.74,553.08,2212.97,37.4,324.36,8866.74,0,112,53214,0,
2026-03-25T02:54:00+00:00,ATM-GB-0002,host-atm-gb-0002,Windows-Server-2019,21.18,1241,4096,30.3,4267.51,3319.38,35.86,5848.14,4783.19,0,102,49701,0,
2026-03-25T02:54:00+00:00,ATM-GB-0003,host-atm-gb-0003,Windows-Server-2019,10.71,1373,4096,33.52,4797.8,4313.16,57.56,8462.99,3030.69,0,85,5529,0,
2026-03-25T02:54:00+00:00,ATM-GB-0004,host-atm-gb-0004,Windows-Server-2019,23.83,917,4096,22.39,1461.28,4637.9,78.13,7011.16,4670.27,0,98,9503,0,
2026-03-25T02:55:00+00:00,ATM-GB-0001,host-atm-gb-0001,Windows-Server-2019,17.15,1136,4096,27.73,190.23,3668.63,185.02,3529.97,6787.31,0,80,29487,0,
2026-03-25T02:55:00+00:00,ATM-GB-0002,host-atm-gb-0002,Windows-Server-2019,21.68,726,4096,17.72,4283.43,1621.36,103.08,6551.72,1306.56,0,119,50960,0,
2026-03-25T02:55:00+00:00,ATM-GB-0003,host-atm-gb-0003,Windows-Server-2019,22.06,1169,4096,28.54,1759.37,244.27,126.05,4252.71,60.55,0,91,82885,0,
2026-03-25T02:55:00+00:00,ATM-GB-0004,host-atm-gb-0004,Windows-Server-2019,17.74,630,4096,15.38,4919.79,4181.35,44.0,2779.13,6844.84,0,100,72558,0,
2026-03-25T02:56:00+00:00,ATM-GB-0001,host-atm-gb-0001,Windows-Server-2019,36.38,773,4096,18.87,2268.57,3442.86,31.42,9884.84,9743.91,0,101,12177,0,
2026-03-25T02:56:00+00:00,ATM-GB-0002,host-atm-gb-0002,Windows-Server-2019,5.65,1235,4096,30.15,3809.25,886.62,70.18,8516.22,6728.4,0,93,80392,0,
2026-03-25T02:56:00+00:00,ATM-GB-0003,host-atm-gb-0003,Windows-Server-2019,29.8,1435,4096,35.03,2830.2,807.82,167.41,3783.18,3392.81,0,111,29436,0,
2026-03-25T02:56:00+00:00,ATM-GB-0004,host-atm-gb-0004,Windows-Server-2019,38.93,868,4096,21.19,2750.95,3155.17,155.49,2869.08,7291.51,0,101,45209,0,
2026-03-25T02:57:00+00:00,ATM-GB-0001,host-atm-gb-0001,Windows-Server-2019,30.87,677,4096,16.53,1766.78,4784.88,112.14,3636.29,4398.98,0,119,80810,0,
2026-03-25T02:57:00+00:00,ATM-GB-0002,host-atm-gb-0002,Windows-Server-2019,21.15,990,4096,24.17,3995.74,1123.68,197.76,942.77,8145.02,0,88,45154,0,
2026-03-25T02:57:00+00:00,ATM-GB-0003,host-atm-gb-0003,Windows-Server-2019,28.92,509,4096,12.43,1014.79,1307.62,198.29,4461.13,1084.96,0,83,18733,0,
2026-03-25T02:57:00+00:00,ATM-GB-0004,host-atm-gb-0004,Windows-Server-2019,28.8,1388,4096,33.89,2009.77,3993.15,43.11,3419.02,6225.7,0,101,62812,0,
2026-03-25T02:58:00+00:00,ATM-GB-0001,host-atm-gb-0001,Windows-Server-2019,28.75,1432,4096,34.96,4962.13,2962.33,105.81,7192.74,655.08,0,90,8869,0,
2026-03-25T02:58:00+00:00,ATM-GB-0002,host-atm-gb-0002,Windows-Server-2019,6.69,735,4096,17.94,2005.97,4706.9,164.64,7598.15,6124.99,0,117,79040,0,
2026-03-25T02:58:00+00:00,ATM-GB-0003,host-atm-gb-0003,Windows-Server-2019,25.69,438,4096,10.69,2169.02,1095.86,23.17,4354.56,1284.66,0,83,56624,0,
2026-03-25T02:58:00+00:00,ATM-GB-0004,host-atm-gb-0004,Windows-Server-2019,28.26,758,4096,18.51,3856.05,4794.31,91.99,8246.94,9529.15,0,88,46753,0,
2026-03-25T02:59:00+00:00,ATM-GB-0001,host-atm-gb-0001,Windows-Server-2019,7.73,518,4096,12.65,4732.93,1597.73,68.23,6790.04,3767.49,0,80,82528,0,
2026-03-25T02:59:00+00:00,ATM-GB-0002,host-atm-gb-0002,Windows-Server-2019,31.29,1415,4096,34.55,468.4,1392.91,101.07,2978.53,5533.71,0,99,44764,0,
2026-03-25T02:59:00+00:00,ATM-GB-0003,host-atm-gb-0003,Windows-Server-2019,25.17,1090,4096,26.61,1471.33,2580.52,48.4,4583.59,7216.03,0,116,48574,0,
2026-03-25T02:59:00+00:00,ATM-GB-0004,host-atm-gb-0004,Windows-Server-2019,6.94,1463,4096,35.72,2390.34,79.51,17.18,8886.88,4112.76,0,104,70642,0,
2026-03-25T03:00:00+00:00,ATM-GB-0001,host-atm-gb-0001,Windows-Server-2019,22.81,982,4096,23.97,1388.11,4353.58,88.16,4797.04,8260.13,0,80,40576,0,
2026-03-25T03:00:00+00:00,ATM-GB-0002,host-atm-gb-0002,Windows-Server-2019,8.24,412,4096,10.06,3522.56,1605.08,72.84,2652.41,8656.2,0,95,40496,0,
2026-03-25T03:00:00+00:00,ATM-GB-0003,host-atm-gb-0003,Windows-Server-2019,33.76,1013,4096,24.73,3463.63,4447.12,34.23,2208.29,6277.49,0,112,7372,0,
2026-03-25T03:00:00+00:00,ATM-GB-0004,host-atm-gb-0004,Windows-Server-2019,18.5,1189,4096,29.03,2576.67,3967.79,63.52,3782.67,976.21,0,100,56237,0,
2026-03-25T03:01:00+00:00,ATM-GB-0001,host-atm-gb-0001,Windows-Server-2019,36.92,1312,4096,32.03,2065.54,2690.54,119.88,5667.94,8595.62,0,99,86088,0,
2026-03-25T03:01:00+00:00,ATM-GB-0002,host-atm-gb-0002,Windows-Server-2019,26.08,1051,4096,25.66,929.76,840.8,21.78,9024.57,6227.92,0,113,76426,0,
2026-03-25T03:01:00+00:00,ATM-GB-0003,host-atm-gb-0003,Windows-Server-2019,21.29,883,4096,21.56,4316.91,4732.2,100.46,6759.01,8847.57,0,87,84331,0,
2026-03-25T03:01:00+00:00,ATM-GB-0004,host-atm-gb-0004,Windows-Server-2019,15.91,1262,4096,30.81,2794.1,3348.46,94.66,4206.13,2243.72,0,99,76893,0,
2026-03-25T03:02:00+00:00,ATM-GB-0001,host-atm-gb-0001,Windows-Server-2019,22.18,1415,4096,34.55,1897.89,1220.43,172.44,4661.83,1066.84,0,80,35962,0,
2026-03-25T03:02:00+00:00,ATM-GB-0002,host-atm-gb-0002,Windows-Server-2019,33.13,835,4096,20.39,1140.52,1922.18,25.43,1634.2,1618.81,0,103,53564,0,
2026-03-25T03:02:00+00:00,ATM-GB-0003,host-atm-gb-0003,Windows-Server-2019,19.8,676,4096,16.5,803.88,4265.53,100.3,7207.3,924.63,0,103,10776,0,
2026-03-25T03:02:00+00:00,ATM-GB-0004,host-atm-gb-0004,Windows-Server-2019,16.34,500,4096,12.21,1831.32,995.26,158.82,7263.43,5899.26,0,87,84849,0,
2026-03-25T03:03:00+00:00,ATM-GB-0001,host-atm-gb-0001,Windows-Server-2019,17.62,443,4096,10.82,3585.9,4404.13,132.01,8804.37,9590.68,0,114,49323,0,
2026-03-25T03:03:00+00:00,ATM-GB-0002,host-atm-gb-0002,Windows-Server-2019,30.4,953,4096,23.27,337.11,4972.08,75.01,3026.16,3065.61,0,97,73044,0,
2026-03-25T03:03:00+00:00,ATM-GB-0003,host-atm-gb-0003,Windows-Server-2019,26.66,1284,4096,31.35,3572.66,4396.69,10.68,8924.6,4386.03,0,98,72703,0,
2026-03-25T03:03:00+00:00,ATM-GB-0004,host-atm-gb-0004,Windows-Server-2019,30.32,426,4096,10.4,1974.91,3686.11,46.06,2040.66,8038.78,0,110,55509,0,
2026-03-25T03:04:00+00:00,ATM-GB-0001,host-atm-gb-0001,Windows-Server-2019,5.35,1281,4096,31.27,3304.66,213.92,100.81,7567.12,4888.86,0,84,22092,0,
2026-03-25T03:04:00+00:00,ATM-GB-0002,host-atm-gb-0002,Windows-Server-2019,5.15,703,4096,17.16,2070.06,3545.97,15.21,7828.4,995.79,0,96,4216,0,
2026-03-25T03:04:00+00:00,ATM-GB-0003,host-atm-gb-0003,Windows-Server-2019,24.45,575,4096,14.04,1839.79,324.81,121.37,1101.84,3543.5,0,106,8288,0,
2026-03-25T03:04:00+00:00,ATM-GB-0004,host-atm-gb-0004,Windows-Server-2019,36.95,1082,4096,26.42,1648.02,63.26,53.96,3403.88,7948.11,0,105,5210,0,
2026-03-25T03:05:00+00:00,ATM-GB-0001,host-atm-gb-0001,Windows-Server-2019,16.83,1446,4096,35.3,1569.56,3702.44,30.73,9038.24,1003.38,0,87,45822,0,
2026-03-25T03:05:00+00:00,ATM-GB-0002,host-atm-gb-0002,Windows-Server-2019,16.88,1172,4096,28.61,4706.27,2634.47,198.54,4013.54,1714.3,0,100,17666,0,
2026-03-25T03:05:00+00:00,ATM-GB-0003,host-atm-gb-0003,Windows-Server-2019,21.55,539,4096,13.16,4498.66,2070.78,11.08,3716.05,9058.39,0,95,68429,0,
2026-03-25T03:05:00+00:00,ATM-GB-0004,host-atm-gb-0004,Windows-Server-2019,32.58,1159,4096,28.3,4404.78,3051.42,13.63,8842.14,8904.31,0,108,19769,0,
2026-03-25T03:06:00+00:00,ATM-GB-0001,host-atm-gb-0001,Windows-Server-2019,30.98,1174,4096,28.66,4913.06,4082.17,70.23,6417.04,7020.48,0,90,68293,0,
2026-03-25T03:06:00+00:00,ATM-GB-0002,host-atm-gb-0002,Windows-Server-2019,35.59,1454,4096,35.5,3554.65,2402.43,132.96,3964.12,5238.1,0,117,53023,0,
2026-03-25T03:06:00+00:00,ATM-GB-0003,host-atm-gb-0003,Windows-Server-2019,35.43,1456,4096,35.55,3873.64,1400.81,132.09,7647.82,6918.04,0,116,28477,0,
2026-03-25T03:06:00+00:00,ATM-GB-0004,host-atm-gb-0004,Windows-Server-2019,21.25,1398,4096,34.13,4244.23,4327.66,53.44,9433.65,58.68,0,103,45214,0,
2026-03-25T03:07:00+00:00,ATM-GB-0001,host-atm-gb-0001,Windows-Server-2019,35.6,1173,4096,28.64,3268.77,128.84,115.92,6959.01,8860.15,0,111,11820,0,
2026-03-25T03:07:00+00:00,ATM-GB-0002,host-atm-gb-0002,Windows-Server-2019,23.01,904,4096,22.07,223.22,3924.51,120.46,3701.52,6684.29,0,115,21079,0,
2026-03-25T03:07:00+00:00,ATM-GB-0003,host-atm-gb-0003,Windows-Server-2019,20.44,508,4096,12.4,1098.67,905.71,39.96,6755.85,4524.25,0,106,75476,0,
2026-03-25T03:07:00+00:00,ATM-GB-0004,host-atm-gb-0004,Windows-Server-2019,27.33,1121,4096,27.37,4194.09,2555.41,105.35,3759.21,9240.57,0,87,68868,0,
2026-03-25T03:08:00+00:00,ATM-GB-0001,host-atm-gb-0001,Windows-Server-2019,6.57,1360,4096,33.2,405.78,2763.04,127.74,8440.17,8633.68,0,90,39650,0,
2026-03-25T03:08:00+00:00,ATM-GB-0002,host-atm-gb-0002,Windows-Server-2019,35.23,1065,4096,26.0,1678.31,4064.72,80.15,3817.44,8783.13,0,108,54766,0,
2026-03-25T03:08:00+00:00,ATM-GB-0003,host-atm-gb-0003,Windows-Server-2019,37.86,608,4096,14.84,1298.46,322.92,26.17,8435.45,7391.47,0,85,16396,0,
2026-03-25T03:08:00+00:00,ATM-GB-0004,host-atm-gb-0004,Windows-Server-2019,29.56,496,4096,12.11,2973.49,1863.4,94.18,1223.24,1000.56,0,95,78096,0,
2026-03-25T03:09:00+00:00,ATM-GB-0001,host-atm-gb-0001,Windows-Server-2019,35.91,1069,4096,26.1,3984.81,2887.92,190.67,6576.14,772.13,0,105,75614,0,
2026-03-25T03:09:00+00:00,ATM-GB-0002,host-atm-gb-0002,Windows-Server-2019,10.01,870,4096,21.24,1885.68,131.14,166.57,3508.92,8129.92,0,99,11010,0,
2026-03-25T03:09:00+00:00,ATM-GB-0003,host-atm-gb-0003,Windows-Server-2019,27.13,673,4096,16.43,864.14,4634.5,143.12,3849.61,4517.02,0,112,34112,0,
2026-03-25T03:09:00+00:00,ATM-GB-0004,host-atm-gb-0004,Windows-Server-2019,13.95,433,4096,10.57,2989.86,1534.36,68.33,2296.63,8234.29,0,111,25862,0,
2026-03-25T03:10:00+00:00,ATM-GB-0001,host-atm-gb-0001,Windows-Server-2019,35.49,979,4096,23.9,2031.69,952.74,124.34,8502.02,1824.08,0,112,31663,0,
2026-03-25T03:10:00+00:00,ATM-GB-0002,host-atm-gb-0002,Windows-Server-2019,31.3,490,4096,11.96,3602.59,1232.24,66.36,722.59,4377.09,0,80,18053,0,
2026-03-25T03:10:00+00:00,ATM-GB-0003,host-atm-gb-0003,Windows-Server-2019,32.44,1350,4096,32.96,1661.25,2309.05,139.99,6941.47,5368.28,0,84,75343,0,
2026-03-25T03:10:00+00:00,ATM-GB-0004,host-atm-gb-0004,Windows-Server-2019,39.0,708,4096,17.29,586.63,1141.12,174.78,4665.06,1597.24,0,81,8704,0,
2026-03-25T03:11:00+00:00,ATM-GB-0001,host-atm-gb-0001,Windows-Server-2019,16.28,1496,4096,36.52,2944.31,1204.75,107.4,2141.82,689.74,0,90,85828,0,
2026-03-25T03:11:00+00:00,ATM-GB-0002,host-atm-gb-0002,Windows-Server-2019,23.37,413,4096,10.08,3098.09,4525.56,108.93,2904.12,4699.65,0,107,61115,0,
2026-03-25T03:11:00+00:00,ATM-GB-0003,host-atm-gb-0003,Windows-Server-2019,38.13,1124,4096,27.44,1772.54,186.09,148.22,7509.72,2172.33,0,110,61399,0,
2026-03-25T03:11:00+00:00,ATM-GB-0004,host-atm-gb-0004,Windows-Server-2019,39.13,791,4096,19.31,720.1,39.56,186.37,8004.39,3321.74,0,89,56329,0,
2026-03-25T03:12:00+00:00,ATM-GB-0001,host-atm-gb-0001,Windows-Server-2019,33.4,1133,4096,27.66,2244.4,876.53,74.32,470.86,233.13,0,98,50468,0,
2026-03-25T03:12:00+00:00,ATM-GB-0002,host-atm-gb-0002,Windows-Server-2019,36.89,474,4096,11.57,3634.33,559.91,40.83,7950.4,5393.81,0,106,82611,0,
2026-03-25T03:12:00+00:00,ATM-GB-0003,host-atm-gb-0003,Windows-Server-2019,26.92,523,4096,12.77,3011.39,2494.47,71.55,7674.26,7142.3,0,91,8836,0,
2026-03-25T03:12:00+00:00,ATM-GB-0004,host-atm-gb-0004,Windows-Server-2019,39.01,1202,4096,29.35,465.21,1083.7,175.9,1505.09,7117.79,0,100,71236,0,
2026-03-25T03:13:00+00:00,ATM-GB-0001,host-atm-gb-0001,Windows-Server-2019,36.07,940,4096,22.95,3160.09,1155.59,58.72,9252.7,7707.96,0,101,44579,0,
2026-03-25T03:13:00+00:00,ATM-GB-0002,host-atm-gb-0002,Windows-Server-2019,20.74,1069,4096,26.1,2204.24,1187.33,60.1,7365.61,9341.62,0,106,85361,0,
2026-03-25T03:13:00+00:00,ATM-GB-0003,host-atm-gb-0003,Windows-Server-2019,17.06,1479,4096,36.11,2218.24,1527.16,65.88,9012.3,8971.26,0,113,9885,0,
2026-03-25T03:13:00+00:00,ATM-GB-0004,host-atm-gb-0004,Windows-Server-2019,5.31,689,4096,16.82,4870.01,532.1,169.64,2690.34,1579.14,0,86,44584,0,
2026-03-25T03:14:00+00:00,ATM-GB-0001,host-atm-gb-0001,Windows-Server-2019,33.98,968,4096,23.63,2584.78,815.32,129.19,9173.19,3867.16,0,92,42250,0,
2026-03-25T03:14:00+00:00,ATM-GB-0002,host-atm-gb-0002,Windows-Server-2019,26.77,786,4096,19.19,2934.17,3600.84,178.54,3199.34,1373.01,0,102,31532,0,
2026-03-25T03:14:00+00:00,ATM-GB-0003,host-atm-gb-0003,Windows-Server-2019,13.33,1078,4096,26.32,4421.72,840.43,91.17,2780.71,745.27,0,107,36176,0,
2026-03-25T03:14:00+00:00,ATM-GB-0004,host-atm-gb-0004,Windows-Server-2019,21.48,788,4096,19.24,901.76,2816.97,120.87,7419.14,8539.19,0,90,14146,0,
2026-03-25T03:15:00+00:00,ATM-GB-0001,host-atm-gb-0001,Windows-Server-2019,13.92,1295,4096,31.62,3472.89,4278.76,113.26,8551.42,4776.25,0,92,16321,0,
2026-03-25T03:15:00+00:00,ATM-GB-0002,host-atm-gb-0002,Windows-Server-2019,37.33,944,4096,23.05,3313.91,1827.63,43.06,8109.94,7147.34,0,118,11088,0,
2026-03-25T03:15:00+00:00,ATM-GB-0003,host-atm-gb-0003,Windows-Server-2019,8.12,581,4096,14.18,495.56,2635.13,134.71,1450.83,7557.69,0,107,31579,0,
2026-03-25T03:15:00+00:00,ATM-GB-0004,host-atm-gb-0004,Windows-Server-2019,7.74,629,4096,15.36,1586.45,1726.28,75.63,6258.96,8340.49,0,117,6379,0,
2026-03-25T03:16:00+00:00,ATM-GB-0001,host-atm-gb-0001,Windows-Server-2019,38.5,741,4096,18.09,3354.49,426.53,28.83,9361.94,9642.0,0,104,49936,0,
2026-03-25T03:16:00+00:00,ATM-GB-0002,host-atm-gb-0002,Windows-Server-2019,27.82,471,4096,11.5,1653.72,4817.96,155.37,9512.71,4433.11,0,106,37660,0,
2026-03-25T03:16:00+00:00,ATM-GB-0003,host-atm-gb-0003,Windows-Server-2019,38.73,1194,4096,29.15,3723.57,2821.66,79.42,6964.64,301.6,0,103,26057,0,
2026-03-25T03:16:00+00:00,ATM-GB-0004,host-atm-gb-0004,Windows-Server-2019,9.18,732,4096,17.87,1125.62,3091.36,153.66,9393.88,4346.5,0,94,82283,0,
2026-03-25T03:17:00+00:00,ATM-GB-0001,host-atm-gb-0001,Windows-Server-2019,32.8,1387,4096,33.86,3328.69,792.81,128.03,9805.25,2917.11,0,114,11048,0,
2026-03-25T03:17:00+00:00,ATM-GB-0002,host-atm-gb-0002,Windows-Server-2019,8.86,463,4096,11.3,3311.18,2754.79,178.44,6183.19,2844.09,0,102,49633,0,
2026-03-25T03:17:00+00:00,ATM-GB-0003,host-atm-gb-0003,Windows-Server-2019,29.4,746,4096,18.21,185.13,4803.77,39.18,6183.73,5593.14,0,91,38980,0,
2026-03-25T03:17:00+00:00,ATM-GB-0004,host-atm-gb-0004,Windows-Server-2019,13.12,1050,4096,25.63,2137.62,4841.07,162.77,8265.84,649.96,0,104,64623,0,
2026-03-25T03:18:00+00:00,ATM-GB-0001,host-atm-gb-0001,Windows-Server-2019,21.69,1214,4096,29.64,668.41,131.84,20.36,6695.18,7389.25,0,87,75639,0,
2026-03-25T03:18:00+00:00,ATM-GB-0002,host-atm-gb-0002,Windows-Server-2019,19.01,865,4096,21.12,1629.11,195.42,82.63,737.34,5461.75,0,106,8415,0,
2026-03-25T03:18:00+00:00,ATM-GB-0003,host-atm-gb-0003,Windows-Server-2019,35.59,1136,4096,27.73,1940.62,455.88,162.53,5407.45,676.36,0,95,61046,0,
2026-03-25T03:18:00+00:00,ATM-GB-0004,host-atm-gb-0004,Windows-Server-2019,23.51,1211,4096,29.57,2874.43,4340.98,54.34,1710.74,7827.51,0,109,46044,0,
2026-03-25T03:19:00+00:00,ATM-GB-0001,host-atm-gb-0001,Windows-Server-2019,13.22,1381,4096,33.72,3103.83,2020.01,10.46,5416.4,9628.55,0,112,86204,0,
2026-03-25T03:19:00+00:00,ATM-GB-0002,host-atm-gb-0002,Windows-Server-2019,6.59,1243,4096,30.35,3751.61,47.13,89.6,7783.05,8095.66,0,101,48013,0,
2026-03-25T03:19:00+00:00,ATM-GB-0003,host-atm-gb-0003,Windows-Server-2019,15.89,1182,4096,28.86,3896.5,1734.32,157.92,2841.14,1463.66,0,112,50916,0,
2026-03-25T03:19:00+00:00,ATM-GB-0004,host-atm-gb-0004,Windows-Server-2019,9.28,764,4096,18.65,1002.48,32.29,65.33,9753.93,434.86,0,120,23323,0,
2026-03-25T03:20:00+00:00,ATM-GB-0001,host-atm-gb-0001,Windows-Server-2019,9.22,923,4096,22.53,4389.6,4007.84,170.89,1710.94,1214.04,0,86,60733,0,
2026-03-25T03:20:00+00:00,ATM-GB-0002,host-atm-gb-0002,Windows-Server-2019,9.62,1176,4096,28.71,4808.33,4675.42,154.01,5052.17,6512.28,0,115,49606,0,
2026-03-25T03:20:00+00:00,ATM-GB-0003,host-atm-gb-0003,Windows-Server-2019,25.54,1181,4096,28.83,2577.42,1492.7,118.01,7417.06,8582.98,0,103,37570,0,
2026-03-25T03:20:00+00:00,ATM-GB-0004,host-atm-gb-0004,Windows-Server-2019,28.71,1027,4096,25.07,639.12,4101.47,10.0,73.51,1409.72,0,101,8369,0,
2026-03-25T03:21:00+00:00,ATM-GB-0001,host-atm-gb-0001,Windows-Server-2019,39.05,612,4096,14.94,231.13,2716.75,80.2,3746.21,4743.28,0,96,86313,0,
2026-03-25T03:21:00+00:00,ATM-GB-0002,host-atm-gb-0002,Windows-Server-2019,36.47,1357,4096,33.13,3766.67,3194.5,54.0,8392.02,3780.07,0,85,12118,0,
2026-03-25T03:21:00+00:00,ATM-GB-0003,host-atm-gb-0003,Windows-Server-2019,34.94,968,4096,23.63,3860.87,3320.78,12.53,8635.31,9508.75,0,105,18237,0,
2026-03-25T03:21:00+00:00,ATM-GB-0004,host-atm-gb-0004,Windows-Server-2019,19.39,551,4096,13.45,3045.36,644.63,97.18,7877.95,816.64,0,97,58032,0,
2026-03-25T03:22:00+00:00,ATM-GB-0001,host-atm-gb-0001,Windows-Server-2019,14.83,507,4096,12.38,3947.49,952.32,164.6,502.38,3415.67,0,93,30050,0,
2026-03-25T03:22:00+00:00,ATM-GB-0002,host-atm-gb-0002,Windows-Server-2019,39.14,1144,4096,27.93,224.34,4764.19,78.93,4240.23,1051.05,0,120,20764,0,
2026-03-25T03:22:00+00:00,ATM-GB-0003,host-atm-gb-0003,Windows-Server-2019,30.59,689,4096,16.82,4821.86,201.93,191.98,6033.26,3900.26,0,86,73617,0,
2026-03-25T03:22:00+00:00,ATM-GB-0004,host-atm-gb-0004,Windows-Server-2019,10.09,420,4096,10.25,2463.34,2640.48,44.85,4961.66,462.49,0,103,37361,0,
2026-03-25T03:23:00+00:00,ATM-GB-0001,host-atm-gb-0001,Windows-Server-2019,33.13,605,4096,14.77,1586.12,1229.98,67.5,4259.73,2386.51,0,82,55019,0,
2026-03-25T03:23:00+00:00,ATM-GB-0002,host-atm-gb-0002,Windows-Server-2019,21.24,1454,4096,35.5,2798.14,232.9,81.97,8409.06,8296.79,0,118,52918,0,
2026-03-25T03:23:00+00:00,ATM-GB-0003,host-atm-gb-0003,Windows-Server-2019,13.91,939,4096,22.92,3879.04,1521.44,111.39,6303.79,1202.1,0,110,51656,0,
2026-03-25T03:23:00+00:00,ATM-GB-0004,host-atm-gb-0004,Windows-Server-2019,39.79,1374,4096,33.54,3636.6,2937.55,77.84,7052.65,9135.72,0,81,32515,0,
2026-03-25T03:24:00+00:00,ATM-GB-0001,host-atm-gb-0001,Windows-Server-2019,38.68,905,4096,22.09,3327.01,1701.24,61.05,7065.55,7000.54,0,81,48572,0,
2026-03-25T03:24:00+00:00,ATM-GB-0002,host-atm-gb-0002,Windows-Server-2019,16.76,1485,4096,36.25,4911.11,2856.56,25.74,6621.68,4665.32,0,99,19437,0,
2026-03-25T03:24:00+00:00,ATM-GB-0003,host-atm-gb-0003,Windows-Server-2019,11.18,1028,4096,25.1,1251.75,3416.63,62.17,5545.2,2771.37,0,96,30472,0,
2026-03-25T03:24:00+00:00,ATM-GB-0004,host-atm-gb-0004,Windows-Server-2019,31.19,1389,4096,33.91,4672.93,4905.93,55.6,9033.04,4657.99,0,113,11342,0,
2026-03-25T03:25:00+00:00,ATM-GB-0001,host-atm-gb-0001,Windows-Server-2019,35.83,1328,4096,32.42,110.14,555.44,176.57,5818.26,6774.3,0,120,39355,0,
2026-03-25T03:25:00+00:00,ATM-GB-0002,host-atm-gb-0002,Windows-Server-2019,9.03,1041,4096,25.42,1625.71,2351.97,191.43,8000.47,1998.2,0,118,24991,0,
2026-03-25T03:25:00+00:00,ATM-GB-0003,host-atm-gb-0003,Windows-Server-2019,30.2,1212,4096,29.59,3251.55,1995.5,53.05,657.03,3926.62,0,99,34559,0,
2026-03-25T03:25:00+00:00,ATM-GB-0004,host-atm-gb-0004,Windows-Server-2019,37.0,1070,4096,26.12,4356.12,4158.61,188.7,6686.35,6167.15,0,81,3856,0,
2026-03-25T03:26:00+00:00,ATM-GB-0001,host-atm-gb-0001,Windows-Server-2019,33.06,791,4096,19.31,1931.46,4034.63,169.63,1877.04,4102.81,0,89,20731,0,
2026-03-25T03:26:00+00:00,ATM-GB-0002,host-atm-gb-0002,Windows-Server-2019,19.12,634,4096,15.48,4994.58,4673.89,67.2,6821.22,3133.16,0,108,49043,0,
2026-03-25T03:26:00+00:00,ATM-GB-0003,host-atm-gb-0003,Windows-Server-2019,16.77,1169,4096,28.54,2668.44,1982.5,43.14,1782.1,1881.69,0,109,25531,0,
2026-03-25T03:26:00+00:00,ATM-GB-0004,host-atm-gb-0004,Windows-Server-2019,28.85,1224,4096,29.88,2319.8,1621.77,115.76,9713.62,9912.08,0,120,68772,0,
2026-03-25T03:27:00+00:00,ATM-GB-0001,host-atm-gb-0001,Windows-Server-2019,17.92,1323,4096,32.3,48.48,367.97,17.46,6392.45,8039.12,0,80,6228,0,
2026-03-25T03:27:00+00:00,ATM-GB-0002,host-atm-gb-0002,Windows-Server-2019,15.82,1295,4096,31.62,1374.79,1584.87,25.55,2924.57,8919.48,0,103,39555,0,
2026-03-25T03:27:00+00:00,ATM-GB-0003,host-atm-gb-0003,Windows-Server-2019,35.24,486,4096,11.87,1740.67,3241.36,163.51,7216.83,9088.66,0,90,71971,0,
2026-03-25T03:27:00+00:00,ATM-GB-0004,host-atm-gb-0004,Windows-Server-2019,33.99,530,4096,12.94,4856.86,127.5,64.82,3790.09,4466.81,0,93,47117,0,
2026-03-25T03:28:00+00:00,ATM-GB-0001,host-atm-gb-0001,Windows-Server-2019,36.6,809,4096,19.75,1475.18,3765.62,59.93,5774.58,718.86,0,120,70968,0,
2026-03-25T03:28:00+00:00,ATM-GB-0002,host-atm-gb-0002,Windows-Server-2019,37.82,929,4096,22.68,4579.79,2025.97,46.19,3210.94,277.36,0,88,78757,0,
2026-03-25T03:28:00+00:00,ATM-GB-0003,host-atm-gb-0003,Windows-Server-2019,11.69,1102,4096,26.9,1462.53,3123.12,117.65,5101.85,9874.44,0,108,74604,0,
2026-03-25T03:28:00+00:00,ATM-GB-0004,host-atm-gb-0004,Windows-Server-2019,37.69,1382,4096,33.74,1409.19,4976.6,178.55,5213.06,281.17,0,109,29813,0,
2026-03-25T03:29:00+00:00,ATM-GB-0001,host-atm-gb-0001,Windows-Server-2019,22.34,1447,4096,35.33,2439.21,1267.87,121.42,308.66,4164.96,0,101,48343,0,
2026-03-25T03:29:00+00:00,ATM-GB-0002,host-atm-gb-0002,Windows-Server-2019,13.41,579,4096,14.14,233.44,4590.95,157.05,1351.74,9831.15,0,95,43369,0,
2026-03-25T03:29:00+00:00,ATM-GB-0003,host-atm-gb-0003,Windows-Server-2019,39.03,1328,4096,32.42,791.81,2136.92,84.99,4377.94,1312.64,0,114,23515,0,
2026-03-25T03:29:00+00:00,ATM-GB-0004,host-atm-gb-0004,Windows-Server-2019,6.04,430,4096,10.5,2911.74,4640.61,95.84,3426.12,1726.16,0,106,47308,0,
2026-03-25T03:30:00+00:00,ATM-GB-0001,host-atm-gb-0001,Windows-Server-2019,31.42,787,4096,19.21,3916.76,3350.05,134.08,5418.6,511.18,0,103,85661,0,
2026-03-25T03:30:00+00:00,ATM-GB-0002,host-atm-gb-0002,Windows-Server-2019,33.84,461,4096,11.25,2370.12,792.26,153.78,9806.9,6352.95,0,119,28943,0,
2026-03-25T03:30:00+00:00,ATM-GB-0003,host-atm-gb-0003,Windows-Server-2019,20.07,1145,4096,27.95,4392.95,2976.19,193.93,5434.69,5874.21,0,82,33451,0,
2026-03-25T03:30:00+00:00,ATM-GB-0004,host-atm-gb-0004,Windows-Server-2019,5.56,1473,4096,35.96,2674.72,4590.32,90.97,9616.84,5249.45,0,99,49601,0,
2026-03-25T03:31:00+00:00,ATM-GB-0001,host-atm-gb-0001,Windows-Server-2019,16.96,690,4096,16.85,2676.7,2792.39,197.57,6731.74,4600.35,0,94,78312,0,
2026-03-25T03:31:00+00:00,ATM-GB-0002,host-atm-gb-0002,Windows-Server-2019,38.04,1078,4096,26.32,2905.74,3130.06,36.26,813.42,2334.28,0,83,39215,0,
2026-03-25T03:31:00+00:00,ATM-GB-0003,host-atm-gb-0003,Windows-Server-2019,21.6,1377,4096,33.62,2452.93,3902.58,40.24,4852.57,4204.6,0,92,68902,0,
2026-03-25T03:31:00+00:00,ATM-GB-0004,host-atm-gb-0004,Windows-Server-2019,34.55,534,4096,13.04,168.99,3811.27,66.34,377.29,9575.1,0,94,62093,0,
2026-03-25T03:32:00+00:00,ATM-GB-0001,host-atm-gb-0001,Windows-Server-2019,27.38,1107,4096,27.03,854.3,1297.7,102.28,1273.62,7016.62,0,109,32613,0,
2026-03-25T03:32:00+00:00,ATM-GB-0002,host-atm-gb-0002,Windows-Server-2019,15.24,785,4096,19.17,48.44,4379.01,23.12,8165.28,8002.47,0,117,51815,0,
2026-03-25T03:32:00+00:00,ATM-GB-0003,host-atm-gb-0003,Windows-Server-2019,7.92,1017,4096,24.83,2845.63,4169.86,198.05,286.54,179.53,0,84,27988,0,
2026-03-25T03:32:00+00:00,ATM-GB-0004,host-atm-gb-0004,Windows-Server-2019,9.78,753,4096,18.38,4544.74,379.9,29.42,8776.24,8510.7,0,87,74813,0,
2026-03-25T03:33:00+00:00,ATM-GB-0001,host-atm-gb-0001,Windows-Server-2019,5.02,456,4096,11.13,262.81,4290.62,190.43,1208.72,5391.75,0,100,56017,0,
2026-03-25T03:33:00+00:00,ATM-GB-0002,host-atm-gb-0002,Windows-Server-2019,38.49,1222,4096,29.83,1187.18,2784.4,155.95,5864.43,3862.5,0,105,21239,0,
2026-03-25T03:33:00+00:00,ATM-GB-0003,host-atm-gb-0003,Windows-Server-2019,35.05,727,4096,17.75,4845.68,4572.96,49.91,7332.07,9771.83,0,87,6720,0,
2026-03-25T03:33:00+00:00,ATM-GB-0004,host-atm-gb-0004,Windows-Server-2019,35.58,1144,4096,27.93,4623.58,4933.48,70.85,6342.58,3498.58,0,115,49773,0,
2026-03-25T03:34:00+00:00,ATM-GB-0001,host-atm-gb-0001,Windows-Server-2019,15.88,1447,4096,35.33,3245.5,3691.61,117.38,3724.8,5813.01,0,82,20142,0,
2026-03-25T03:34:00+00:00,ATM-GB-0002,host-atm-gb-0002,Windows-Server-2019,35.73,1298,4096,31.69,4055.07,201.1,84.91,2056.21,8775.42,0,120,19075,0,
2026-03-25T03:34:00+00:00,ATM-GB-0003,host-atm-gb-0003,Windows-Server-2019,8.24,409,4096,9.99,1734.85,4070.3,76.15,8373.46,5737.19,0,105,83952,0,
2026-03-25T03:34:00+00:00,ATM-GB-0004,host-atm-gb-0004,Windows-Server-2019,38.21,918,4096,22.41,4729.14,1790.53,155.77,5312.2,4977.38,0,109,15917,0,
2026-03-25T03:35:00+00:00,ATM-GB-0001,host-atm-gb-0001,Windows-Server-2019,22.92,749,4096,18.29,1426.87,2265.17,171.15,3959.51,9732.09,0,82,35040,0,
2026-03-25T03:35:00+00:00,ATM-GB-0002,host-atm-gb-0002,Windows-Server-2019,39.86,1332,4096,32.52,4115.48,2439.84,117.57,9723.97,6479.9,0,108,45720,0,
2026-03-25T03:35:00+00:00,ATM-GB-0003,host-atm-gb-0003,Windows-Server-2019,39.13,753,4096,18.38,770.38,1464.05,167.73,1685.02,8663.01,0,109,54704,0,
2026-03-25T03:35:00+00:00,ATM-GB-0004,host-atm-gb-0004,Windows-Server-2019,20.39,1242,4096,30.32,1574.97,223.95,170.73,3228.83,5077.2,0,116,57510,0,
2026-03-25T03:36:00+00:00,ATM-GB-0001,host-atm-gb-0001,Windows-Server-2019,38.49,985,4096,24.05,3486.53,3321.29,131.33,9417.66,3249.02,0,115,46313,0,
2026-03-25T03:36:00+00:00,ATM-GB-0002,host-atm-gb-0002,Windows-Server-2019,24.83,931,4096,22.73,468.63,4114.95,53.77,8573.07,1493.13,0,83,52130,0,
2026-03-25T03:36:00+00:00,ATM-GB-0003,host-atm-gb-0003,Windows-Server-2019,10.92,893,4096,21.8,1011.37,3977.99,60.66,4610.15,7755.91,0,82,68770,0,
2026-03-25T03:36:00+00:00,ATM-GB-0004,host-atm-gb-0004,Windows-Server-2019,24.42,877,4096,21.41,4101.59,4814.81,84.1,4021.88,9918.64,0,103,59606,0,
2026-03-25T03:37:00+00:00,ATM-GB-0001,host-atm-gb-0001,Windows-Server-2019,22.41,423,4096,10.33,996.91,3158.98,128.68,5133.82,2612.56,0,98,79142,0,
2026-03-25T03:37:00+00:00,ATM-GB-0002,host-atm-gb-0002,Windows-Server-2019,20.13,895,4096,21.85,4228.76,1900.24,71.81,7933.55,6044.41,0,106,81934,0,
2026-03-25T03:37:00+00:00,ATM-GB-0003,host-atm-gb-0003,Windows-Server-2019,5.65,423,4096,10.33,1507.87,969.82,64.97,4383.95,6808.53,0,92,78400,0,
2026-03-25T03:37:00+00:00,ATM-GB-0004,host-atm-gb-0004,Windows-Server-2019,13.33,837,4096,20.43,1424.52,315.7,115.74,9331.7,8088.11,0,90,37480,0,
2026-03-25T03:38:00+00:00,ATM-GB-0001,host-atm-gb-0001,Windows-Server-2019,12.41,1186,4096,28.96,3729.29,1257.13,188.33,7653.03,5095.45,0,108,84901,0,
2026-03-25T03:38:00+00:00,ATM-GB-0002,host-atm-gb-0002,Windows-Server-2019,25.19,789,4096,19.26,1483.74,4442.7,186.11,1901.38,6060.8,0,110,32516,0,
2026-03-25T03:38:00+00:00,ATM-GB-0003,host-atm-gb-0003,Windows-Server-2019,16.87,1473,4096,35.96,1464.63,4278.31,194.33,6714.78,1159.65,0,120,30985,0,
2026-03-25T03:38:00+00:00,ATM-GB-0004,host-atm-gb-0004,Windows-Server-2019,39.6,1261,4096,30.79,4413.81,4446.48,57.32,7804.78,5710.09,0,92,28559,0,
2026-03-25T03:39:00+00:00,ATM-GB-0001,host-atm-gb-0001,Windows-Server-2019,30.77,645,4096,15.75,2304.5,1412.21,145.39,352.43,7774.83,0,116,47315,0,
2026-03-25T03:39:00+00:00,ATM-GB-0002,host-atm-gb-0002,Windows-Server-2019,20.99,746,4096,18.21,3485.55,4417.71,31.86,1842.55,7646.3,0,83,71999,0,
2026-03-25T03:39:00+00:00,ATM-GB-0003,host-atm-gb-0003,Windows-Server-2019,35.64,711,4096,17.36,271.26,42.5,179.85,4808.52,834.21,0,119,79582,0,
2026-03-25T03:39:00+00:00,ATM-GB-0004,host-atm-gb-0004,Windows-Server-2019,7.32,1432,4096,34.96,2981.85,4861.26,63.07,1304.69,4904.63,0,114,25367,0,
2026-03-25T03:40:00+00:00,ATM-GB-0001,host-atm-gb-0001,Windows-Server-2019,6.79,1454,4096,35.5,885.66,367.43,14.81,4383.79,7915.61,0,112,22496,0,
2026-03-25T03:40:00+00:00,ATM-GB-0002,host-atm-gb-0002,Windows-Server-2019,25.94,441,4096,10.77,3983.96,998.24,151.35,505.91,6000.28,0,103,13137,0,
2026-03-25T03:40:00+00:00,ATM-GB-0003,host-atm-gb-0003,Windows-Server-2019,30.99,689,4096,16.82,879.07,456.18,60.62,8471.44,6181.07,0,85,75615,0,
2026-03-25T03:40:00+00:00,ATM-GB-0004,host-atm-gb-0004,Windows-Server-2019,7.84,417,4096,10.18,2267.63,1163.45,149.03,9526.0,2693.66,0,80,35923,0,
2026-03-25T03:41:00+00:00,ATM-GB-0001,host-atm-gb-0001,Windows-Server-2019,12.11,1446,4096,35.3,1511.88,4040.05,177.98,7987.62,2898.94,0,101,36965,0,
2026-03-25T03:41:00+00:00,ATM-GB-0002,host-atm-gb-0002,Windows-Server-2019,36.52,1282,4096,31.3,798.03,2051.12,38.91,8654.42,9140.48,0,112,38341,0,
2026-03-25T03:41:00+00:00,ATM-GB-0003,host-atm-gb-0003,Windows-Server-2019,31.26,1489,4096,36.35,298.59,4186.11,16.66,9287.21,6575.88,0,106,39869,0,
2026-03-25T03:41:00+00:00,ATM-GB-0004,host-atm-gb-0004,Windows-Server-2019,12.63,473,4096,11.55,4425.44,2450.2,15.01,8006.98,1384.21,0,93,15649,0,
2026-03-25T03:42:00+00:00,ATM-GB-0001,host-atm-gb-0001,Windows-Server-2019,21.69,875,4096,21.36,50.41,2692.38,141.84,7919.63,8132.59,0,82,61754,0,
2026-03-25T03:42:00+00:00,ATM-GB-0002,host-atm-gb-0002,Windows-Server-2019,24.31,1456,4096,35.55,4502.81,791.38,38.96,6973.15,5426.96,0,102,12252,0,
2026-03-25T03:42:00+00:00,ATM-GB-0003,host-atm-gb-0003,Windows-Server-2019,20.46,574,4096,14.01,4964.35,4903.82,136.51,5360.03,4875.39,0,93,85679,0,
2026-03-25T03:42:00+00:00,ATM-GB-0004,host-atm-gb-0004,Windows-Server-2019,7.63,810,4096,19.78,3129.1,3841.22,31.15,4244.82,7892.72,0,119,7053,0,
2026-03-25T03:43:00+00:00,ATM-GB-0001,host-atm-gb-0001,Windows-Server-2019,34.49,783,4096,19.12,3266.71,1662.58,143.56,3539.7,1342.83,0,94,46983,0,
2026-03-25T03:43:00+00:00,ATM-GB-0002,host-atm-gb-0002,Windows-Server-2019,13.29,434,4096,10.6,2700.62,1862.49,128.27,3691.29,5045.23,0,116,21778,0,
2026-03-25T03:43:00+00:00,ATM-GB-0003,host-atm-gb-0003,Windows-Server-2019,28.4,1024,4096,25.0,3786.15,4724.85,188.96,8158.95,4910.97,0,89,8531,0,
2026-03-25T03:43:00+00:00,ATM-GB-0004,host-atm-gb-0004,Windows-Server-2019,23.61,485,4096,11.84,4501.02,3193.55,37.24,6551.46,7634.36,0,80,72057,0,
2026-03-25T03:44:00+00:00,ATM-GB-0001,host-atm-gb-0001,Windows-Server-2019,36.9,434,4096,10.6,3471.29,1971.79,99.1,5985.4,7187.43,0,119,4852,0,
2026-03-25T03:44:00+00:00,ATM-GB-0002,host-atm-gb-0002,Windows-Server-2019,39.71,488,4096,11.91,2467.14,2138.95,196.01,9280.37,6959.97,0,119,62845,0,
2026-03-25T03:44:00+00:00,ATM-GB-0003,host-atm-gb-0003,Windows-Server-2019,34.04,436,4096,10.64,1359.89,4631.0,139.61,623.97,5670.47,0,88,39314,0,
2026-03-25T03:44:00+00:00,ATM-GB-0004,host-atm-gb-0004,Windows-Server-2019,13.58,1432,4096,34.96,3013.92,2910.38,56.98,8662.41,70.62,0,98,33994,0,
2026-03-25T03:45:00+00:00,ATM-GB-0001,host-atm-gb-0001,Windows-Server-2019,19.83,911,4096,22.24,3919.02,172.86,196.03,6165.69,5863.07,0,88,64391,0,
2026-03-25T03:45:00+00:00,ATM-GB-0002,host-atm-gb-0002,Windows-Server-2019,9.55,653,4096,15.94,1843.44,837.42,139.84,2558.04,1154.69,0,93,37592,0,
2026-03-25T03:45:00+00:00,ATM-GB-0003,host-atm-gb-0003,Windows-Server-2019,23.65,479,4096,11.69,375.88,1402.66,42.66,9301.44,5912.95,0,108,65515,0,
2026-03-25T03:45:00+00:00,ATM-GB-0004,host-atm-gb-0004,Windows-Server-2019,18.63,496,4096,12.11,4804.34,635.15,45.86,4761.01,1109.8,0,110,74022,0,
2026-03-25T03:46:00+00:00,ATM-GB-0001,host-atm-gb-0001,Windows-Server-2019,37.21,1138,4096,27.78,4659.22,2800.05,76.83,7229.05,7598.47,0,103,39141,0,
2026-03-25T03:46:00+00:00,ATM-GB-0002,host-atm-gb-0002,Windows-Server-2019,37.78,1047,4096,25.56,3670.47,2912.82,166.3,2984.2,8816.38,0,96,82381,0,
2026-03-25T03:46:00+00:00,ATM-GB-0003,host-atm-gb-0003,Windows-Server-2019,27.76,1011,4096,24.68,4281.36,4964.68,95.52,8999.25,1000.1,0,118,82742,0,
2026-03-25T03:46:00+00:00,ATM-GB-0004,host-atm-gb-0004,Windows-Server-2019,26.29,645,4096,15.75,1058.21,3224.02,105.51,7829.17,5403.06,0,109,58631,0,
2026-03-25T03:47:00+00:00,ATM-GB-0001,host-atm-gb-0001,Windows-Server-2019,9.66,530,4096,12.94,2018.68,2049.07,150.63,4022.26,7727.43,0,102,14207,0,
2026-03-25T03:47:00+00:00,ATM-GB-0002,host-atm-gb-0002,Windows-Server-2019,27.02,611,4096,14.92,334.71,582.65,181.15,8295.17,1355.43,0,90,86262,0,
2026-03-25T03:47:00+00:00,ATM-GB-0003,host-atm-gb-0003,Windows-Server-2019,26.63,1212,4096,29.59,3167.36,4900.58,58.94,178.14,3742.72,0,104,65368,0,
2026-03-25T03:47:00+00:00,ATM-GB-0004,host-atm-gb-0004,Windows-Server-2019,36.56,1482,4096,36.18,2841.67,3363.29,197.82,1558.53,2660.27,0,95,55229,0,
2026-03-25T03:48:00+00:00,ATM-GB-0001,host-atm-gb-0001,Windows-Server-2019,23.88,1067,4096,26.05,2625.22,3655.8,36.14,2287.9,506.8,0,106,70056,0,
2026-03-25T03:48:00+00:00,ATM-GB-0002,host-atm-gb-0002,Windows-Server-2019,31.17,1160,4096,28.32,4090.35,4158.67,64.8,3339.17,850.81,0,102,26178,0,
2026-03-25T03:48:00+00:00,ATM-GB-0003,host-atm-gb-0003,Windows-Server-2019,22.35,1403,4096,34.25,1466.4,1154.18,64.56,7903.75,4848.5,0,80,28927,0,
2026-03-25T03:48:00+00:00,ATM-GB-0004,host-atm-gb-0004,Windows-Server-2019,30.41,1312,4096,32.03,4375.31,3047.49,104.7,4654.5,7874.45,0,111,8151,0,
2026-03-25T03:49:00+00:00,ATM-GB-0001,host-atm-gb-0001,Windows-Server-2019,6.15,1181,4096,28.83,1748.15,1414.64,82.94,161.5,7316.25,0,117,8482,0,
2026-03-25T03:49:00+00:00,ATM-GB-0002,host-atm-gb-0002,Windows-Server-2019,25.51,1088,4096,26.56,2814.95,3518.6,20.97,5274.84,9.36,0,94,85517,0,
2026-03-25T03:49:00+00:00,ATM-GB-0003,host-atm-gb-0003,Windows-Server-2019,32.25,1402,4096,34.23,4313.19,4395.52,93.23,1891.19,5832.6,0,101,16489,0,
2026-03-25T03:49:00+00:00,ATM-GB-0004,host-atm-gb-0004,Windows-Server-2019,31.89,1277,4096,31.18,2089.05,367.88,141.15,7757.8,1946.48,0,83,47736,0,
2026-03-25T03:50:00+00:00,ATM-GB-0001,host-atm-gb-0001,Windows-Server-2019,38.65,901,4096,22.0,3334.07,1164.39,22.39,2640.57,4911.39,0,112,73194,0,
2026-03-25T03:50:00+00:00,ATM-GB-0002,host-atm-gb-0002,Windows-Server-2019,31.22,1261,4096,30.79,3786.68,1820.04,78.34,393.57,9382.35,0,98,73089,0,
2026-03-25T03:50:00+00:00,ATM-GB-0003,host-atm-gb-0003,Windows-Server-2019,9.78,702,4096,17.14,2836.77,3432.54,104.45,6709.17,7302.48,0,110,56996,0,
2026-03-25T03:50:00+00:00,ATM-GB-0004,host-atm-gb-0004,Windows-Server-2019,12.81,769,4096,18.77,3347.0,2864.13,108.39,5338.1,8587.68,0,116,35092,0,
2026-03-25T03:51:00+00:00,ATM-GB-0001,host-atm-gb-0001,Windows-Server-2019,7.62,1076,4096,26.27,4541.14,3409.63,105.01,6254.45,4972.02,0,105,6940,0,
2026-03-25T03:51:00+00:00,ATM-GB-0002,host-atm-gb-0002,Windows-Server-2019,16.31,642,4096,15.67,505.27,1005.75,124.06,1027.41,2831.24,0,117,79272,0,
2026-03-25T03:51:00+00:00,ATM-GB-0003,host-atm-gb-0003,Windows-Server-2019,23.65,1385,4096,33.81,4660.04,2428.12,145.23,5073.29,1685.19,0,82,61723,0,
2026-03-25T03:51:00+00:00,ATM-GB-0004,host-atm-gb-0004,Windows-Server-2019,18.95,673,4096,16.43,3154.59,1982.47,171.03,3461.33,423.15,0,83,66638,0,
2026-03-25T03:52:00+00:00,ATM-GB-0001,host-atm-gb-0001,Windows-Server-2019,17.08,795,4096,19.41,4983.28,2850.75,147.74,4303.55,5438.85,0,102,67806,0,
2026-03-25T03:52:00+00:00,ATM-GB-0002,host-atm-gb-0002,Windows-Server-2019,31.02,700,4096,17.09,3304.12,2027.83,62.33,3692.87,3889.89,0,84,76571,0,
2026-03-25T03:52:00+00:00,ATM-GB-0003,host-atm-gb-0003,Windows-Server-2019,9.28,416,4096,10.16,4110.69,1780.22,77.97,6500.51,3473.1,0,101,33173,0,
2026-03-25T03:52:00+00:00,ATM-GB-0004,host-atm-gb-0004,Windows-Server-2019,9.94,1373,4096,33.52,2367.21,342.51,56.87,2578.79,7660.53,0,92,5136,0,
2026-03-25T03:53:00+00:00,ATM-GB-0001,host-atm-gb-0001,Windows-Server-2019,8.78,525,4096,12.82,3384.72,3777.73,110.28,4412.66,4491.88,0,120,6859,0,
2026-03-25T03:53:00+00:00,ATM-GB-0002,host-atm-gb-0002,Windows-Server-2019,26.61,1213,4096,29.61,2918.03,97.24,75.51,9366.58,8642.91,0,100,81534,0,
2026-03-25T03:53:00+00:00,ATM-GB-0003,host-atm-gb-0003,Windows-Server-2019,20.69,1300,4096,31.74,1668.03,4258.66,176.78,4500.93,2422.91,0,118,45630,0,
2026-03-25T03:53:00+00:00,ATM-GB-0004,host-atm-gb-0004,Windows-Server-2019,31.92,870,4096,21.24,866.77,1310.13,72.37,7904.76,8376.12,0,102,32481,0,
2026-03-25T03:54:00+00:00,ATM-GB-0001,host-atm-gb-0001,Windows-Server-2019,22.43,1225,4096,29.91,3735.28,3871.65,56.02,2695.6,5156.7,0,81,32917,0,
2026-03-25T03:54:00+00:00,ATM-GB-0002,host-atm-gb-0002,Windows-Server-2019,29.63,1082,4096,26.42,4837.62,62.8,149.26,2394.95,6877.61,0,116,17388,0,
2026-03-25T03:54:00+00:00,ATM-GB-0003,host-atm-gb-0003,Windows-Server-2019,11.12,942,4096,23.0,1840.56,336.16,104.77,8116.49,7592.55,0,82,45760,0,
2026-03-25T03:54:00+00:00,ATM-GB-0004,host-atm-gb-0004,Windows-Server-2019,21.62,590,4096,14.4,4950.98,624.14,32.07,7409.38,7777.01,0,112,34856,0,
2026-03-25T03:55:00+00:00,ATM-GB-0001,host-atm-gb-0001,Windows-Server-2019,13.6,1181,4096,28.83,4467.19,2202.04,42.99,4338.1,6147.46,0,118,19129,0,
2026-03-25T03:55:00+00:00,ATM-GB-0002,host-atm-gb-0002,Windows-Server-2019,14.49,1485,4096,36.25,687.85,3233.27,51.94,8064.7,1061.42,0,116,47694,0,
2026-03-25T03:55:00+00:00,ATM-GB-0003,host-atm-gb-0003,Windows-Server-2019,19.14,635,4096,15.5,4968.81,954.7,167.73,1832.52,4262.57,0,87,24147,0,
2026-03-25T03:55:00+00:00,ATM-GB-0004,host-atm-gb-0004,Windows-Server-2019,5.8,1004,4096,24.51,2767.77,125.13,132.02,9286.86,7328.67,0,86,46302,0,
2026-03-25T03:56:00+00:00,ATM-GB-0001,host-atm-gb-0001,Windows-Server-2019,17.08,1131,4096,27.61,4827.92,1755.1,164.41,2901.15,782.3,0,96,16927,0,
2026-03-25T03:56:00+00:00,ATM-GB-0002,host-atm-gb-0002,Windows-Server-2019,21.31,965,4096,23.56,4097.79,764.51,90.18,7876.75,1767.29,0,105,70947,0,
2026-03-25T03:56:00+00:00,ATM-GB-0003,host-atm-gb-0003,Windows-Server-2019,19.85,809,4096,19.75,353.11,4564.62,156.11,1053.07,5667.93,0,82,18785,0,
2026-03-25T03:56:00+00:00,ATM-GB-0004,host-atm-gb-0004,Windows-Server-2019,17.8,1264,4096,30.86,4508.88,148.19,143.07,8265.91,7887.4,0,84,79533,0,
2026-03-25T03:57:00+00:00,ATM-GB-0001,host-atm-gb-0001,Windows-Server-2019,33.46,1159,4096,28.3,4774.92,4242.8,129.4,2102.64,8489.42,0,83,61263,0,
2026-03-25T03:57:00+00:00,ATM-GB-0002,host-atm-gb-0002,Windows-Server-2019,29.39,1121,4096,27.37,3868.77,2409.64,71.64,4363.28,7015.9,0,86,10445,0,
2026-03-25T03:57:00+00:00,ATM-GB-0003,host-atm-gb-0003,Windows-Server-2019,17.72,969,4096,23.66,1737.61,4045.9,83.26,3633.21,7255.82,0,112,18230,0,
2026-03-25T03:57:00+00:00,ATM-GB-0004,host-atm-gb-0004,Windows-Server-2019,28.87,1386,4096,33.84,2855.29,4260.85,29.85,7931.78,5741.81,0,80,64777,0,
2026-03-25T03:58:00+00:00,ATM-GB-0001,host-atm-gb-0001,Windows-Server-2019,24.32,1036,4096,25.29,4730.69,1068.76,23.36,3971.42,3136.29,0,119,74231,0,
2026-03-25T03:58:00+00:00,ATM-GB-0002,host-atm-gb-0002,Windows-Server-2019,13.27,1416,4096,34.57,3024.14,507.16,93.75,3748.78,8265.45,0,95,32669,0,
2026-03-25T03:58:00+00:00,ATM-GB-0003,host-atm-gb-0003,Windows-Server-2019,12.93,786,4096,19.19,4396.33,824.07,41.67,1025.83,1981.78,0,104,47197,0,
2026-03-25T03:58:00+00:00,ATM-GB-0004,host-atm-gb-0004,Windows-Server-2019,38.01,1186,4096,28.96,4905.19,4952.46,105.57,2109.0,4447.61,0,80,54231,0,
2026-03-25T03:59:00+00:00,ATM-GB-0001,host-atm-gb-0001,Windows-Server-2019,6.65,573,4096,13.99,227.53,3348.79,160.31,6658.71,7634.09,0,103,79558,0,
2026-03-25T03:59:00+00:00,ATM-GB-0002,host-atm-gb-0002,Windows-Server-2019,17.76,1031,4096,25.17,4656.0,4491.43,94.6,578.56,5045.86,0,97,76523,0,
2026-03-25T03:59:00+00:00,ATM-GB-0003,host-atm-gb-0003,Windows-Server-2019,28.96,501,4096,12.23,3542.18,970.97,10.51,8718.2,6364.5,0,98,9879,0,
2026-03-25T03:59:00+00:00,ATM-GB-0004,host-atm-gb-0004,Windows-Server-2019,16.88,1379,4096,33.67,1735.1,1225.22,20.83,6884.87,6317.52,0,90,23015,0,
2026-03-25T04:00:00+00:00,ATM-GB-0001,host-atm-gb-0001,Windows-Server-2019,10.25,480,4096,11.72,3699.5,4588.62,69.95,4948.67,5587.28,0,93,33389,0,
2026-03-25T04:00:00+00:00,ATM-GB-0002,host-atm-gb-0002,Windows-Server-2019,23.06,1406,4096,34.33,2087.73,3832.67,49.94,3878.04,3640.61,0,92,72859,0,
2026-03-25T04:00:00+00:00,ATM-GB-0003,host-atm-gb-0003,Windows-Server-2019,16.25,1229,4096,30.0,357.94,1598.4,189.49,2240.63,1599.76,0,104,33126,0,
2026-03-25T04:00:00+00:00,ATM-GB-0004,host-atm-gb-0004,Windows-Server-2019,30.88,616,4096,15.04,3517.19,370.12,154.35,1086.27,2661.52,0,107,44860,0,
2026-03-25T04:01:00+00:00,ATM-GB-0001,host-atm-gb-0001,Windows-Server-2019,33.27,815,4096,19.9,2888.71,2399.32,137.45,4062.17,3839.09,0,101,27510,0,
2026-03-25T04:01:00+00:00,ATM-GB-0002,host-atm-gb-0002,Windows-Server-2019,25.75,675,4096,16.48,2370.87,690.52,138.62,1042.14,6360.96,0,116,45374,0,
2026-03-25T04:01:00+00:00,ATM-GB-0003,host-atm-gb-0003,Windows-Server-2019,7.09,957,4096,23.36,663.34,471.03,162.77,7411.74,4229.55,0,101,65575,0,
2026-03-25T04:01:00+00:00,ATM-GB-0004,host-atm-gb-0004,Windows-Server-2019,9.77,1261,4096,30.79,4819.44,154.63,156.11,5860.61,2428.38,0,94,20997,0,
2026-03-25T04:02:00+00:00,ATM-GB-0001,host-atm-gb-0001,Windows-Server-2019,21.32,1350,4096,32.96,4052.6,1400.9,183.49,9553.4,1926.5,0,99,41909,0,
2026-03-25T04:02:00+00:00,ATM-GB-0002,host-atm-gb-0002,Windows-Server-2019,15.27,990,4096,24.17,935.65,893.61,177.35,1458.64,6123.05,0,84,35909,0,
2026-03-25T04:02:00+00:00,ATM-GB-0003,host-atm-gb-0003,Windows-Server-2019,8.72,954,4096,23.29,4490.63,2121.61,95.19,925.27,1167.46,0,118,25432,0,
2026-03-25T04:02:00+00:00,ATM-GB-0004,host-atm-gb-0004,Windows-Server-2019,14.04,900,4096,21.97,4123.3,2436.46,106.06,8992.39,3131.8,0,119,54618,0,
2026-03-25T04:03:00+00:00,ATM-GB-0001,host-atm-gb-0001,Windows-Server-2019,35.1,1194,4096,29.15,4831.97,3275.86,16.86,9283.12,8986.37,0,99,32665,0,
2026-03-25T04:03:00+00:00,ATM-GB-0002,host-atm-gb-0002,Windows-Server-2019,34.72,1417,4096,34.59,3468.48,319.55,152.48,9943.44,2284.43,0,107,84989,0,
2026-03-25T04:03:00+00:00,ATM-GB-0003,host-atm-gb-0003,Windows-Server-2019,30.27,1421,4096,34.69,3961.78,1164.03,151.93,3348.74,1142.18,0,107,78979,0,
2026-03-25T04:03:00+00:00,ATM-GB-0004,host-atm-gb-0004,Windows-Server-2019,9.85,777,4096,18.97,1286.42,611.77,46.93,3591.67,6369.82,0,94,8230,0,
2026-03-25T04:04:00+00:00,ATM-GB-0001,host-atm-gb-0001,Windows-Server-2019,27.6,1370,4096,33.45,3063.08,4538.47,106.34,7251.85,202.43,0,110,34453,0,
2026-03-25T04:04:00+00:00,ATM-GB-0002,host-atm-gb-0002,Windows-Server-2019,28.5,528,4096,12.89,2567.2,3980.62,158.58,8977.96,5946.23,0,108,50667,0,
2026-03-25T04:04:00+00:00,ATM-GB-0003,host-atm-gb-0003,Windows-Server-2019,14.88,1101,4096,26.88,3439.47,3299.81,23.28,1278.91,8548.38,0,111,17041,0,
2026-03-25T04:04:00+00:00,ATM-GB-0004,host-atm-gb-0004,Windows-Server-2019,25.07,512,4096,12.5,3267.43,495.99,106.07,8923.27,9457.73,0,80,43516,0,
2026-03-25T04:05:00+00:00,ATM-GB-0001,host-atm-gb-0001,Windows-Server-2019,19.97,656,4096,16.02,2812.91,2458.61,164.25,3349.51,2095.3,0,82,28498,0,
2026-03-25T04:05:00+00:00,ATM-GB-0002,host-atm-gb-0002,Windows-Server-2019,5.74,480,4096,11.72,713.46,4650.76,17.71,1917.71,1556.9,0,110,43003,0,
2026-03-25T04:05:00+00:00,ATM-GB-0003,host-atm-gb-0003,Windows-Server-2019,8.11,1311,4096,32.01,3394.5,2318.28,96.21,9441.71,9815.85,0,116,24765,0,
2026-03-25T04:05:00+00:00,ATM-GB-0004,host-atm-gb-0004,Windows-Server-2019,27.85,1039,4096,25.37,3561.99,1716.7,94.35,3691.68,4911.99,0,84,80014,0,
2026-03-25T04:06:00+00:00,ATM-GB-0001,host-atm-gb-0001,Windows-Server-2019,19.07,1380,4096,33.69,4533.83,4803.63,104.45,1946.13,4826.61,0,91,35422,0,
2026-03-25T04:06:00+00:00,ATM-GB-0002,host-atm-gb-0002,Windows-Server-2019,33.88,578,4096,14.11,1677.9,1740.57,101.94,3816.7,6528.76,0,112,61715,0,
2026-03-25T04:06:00+00:00,ATM-GB-0003,host-atm-gb-0003,Windows-Server-2019,8.78,1470,4096,35.89,1767.17,4584.88,174.14,2456.99,2393.18,0,92,40248,0,
2026-03-25T04:06:00+00:00,ATM-GB-0004,host-atm-gb-0004,Windows-Server-2019,7.55,1484,4096,36.23,4495.53,2349.57,23.42,9125.76,7893.76,0,101,9358,0,
2026-03-25T04:07:00+00:00,ATM-GB-0001,host-atm-gb-0001,Windows-Server-2019,7.81,780,4096,19.04,4091.22,2701.97,190.23,5017.03,5723.61,0,115,18926,0,
2026-03-25T04:07:00+00:00,ATM-GB-0002,host-atm-gb-0002,Windows-Server-2019,37.96,1242,4096,30.32,2739.61,3355.54,99.87,4465.02,6981.71,0,111,60800,0,
2026-03-25T04:07:00+00:00,ATM-GB-0003,host-atm-gb-0003,Windows-Server-2019,10.53,1252,4096,30.57,3790.07,802.56,88.06,7579.84,1367.66,0,100,57939,0,
2026-03-25T04:07:00+00:00,ATM-GB-0004,host-atm-gb-0004,Windows-Server-2019,18.03,804,4096,19.63,2938.37,979.58,126.86,7283.97,9930.44,0,108,56038,0,
2026-03-25T04:08:00+00:00,ATM-GB-0001,host-atm-gb-0001,Windows-Server-2019,19.58,482,4096,11.77,1749.99,2475.8,46.59,6692.65,8205.8,0,96,29942,0,
2026-03-25T04:08:00+00:00,ATM-GB-0002,host-atm-gb-0002,Windows-Server-2019,5.82,1405,4096,34.3,2582.11,1502.35,194.62,7142.25,1152.32,0,117,10289,0,
2026-03-25T04:08:00+00:00,ATM-GB-0003,host-atm-gb-0003,Windows-Server-2019,11.01,911,4096,22.24,4431.21,1806.94,169.08,8301.09,7566.58,0,111,7596,0,
2026-03-25T04:08:00+00:00,ATM-GB-0004,host-atm-gb-0004,Windows-Server-2019,21.98,1302,4096,31.79,1074.04,2352.76,111.1,6645.57,3118.2,0,92,7120,0,
2026-03-25T04:09:00+00:00,ATM-GB-0001,host-atm-gb-0001,Windows-Server-2019,26.28,875,4096,21.36,2057.95,735.67,42.11,3336.43,6786.34,0,94,65281,0,
2026-03-25T04:09:00+00:00,ATM-GB-0002,host-atm-gb-0002,Windows-Server-2019,10.53,626,4096,15.28,233.26,363.49,174.4,7107.23,802.86,0,110,81122,0,
2026-03-25T04:09:00+00:00,ATM-GB-0003,host-atm-gb-0003,Windows-Server-2019,28.94,1269,4096,30.98,1437.7,3365.91,169.82,9997.42,7205.8,0,87,31352,0,
2026-03-25T04:09:00+00:00,ATM-GB-0004,host-atm-gb-0004,Windows-Server-2019,19.52,1160,4096,28.32,4596.77,4121.44,87.71,6976.86,3406.48,0,112,42086,0,
2026-03-25T04:10:00+00:00,ATM-GB-0001,host-atm-gb-0001,Windows-Server-2019,34.31,606,4096,14.79,1227.91,1467.43,44.18,1076.93,3529.0,0,94,37419,0,
2026-03-25T04:10:00+00:00,ATM-GB-0002,host-atm-gb-0002,Windows-Server-2019,25.63,1198,4096,29.25,930.04,3023.02,145.35,535.4,5626.18,0,120,22708,0,
2026-03-25T04:10:00+00:00,ATM-GB-0003,host-atm-gb-0003,Windows-Server-2019,25.57,1116,4096,27.25,203.35,1590.56,84.47,2613.36,8826.87,0,96,26202,0,
2026-03-25T04:10:00+00:00,ATM-GB-0004,host-atm-gb-0004,Windows-Server-2019,5.38,1334,4096,32.57,4263.99,512.92,60.28,7575.54,6892.24,0,96,7568,0,
2026-03-25T04:11:00+00:00,ATM-GB-0001,host-atm-gb-0001,Windows-Server-2019,17.53,680,4096,16.6,485.58,1752.78,174.84,5193.67,2977.22,0,120,46966,0,
2026-03-25T04:11:00+00:00,ATM-GB-0002,host-atm-gb-0002,Windows-Server-2019,7.87,653,4096,15.94,4928.49,422.36,93.86,9168.57,7482.98,0,91,74358,0,
2026-03-25T04:11:00+00:00,ATM-GB-0003,host-atm-gb-0003,Windows-Server-2019,8.08,1041,4096,25.42,2149.21,2031.83,85.67,7597.03,8616.64,0,109,84854,0,
2026-03-25T04:11:00+00:00,ATM-GB-0004,host-atm-gb-0004,Windows-Server-2019,27.79,670,4096,16.36,3667.9,1291.28,177.24,6654.09,1340.24,0,93,20080,0,
2026-03-25T04:12:00+00:00,ATM-GB-0001,host-atm-gb-0001,Windows-Server-2019,23.19,1126,4096,27.49,4824.87,4620.5,99.25,7517.72,7775.45,0,90,64397,0,
2026-03-25T04:12:00+00:00,ATM-GB-0002,host-atm-gb-0002,Windows-Server-2019,17.6,1183,4096,28.88,1174.89,4572.01,70.61,1779.66,8649.67,0,115,16371,0,
2026-03-25T04:12:00+00:00,ATM-GB-0003,host-atm-gb-0003,Windows-Server-2019,16.93,643,4096,15.7,1765.61,4762.77,185.7,1898.2,842.98,0,90,41006,0,
2026-03-25T04:12:00+00:00,ATM-GB-0004,host-atm-gb-0004,Windows-Server-2019,23.85,1360,4096,33.2,4987.36,4504.33,182.6,317.77,7657.51,0,87,17142,0,
2026-03-25T04:13:00+00:00,ATM-GB-0001,host-atm-gb-0001,Windows-Server-2019,22.68,886,4096,21.63,2851.75,2877.93,170.86,9585.79,5753.74,0,98,11751,0,
2026-03-25T04:13:00+00:00,ATM-GB-0002,host-atm-gb-0002,Windows-Server-2019,31.17,1301,4096,31.76,4756.27,1853.52,45.54,7356.41,447.12,0,115,49455,0,
2026-03-25T04:13:00+00:00,ATM-GB-0003,host-atm-gb-0003,Windows-Server-2019,5.93,1138,4096,27.78,1485.91,101.3,134.88,2279.94,8963.67,0,104,34703,0,
2026-03-25T04:13:00+00:00,ATM-GB-0004,host-atm-gb-0004,Windows-Server-2019,28.85,1239,4096,30.25,1243.74,641.24,182.96,5951.81,1111.1,0,118,32616,0,
2026-03-25T04:14:00+00:00,ATM-GB-0001,host-atm-gb-0001,Windows-Server-2019,24.06,1464,4096,35.74,4727.3,4570.89,19.16,4889.48,379.45,0,109,22228,0,
2026-03-25T04:14:00+00:00,ATM-GB-0002,host-atm-gb-0002,Windows-Server-2019,27.6,1471,4096,35.91,1084.16,1043.85,98.81,2464.92,2193.33,0,118,75116,0,
2026-03-25T04:14:00+00:00,ATM-GB-0003,host-atm-gb-0003,Windows-Server-2019,19.55,1359,4096,33.18,3545.87,2465.27,143.13,3664.99,1284.2,0,88,20530,0,
2026-03-25T04:14:00+00:00,ATM-GB-0004,host-atm-gb-0004,Windows-Server-2019,18.4,1394,4096,34.03,1398.76,1537.08,184.0,6064.91,3083.12,0,98,7462,0,
2026-03-25T04:15:00+00:00,ATM-GB-0001,host-atm-gb-0001,Windows-Server-2019,7.76,1347,4096,32.89,3962.67,4843.78,34.36,2928.58,1735.86,0,112,40920,0,
2026-03-25T04:15:00+00:00,ATM-GB-0002,host-atm-gb-0002,Windows-Server-2019,12.3,670,4096,16.36,2979.51,1026.67,150.6,9154.66,9742.84,0,96,7974,0,
2026-03-25T04:15:00+00:00,ATM-GB-0003,host-atm-gb-0003,Windows-Server-2019,28.3,1397,4096,34.11,1433.08,2829.8,116.9,8953.09,2088.16,0,87,25189,0,
2026-03-25T04:15:00+00:00,ATM-GB-0004,host-atm-gb-0004,Windows-Server-2019,13.35,1048,4096,25.59,2637.5,333.71,166.39,9859.33,2329.5,0,111,32317,0,
2026-03-25T04:16:00+00:00,ATM-GB-0001,host-atm-gb-0001,Windows-Server-2019,22.17,1499,4096,36.6,3724.41,3692.13,52.67,9283.52,4744.64,0,82,45450,0,
2026-03-25T04:16:00+00:00,ATM-GB-0002,host-atm-gb-0002,Windows-Server-2019,17.18,1304,4096,31.84,4726.57,4908.93,28.77,4387.16,7087.08,0,101,9589,0,
2026-03-25T04:16:00+00:00,ATM-GB-0003,host-atm-gb-0003,Windows-Server-2019,29.5,1365,4096,33.33,4014.77,4970.95,118.37,1207.32,7034.48,0,97,5440,0,
2026-03-25T04:16:00+00:00,ATM-GB-0004,host-atm-gb-0004,Windows-Server-2019,12.92,1263,4096,30.83,2314.66,395.9,63.5,537.92,1258.28,0,115,22300,0,
2026-03-25T04:17:00+00:00,ATM-GB-0001,host-atm-gb-0001,Windows-Server-2019,9.39,606,4096,14.79,2302.83,4599.55,12.51,2265.65,1014.88,0,101,51370,0,
2026-03-25T04:17:00+00:00,ATM-GB-0002,host-atm-gb-0002,Windows-Server-2019,5.5,648,4096,15.82,4153.19,1058.91,119.99,3395.27,92.18,0,100,43548,0,
2026-03-25T04:17:00+00:00,ATM-GB-0003,host-atm-gb-0003,Windows-Server-2019,12.25,1403,4096,34.25,4588.46,4273.08,100.18,5287.23,8977.59,0,118,61474,0,
2026-03-25T04:17:00+00:00,ATM-GB-0004,host-atm-gb-0004,Windows-Server-2019,14.56,672,4096,16.41,2405.57,626.26,130.02,3106.45,6816.74,0,80,30754,0,
2026-03-25T04:18:00+00:00,ATM-GB-0001,host-atm-gb-0001,Windows-Server-2019,8.58,1185,4096,28.93,1080.33,83.7,45.94,799.79,6758.28,0,118,64443,0,
2026-03-25T04:18:00+00:00,ATM-GB-0002,host-atm-gb-0002,Windows-Server-2019,7.23,613,4096,14.97,4607.26,4464.71,12.02,2614.28,7798.91,0,113,79711,0,
2026-03-25T04:18:00+00:00,ATM-GB-0003,host-atm-gb-0003,Windows-Server-2019,8.39,1413,4096,34.5,727.55,1722.68,171.84,4689.2,693.86,0,103,28355,0,
2026-03-25T04:18:00+00:00,ATM-GB-0004,host-atm-gb-0004,Windows-Server-2019,34.41,572,4096,13.96,4045.18,867.55,52.98,3972.62,6688.34,0,110,65935,0,
2026-03-25T04:19:00+00:00,ATM-GB-0001,host-atm-gb-0001,Windows-Server-2019,24.17,1451,4096,35.42,3877.99,790.96,118.89,3085.58,8570.64,0,107,63296,0,
2026-03-25T04:19:00+00:00,ATM-GB-0002,host-atm-gb-0002,Windows-Server-2019,10.51,594,4096,14.5,1792.4,316.9,112.2,8846.92,4886.21,0,100,45476,0,
2026-03-25T04:19:00+00:00,ATM-GB-0003,host-atm-gb-0003,Windows-Server-2019,20.67,800,4096,19.53,3717.21,677.57,38.83,2518.97,8524.82,0,118,49246,0,
2026-03-25T04:19:00+00:00,ATM-GB-0004,host-atm-gb-0004,Windows-Server-2019,31.41,1305,4096,31.86,3198.05,1273.79,145.6,9282.56,5418.51,0,94,56302,0,
2026-03-25T04:20:00+00:00,ATM-GB-0001,host-atm-gb-0001,Windows-Server-2019,24.89,907,4096,22.14,1895.52,4291.48,56.01,8201.37,6752.37,0,93,27405,0,
2026-03-25T04:20:00+00:00,ATM-GB-0002,host-atm-gb-0002,Windows-Server-2019,17.59,1449,4096,35.38,832.06,3545.39,97.53,9409.73,7060.08,0,102,60328,0,
2026-03-25T04:20:00+00:00,ATM-GB-0003,host-atm-gb-0003,Windows-Server-2019,11.47,1496,4096,36.52,1509.48,346.73,43.34,9602.85,9345.74,0,82,24310,0,
2026-03-25T04:20:00+00:00,ATM-GB-0004,host-atm-gb-0004,Windows-Server-2019,20.0,810,4096,19.78,2189.94,2761.4,136.7,7007.31,5438.11,0,107,25695,0,
2026-03-25T04:21:00+00:00,ATM-GB-0001,host-atm-gb-0001,Windows-Server-2019,29.15,1162,4096,28.37,4741.65,2406.05,185.44,9991.83,3877.13,0,94,16413,0,
2026-03-25T04:21:00+00:00,ATM-GB-0002,host-atm-gb-0002,Windows-Server-2019,14.7,1153,4096,28.15,968.75,4214.85,34.99,2316.86,9736.69,0,108,40614,0,
2026-03-25T04:21:00+00:00,ATM-GB-0003,host-atm-gb-0003,Windows-Server-2019,32.26,438,4096,10.69,1567.62,1185.63,111.86,2201.81,3217.52,0,96,78035,0,
2026-03-25T04:21:00+00:00,ATM-GB-0004,host-atm-gb-0004,Windows-Server-2019,6.37,1440,4096,35.16,2529.42,1043.2,24.43,2148.97,6091.71,0,89,56296,0,
2026-03-25T04:22:00+00:00,ATM-GB-0001,host-atm-gb-0001,Windows-Server-2019,32.39,896,4096,21.88,1911.66,4603.07,118.29,7944.36,3126.33,0,97,46745,0,
2026-03-25T04:22:00+00:00,ATM-GB-0002,host-atm-gb-0002,Windows-Server-2019,12.97,1190,4096,29.05,1437.69,4627.15,149.05,6790.6,3670.25,0,112,47635,0,
2026-03-25T04:22:00+00:00,ATM-GB-0003,host-atm-gb-0003,Windows-Server-2019,11.97,1036,4096,25.29,4310.0,2177.8,80.39,9464.41,1042.52,0,85,56534,0,
2026-03-25T04:22:00+00:00,ATM-GB-0004,host-atm-gb-0004,Windows-Server-2019,29.93,467,4096,11.4,2187.87,909.57,90.93,5521.69,1011.67,0,104,30967,0,
2026-03-25T04:23:00+00:00,ATM-GB-0001,host-atm-gb-0001,Windows-Server-2019,28.23,615,4096,15.01,2255.78,1672.96,13.4,1697.5,5106.05,0,106,54785,0,
2026-03-25T04:23:00+00:00,ATM-GB-0002,host-atm-gb-0002,Windows-Server-2019,10.76,1253,4096,30.59,1025.02,2480.04,18.03,9228.12,6904.08,0,88,43086,0,
2026-03-25T04:23:00+00:00,ATM-GB-0003,host-atm-gb-0003,Windows-Server-2019,38.79,456,4096,11.13,217.16,2898.85,43.4,1322.45,5285.03,0,90,66609,0,
2026-03-25T04:23:00+00:00,ATM-GB-0004,host-atm-gb-0004,Windows-Server-2019,20.41,835,4096,20.39,4509.06,2653.24,13.13,9093.19,6367.97,0,82,31494,0,
2026-03-25T04:24:00+00:00,ATM-GB-0001,host-atm-gb-0001,Windows-Server-2019,16.15,475,4096,11.6,2316.37,1240.91,32.84,3107.97,648.94,0,84,37352,0,
2026-03-25T04:24:00+00:00,ATM-GB-0002,host-atm-gb-0002,Windows-Server-2019,31.41,1263,4096,30.83,4909.57,3120.23,133.55,1563.04,4673.13,0,108,14772,0,
2026-03-25T04:24:00+00:00,ATM-GB-0003,host-atm-gb-0003,Windows-Server-2019,35.13,851,4096,20.78,3999.08,2120.35,81.33,7070.12,3931.05,0,91,37821,0,
2026-03-25T04:24:00+00:00,ATM-GB-0004,host-atm-gb-0004,Windows-Server-2019,5.78,951,4096,23.22,3413.91,3780.05,78.19,1145.1,2804.13,0,101,69479,0,
2026-03-25T04:25:00+00:00,ATM-GB-0001,host-atm-gb-0001,Windows-Server-2019,27.06,1273,4096,31.08,241.4,3397.23,117.47,9079.53,670.41,0,86,68352,0,
2026-03-25T04:25:00+00:00,ATM-GB-0002,host-atm-gb-0002,Windows-Server-2019,36.84,1329,4096,32.45,4054.58,1159.78,45.27,7823.15,1228.82,0,96,17427,0,
2026-03-25T04:25:00+00:00,ATM-GB-0003,host-atm-gb-0003,Windows-Server-2019,13.49,766,4096,18.7,3316.28,1939.84,51.32,2582.73,9734.44,0,91,12305,0,
2026-03-25T04:25:00+00:00,ATM-GB-0004,host-atm-gb-0004,Windows-Server-2019,18.14,1281,4096,31.27,4611.51,4472.52,129.36,9414.38,7221.16,0,112,52934,0,
2026-03-25T04:26:00+00:00,ATM-GB-0001,host-atm-gb-0001,Windows-Server-2019,35.92,664,4096,16.21,3189.26,2457.17,22.1,6379.86,9373.58,0,102,3824,0,
2026-03-25T04:26:00+00:00,ATM-GB-0002,host-atm-gb-0002,Windows-Server-2019,21.33,834,4096,20.36,3994.63,4265.35,135.44,3240.74,7436.6,0,97,79200,0,
2026-03-25T04:26:00+00:00,ATM-GB-0003,host-atm-gb-0003,Windows-Server-2019,5.46,896,4096,21.88,577.53,4889.81,199.83,9588.99,4259.65,0,92,29839,0,
2026-03-25T04:26:00+00:00,ATM-GB-0004,host-atm-gb-0004,Windows-Server-2019,18.1,1240,4096,30.27,1751.64,2190.29,26.98,104.69,4396.6,0,98,59645,0,
2026-03-25T04:27:00+00:00,ATM-GB-0001,host-atm-gb-0001,Windows-Server-2019,17.53,1382,4096,33.74,3959.17,3044.44,48.9,42.71,2025.52,0,107,5396,0,
2026-03-25T04:27:00+00:00,ATM-GB-0002,host-atm-gb-0002,Windows-Server-2019,7.33,1255,4096,30.64,2251.5,180.47,15.21,3251.32,7347.7,0,119,64177,0,
2026-03-25T04:27:00+00:00,ATM-GB-0003,host-atm-gb-0003,Windows-Server-2019,8.2,747,4096,18.24,2003.08,4054.44,195.21,9490.12,3895.04,0,105,83700,0,
2026-03-25T04:27:00+00:00,ATM-GB-0004,host-atm-gb-0004,Windows-Server-2019,20.07,1227,4096,29.96,4641.99,2312.94,162.46,7094.89,1477.58,0,97,61511,0,
2026-03-25T04:28:00+00:00,ATM-GB-0001,host-atm-gb-0001,Windows-Server-2019,6.77,477,4096,11.65,4474.86,3082.58,27.02,4040.72,3022.52,0,117,47681,0,
2026-03-25T04:28:00+00:00,ATM-GB-0002,host-atm-gb-0002,Windows-Server-2019,30.71,1498,4096,36.57,4514.97,3192.24,82.03,7817.71,6202.43,0,85,43253,0,
2026-03-25T04:28:00+00:00,ATM-GB-0003,host-atm-gb-0003,Windows-Server-2019,28.63,719,4096,17.55,634.86,1456.3,98.69,5725.87,4213.45,0,88,31523,0,
2026-03-25T04:28:00+00:00,ATM-GB-0004,host-atm-gb-0004,Windows-Server-2019,26.11,1049,4096,25.61,3914.48,3416.48,175.59,5226.26,8318.24,0,109,53774,0,
2026-03-25T04:29:00+00:00,ATM-GB-0001,host-atm-gb-0001,Windows-Server-2019,9.28,785,4096,19.17,1310.34,1837.52,178.59,1834.82,2657.48,0,115,67368,0,
2026-03-25T04:29:00+00:00,ATM-GB-0002,host-atm-gb-0002,Windows-Server-2019,23.86,592,4096,14.45,717.09,378.96,13.01,7901.76,6454.6,0,120,14518,0,
2026-03-25T04:29:00+00:00,ATM-GB-0003,host-atm-gb-0003,Windows-Server-2019,34.7,461,4096,11.25,2137.18,248.94,144.28,8522.5,1943.32,0,90,49528,0,
2026-03-25T04:29:00+00:00,ATM-GB-0004,host-atm-gb-0004,Windows-Server-2019,26.5,743,4096,18.14,2279.09,3474.64,193.4,9027.95,9864.22,0,120,71317,0,
2026-03-25T04:30:00+00:00,ATM-GB-0001,host-atm-gb-0001,Windows-Server-2019,14.97,411,4096,10.03,2270.28,555.63,131.49,6116.22,2570.38,0,111,51283,0,
2026-03-25T04:30:00+00:00,ATM-GB-0002,host-atm-gb-0002,Windows-Server-2019,6.04,1478,4096,36.08,196.55,495.23,27.77,4322.88,7820.06,0,87,85639,0,
2026-03-25T04:30:00+00:00,ATM-GB-0003,host-atm-gb-0003,Windows-Server-2019,35.16,1204,4096,29.39,4287.8,4494.9,39.5,6535.81,2706.95,0,117,39695,0,
2026-03-25T04:30:00+00:00,ATM-GB-0004,host-atm-gb-0004,Windows-Server-2019,5.78,596,4096,14.55,4632.33,220.83,56.0,712.8,3170.54,0,92,67827,0,
2026-03-25T04:31:00+00:00,ATM-GB-0001,host-atm-gb-0001,Windows-Server-2019,5.87,816,4096,19.92,4596.66,4198.25,11.74,3375.16,9886.6,0,88,80728,0,
2026-03-25T04:31:00+00:00,ATM-GB-0002,host-atm-gb-0002,Windows-Server-2019,22.7,960,4096,23.44,4228.48,2234.68,28.0,2711.0,3258.84,0,94,82540,0,
2026-03-25T04:31:00+00:00,ATM-GB-0003,host-atm-gb-0003,Windows-Server-2019,30.19,859,4096,20.97,3995.72,3885.41,105.52,3286.89,8858.13,0,102,80350,0,
2026-03-25T04:31:00+00:00,ATM-GB-0004,host-atm-gb-0004,Windows-Server-2019,14.13,823,4096,20.09,3719.63,2599.17,105.01,7939.51,2368.18,0,106,46803,0,
2026-03-25T04:32:00+00:00,ATM-GB-0001,host-atm-gb-0001,Windows-Server-2019,11.57,751,4096,18.33,3488.03,579.46,60.08,8586.07,9769.95,0,106,31342,0,
2026-03-25T04:32:00+00:00,ATM-GB-0002,host-atm-gb-0002,Windows-Server-2019,24.93,917,4096,22.39,2812.83,462.08,153.24,3053.34,949.82,0,104,74320,0,
2026-03-25T04:32:00+00:00,ATM-GB-0003,host-atm-gb-0003,Windows-Server-2019,36.75,1357,4096,33.13,1219.25,1571.99,147.81,756.75,8532.46,0,119,32044,0,
2026-03-25T04:32:00+00:00,ATM-GB-0004,host-atm-gb-0004,Windows-Server-2019,35.84,1011,4096,24.68,4915.31,2675.78,24.75,8949.35,2674.62,0,80,29283,0,
2026-03-25T04:33:00+00:00,ATM-GB-0001,host-atm-gb-0001,Windows-Server-2019,20.36,1328,4096,32.42,4276.57,741.91,30.14,265.63,1336.13,0,100,48231,0,
2026-03-25T04:33:00+00:00,ATM-GB-0002,host-atm-gb-0002,Windows-Server-2019,7.28,1473,4096,35.96,2018.11,2248.12,106.0,8439.73,2112.06,0,96,16189,0,
2026-03-25T04:33:00+00:00,ATM-GB-0003,host-atm-gb-0003,Windows-Server-2019,6.56,1086,4096,26.51,272.67,4754.37,63.31,1131.7,8957.75,0,93,46969,0,
2026-03-25T04:33:00+00:00,ATM-GB-0004,host-atm-gb-0004,Windows-Server-2019,35.29,419,4096,10.23,4207.66,579.55,113.54,2195.48,9630.01,0,102,48087,0,
2026-03-25T04:34:00+00:00,ATM-GB-0001,host-atm-gb-0001,Windows-Server-2019,35.64,1332,4096,32.52,1208.12,3492.22,33.79,9472.96,5673.69,0,108,63778,0,
2026-03-25T04:34:00+00:00,ATM-GB-0002,host-atm-gb-0002,Windows-Server-2019,20.25,998,4096,24.37,344.76,3835.65,97.75,8878.35,7840.94,0,107,57373,0,
2026-03-25T04:34:00+00:00,ATM-GB-0003,host-atm-gb-0003,Windows-Server-2019,12.46,592,4096,14.45,570.46,2992.14,162.1,1830.78,7062.58,0,81,6841,0,
2026-03-25T04:34:00+00:00,ATM-GB-0004,host-atm-gb-0004,Windows-Server-2019,12.51,404,4096,9.86,1135.08,903.67,155.39,3405.78,8799.52,0,104,73960,0,
2026-03-25T04:35:00+00:00,ATM-GB-0001,host-atm-gb-0001,Windows-Server-2019,15.32,912,4096,22.27,1776.9,1904.87,177.17,8938.49,7299.52,0,101,9180,0,
2026-03-25T04:35:00+00:00,ATM-GB-0002,host-atm-gb-0002,Windows-Server-2019,39.89,683,4096,16.67,1413.67,1876.88,91.92,4621.5,3707.39,0,86,78216,0,
2026-03-25T04:35:00+00:00,ATM-GB-0003,host-atm-gb-0003,Windows-Server-2019,11.85,1048,4096,25.59,4267.48,277.29,85.46,4947.85,5440.72,0,91,74153,0,
2026-03-25T04:35:00+00:00,ATM-GB-0004,host-atm-gb-0004,Windows-Server-2019,9.65,923,4096,22.53,4857.44,2667.82,69.5,4739.55,2577.78,0,118,33360,0,
2026-03-25T04:36:00+00:00,ATM-GB-0001,host-atm-gb-0001,Windows-Server-2019,8.7,456,4096,11.13,702.29,2186.53,82.29,4338.73,7240.1,0,93,6611,0,
2026-03-25T04:36:00+00:00,ATM-GB-0002,host-atm-gb-0002,Windows-Server-2019,34.19,492,4096,12.01,322.3,2958.41,104.05,2311.71,5243.43,0,90,4521,0,
2026-03-25T04:36:00+00:00,ATM-GB-0003,host-atm-gb-0003,Windows-Server-2019,23.24,419,4096,10.23,3481.2,1345.77,93.2,5112.57,2538.89,0,113,42591,0,
2026-03-25T04:36:00+00:00,ATM-GB-0004,host-atm-gb-0004,Windows-Server-2019,13.73,877,4096,21.41,4490.72,1180.55,13.23,5237.14,1739.63,0,106,26796,0,
2026-03-25T04:37:00+00:00,ATM-GB-0001,host-atm-gb-0001,Windows-Server-2019,18.46,1061,4096,25.9,1938.0,1198.33,108.31,6449.42,7129.13,0,105,38583,0,
2026-03-25T04:37:00+00:00,ATM-GB-0002,host-atm-gb-0002,Windows-Server-2019,19.95,448,4096,10.94,943.08,2105.27,117.33,8136.58,8474.2,0,99,23753,0,
2026-03-25T04:37:00+00:00,ATM-GB-0003,host-atm-gb-0003,Windows-Server-2019,18.73,450,4096,10.99,3654.36,4507.64,128.3,7966.61,3082.02,0,115,69382,0,
2026-03-25T04:37:00+00:00,ATM-GB-0004,host-atm-gb-0004,Windows-Server-2019,6.77,1209,4096,29.52,605.19,3977.45,10.76,1870.03,6923.38,0,87,30602,0,
2026-03-25T04:38:00+00:00,ATM-GB-0001,host-atm-gb-0001,Windows-Server-2019,36.25,1293,4096,31.57,2552.27,4009.11,35.62,8189.82,1560.19,0,89,33138,0,
2026-03-25T04:38:00+00:00,ATM-GB-0002,host-atm-gb-0002,Windows-Server-2019,28.97,1093,4096,26.68,3053.36,4306.99,73.3,5523.92,5864.39,0,114,54960,0,
2026-03-25T04:38:00+00:00,ATM-GB-0003,host-atm-gb-0003,Windows-Server-2019,19.23,1206,4096,29.44,2335.84,2213.18,47.12,886.8,2262.26,0,103,50123,0,
2026-03-25T04:38:00+00:00,ATM-GB-0004,host-atm-gb-0004,Windows-Server-2019,26.5,785,4096,19.17,2410.5,984.72,76.53,6983.72,7852.09,0,105,8996,0,
2026-03-25T04:39:00+00:00,ATM-GB-0001,host-atm-gb-0001,Windows-Server-2019,36.07,762,4096,18.6,2552.24,4758.41,17.85,691.1,7646.53,0,98,47937,0,
2026-03-25T04:39:00+00:00,ATM-GB-0002,host-atm-gb-0002,Windows-Server-2019,7.0,826,4096,20.17,3040.58,4913.24,94.14,9157.84,977.95,0,99,60915,0,
2026-03-25T04:39:00+00:00,ATM-GB-0003,host-atm-gb-0003,Windows-Server-2019,31.46,1030,4096,25.15,2702.43,4142.86,34.53,3627.14,3501.65,0,108,8908,0,
2026-03-25T04:39:00+00:00,ATM-GB-0004,host-atm-gb-0004,Windows-Server-2019,20.01,597,4096,14.58,3916.7,2264.63,64.5,4851.63,3237.33,0,108,28045,0,
2026-03-25T04:40:00+00:00,ATM-GB-0001,host-atm-gb-0001,Windows-Server-2019,33.67,1398,4096,34.13,2331.71,3163.67,136.54,1934.94,5152.08,0,105,80248,0,
2026-03-25T04:40:00+00:00,ATM-GB-0002,host-atm-gb-0002,Windows-Server-2019,11.26,1233,4096,30.1,4224.9,2572.42,20.23,2854.5,3539.74,0,80,67984,0,
2026-03-25T04:40:00+00:00,ATM-GB-0003,host-atm-gb-0003,Windows-Server-2019,19.3,773,4096,18.87,645.91,1121.4,142.54,7481.73,958.6,0,80,15105,0,
2026-03-25T04:40:00+00:00,ATM-GB-0004,host-atm-gb-0004,Windows-Server-2019,22.08,1480,4096,36.13,572.48,2927.96,44.56,8950.16,7825.04,0,95,75109,0,
2026-03-25T04:41:00+00:00,ATM-GB-0001,host-atm-gb-0001,Windows-Server-2019,31.23,1356,4096,33.11,4488.49,2493.5,105.87,3888.39,7585.71,0,83,71969,0,
2026-03-25T04:41:00+00:00,ATM-GB-0002,host-atm-gb-0002,Windows-Server-2019,10.12,1480,4096,36.13,1042.28,935.79,127.37,3675.02,1731.71,0,114,40940,0,
2026-03-25T04:41:00+00:00,ATM-GB-0003,host-atm-gb-0003,Windows-Server-2019,22.37,767,4096,18.73,1292.78,7.35,122.95,355.22,2537.16,0,109,71279,0,
2026-03-25T04:41:00+00:00,ATM-GB-0004,host-atm-gb-0004,Windows-Server-2019,22.2,1291,4096,31.52,1362.45,1486.59,86.69,9305.28,1305.95,0,106,83757,0,
2026-03-25T04:42:00+00:00,ATM-GB-0001,host-atm-gb-0001,Windows-Server-2019,23.39,1441,4096,35.18,3026.27,3884.69,186.77,1277.17,5058.76,0,87,33428,0,
2026-03-25T04:42:00+00:00,ATM-GB-0002,host-atm-gb-0002,Windows-Server-2019,35.2,834,4096,20.36,3800.91,3306.36,129.22,3841.81,939.03,0,86,63064,0,
2026-03-25T04:42:00+00:00,ATM-GB-0003,host-atm-gb-0003,Windows-Server-2019,23.24,756,4096,18.46,1513.46,958.96,91.15,7672.4,3768.79,0,94,39978,0,
2026-03-25T04:42:00+00:00,ATM-GB-0004,host-atm-gb-0004,Windows-Server-2019,5.2,1444,4096,35.25,4268.06,3849.16,189.27,4512.04,8705.99,0,81,85979,0,
2026-03-25T04:43:00+00:00,ATM-GB-0001,host-atm-gb-0001,Windows-Server-2019,9.85,1084,4096,26.46,3945.37,141.06,197.34,1923.0,8337.41,0,93,37219,0,
2026-03-25T04:43:00+00:00,ATM-GB-0002,host-atm-gb-0002,Windows-Server-2019,39.39,1379,4096,33.67,3557.17,1353.23,164.56,8046.15,5266.1,0,82,86203,0,
2026-03-25T04:43:00+00:00,ATM-GB-0003,host-atm-gb-0003,Windows-Server-2019,34.4,1226,4096,29.93,3653.19,3688.38,106.99,436.27,4101.21,0,90,40663,0,
2026-03-25T04:43:00+00:00,ATM-GB-0004,host-atm-gb-0004,Windows-Server-2019,23.14,1302,4096,31.79,4004.69,1821.7,96.98,1147.03,7974.5,0,107,59521,0,
2026-03-25T04:44:00+00:00,ATM-GB-0001,host-atm-gb-0001,Windows-Server-2019,10.13,472,4096,11.52,823.07,841.47,127.17,9712.29,9270.1,0,100,16035,0,
2026-03-25T04:44:00+00:00,ATM-GB-0002,host-atm-gb-0002,Windows-Server-2019,18.59,596,4096,14.55,4203.18,1078.39,130.96,2251.25,5780.36,0,115,37273,0,
2026-03-25T04:44:00+00:00,ATM-GB-0003,host-atm-gb-0003,Windows-Server-2019,25.65,1229,4096,30.0,3433.97,1474.0,151.81,5220.02,696.57,0,115,73108,0,
2026-03-25T04:44:00+00:00,ATM-GB-0004,host-atm-gb-0004,Windows-Server-2019,21.13,880,4096,21.48,3693.05,37.19,119.05,2166.51,4048.07,0,93,31392,0,
2026-03-25T04:45:00+00:00,ATM-GB-0001,host-atm-gb-0001,Windows-Server-2019,7.35,915,4096,22.34,1032.54,2160.52,165.6,7987.55,5907.51,0,87,6840,0,
2026-03-25T04:45:00+00:00,ATM-GB-0002,host-atm-gb-0002,Windows-Server-2019,37.41,1089,4096,26.59,2089.47,205.88,149.52,2408.23,157.08,0,81,15404,0,
2026-03-25T04:45:00+00:00,ATM-GB-0003,host-atm-gb-0003,Windows-Server-2019,20.91,1037,4096,25.32,4076.78,3291.14,77.27,3208.8,6581.25,0,102,67235,0,
2026-03-25T04:45:00+00:00,ATM-GB-0004,host-atm-gb-0004,Windows-Server-2019,34.25,794,4096,19.38,1249.53,2017.43,146.67,4768.7,4387.72,0,103,52171,0,
2026-03-25T04:46:00+00:00,ATM-GB-0001,host-atm-gb-0001,Windows-Server-2019,6.37,874,4096,21.34,4954.02,3114.64,146.28,36.05,4610.27,0,117,5262,0,
2026-03-25T04:46:00+00:00,ATM-GB-0002,host-atm-gb-0002,Windows-Server-2019,7.99,548,4096,13.38,1364.19,2361.4,54.92,3755.75,7377.45,0,83,41249,0,
2026-03-25T04:46:00+00:00,ATM-GB-0003,host-atm-gb-0003,Windows-Server-2019,25.38,1057,4096,25.81,3748.22,3549.11,108.14,6309.26,895.82,0,116,53431,0,
2026-03-25T04:46:00+00:00,ATM-GB-0004,host-atm-gb-0004,Windows-Server-2019,36.6,554,4096,13.53,3843.81,2901.8,163.23,5882.98,3842.98,0,118,59603,0,
2026-03-25T04:47:00+00:00,ATM-GB-0001,host-atm-gb-0001,Windows-Server-2019,29.24,952,4096,23.24,3415.86,4052.34,68.26,1060.04,6015.04,0,102,18295,0,
2026-03-25T04:47:00+00:00,ATM-GB-0002,host-atm-gb-0002,Windows-Server-2019,12.07,1399,4096,34.16,4257.15,1691.9,141.68,6505.42,1787.17,0,116,21031,0,
2026-03-25T04:47:00+00:00,ATM-GB-0003,host-atm-gb-0003,Windows-Server-2019,20.12,846,4096,20.65,2887.16,1598.3,63.02,5368.19,6044.96,0,118,69302,0,
2026-03-25T04:47:00+00:00,ATM-GB-0004,host-atm-gb-0004,Windows-Server-2019,37.81,963,4096,23.51,789.59,497.84,99.17,5833.33,3327.1,0,82,69968,0,
2026-03-25T04:48:00+00:00,ATM-GB-0001,host-atm-gb-0001,Windows-Server-2019,21.62,888,4096,21.68,3806.7,2101.33,163.12,2801.7,4075.92,0,83,44351,0,
2026-03-25T04:48:00+00:00,ATM-GB-0002,host-atm-gb-0002,Windows-Server-2019,38.85,1189,4096,29.03,1085.34,1556.52,189.16,2673.07,9568.25,0,113,83842,0,
2026-03-25T04:48:00+00:00,ATM-GB-0003,host-atm-gb-0003,Windows-Server-2019,12.62,1327,4096,32.4,947.39,4230.82,129.18,904.32,8146.73,0,85,20432,0,
2026-03-25T04:48:00+00:00,ATM-GB-0004,host-atm-gb-0004,Windows-Server-2019,29.9,1476,4096,36.04,1592.32,812.67,180.79,2546.91,3121.18,0,116,84372,0,
2026-03-25T04:49:00+00:00,ATM-GB-0001,host-atm-gb-0001,Windows-Server-2019,8.75,1240,4096,30.27,2025.85,473.13,162.96,8771.58,7633.63,0,85,27452,0,
2026-03-25T04:49:00+00:00,ATM-GB-0002,host-atm-gb-0002,Windows-Server-2019,25.4,941,4096,22.97,3751.06,3863.33,143.79,3945.41,9173.79,0,105,7175,0,
2026-03-25T04:49:00+00:00,ATM-GB-0003,host-atm-gb-0003,Windows-Server-2019,24.32,831,4096,20.29,4070.15,750.0,160.52,8198.27,6775.46,0,116,6124,0,
2026-03-25T04:49:00+00:00,ATM-GB-0004,host-atm-gb-0004,Windows-Server-2019,19.11,647,4096,15.8,4301.16,3376.77,108.61,3122.25,1071.5,0,85,52975,0,
2026-03-25T04:50:00+00:00,ATM-GB-0001,host-atm-gb-0001,Windows-Server-2019,12.81,633,4096,15.45,4705.24,1656.4,168.05,5528.02,4342.26,0,114,59914,0,
2026-03-25T04:50:00+00:00,ATM-GB-0002,host-atm-gb-0002,Windows-Server-2019,9.83,409,4096,9.99,1611.91,4735.38,149.01,1437.46,374.1,0,99,85472,0,
2026-03-25T04:50:00+00:00,ATM-GB-0003,host-atm-gb-0003,Windows-Server-2019,35.4,1146,4096,27.98,1079.34,829.36,25.0,5242.71,2810.56,0,109,9235,0,
2026-03-25T04:50:00+00:00,ATM-GB-0004,host-atm-gb-0004,Windows-Server-2019,39.35,455,4096,11.11,483.44,572.82,136.73,627.93,184.79,0,109,52510,0,
2026-03-25T04:51:00+00:00,ATM-GB-0001,host-atm-gb-0001,Windows-Server-2019,5.7,681,4096,16.63,1272.38,1724.05,163.09,3818.6,9044.91,0,92,80293,0,
2026-03-25T04:51:00+00:00,ATM-GB-0002,host-atm-gb-0002,Windows-Server-2019,39.15,1178,4096,28.76,2979.69,1771.77,34.94,5183.72,6485.91,0,96,48522,0,
2026-03-25T04:51:00+00:00,ATM-GB-0003,host-atm-gb-0003,Windows-Server-2019,20.36,1254,4096,30.62,3224.4,2761.5,71.96,6983.97,7837.58,0,100,39032,0,
2026-03-25T04:51:00+00:00,ATM-GB-0004,host-atm-gb-0004,Windows-Server-2019,28.4,523,4096,12.77,664.55,464.09,69.9,5363.43,2406.36,0,97,39913,0,
2026-03-25T04:52:00+00:00,ATM-GB-0001,host-atm-gb-0001,Windows-Server-2019,39.21,1310,4096,31.98,558.93,1646.57,100.52,3784.38,8614.12,0,97,53310,0,
2026-03-25T04:52:00+00:00,ATM-GB-0002,host-atm-gb-0002,Windows-Server-2019,22.85,727,4096,17.75,3592.23,839.86,159.51,2438.66,5982.66,0,95,41061,0,
2026-03-25T04:52:00+00:00,ATM-GB-0003,host-atm-gb-0003,Windows-Server-2019,14.57,575,4096,14.04,42.93,3634.53,50.36,6341.08,3399.02,0,105,23465,0,
2026-03-25T04:52:00+00:00,ATM-GB-0004,host-atm-gb-0004,Windows-Server-2019,21.91,642,4096,15.67,2080.65,797.22,171.47,2644.9,7926.74,0,119,32833,0,
2026-03-25T04:53:00+00:00,ATM-GB-0001,host-atm-gb-0001,Windows-Server-2019,11.26,1048,4096,25.59,500.21,124.27,27.97,3881.17,8721.19,0,87,76796,0,
2026-03-25T04:53:00+00:00,ATM-GB-0002,host-atm-gb-0002,Windows-Server-2019,12.22,483,4096,11.79,1417.21,2534.09,187.11,6955.86,3466.24,0,86,23709,0,
2026-03-25T04:53:00+00:00,ATM-GB-0003,host-atm-gb-0003,Windows-Server-2019,27.77,861,4096,21.02,3450.84,2083.56,82.24,3948.71,3063.75,0,85,24660,0,
2026-03-25T04:53:00+00:00,ATM-GB-0004,host-atm-gb-0004,Windows-Server-2019,25.05,822,4096,20.07,1406.81,4622.85,21.07,6363.53,606.34,0,94,69055,0,
2026-03-25T04:54:00+00:00,ATM-GB-0001,host-atm-gb-0001,Windows-Server-2019,7.73,1175,4096,28.69,2830.73,2865.51,102.84,3726.4,1134.88,0,111,7635,0,
2026-03-25T04:54:00+00:00,ATM-GB-0002,host-atm-gb-0002,Windows-Server-2019,11.96,1411,4096,34.45,2544.87,2023.53,17.84,2041.44,457.08,0,115,41778,0,
2026-03-25T04:54:00+00:00,ATM-GB-0003,host-atm-gb-0003,Windows-Server-2019,11.15,1318,4096,32.18,2701.74,3448.55,130.72,6491.25,6616.86,0,87,79639,0,
2026-03-25T04:54:00+00:00,ATM-GB-0004,host-atm-gb-0004,Windows-Server-2019,18.19,1333,4096,32.54,161.55,21.8,158.76,3488.71,3855.91,0,82,8096,0,
2026-03-25T04:55:00+00:00,ATM-GB-0001,host-atm-gb-0001,Windows-Server-2019,22.98,1205,4096,29.42,3418.29,4697.89,158.34,563.01,7870.11,0,91,20797,0,
2026-03-25T04:55:00+00:00,ATM-GB-0002,host-atm-gb-0002,Windows-Server-2019,37.3,1441,4096,35.18,4808.04,3325.54,87.67,9492.4,6702.53,0,104,36823,0,
2026-03-25T04:55:00+00:00,ATM-GB-0003,host-atm-gb-0003,Windows-Server-2019,20.96,897,4096,21.9,2664.8,148.72,158.93,3540.29,3893.41,0,97,10660,0,
2026-03-25T04:55:00+00:00,ATM-GB-0004,host-atm-gb-0004,Windows-Server-2019,29.21,1394,4096,34.03,2588.08,2334.12,19.23,3088.15,9842.63,0,120,35577,0,
2026-03-25T04:56:00+00:00,ATM-GB-0001,host-atm-gb-0001,Windows-Server-2019,24.85,877,4096,21.41,1646.38,2843.33,94.93,7536.81,4145.83,0,83,63518,0,
2026-03-25T04:56:00+00:00,ATM-GB-0002,host-atm-gb-0002,Windows-Server-2019,33.7,1054,4096,25.73,2695.23,4298.14,133.89,1693.26,9902.18,0,91,44683,0,
2026-03-25T04:56:00+00:00,ATM-GB-0003,host-atm-gb-0003,Windows-Server-2019,29.15,898,4096,21.92,4981.02,2299.81,23.6,4618.66,4197.26,0,89,49894,0,
2026-03-25T04:56:00+00:00,ATM-GB-0004,host-atm-gb-0004,Windows-Server-2019,26.27,828,4096,20.21,1974.5,1616.89,169.69,5576.52,8633.73,0,90,32301,0,
2026-03-25T04:57:00+00:00,ATM-GB-0001,host-atm-gb-0001,Windows-Server-2019,5.52,1237,4096,30.2,4443.91,1938.39,147.97,9763.73,4464.77,0,99,5611,0,
2026-03-25T04:57:00+00:00,ATM-GB-0002,host-atm-gb-0002,Windows-Server-2019,26.59,779,4096,19.02,1411.78,726.76,22.62,2307.43,9764.18,0,80,42861,0,
2026-03-25T04:57:00+00:00,ATM-GB-0003,host-atm-gb-0003,Windows-Server-2019,11.72,1439,4096,35.13,2562.69,3751.73,90.36,2477.82,6684.6,0,112,77610,0,
2026-03-25T04:57:00+00:00,ATM-GB-0004,host-atm-gb-0004,Windows-Server-2019,19.01,841,4096,20.53,2502.93,4675.81,44.75,9849.42,3147.33,0,81,74713,0,
2026-03-25T04:58:00+00:00,ATM-GB-0001,host-atm-gb-0001,Windows-Server-2019,28.57,501,4096,12.23,217.1,3918.82,150.7,9877.52,3814.14,0,92,26305,0,
2026-03-25T04:58:00+00:00,ATM-GB-0002,host-atm-gb-0002,Windows-Server-2019,36.56,1087,4096,26.54,2043.46,4222.36,22.88,2428.54,6969.1,0,86,12007,0,
2026-03-25T04:58:00+00:00,ATM-GB-0003,host-atm-gb-0003,Windows-Server-2019,19.03,1328,4096,32.42,676.66,2672.16,162.13,5592.61,7911.85,0,114,24426,0,
2026-03-25T04:58:00+00:00,ATM-GB-0004,host-atm-gb-0004,Windows-Server-2019,25.6,417,4096,10.18,3196.68,2633.52,74.87,8182.85,8582.26,0,118,60579,0,
2026-03-25T04:59:00+00:00,ATM-GB-0001,host-atm-gb-0001,Windows-Server-2019,24.9,845,4096,20.63,335.46,1259.45,150.49,9668.24,6743.02,0,103,60122,0,
2026-03-25T04:59:00+00:00,ATM-GB-0002,host-atm-gb-0002,Windows-Server-2019,22.93,404,4096,9.86,4484.0,706.13,173.93,5519.63,4208.87,0,86,59527,0,
2026-03-25T04:59:00+00:00,ATM-GB-0003,host-atm-gb-0003,Windows-Server-2019,23.31,501,4096,12.23,709.71,3902.94,197.87,9949.02,2121.99,0,120,27956,0,
2026-03-25T04:59:00+00:00,ATM-GB-0004,host-atm-gb-0004,Windows-Server-2019,32.04,660,4096,16.11,1165.6,1086.55,39.0,9698.67,5036.97,0,113,75657,0,
2026-03-25T05:00:00+00:00,ATM-GB-0001,host-atm-gb-0001,Windows-Server-2019,29.88,1321,4096,32.25,3032.49,997.76,171.78,9883.58,3262.07,0,95,77233,0,
2026-03-25T05:00:00+00:00,ATM-GB-0002,host-atm-gb-0002,Windows-Server-2019,9.78,600,4096,14.65,2291.13,3947.24,122.27,1932.88,9664.1,0,111,80750,0,
2026-03-25T05:00:00+00:00,ATM-GB-0003,host-atm-gb-0003,Windows-Server-2019,26.66,1469,4096,35.86,1797.56,2748.1,73.06,5912.77,5524.11,0,86,37272,0,
2026-03-25T05:00:00+00:00,ATM-GB-0004,host-atm-gb-0004,Windows-Server-2019,5.19,982,4096,23.97,3401.55,1795.1,173.58,8909.28,2939.18,0,82,69044,0,
2026-03-25T05:01:00+00:00,ATM-GB-0001,host-atm-gb-0001,Windows-Server-2019,20.81,594,4096,14.5,4691.11,2363.55,186.54,7563.36,3383.98,0,109,25749,0,
2026-03-25T05:01:00+00:00,ATM-GB-0002,host-atm-gb-0002,Windows-Server-2019,30.68,948,4096,23.14,748.55,590.48,174.34,4291.09,6454.57,0,86,35479,0,
2026-03-25T05:01:00+00:00,ATM-GB-0003,host-atm-gb-0003,Windows-Server-2019,35.53,733,4096,17.9,1156.34,380.21,33.46,8364.02,5097.69,0,84,23014,0,
2026-03-25T05:01:00+00:00,ATM-GB-0004,host-atm-gb-0004,Windows-Server-2019,25.37,1082,4096,26.42,3982.78,113.57,164.87,2101.19,6993.44,0,109,42330,0,
2026-03-25T05:02:00+00:00,ATM-GB-0001,host-atm-gb-0001,Windows-Server-2019,19.36,891,4096,21.75,389.4,3156.85,133.21,4032.34,9552.92,0,99,55066,0,
2026-03-25T05:02:00+00:00,ATM-GB-0002,host-atm-gb-0002,Windows-Server-2019,19.09,1209,4096,29.52,4832.0,798.45,164.57,744.13,2052.17,0,85,84107,0,
2026-03-25T05:02:00+00:00,ATM-GB-0003,host-atm-gb-0003,Windows-Server-2019,23.62,744,4096,18.16,2404.01,918.57,37.33,6074.47,3648.81,0,94,48858,0,
2026-03-25T05:02:00+00:00,ATM-GB-0004,host-atm-gb-0004,Windows-Server-2019,38.08,1003,4096,24.49,592.18,600.3,85.67,9540.34,9435.58,0,88,78066,0,
2026-03-25T05:03:00+00:00,ATM-GB-0001,host-atm-gb-0001,Windows-Server-2019,25.52,926,4096,22.61,1655.55,1216.72,116.96,2657.21,9232.7,0,86,48704,0,
2026-03-25T05:03:00+00:00,ATM-GB-0002,host-atm-gb-0002,Windows-Server-2019,7.81,950,4096,23.19,2515.32,475.23,71.2,2786.02,8962.17,0,87,85975,0,
2026-03-25T05:03:00+00:00,ATM-GB-0003,host-atm-gb-0003,Windows-Server-2019,16.17,640,4096,15.62,1623.38,34.18,90.81,6450.02,4755.28,0,110,34094,0,
2026-03-25T05:03:00+00:00,ATM-GB-0004,host-atm-gb-0004,Windows-Server-2019,11.12,1307,4096,31.91,4726.69,1506.35,118.32,9420.59,5583.45,0,81,8772,0,
2026-03-25T05:04:00+00:00,ATM-GB-0001,host-atm-gb-0001,Windows-Server-2019,6.79,751,4096,18.33,4248.18,420.03,109.62,2538.38,6044.97,0,83,79652,0,
2026-03-25T05:04:00+00:00,ATM-GB-0002,host-atm-gb-0002,Windows-Server-2019,20.82,963,4096,23.51,4608.78,270.27,156.03,5899.35,6622.54,0,88,4655,0,
2026-03-25T05:04:00+00:00,ATM-GB-0003,host-atm-gb-0003,Windows-Server-2019,39.71,896,4096,21.88,715.0,4030.08,120.2,6317.82,7803.19,0,102,13833,0,
2026-03-25T05:04:00+00:00,ATM-GB-0004,host-atm-gb-0004,Windows-Server-2019,24.35,1261,4096,30.79,1883.45,3920.68,67.63,5818.69,5152.36,0,90,75109,0,
2026-03-25T05:05:00+00:00,ATM-GB-0001,host-atm-gb-0001,Windows-Server-2019,18.68,539,4096,13.16,3820.59,562.07,107.31,5291.16,960.27,0,105,18256,0,
2026-03-25T05:05:00+00:00,ATM-GB-0002,host-atm-gb-0002,Windows-Server-2019,25.36,916,4096,22.36,4324.51,1345.19,169.41,8994.85,2568.18,0,115,81994,0,
2026-03-25T05:05:00+00:00,ATM-GB-0003,host-atm-gb-0003,Windows-Server-2019,21.37,537,4096,13.11,863.11,906.07,146.04,555.54,5568.91,0,109,28127,0,
2026-03-25T05:05:00+00:00,ATM-GB-0004,host-atm-gb-0004,Windows-Server-2019,20.41,1470,4096,35.89,2307.23,4679.64,89.34,1780.3,6399.73,0,103,20281,0,
2026-03-25T05:06:00+00:00,ATM-GB-0001,host-atm-gb-0001,Windows-Server-2019,24.52,492,4096,12.01,4897.75,430.45,110.1,4003.87,5436.98,0,101,74387,0,
2026-03-25T05:06:00+00:00,ATM-GB-0002,host-atm-gb-0002,Windows-Server-2019,30.26,1114,4096,27.2,417.12,2266.0,94.83,3400.4,5840.01,0,93,62342,0,
2026-03-25T05:06:00+00:00,ATM-GB-0003,host-atm-gb-0003,Windows-Server-2019,15.05,995,4096,24.29,4693.01,3404.47,91.06,3399.69,7716.19,0,104,7903,0,
2026-03-25T05:06:00+00:00,ATM-GB-0004,host-atm-gb-0004,Windows-Server-2019,39.24,794,4096,19.38,1795.64,4199.67,115.56,7941.14,1096.09,0,94,5110,0,
2026-03-25T05:07:00+00:00,ATM-GB-0001,host-atm-gb-0001,Windows-Server-2019,11.71,608,4096,14.84,357.07,1496.87,154.42,24.67,889.72,0,86,40012,0,
2026-03-25T05:07:00+00:00,ATM-GB-0002,host-atm-gb-0002,Windows-Server-2019,10.09,485,4096,11.84,4311.08,1865.62,116.82,7370.4,2029.8,0,87,44619,0,
2026-03-25T05:07:00+00:00,ATM-GB-0003,host-atm-gb-0003,Windows-Server-2019,33.28,878,4096,21.44,1038.65,1024.26,182.19,4546.95,1978.36,0,114,48893,0,
2026-03-25T05:07:00+00:00,ATM-GB-0004,host-atm-gb-0004,Windows-Server-2019,25.11,723,4096,17.65,3124.54,4717.72,74.46,8148.45,9003.15,0,83,16552,0,
2026-03-25T05:08:00+00:00,ATM-GB-0001,host-atm-gb-0001,Windows-Server-2019,35.52,1381,4096,33.72,1713.64,348.61,68.72,6181.12,5393.65,0,81,8529,0,
2026-03-25T05:08:00+00:00,ATM-GB-0002,host-atm-gb-0002,Windows-Server-2019,25.3,1418,4096,34.62,3260.18,4805.21,49.53,9564.48,434.84,0,92,45823,0,
2026-03-25T05:08:00+00:00,ATM-GB-0003,host-atm-gb-0003,Windows-Server-2019,33.1,1204,4096,29.39,1483.22,4362.8,184.85,2516.53,786.02,0,91,64447,0,
2026-03-25T05:08:00+00:00,ATM-GB-0004,host-atm-gb-0004,Windows-Server-2019,35.3,525,4096,12.82,3290.74,89.97,107.98,942.38,5499.72,0,90,85817,0,
2026-03-25T05:09:00+00:00,ATM-GB-0001,host-atm-gb-0001,Windows-Server-2019,37.09,553,4096,13.5,4490.55,2623.13,177.55,9493.43,8718.82,0,93,76574,0,
2026-03-25T05:09:00+00:00,ATM-GB-0002,host-atm-gb-0002,Windows-Server-2019,17.55,1255,4096,30.64,3066.65,3704.23,195.57,6046.5,1376.2,0,106,61254,0,
2026-03-25T05:09:00+00:00,ATM-GB-0003,host-atm-gb-0003,Windows-Server-2019,6.16,1248,4096,30.47,2402.25,241.66,185.21,5029.32,3017.03,0,96,44221,0,
2026-03-25T05:09:00+00:00,ATM-GB-0004,host-atm-gb-0004,Windows-Server-2019,31.13,801,4096,19.56,1583.93,4914.49,199.58,743.82,5307.53,0,82,67944,0,
2026-03-25T05:10:00+00:00,ATM-GB-0001,host-atm-gb-0001,Windows-Server-2019,33.85,1032,4096,25.2,4838.27,2856.97,22.02,1618.23,5253.9,0,89,38473,0,
2026-03-25T05:10:00+00:00,ATM-GB-0002,host-atm-gb-0002,Windows-Server-2019,26.62,749,4096,18.29,275.44,2172.57,26.15,9357.31,7909.17,0,81,9318,0,
2026-03-25T05:10:00+00:00,ATM-GB-0003,host-atm-gb-0003,Windows-Server-2019,10.88,1495,4096,36.5,4868.18,2653.32,199.02,1374.07,7096.19,0,87,80064,0,
2026-03-25T05:10:00+00:00,ATM-GB-0004,host-atm-gb-0004,Windows-Server-2019,16.5,1375,4096,33.57,1904.42,2205.72,103.7,2164.17,3947.47,0,101,75028,0,
2026-03-25T05:11:00+00:00,ATM-GB-0001,host-atm-gb-0001,Windows-Server-2019,7.41,797,4096,19.46,3093.95,3810.12,118.65,108.16,3150.93,0,99,75713,0,
2026-03-25T05:11:00+00:00,ATM-GB-0002,host-atm-gb-0002,Windows-Server-2019,22.38,1415,4096,34.55,1338.25,2166.15,116.17,1811.22,4547.14,0,101,32067,0,
2026-03-25T05:11:00+00:00,ATM-GB-0003,host-atm-gb-0003,Windows-Server-2019,31.91,878,4096,21.44,3143.68,4570.69,13.41,7351.49,6982.2,0,90,48597,0,
2026-03-25T05:11:00+00:00,ATM-GB-0004,host-atm-gb-0004,Windows-Server-2019,19.0,1080,4096,26.37,1735.3,1040.79,117.3,5722.8,454.14,0,91,49033,0,
2026-03-25T05:12:00+00:00,ATM-GB-0001,host-atm-gb-0001,Windows-Server-2019,20.72,815,4096,19.9,462.43,2149.99,89.65,1993.83,3374.27,0,104,58375,0,
2026-03-25T05:12:00+00:00,ATM-GB-0002,host-atm-gb-0002,Windows-Server-2019,38.56,858,4096,20.95,4134.18,3975.69,14.67,841.47,8277.94,0,108,64509,0,
2026-03-25T05:12:00+00:00,ATM-GB-0003,host-atm-gb-0003,Windows-Server-2019,36.35,1140,4096,27.83,1347.39,4056.67,163.38,3694.56,7399.48,0,106,68717,0,
2026-03-25T05:12:00+00:00,ATM-GB-0004,host-atm-gb-0004,Windows-Server-2019,6.87,952,4096,23.24,2600.22,114.45,135.72,9524.83,4995.66,0,108,25818,0,
2026-03-25T05:13:00+00:00,ATM-GB-0001,host-atm-gb-0001,Windows-Server-2019,13.09,780,4096,19.04,4349.24,880.02,126.23,1436.67,5766.52,0,102,23209,0,
2026-03-25T05:13:00+00:00,ATM-GB-0002,host-atm-gb-0002,Windows-Server-2019,29.24,703,4096,17.16,4169.41,1013.01,144.49,5441.52,7638.15,0,112,18089,0,
2026-03-25T05:13:00+00:00,ATM-GB-0003,host-atm-gb-0003,Windows-Server-2019,7.22,1338,4096,32.67,276.95,4148.42,175.36,1330.17,4226.73,0,114,85823,0,
2026-03-25T05:13:00+00:00,ATM-GB-0004,host-atm-gb-0004,Windows-Server-2019,18.32,967,4096,23.61,4952.92,682.44,91.24,4770.67,1685.37,0,98,67645,0,
2026-03-25T05:14:00+00:00,ATM-GB-0001,host-atm-gb-0001,Windows-Server-2019,7.32,742,4096,18.12,4527.54,3424.06,16.37,8450.81,8006.05,0,98,41683,0,
2026-03-25T05:14:00+00:00,ATM-GB-0002,host-atm-gb-0002,Windows-Server-2019,35.25,1077,4096,26.29,2432.88,3578.26,97.77,976.25,3849.28,0,82,68681,0,
2026-03-25T05:14:00+00:00,ATM-GB-0003,host-atm-gb-0003,Windows-Server-2019,25.07,769,4096,18.77,4092.2,2834.57,95.38,4268.01,1893.15,0,118,66929,0,
2026-03-25T05:14:00+00:00,ATM-GB-0004,host-atm-gb-0004,Windows-Server-2019,27.6,1095,4096,26.73,2508.76,676.98,175.19,9497.15,2347.94,0,86,37309,0,
2026-03-25T05:15:00+00:00,ATM-GB-0001,host-atm-gb-0001,Windows-Server-2019,37.33,532,4096,12.99,632.5,1460.63,48.98,872.59,3061.92,0,95,79323,0,
2026-03-25T05:15:00+00:00,ATM-GB-0002,host-atm-gb-0002,Windows-Server-2019,11.27,1046,4096,25.54,3975.07,2355.88,167.92,5598.37,8341.17,0,105,32412,0,
2026-03-25T05:15:00+00:00,ATM-GB-0003,host-atm-gb-0003,Windows-Server-2019,31.73,1485,4096,36.25,431.84,4926.87,100.42,793.0,9938.87,0,114,23888,0,
2026-03-25T05:15:00+00:00,ATM-GB-0004,host-atm-gb-0004,Windows-Server-2019,34.87,556,4096,13.57,3691.49,384.03,25.68,2155.38,748.01,0,96,51460,0,
2026-03-25T05:16:00+00:00,ATM-GB-0001,host-atm-gb-0001,Windows-Server-2019,17.51,617,4096,15.06,2202.67,1383.82,56.84,3557.56,8331.13,0,118,40018,0,
2026-03-25T05:16:00+00:00,ATM-GB-0002,host-atm-gb-0002,Windows-Server-2019,14.58,431,4096,10.52,4048.96,2368.36,23.38,6843.23,5759.35,0,83,55186,0,
2026-03-25T05:16:00+00:00,ATM-GB-0003,host-atm-gb-0003,Windows-Server-2019,22.61,967,4096,23.61,2851.24,952.31,110.13,788.74,545.46,0,101,14450,0,
2026-03-25T05:16:00+00:00,ATM-GB-0004,host-atm-gb-0004,Windows-Server-2019,24.03,1229,4096,30.0,3672.79,1619.38,194.19,3357.59,1165.39,0,103,33663,0,
2026-03-25T05:17:00+00:00,ATM-GB-0001,host-atm-gb-0001,Windows-Server-2019,11.0,912,4096,22.27,2605.44,465.05,148.24,6591.1,7937.75,0,93,30384,0,
2026-03-25T05:17:00+00:00,ATM-GB-0002,host-atm-gb-0002,Windows-Server-2019,19.68,968,4096,23.63,4955.18,3421.3,112.93,1407.45,5574.82,0,105,79579,0,
2026-03-25T05:17:00+00:00,ATM-GB-0003,host-atm-gb-0003,Windows-Server-2019,39.41,1466,4096,35.79,3467.45,2271.84,52.65,4629.5,1282.33,0,81,41861,0,
2026-03-25T05:17:00+00:00,ATM-GB-0004,host-atm-gb-0004,Windows-Server-2019,8.05,632,4096,15.43,3646.85,1610.68,182.85,6261.31,8421.76,0,108,74776,0,
2026-03-25T05:18:00+00:00,ATM-GB-0001,host-atm-gb-0001,Windows-Server-2019,28.63,1136,4096,27.73,1279.61,432.13,191.25,2904.53,899.26,0,85,14063,0,
2026-03-25T05:18:00+00:00,ATM-GB-0002,host-atm-gb-0002,Windows-Server-2019,16.53,553,4096,13.5,3632.1,454.1,198.7,2683.97,5479.6,0,85,56355,0,
2026-03-25T05:18:00+00:00,ATM-GB-0003,host-atm-gb-0003,Windows-Server-2019,9.27,905,4096,22.09,1074.85,1090.07,52.74,5078.89,8837.92,0,84,42180,0,
2026-03-25T05:18:00+00:00,ATM-GB-0004,host-atm-gb-0004,Windows-Server-2019,7.86,926,4096,22.61,4199.27,3382.2,123.41,1909.28,6246.54,0,115,71451,0,
2026-03-25T05:19:00+00:00,ATM-GB-0001,host-atm-gb-0001,Windows-Server-2019,39.09,496,4096,12.11,4084.37,1456.7,138.33,3439.97,1245.73,0,88,4866,0,
2026-03-25T05:19:00+00:00,ATM-GB-0002,host-atm-gb-0002,Windows-Server-2019,14.26,1459,4096,35.62,3189.77,850.81,114.63,2313.99,9622.58,0,115,83946,0,
2026-03-25T05:19:00+00:00,ATM-GB-0003,host-atm-gb-0003,Windows-Server-2019,29.07,711,4096,17.36,2819.32,163.37,144.02,5074.85,5508.14,0,101,24924,0,
2026-03-25T05:19:00+00:00,ATM-GB-0004,host-atm-gb-0004,Windows-Server-2019,17.88,1061,4096,25.9,4830.53,1411.99,106.78,1656.48,5442.0,0,93,8769,0,
2026-03-25T05:20:00+00:00,ATM-GB-0001,host-atm-gb-0001,Windows-Server-2019,23.32,1205,4096,29.42,2403.03,2166.44,190.67,9602.57,2018.69,0,118,53041,0,
2026-03-25T05:20:00+00:00,ATM-GB-0002,host-atm-gb-0002,Windows-Server-2019,17.38,1444,4096,35.25,4763.92,2827.57,25.59,8642.35,2156.46,0,104,34811,0,
2026-03-25T05:20:00+00:00,ATM-GB-0003,host-atm-gb-0003,Windows-Server-2019,9.54,1427,4096,34.84,1592.5,2828.4,31.38,5069.1,730.57,0,91,37761,0,
2026-03-25T05:20:00+00:00,ATM-GB-0004,host-atm-gb-0004,Windows-Server-2019,29.45,1060,4096,25.88,1363.83,958.86,96.04,7904.02,2420.85,0,92,75093,0,
2026-03-25T05:21:00+00:00,ATM-GB-0001,host-atm-gb-0001,Windows-Server-2019,22.26,588,4096,14.36,3776.16,1365.94,17.54,1969.68,1008.11,0,80,73581,0,
2026-03-25T05:21:00+00:00,ATM-GB-0002,host-atm-gb-0002,Windows-Server-2019,34.86,1471,4096,35.91,4497.3,4115.14,137.2,2438.91,4708.33,0,89,78563,0,
2026-03-25T05:21:00+00:00,ATM-GB-0003,host-atm-gb-0003,Windows-Server-2019,12.64,1431,4096,34.94,2971.0,1879.18,33.57,3636.57,4513.0,0,99,51515,0,
2026-03-25T05:21:00+00:00,ATM-GB-0004,host-atm-gb-0004,Windows-Server-2019,30.05,1207,4096,29.47,1069.74,3077.77,61.1,3316.58,7541.38,0,112,5447,0,
2026-03-25T05:22:00+00:00,ATM-GB-0001,host-atm-gb-0001,Windows-Server-2019,33.23,711,4096,17.36,1214.23,3191.96,58.0,6690.07,272.01,0,118,48639,0,
2026-03-25T05:22:00+00:00,ATM-GB-0002,host-atm-gb-0002,Windows-Server-2019,22.4,495,4096,12.08,276.32,4683.63,11.88,7024.73,7420.05,0,120,59306,0,
2026-03-25T05:22:00+00:00,ATM-GB-0003,host-atm-gb-0003,Windows-Server-2019,7.08,1241,4096,30.3,777.58,3240.81,121.35,1191.46,1774.56,0,103,84714,0,
2026-03-25T05:22:00+00:00,ATM-GB-0004,host-atm-gb-0004,Windows-Server-2019,8.01,1395,4096,34.06,3936.41,458.83,123.5,9992.68,3512.02,0,85,25525,0,
2026-03-25T05:23:00+00:00,ATM-GB-0001,host-atm-gb-0001,Windows-Server-2019,11.43,929,4096,22.68,612.33,3789.45,162.44,3188.46,6172.14,0,100,16950,0,
2026-03-25T05:23:00+00:00,ATM-GB-0002,host-atm-gb-0002,Windows-Server-2019,37.3,449,4096,10.96,3553.43,2557.1,25.49,4615.81,5897.26,0,107,53508,0,
2026-03-25T05:23:00+00:00,ATM-GB-0003,host-atm-gb-0003,Windows-Server-2019,23.2,569,4096,13.89,4999.89,2695.69,162.85,7838.22,4347.88,0,90,23059,0,
2026-03-25T05:23:00+00:00,ATM-GB-0004,host-atm-gb-0004,Windows-Server-2019,5.12,664,4096,16.21,3101.57,2620.85,135.17,5199.48,6111.04,0,97,45170,0,
2026-03-25T05:24:00+00:00,ATM-GB-0001,host-atm-gb-0001,Windows-Server-2019,17.91,841,4096,20.53,4868.74,668.5,41.66,7533.36,4541.66,0,101,84328,0,
2026-03-25T05:24:00+00:00,ATM-GB-0002,host-atm-gb-0002,Windows-Server-2019,29.58,1055,4096,25.76,3455.96,1520.08,17.35,2483.32,2008.6,0,101,68942,0,
2026-03-25T05:24:00+00:00,ATM-GB-0003,host-atm-gb-0003,Windows-Server-2019,35.65,1219,4096,29.76,2177.05,2593.38,33.35,2021.01,5079.34,0,119,53957,0,
2026-03-25T05:24:00+00:00,ATM-GB-0004,host-atm-gb-0004,Windows-Server-2019,23.05,420,4096,10.25,598.32,544.92,81.92,1926.48,4278.64,0,83,31051,0,
2026-03-25T05:25:00+00:00,ATM-GB-0001,host-atm-gb-0001,Windows-Server-2019,28.34,856,4096,20.9,4990.61,1699.11,139.62,2516.34,1129.4,0,104,15571,0,
2026-03-25T05:25:00+00:00,ATM-GB-0002,host-atm-gb-0002,Windows-Server-2019,30.45,403,4096,9.84,2607.4,3997.61,92.5,1327.42,6029.26,0,120,70955,0,
2026-03-25T05:25:00+00:00,ATM-GB-0003,host-atm-gb-0003,Windows-Server-2019,8.95,420,4096,10.25,3926.27,2147.1,177.39,8343.14,1482.62,0,114,63767,0,
2026-03-25T05:25:00+00:00,ATM-GB-0004,host-atm-gb-0004,Windows-Server-2019,7.32,712,4096,17.38,4755.72,3273.13,128.5,4495.13,7638.2,0,104,55598,0,
2026-03-25T05:26:00+00:00,ATM-GB-0001,host-atm-gb-0001,Windows-Server-2019,33.38,1276,4096,31.15,3507.96,2296.56,74.39,7217.15,1753.65,0,101,66040,0,
2026-03-25T05:26:00+00:00,ATM-GB-0002,host-atm-gb-0002,Windows-Server-2019,21.39,533,4096,13.01,4991.96,4648.9,13.99,2202.01,6712.61,0,90,44458,0,
2026-03-25T05:26:00+00:00,ATM-GB-0003,host-atm-gb-0003,Windows-Server-2019,36.63,1247,4096,30.44,4115.47,1127.1,199.6,7332.79,4487.13,0,88,40457,0,
2026-03-25T05:26:00+00:00,ATM-GB-0004,host-atm-gb-0004,Windows-Server-2019,16.24,1262,4096,30.81,1643.96,850.09,110.37,5046.69,115.13,0,91,79642,0,
2026-03-25T05:27:00+00:00,ATM-GB-0001,host-atm-gb-0001,Windows-Server-2019,10.78,996,4096,24.32,2977.95,2073.31,40.34,9508.78,5801.43,0,95,19556,0,
2026-03-25T05:27:00+00:00,ATM-GB-0002,host-atm-gb-0002,Windows-Server-2019,19.31,578,4096,14.11,1150.65,1667.56,139.67,4858.63,5471.4,0,99,70375,0,
2026-03-25T05:27:00+00:00,ATM-GB-0003,host-atm-gb-0003,Windows-Server-2019,18.03,1150,4096,28.08,2417.59,1960.69,15.96,1962.11,9846.17,0,93,46720,0,
2026-03-25T05:27:00+00:00,ATM-GB-0004,host-atm-gb-0004,Windows-Server-2019,7.17,487,4096,11.89,2008.09,1767.23,49.02,8479.47,4167.65,0,84,61533,0,
2026-03-25T05:28:00+00:00,ATM-GB-0001,host-atm-gb-0001,Windows-Server-2019,29.93,1246,4096,30.42,3052.0,2494.31,48.76,9291.21,9313.98,0,90,4268,0,
2026-03-25T05:28:00+00:00,ATM-GB-0002,host-atm-gb-0002,Windows-Server-2019,32.42,1438,4096,35.11,1039.21,3101.88,192.39,7476.39,6272.6,0,102,30930,0,
2026-03-25T05:28:00+00:00,ATM-GB-0003,host-atm-gb-0003,Windows-Server-2019,36.32,866,4096,21.14,2973.17,4119.94,85.35,6345.99,5478.15,0,93,78036,0,
2026-03-25T05:28:00+00:00,ATM-GB-0004,host-atm-gb-0004,Windows-Server-2019,7.85,499,4096,12.18,3490.56,4803.45,42.76,6021.63,1351.59,0,115,22583,0,
2026-03-25T05:29:00+00:00,ATM-GB-0001,host-atm-gb-0001,Windows-Server-2019,22.3,1271,4096,31.03,2623.09,679.93,89.34,5226.21,7018.4,0,83,6704,0,
2026-03-25T05:29:00+00:00,ATM-GB-0002,host-atm-gb-0002,Windows-Server-2019,23.24,546,4096,13.33,1005.05,1278.78,11.94,7761.79,1955.6,0,104,72003,0,
2026-03-25T05:29:00+00:00,ATM-GB-0003,host-atm-gb-0003,Windows-Server-2019,18.2,767,4096,18.73,3928.62,886.61,192.37,2559.19,6365.44,0,105,40067,0,
2026-03-25T05:29:00+00:00,ATM-GB-0004,host-atm-gb-0004,Windows-Server-2019,23.16,553,4096,13.5,4250.15,183.49,62.1,8057.73,8002.67,0,93,36973,0,
2026-03-25T05:30:00+00:00,ATM-GB-0001,host-atm-gb-0001,Windows-Server-2019,27.65,1254,4096,30.62,1471.1,2808.4,13.73,4826.41,1649.35,0,120,50660,0,
2026-03-25T05:30:00+00:00,ATM-GB-0002,host-atm-gb-0002,Windows-Server-2019,8.24,1391,4096,33.96,1350.51,3133.32,98.04,2351.5,1070.06,0,81,40096,0,
2026-03-25T05:30:00+00:00,ATM-GB-0003,host-atm-gb-0003,Windows-Server-2019,6.62,732,4096,17.87,4192.84,4339.59,141.88,832.53,2349.73,0,116,83090,0,
2026-03-25T05:30:00+00:00,ATM-GB-0004,host-atm-gb-0004,Windows-Server-2019,15.52,489,4096,11.94,335.84,276.17,117.07,1453.71,3104.03,0,119,5014,0,
2026-03-25T05:31:00+00:00,ATM-GB-0001,host-atm-gb-0001,Windows-Server-2019,30.3,1315,4096,32.1,1797.62,1326.54,142.36,1732.63,2349.66,0,118,32197,0,
2026-03-25T05:31:00+00:00,ATM-GB-0002,host-atm-gb-0002,Windows-Server-2019,14.26,500,4096,12.21,3721.22,199.21,181.02,4314.58,226.79,0,84,83205,0,
2026-03-25T05:31:00+00:00,ATM-GB-0003,host-atm-gb-0003,Windows-Server-2019,30.62,482,4096,11.77,1651.21,3679.2,63.1,7571.75,7198.35,0,105,15752,0,
2026-03-25T05:31:00+00:00,ATM-GB-0004,host-atm-gb-0004,Windows-Server-2019,39.52,654,4096,15.97,2937.32,4525.44,77.94,2669.86,9548.19,0,113,39146,0,
2026-03-25T05:32:00+00:00,ATM-GB-0001,host-atm-gb-0001,Windows-Server-2019,5.46,1419,4096,34.64,1917.91,933.04,25.64,4266.32,4926.02,0,85,49011,0,
2026-03-25T05:32:00+00:00,ATM-GB-0002,host-atm-gb-0002,Windows-Server-2019,39.09,1180,4096,28.81,528.3,1985.98,175.81,7318.71,8162.41,0,108,34255,0,
2026-03-25T05:32:00+00:00,ATM-GB-0003,host-atm-gb-0003,Windows-Server-2019,13.47,1209,4096,29.52,509.09,2584.72,109.8,2887.32,8344.95,0,83,43609,0,
2026-03-25T05:32:00+00:00,ATM-GB-0004,host-atm-gb-0004,Windows-Server-2019,22.42,1447,4096,35.33,2080.07,3613.8,173.5,7523.82,9830.56,0,94,50585,0,
2026-03-25T05:33:00+00:00,ATM-GB-0001,host-atm-gb-0001,Windows-Server-2019,24.49,847,4096,20.68,2815.13,2489.83,61.5,8518.87,6122.14,0,118,61748,0,
2026-03-25T05:33:00+00:00,ATM-GB-0002,host-atm-gb-0002,Windows-Server-2019,16.15,870,4096,21.24,3310.85,870.42,184.62,1142.93,636.5,0,118,84231,0,
2026-03-25T05:33:00+00:00,ATM-GB-0003,host-atm-gb-0003,Windows-Server-2019,32.56,1114,4096,27.2,1203.98,2540.66,154.31,7441.98,1735.7,0,97,45032,0,
2026-03-25T05:33:00+00:00,ATM-GB-0004,host-atm-gb-0004,Windows-Server-2019,18.93,827,4096,20.19,4650.5,2546.26,26.2,3023.63,8966.4,0,95,14886,0,
2026-03-25T05:34:00+00:00,ATM-GB-0001,host-atm-gb-0001,Windows-Server-2019,10.48,416,4096,10.16,4212.86,2521.66,144.73,8485.26,3622.45,0,98,57366,0,
2026-03-25T05:34:00+00:00,ATM-GB-0002,host-atm-gb-0002,Windows-Server-2019,16.02,1103,4096,26.93,3998.51,1099.61,194.99,1990.17,5633.79,0,118,24671,0,
2026-03-25T05:34:00+00:00,ATM-GB-0003,host-atm-gb-0003,Windows-Server-2019,12.0,438,4096,10.69,4649.37,4528.57,163.04,7207.89,6071.17,0,107,65356,0,
2026-03-25T05:34:00+00:00,ATM-GB-0004,host-atm-gb-0004,Windows-Server-2019,17.53,1405,4096,34.3,234.65,3691.63,52.42,218.05,1064.0,0,109,28309,0,
2026-03-25T05:35:00+00:00,ATM-GB-0001,host-atm-gb-0001,Windows-Server-2019,13.04,515,4096,12.57,727.48,4242.72,110.04,9590.88,800.93,0,105,13245,0,
2026-03-25T05:35:00+00:00,ATM-GB-0002,host-atm-gb-0002,Windows-Server-2019,26.82,996,4096,24.32,3363.51,502.05,73.4,6631.11,341.64,0,88,17810,0,
2026-03-25T05:35:00+00:00,ATM-GB-0003,host-atm-gb-0003,Windows-Server-2019,24.88,1209,4096,29.52,3167.44,4690.09,198.19,4358.19,1475.19,0,99,12506,0,
2026-03-25T05:35:00+00:00,ATM-GB-0004,host-atm-gb-0004,Windows-Server-2019,32.34,969,4096,23.66,1671.88,3715.51,75.96,8372.45,444.77,0,112,59985,0,
2026-03-25T05:36:00+00:00,ATM-GB-0001,host-atm-gb-0001,Windows-Server-2019,32.4,1284,4096,31.35,683.21,2421.86,20.55,4885.7,7322.74,0,83,29102,0,
2026-03-25T05:36:00+00:00,ATM-GB-0002,host-atm-gb-0002,Windows-Server-2019,12.25,667,4096,16.28,2034.61,4750.27,192.89,8315.36,6898.61,0,103,39478,0,
2026-03-25T05:36:00+00:00,ATM-GB-0003,host-atm-gb-0003,Windows-Server-2019,31.37,881,4096,21.51,2124.54,1180.51,146.7,3211.37,5999.24,0,108,22609,0,
2026-03-25T05:36:00+00:00,ATM-GB-0004,host-atm-gb-0004,Windows-Server-2019,20.14,1247,4096,30.44,4560.24,20.61,138.71,5300.47,839.5,0,103,62531,0,
2026-03-25T05:37:00+00:00,ATM-GB-0001,host-atm-gb-0001,Windows-Server-2019,6.03,1495,4096,36.5,2161.72,899.07,167.33,244.0,9888.09,0,94,8656,0,
2026-03-25T05:37:00+00:00,ATM-GB-0002,host-atm-gb-0002,Windows-Server-2019,10.03,982,4096,23.97,3125.0,3906.67,56.01,2551.16,7363.96,0,111,82625,0,
2026-03-25T05:37:00+00:00,ATM-GB-0003,host-atm-gb-0003,Windows-Server-2019,18.88,952,4096,23.24,4623.48,4380.11,160.77,7228.77,4751.81,0,85,15985,0,
2026-03-25T05:37:00+00:00,ATM-GB-0004,host-atm-gb-0004,Windows-Server-2019,27.01,1203,4096,29.37,3052.96,2919.99,138.41,3511.27,1231.78,0,111,39836,0,
2026-03-25T05:38:00+00:00,ATM-GB-0001,host-atm-gb-0001,Windows-Server-2019,34.99,826,4096,20.17,2843.57,1160.89,197.35,3504.62,5596.85,0,108,78611,0,
2026-03-25T05:38:00+00:00,ATM-GB-0002,host-atm-gb-0002,Windows-Server-2019,22.23,443,4096,10.82,2141.51,572.98,143.13,9883.73,1307.61,0,112,63141,0,
2026-03-25T05:38:00+00:00,ATM-GB-0003,host-atm-gb-0003,Windows-Server-2019,21.95,1261,4096,30.79,3174.21,2291.25,136.96,2892.83,8270.98,0,104,26882,0,
2026-03-25T05:38:00+00:00,ATM-GB-0004,host-atm-gb-0004,Windows-Server-2019,37.15,628,4096,15.33,2448.4,2219.66,25.41,1492.23,5507.16,0,112,5634,0,
2026-03-25T05:39:00+00:00,ATM-GB-0001,host-atm-gb-0001,Windows-Server-2019,35.55,1052,4096,25.68,1749.29,3380.51,100.55,9343.48,2123.02,0,114,60360,0,
2026-03-25T05:39:00+00:00,ATM-GB-0002,host-atm-gb-0002,Windows-Server-2019,16.49,1168,4096,28.52,147.61,3155.19,131.93,8759.34,8802.32,0,83,36915,0,
2026-03-25T05:39:00+00:00,ATM-GB-0003,host-atm-gb-0003,Windows-Server-2019,26.09,1407,4096,34.35,4454.53,579.4,40.28,2858.69,142.95,0,117,14365,0,
2026-03-25T05:39:00+00:00,ATM-GB-0004,host-atm-gb-0004,Windows-Server-2019,14.35,755,4096,18.43,3215.96,2971.37,60.09,7196.78,4823.08,0,108,49107,0,
2026-03-25T05:40:00+00:00,ATM-GB-0001,host-atm-gb-0001,Windows-Server-2019,26.8,829,4096,20.24,556.33,4574.22,53.04,4451.17,8998.52,0,89,23508,0,
2026-03-25T05:40:00+00:00,ATM-GB-0002,host-atm-gb-0002,Windows-Server-2019,30.16,927,4096,22.63,4633.57,3424.41,25.77,7108.31,866.92,0,103,80940,0,
2026-03-25T05:40:00+00:00,ATM-GB-0003,host-atm-gb-0003,Windows-Server-2019,34.33,1132,4096,27.64,4338.98,179.82,113.43,6248.24,8547.58,0,118,61174,0,
2026-03-25T05:40:00+00:00,ATM-GB-0004,host-atm-gb-0004,Windows-Server-2019,22.04,1129,4096,27.56,1311.88,4007.66,137.2,7617.01,8103.05,0,108,62655,0,
2026-03-25T05:41:00+00:00,ATM-GB-0001,host-atm-gb-0001,Windows-Server-2019,25.38,1403,4096,34.25,2480.76,189.28,119.89,6151.16,2.85,0,89,17386,0,
2026-03-25T05:41:00+00:00,ATM-GB-0002,host-atm-gb-0002,Windows-Server-2019,30.12,1070,4096,26.12,4076.66,261.36,180.7,4806.86,4390.2,0,99,14162,0,
2026-03-25T05:41:00+00:00,ATM-GB-0003,host-atm-gb-0003,Windows-Server-2019,26.25,1085,4096,26.49,3864.94,2628.25,127.58,9522.2,8063.15,0,111,66122,0,
2026-03-25T05:41:00+00:00,ATM-GB-0004,host-atm-gb-0004,Windows-Server-2019,7.1,834,4096,20.36,1917.14,2615.77,169.81,9519.74,4898.66,0,97,13240,0,
2026-03-25T05:42:00+00:00,ATM-GB-0001,host-atm-gb-0001,Windows-Server-2019,35.61,1081,4096,26.39,213.59,4647.36,124.79,6162.47,4625.72,0,90,86063,0,
2026-03-25T05:42:00+00:00,ATM-GB-0002,host-atm-gb-0002,Windows-Server-2019,20.33,500,4096,12.21,4895.63,148.48,71.33,6458.64,4743.23,0,107,42496,0,
2026-03-25T05:42:00+00:00,ATM-GB-0003,host-atm-gb-0003,Windows-Server-2019,20.53,676,4096,16.5,869.15,2884.6,149.53,1270.65,3680.84,0,110,31807,0,
2026-03-25T05:42:00+00:00,ATM-GB-0004,host-atm-gb-0004,Windows-Server-2019,20.18,1361,4096,33.23,4240.56,1194.13,162.78,9043.59,9446.75,0,114,25975,0,
2026-03-25T05:43:00+00:00,ATM-GB-0001,host-atm-gb-0001,Windows-Server-2019,19.52,428,4096,10.45,2965.96,1233.34,95.17,653.08,3630.25,0,93,70684,0,
2026-03-25T05:43:00+00:00,ATM-GB-0002,host-atm-gb-0002,Windows-Server-2019,26.89,457,4096,11.16,2972.27,3002.86,134.65,1534.86,288.18,0,116,29545,0,
2026-03-25T05:43:00+00:00,ATM-GB-0003,host-atm-gb-0003,Windows-Server-2019,11.22,875,4096,21.36,3942.55,1029.79,159.39,7505.6,6020.49,0,83,40410,0,
2026-03-25T05:43:00+00:00,ATM-GB-0004,host-atm-gb-0004,Windows-Server-2019,19.78,1056,4096,25.78,857.37,4749.72,118.38,5777.4,9673.03,0,116,25057,0,
2026-03-25T05:44:00+00:00,ATM-GB-0001,host-atm-gb-0001,Windows-Server-2019,17.29,1391,4096,33.96,4040.47,1378.7,163.41,3045.62,7119.88,0,105,10536,0,
2026-03-25T05:44:00+00:00,ATM-GB-0002,host-atm-gb-0002,Windows-Server-2019,6.52,884,4096,21.58,1566.04,1747.13,89.46,3916.58,9699.97,0,86,59971,0,
2026-03-25T05:44:00+00:00,ATM-GB-0003,host-atm-gb-0003,Windows-Server-2019,23.77,726,4096,17.72,1546.0,89.78,194.67,8679.97,3686.03,0,96,15706,0,
2026-03-25T05:44:00+00:00,ATM-GB-0004,host-atm-gb-0004,Windows-Server-2019,34.79,1104,4096,26.95,1479.29,4863.46,49.71,9638.34,159.3,0,82,78847,0,
2026-03-25T05:45:00+00:00,ATM-GB-0001,host-atm-gb-0001,Windows-Server-2019,31.28,1478,4096,36.08,1310.5,3368.54,103.02,5563.28,3631.36,0,82,61289,0,
2026-03-25T05:45:00+00:00,ATM-GB-0002,host-atm-gb-0002,Windows-Server-2019,14.44,1333,4096,32.54,992.41,3590.61,144.46,2888.82,1507.66,0,107,19246,0,
2026-03-25T05:45:00+00:00,ATM-GB-0003,host-atm-gb-0003,Windows-Server-2019,29.13,746,4096,18.21,1780.19,3586.41,185.32,7296.0,476.54,0,83,67962,0,
2026-03-25T05:45:00+00:00,ATM-GB-0004,host-atm-gb-0004,Windows-Server-2019,13.02,1401,4096,34.2,891.63,1796.65,75.44,9654.21,4996.83,0,86,67222,0,
2026-03-25T05:46:00+00:00,ATM-GB-0001,host-atm-gb-0001,Windows-Server-2019,37.79,1084,4096,26.46,2338.66,3035.2,170.41,9852.87,8919.27,0,107,12020,0,
2026-03-25T05:46:00+00:00,ATM-GB-0002,host-atm-gb-0002,Windows-Server-2019,31.13,752,4096,18.36,1728.55,1492.35,88.49,5795.88,1338.41,0,94,35075,0,
2026-03-25T05:46:00+00:00,ATM-GB-0003,host-atm-gb-0003,Windows-Server-2019,18.25,1042,4096,25.44,1291.93,4787.93,59.34,2925.85,5481.46,0,93,10081,0,
2026-03-25T05:46:00+00:00,ATM-GB-0004,host-atm-gb-0004,Windows-Server-2019,18.96,816,4096,19.92,4877.38,2316.67,67.83,7333.92,8007.35,0,105,69555,0,
2026-03-25T05:47:00+00:00,ATM-GB-0001,host-atm-gb-0001,Windows-Server-2019,29.74,569,4096,13.89,251.01,2307.82,57.88,9477.47,654.39,0,90,13733,0,
2026-03-25T05:47:00+00:00,ATM-GB-0002,host-atm-gb-0002,Windows-Server-2019,15.09,1488,4096,36.33,4103.27,3440.54,119.78,2512.23,8371.44,0,93,74051,0,
2026-03-25T05:47:00+00:00,ATM-GB-0003,host-atm-gb-0003,Windows-Server-2019,18.86,870,4096,21.24,2697.3,1598.37,110.02,3976.68,456.83,0,96,20081,0,
2026-03-25T05:47:00+00:00,ATM-GB-0004,host-atm-gb-0004,Windows-Server-2019,15.81,1217,4096,29.71,4500.87,389.49,10.5,8542.63,8808.71,0,91,38623,0,
2026-03-25T05:48:00+00:00,ATM-GB-0001,host-atm-gb-0001,Windows-Server-2019,28.04,645,4096,15.75,4265.99,67.36,124.7,9327.15,7046.65,0,114,54742,0,
2026-03-25T05:48:00+00:00,ATM-GB-0002,host-atm-gb-0002,Windows-Server-2019,14.83,896,4096,21.88,2128.82,4324.6,183.11,4915.78,1646.44,0,106,78522,0,
2026-03-25T05:48:00+00:00,ATM-GB-0003,host-atm-gb-0003,Windows-Server-2019,38.99,523,4096,12.77,1702.33,465.78,12.26,6820.55,6771.87,0,88,84516,0,
2026-03-25T05:48:00+00:00,ATM-GB-0004,host-atm-gb-0004,Windows-Server-2019,35.43,740,4096,18.07,3626.7,4610.97,192.24,1634.89,2950.01,0,103,25291,0,
2026-03-25T05:49:00+00:00,ATM-GB-0001,host-atm-gb-0001,Windows-Server-2019,18.11,597,4096,14.58,2489.36,2440.73,131.14,819.07,3898.69,0,96,46582,0,
2026-03-25T05:49:00+00:00,ATM-GB-0002,host-atm-gb-0002,Windows-Server-2019,38.53,977,4096,23.85,3593.74,4447.1,67.95,1399.05,6679.0,0,93,84679,0,
2026-03-25T05:49:00+00:00,ATM-GB-0003,host-atm-gb-0003,Windows-Server-2019,35.68,1106,4096,27.0,1325.9,3161.97,59.65,8229.51,929.99,0,96,39818,0,
2026-03-25T05:49:00+00:00,ATM-GB-0004,host-atm-gb-0004,Windows-Server-2019,13.85,735,4096,17.94,1854.06,1988.56,44.33,338.37,8429.72,0,86,65733,0,
2026-03-25T05:50:00+00:00,ATM-GB-0001,host-atm-gb-0001,Windows-Server-2019,12.43,787,4096,19.21,3876.38,2790.04,132.54,4290.35,213.98,0,92,6475,0,
2026-03-25T05:50:00+00:00,ATM-GB-0002,host-atm-gb-0002,Windows-Server-2019,20.62,843,4096,20.58,2288.46,3360.87,149.25,8928.42,2900.33,0,91,40986,0,
2026-03-25T05:50:00+00:00,ATM-GB-0003,host-atm-gb-0003,Windows-Server-2019,34.55,1176,4096,28.71,1097.6,4589.64,179.77,2323.49,8964.91,0,82,78208,0,
2026-03-25T05:50:00+00:00,ATM-GB-0004,host-atm-gb-0004,Windows-Server-2019,5.1,644,4096,15.72,2487.26,60.84,111.43,2709.27,5177.6,0,92,68184,0,
2026-03-25T05:51:00+00:00,ATM-GB-0001,host-atm-gb-0001,Windows-Server-2019,21.24,736,4096,17.97,4427.45,2386.51,33.72,3470.0,5806.21,0,108,3793,0,
2026-03-25T05:51:00+00:00,ATM-GB-0002,host-atm-gb-0002,Windows-Server-2019,25.3,1204,4096,29.39,673.4,4156.95,33.61,970.1,7968.87,0,113,23198,0,
2026-03-25T05:51:00+00:00,ATM-GB-0003,host-atm-gb-0003,Windows-Server-2019,32.6,1481,4096,36.16,2203.38,229.18,132.18,7219.54,102.93,0,90,86202,0,
2026-03-25T05:51:00+00:00,ATM-GB-0004,host-atm-gb-0004,Windows-Server-2019,31.04,1163,4096,28.39,4476.78,1750.45,110.64,2963.57,1944.74,0,83,57931,0,
2026-03-25T05:52:00+00:00,ATM-GB-0001,host-atm-gb-0001,Windows-Server-2019,26.64,444,4096,10.84,4569.75,3758.74,79.91,9080.63,9363.56,0,108,71037,0,
2026-03-25T05:52:00+00:00,ATM-GB-0002,host-atm-gb-0002,Windows-Server-2019,7.98,567,4096,13.84,3523.15,1743.74,33.38,4339.76,5273.27,0,118,10210,0,
2026-03-25T05:52:00+00:00,ATM-GB-0003,host-atm-gb-0003,Windows-Server-2019,33.43,1273,4096,31.08,1947.97,4644.21,57.18,9651.77,3532.58,0,85,17659,0,
2026-03-25T05:52:00+00:00,ATM-GB-0004,host-atm-gb-0004,Windows-Server-2019,14.34,449,4096,10.96,529.47,1384.62,77.29,4668.54,9736.93,0,112,81900,0,
2026-03-25T05:53:00+00:00,ATM-GB-0001,host-atm-gb-0001,Windows-Server-2019,12.21,1476,4096,36.04,4119.03,4627.68,104.8,5276.72,4617.1,0,109,37439,0,
2026-03-25T05:53:00+00:00,ATM-GB-0002,host-atm-gb-0002,Windows-Server-2019,7.55,1373,4096,33.52,196.73,4377.53,25.84,8964.52,3510.1,0,95,28610,0,
2026-03-25T05:53:00+00:00,ATM-GB-0003,host-atm-gb-0003,Windows-Server-2019,25.3,536,4096,13.09,4973.07,4107.44,57.92,1202.73,337.44,0,95,24002,0,
2026-03-25T05:53:00+00:00,ATM-GB-0004,host-atm-gb-0004,Windows-Server-2019,15.4,577,4096,14.09,2128.01,1974.11,139.73,5798.79,6380.56,0,89,50438,0,
2026-03-25T05:54:00+00:00,ATM-GB-0001,host-atm-gb-0001,Windows-Server-2019,12.62,586,4096,14.31,378.88,1849.73,186.05,7155.73,7785.07,0,115,29315,0,
2026-03-25T05:54:00+00:00,ATM-GB-0002,host-atm-gb-0002,Windows-Server-2019,33.92,1044,4096,25.49,1498.15,1971.29,62.92,137.59,4356.97,0,118,71473,0,
2026-03-25T05:54:00+00:00,ATM-GB-0003,host-atm-gb-0003,Windows-Server-2019,28.92,764,4096,18.65,4030.66,974.29,83.08,904.82,4502.98,0,112,66448,0,
2026-03-25T05:54:00+00:00,ATM-GB-0004,host-atm-gb-0004,Windows-Server-2019,9.34,1323,4096,32.3,2097.39,3702.96,29.6,1820.59,2758.33,0,91,11780,0,
2026-03-25T05:55:00+00:00,ATM-GB-0001,host-atm-gb-0001,Windows-Server-2019,23.61,1450,4096,35.4,3060.02,121.92,29.77,6773.79,6165.85,0,111,58875,0,
2026-03-25T05:55:00+00:00,ATM-GB-0002,host-atm-gb-0002,Windows-Server-2019,27.82,893,4096,21.8,4298.58,849.98,11.84,823.33,4262.93,0,108,51509,0,
2026-03-25T05:55:00+00:00,ATM-GB-0003,host-atm-gb-0003,Windows-Server-2019,25.66,956,4096,23.34,4703.47,4372.18,127.37,8650.42,4655.45,0,96,8988,0,
2026-03-25T05:55:00+00:00,ATM-GB-0004,host-atm-gb-0004,Windows-Server-2019,32.95,780,4096,19.04,3904.65,4728.72,31.69,1233.17,4600.09,0,114,33731,0,
2026-03-25T05:56:00+00:00,ATM-GB-0001,host-atm-gb-0001,Windows-Server-2019,18.31,947,4096,23.12,1167.78,258.37,147.26,7086.98,4826.62,0,87,16397,0,
2026-03-25T05:56:00+00:00,ATM-GB-0002,host-atm-gb-0002,Windows-Server-2019,18.45,994,4096,24.27,2633.89,3050.36,86.55,246.59,7229.29,0,103,75040,0,
2026-03-25T05:56:00+00:00,ATM-GB-0003,host-atm-gb-0003,Windows-Server-2019,5.58,585,4096,14.28,281.82,647.31,186.66,1172.35,5.24,0,112,80715,0,
2026-03-25T05:56:00+00:00,ATM-GB-0004,host-atm-gb-0004,Windows-Server-2019,20.42,1146,4096,27.98,410.47,2991.86,24.37,2709.58,8079.64,0,95,18748,0,
2026-03-25T05:57:00+00:00,ATM-GB-0001,host-atm-gb-0001,Windows-Server-2019,11.14,606,4096,14.79,435.73,1932.53,26.21,7095.79,8863.16,0,97,69532,0,
2026-03-25T05:57:00+00:00,ATM-GB-0002,host-atm-gb-0002,Windows-Server-2019,22.61,1444,4096,35.25,1793.1,898.33,46.21,7561.61,5537.81,0,101,19654,0,
2026-03-25T05:57:00+00:00,ATM-GB-0003,host-atm-gb-0003,Windows-Server-2019,15.88,1250,4096,30.52,4688.64,753.87,33.95,462.9,1593.54,0,88,80090,0,
2026-03-25T05:57:00+00:00,ATM-GB-0004,host-atm-gb-0004,Windows-Server-2019,24.19,1467,4096,35.82,4251.27,4716.6,124.41,926.85,7317.6,0,109,14816,0,
2026-03-25T05:58:00+00:00,ATM-GB-0001,host-atm-gb-0001,Windows-Server-2019,24.59,818,4096,19.97,2973.51,3375.92,68.2,6602.66,2826.38,0,83,21213,0,
2026-03-25T05:58:00+00:00,ATM-GB-0002,host-atm-gb-0002,Windows-Server-2019,19.88,458,4096,11.18,45.06,752.14,125.84,7160.71,6152.85,0,94,26159,0,
2026-03-25T05:58:00+00:00,ATM-GB-0003,host-atm-gb-0003,Windows-Server-2019,29.43,1004,4096,24.51,3795.98,399.96,185.77,3518.87,1665.01,0,115,15453,0,
2026-03-25T05:58:00+00:00,ATM-GB-0004,host-atm-gb-0004,Windows-Server-2019,37.6,716,4096,17.48,1073.05,4940.72,45.44,1924.71,7336.66,0,120,49940,0,
2026-03-25T05:59:00+00:00,ATM-GB-0001,host-atm-gb-0001,Windows-Server-2019,29.77,1415,4096,34.55,3620.02,4411.66,151.27,7267.62,8256.77,0,113,39961,0,
2026-03-25T05:59:00+00:00,ATM-GB-0002,host-atm-gb-0002,Windows-Server-2019,29.07,1395,4096,34.06,2585.01,3469.1,62.64,5874.02,1761.65,0,120,34338,0,
2026-03-25T05:59:00+00:00,ATM-GB-0003,host-atm-gb-0003,Windows-Server-2019,8.1,782,4096,19.09,2746.86,3247.23,26.82,7501.64,9537.85,0,112,71101,0,
2026-03-25T05:59:00+00:00,ATM-GB-0004,host-atm-gb-0004,Windows-Server-2019,38.91,655,4096,15.99,346.06,2685.59,156.71,1471.8,4200.95,0,81,56190,0,
2026-03-25T06:00:00+00:00,ATM-GB-0001,host-atm-gb-0001,Windows-Server-2019,6.45,1490,4096,36.38,3126.32,4255.46,18.16,9653.88,274.69,0,94,28844,0,
2026-03-25T06:00:00+00:00,ATM-GB-0002,host-atm-gb-0002,Windows-Server-2019,31.47,1288,4096,31.45,115.95,4073.84,17.92,8765.18,1987.03,0,87,68248,0,
2026-03-25T06:00:00+00:00,ATM-GB-0003,host-atm-gb-0003,Windows-Server-2019,5.1,1245,4096,30.4,2420.32,1822.42,84.63,4512.9,1463.57,0,116,58767,0,
2026-03-25T06:00:00+00:00,ATM-GB-0004,host-atm-gb-0004,Windows-Server-2019,28.43,573,4096,13.99,4905.9,3239.62,99.87,6642.23,4618.87,0,109,62938,0,
2026-03-25T06:01:00+00:00,ATM-GB-0001,host-atm-gb-0001,Windows-Server-2019,8.65,848,4096,20.7,839.8,4112.87,121.3,677.84,6104.24,0,120,30610,0,
2026-03-25T06:01:00+00:00,ATM-GB-0002,host-atm-gb-0002,Windows-Server-2019,19.27,1125,4096,27.47,4203.76,2927.06,98.95,5771.73,5075.93,0,120,67356,0,
2026-03-25T06:01:00+00:00,ATM-GB-0003,host-atm-gb-0003,Windows-Server-2019,7.39,482,4096,11.77,2357.76,864.57,98.8,9425.12,1353.72,0,120,8967,0,
2026-03-25T06:01:00+00:00,ATM-GB-0004,host-atm-gb-0004,Windows-Server-2019,12.76,665,4096,16.24,3448.99,2487.98,81.39,4481.17,1711.07,0,111,61080,0,
2026-03-25T06:02:00+00:00,ATM-GB-0001,host-atm-gb-0001,Windows-Server-2019,21.1,905,4096,22.09,3058.19,3159.62,177.12,3472.5,2652.68,0,91,52160,0,
2026-03-25T06:02:00+00:00,ATM-GB-0002,host-atm-gb-0002,Windows-Server-2019,12.76,1044,4096,25.49,4317.3,3516.37,27.95,4222.8,2370.88,0,94,28723,0,
2026-03-25T06:02:00+00:00,ATM-GB-0003,host-atm-gb-0003,Windows-Server-2019,24.98,614,4096,14.99,3369.44,99.19,54.16,7748.59,8571.82,0,96,67662,0,
2026-03-25T06:02:00+00:00,ATM-GB-0004,host-atm-gb-0004,Windows-Server-2019,38.97,1107,4096,27.03,2334.66,1738.78,147.06,6464.4,4463.07,0,115,76164,0,
2026-03-25T06:03:00+00:00,ATM-GB-0001,host-atm-gb-0001,Windows-Server-2019,36.89,941,4096,22.97,3947.07,1808.36,17.16,1884.36,3181.97,0,115,74856,0,
2026-03-25T06:03:00+00:00,ATM-GB-0002,host-atm-gb-0002,Windows-Server-2019,21.6,1251,4096,30.54,4121.83,415.33,66.8,4056.14,313.98,0,116,60968,0,
2026-03-25T06:03:00+00:00,ATM-GB-0003,host-atm-gb-0003,Windows-Server-2019,11.24,858,4096,20.95,3188.14,723.0,90.32,63.43,1726.72,0,100,82798,0,
2026-03-25T06:03:00+00:00,ATM-GB-0004,host-atm-gb-0004,Windows-Server-2019,22.28,1009,4096,24.63,283.0,1515.13,34.56,4502.79,2497.47,0,90,73713,0,
2026-03-25T06:04:00+00:00,ATM-GB-0001,host-atm-gb-0001,Windows-Server-2019,30.14,731,4096,17.85,4233.92,1053.66,143.96,3220.16,9925.32,0,82,22711,0,
2026-03-25T06:04:00+00:00,ATM-GB-0002,host-atm-gb-0002,Windows-Server-2019,26.29,633,4096,15.45,3335.27,4063.64,60.06,7764.84,8330.21,0,89,54881,0,
2026-03-25T06:04:00+00:00,ATM-GB-0003,host-atm-gb-0003,Windows-Server-2019,8.08,1433,4096,34.99,435.51,3101.56,139.79,5711.61,8247.03,0,104,63112,0,
2026-03-25T06:04:00+00:00,ATM-GB-0004,host-atm-gb-0004,Windows-Server-2019,28.88,1384,4096,33.79,1562.34,727.64,59.18,3694.33,4944.09,0,99,45881,0,
2026-03-25T06:05:00+00:00,ATM-GB-0001,host-atm-gb-0001,Windows-Server-2019,9.54,1144,4096,27.93,997.33,4427.14,13.94,4331.47,6508.42,0,111,16984,0,
2026-03-25T06:05:00+00:00,ATM-GB-0002,host-atm-gb-0002,Windows-Server-2019,24.07,1338,4096,32.67,25.86,3658.61,167.65,7819.66,5200.77,0,86,23270,0,
2026-03-25T06:05:00+00:00,ATM-GB-0003,host-atm-gb-0003,Windows-Server-2019,6.6,610,4096,14.89,718.44,1971.59,87.96,1264.06,2970.46,0,83,81284,0,
2026-03-25T06:05:00+00:00,ATM-GB-0004,host-atm-gb-0004,Windows-Server-2019,39.83,905,4096,22.09,1329.45,3546.95,164.35,9192.11,3721.93,0,112,80629,0,
2026-03-25T06:06:00+00:00,ATM-GB-0001,host-atm-gb-0001,Windows-Server-2019,20.35,954,4096,23.29,3325.41,2067.1,172.83,1366.23,2873.44,0,87,27855,0,
2026-03-25T06:06:00+00:00,ATM-GB-0002,host-atm-gb-0002,Windows-Server-2019,7.41,1098,4096,26.81,3188.71,2017.63,90.04,5311.4,1601.8,0,85,67712,0,
2026-03-25T06:06:00+00:00,ATM-GB-0003,host-atm-gb-0003,Windows-Server-2019,36.32,856,4096,20.9,106.12,895.68,66.33,8661.15,1532.66,0,112,62560,0,
2026-03-25T06:06:00+00:00,ATM-GB-0004,host-atm-gb-0004,Windows-Server-2019,38.4,1278,4096,31.2,834.21,2595.08,121.08,2576.46,2870.49,0,100,22061,0,
2026-03-25T06:07:00+00:00,ATM-GB-0001,host-atm-gb-0001,Windows-Server-2019,18.1,922,4096,22.51,4173.87,2230.18,45.12,6487.63,3709.8,0,99,49038,0,
2026-03-25T06:07:00+00:00,ATM-GB-0002,host-atm-gb-0002,Windows-Server-2019,15.04,810,4096,19.78,3436.13,1894.51,61.8,8053.9,8842.65,0,87,22794,0,
2026-03-25T06:07:00+00:00,ATM-GB-0003,host-atm-gb-0003,Windows-Server-2019,18.93,1103,4096,26.93,4885.29,4929.25,181.51,3676.14,993.58,0,81,73950,0,
2026-03-25T06:07:00+00:00,ATM-GB-0004,host-atm-gb-0004,Windows-Server-2019,33.16,1313,4096,32.06,792.0,1477.18,82.83,7686.01,4227.7,0,96,21582,0,
2026-03-25T06:08:00+00:00,ATM-GB-0001,host-atm-gb-0001,Windows-Server-2019,38.35,691,4096,16.87,3394.43,4765.54,37.56,177.36,2703.74,0,112,64722,0,
2026-03-25T06:08:00+00:00,ATM-GB-0002,host-atm-gb-0002,Windows-Server-2019,18.23,1274,4096,31.1,4334.94,685.28,69.13,2718.18,7621.0,0,117,70600,0,
2026-03-25T06:08:00+00:00,ATM-GB-0003,host-atm-gb-0003,Windows-Server-2019,28.58,985,4096,24.05,1307.73,4352.19,173.63,825.35,9620.01,0,103,81409,0,
2026-03-25T06:08:00+00:00,ATM-GB-0004,host-atm-gb-0004,Windows-Server-2019,21.09,795,4096,19.41,4649.89,1308.7,78.72,2869.74,4458.51,0,111,15191,0,
2026-03-25T06:09:00+00:00,ATM-GB-0001,host-atm-gb-0001,Windows-Server-2019,6.52,734,4096,17.92,4210.43,3549.54,137.39,40.49,15.67,0,111,56007,0,
2026-03-25T06:09:00+00:00,ATM-GB-0002,host-atm-gb-0002,Windows-Server-2019,8.8,1356,4096,33.11,3901.95,3269.64,146.28,4776.83,9072.02,0,89,8989,0,
2026-03-25T06:09:00+00:00,ATM-GB-0003,host-atm-gb-0003,Windows-Server-2019,7.05,1494,4096,36.47,808.9,1526.46,20.42,3325.68,7359.53,0,98,43453,0,
2026-03-25T06:09:00+00:00,ATM-GB-0004,host-atm-gb-0004,Windows-Server-2019,7.81,1457,4096,35.57,2716.51,4276.78,24.59,143.59,7668.99,0,80,12959,0,
2026-03-25T06:10:00+00:00,ATM-GB-0001,host-atm-gb-0001,Windows-Server-2019,26.98,536,4096,13.09,689.97,2627.48,102.94,1953.94,2863.84,0,82,7154,0,
2026-03-25T06:10:00+00:00,ATM-GB-0002,host-atm-gb-0002,Windows-Server-2019,24.12,914,4096,22.31,3583.12,4970.63,29.78,4186.09,728.52,0,108,78468,0,
2026-03-25T06:10:00+00:00,ATM-GB-0003,host-atm-gb-0003,Windows-Server-2019,19.08,950,4096,23.19,198.69,3574.52,197.48,143.32,1305.75,0,111,51052,0,
2026-03-25T06:10:00+00:00,ATM-GB-0004,host-atm-gb-0004,Windows-Server-2019,30.82,1072,4096,26.17,772.6,886.86,118.34,8673.09,4822.31,0,90,29511,0,
2026-03-25T06:11:00+00:00,ATM-GB-0001,host-atm-gb-0001,Windows-Server-2019,5.18,541,4096,13.21,1431.68,716.63,99.93,9101.58,2968.61,0,110,43122,0,
2026-03-25T06:11:00+00:00,ATM-GB-0002,host-atm-gb-0002,Windows-Server-2019,16.56,422,4096,10.3,1809.07,2819.51,103.1,4792.73,3045.31,0,88,14002,0,
2026-03-25T06:11:00+00:00,ATM-GB-0003,host-atm-gb-0003,Windows-Server-2019,17.73,1059,4096,25.85,4912.5,425.82,160.41,985.75,3934.09,0,89,41082,0,
2026-03-25T06:11:00+00:00,ATM-GB-0004,host-atm-gb-0004,Windows-Server-2019,15.18,893,4096,21.8,147.22,3033.69,51.59,4009.89,1447.87,0,92,36428,0,
2026-03-25T06:12:00+00:00,ATM-GB-0001,host-atm-gb-0001,Windows-Server-2019,23.53,1372,4096,33.5,2166.31,2598.09,43.72,5530.87,3539.74,0,102,78215,0,
2026-03-25T06:12:00+00:00,ATM-GB-0002,host-atm-gb-0002,Windows-Server-2019,29.52,837,4096,20.43,1183.38,4176.24,60.11,7919.72,9665.53,0,115,55473,0,
2026-03-25T06:12:00+00:00,ATM-GB-0003,host-atm-gb-0003,Windows-Server-2019,25.67,430,4096,10.5,1236.16,2098.97,198.95,6185.72,8874.1,0,94,10632,0,
2026-03-25T06:12:00+00:00,ATM-GB-0004,host-atm-gb-0004,Windows-Server-2019,29.6,462,4096,11.28,3987.76,261.45,12.98,6452.57,6756.83,0,81,86297,0,
2026-03-25T06:13:00+00:00,ATM-GB-0001,host-atm-gb-0001,Windows-Server-2019,8.28,849,4096,20.73,189.67,1640.97,104.37,2749.75,6506.07,0,117,3907,0,
2026-03-25T06:13:00+00:00,ATM-GB-0002,host-atm-gb-0002,Windows-Server-2019,14.92,1098,4096,26.81,2860.24,1037.28,125.4,3777.95,4686.43,0,119,66679,0,
2026-03-25T06:13:00+00:00,ATM-GB-0003,host-atm-gb-0003,Windows-Server-2019,5.88,440,4096,10.74,2326.13,560.98,139.6,9098.21,2855.02,0,83,55909,0,
2026-03-25T06:13:00+00:00,ATM-GB-0004,host-atm-gb-0004,Windows-Server-2019,34.94,951,4096,23.22,3105.77,3707.66,162.69,2344.77,3600.43,0,116,10090,0,
2026-03-25T06:14:00+00:00,ATM-GB-0001,host-atm-gb-0001,Windows-Server-2019,11.74,822,4096,20.07,2247.92,3675.03,189.16,1887.61,8594.51,0,87,85241,0,
2026-03-25T06:14:00+00:00,ATM-GB-0002,host-atm-gb-0002,Windows-Server-2019,15.04,958,4096,23.39,2976.37,2946.44,111.05,9949.88,7495.37,0,102,25435,0,
2026-03-25T06:14:00+00:00,ATM-GB-0003,host-atm-gb-0003,Windows-Server-2019,14.44,1392,4096,33.98,207.98,4002.66,31.02,8920.02,5909.13,0,106,62040,0,
2026-03-25T06:14:00+00:00,ATM-GB-0004,host-atm-gb-0004,Windows-Server-2019,10.12,1094,4096,26.71,229.56,721.97,39.89,2651.68,7958.92,0,114,47371,0,
2026-03-25T06:15:00+00:00,ATM-GB-0001,host-atm-gb-0001,Windows-Server-2019,17.96,705,4096,17.21,180.97,807.85,166.32,2425.97,7542.75,0,119,37566,0,
2026-03-25T06:15:00+00:00,ATM-GB-0002,host-atm-gb-0002,Windows-Server-2019,8.34,670,4096,16.36,4847.38,2012.37,121.59,289.05,8741.75,0,86,84853,0,
2026-03-25T06:15:00+00:00,ATM-GB-0003,host-atm-gb-0003,Windows-Server-2019,33.92,985,4096,24.05,1085.62,3301.05,43.68,8884.18,1869.72,0,97,74662,0,
2026-03-25T06:15:00+00:00,ATM-GB-0004,host-atm-gb-0004,Windows-Server-2019,17.48,1431,4096,34.94,3450.08,3507.91,19.46,9560.99,8136.97,0,94,15052,0,
2026-03-25T06:16:00+00:00,ATM-GB-0001,host-atm-gb-0001,Windows-Server-2019,5.09,1421,4096,34.69,2292.32,1832.59,158.07,2092.75,8815.05,0,85,47034,0,
2026-03-25T06:16:00+00:00,ATM-GB-0002,host-atm-gb-0002,Windows-Server-2019,26.64,1008,4096,24.61,3418.45,3346.22,56.49,3565.78,2266.33,0,82,77556,0,
2026-03-25T06:16:00+00:00,ATM-GB-0003,host-atm-gb-0003,Windows-Server-2019,22.77,862,4096,21.04,4789.8,4449.44,150.11,5929.67,3889.98,0,110,66491,0,
2026-03-25T06:16:00+00:00,ATM-GB-0004,host-atm-gb-0004,Windows-Server-2019,16.73,1203,4096,29.37,2529.19,4084.05,67.11,6925.73,9166.2,0,103,20196,0,
2026-03-25T06:17:00+00:00,ATM-GB-0001,host-atm-gb-0001,Windows-Server-2019,35.05,611,4096,14.92,1115.33,3200.71,109.24,7934.7,1901.26,0,89,57506,0,
2026-03-25T06:17:00+00:00,ATM-GB-0002,host-atm-gb-0002,Windows-Server-2019,6.85,626,4096,15.28,4385.2,4632.76,183.89,5886.24,6648.49,0,105,32655,0,
2026-03-25T06:17:00+00:00,ATM-GB-0003,host-atm-gb-0003,Windows-Server-2019,17.17,1317,4096,32.15,351.39,3901.01,195.8,1621.65,1931.6,0,84,12806,0,
2026-03-25T06:17:00+00:00,ATM-GB-0004,host-atm-gb-0004,Windows-Server-2019,8.35,447,4096,10.91,2937.44,2926.38,14.09,5338.39,3169.18,0,107,78481,0,
2026-03-25T06:18:00+00:00,ATM-GB-0001,host-atm-gb-0001,Windows-Server-2019,14.74,1299,4096,31.71,1574.97,912.13,122.82,9524.44,3175.82,0,87,23840,0,
2026-03-25T06:18:00+00:00,ATM-GB-0002,host-atm-gb-0002,Windows-Server-2019,34.39,1277,4096,31.18,816.74,2067.18,83.47,4928.68,4039.57,0,97,31676,0,
2026-03-25T06:18:00+00:00,ATM-GB-0003,host-atm-gb-0003,Windows-Server-2019,33.42,1087,4096,26.54,1108.91,4544.93,28.78,7990.66,6407.85,0,117,56976,0,
2026-03-25T06:18:00+00:00,ATM-GB-0004,host-atm-gb-0004,Windows-Server-2019,35.27,1404,4096,34.28,2707.81,3990.66,110.64,6329.96,820.92,0,100,22137,0,
2026-03-25T06:19:00+00:00,ATM-GB-0001,host-atm-gb-0001,Windows-Server-2019,11.62,924,4096,22.56,4503.6,3937.41,85.44,698.97,3674.96,0,107,85064,0,
2026-03-25T06:19:00+00:00,ATM-GB-0002,host-atm-gb-0002,Windows-Server-2019,14.39,1196,4096,29.2,4303.53,999.35,71.0,3830.13,3610.49,0,82,42957,0,
2026-03-25T06:19:00+00:00,ATM-GB-0003,host-atm-gb-0003,Windows-Server-2019,9.67,1332,4096,32.52,3200.81,4890.87,66.78,8699.7,7579.65,0,101,36719,0,
2026-03-25T06:19:00+00:00,ATM-GB-0004,host-atm-gb-0004,Windows-Server-2019,28.34,986,4096,24.07,2370.97,2114.24,11.69,9442.66,4395.09,0,93,16836,0,
2026-03-25T06:20:00+00:00,ATM-GB-0001,host-atm-gb-0001,Windows-Server-2019,25.32,793,4096,19.36,3940.38,3498.88,137.26,7364.44,5100.46,0,87,53034,0,
2026-03-25T06:20:00+00:00,ATM-GB-0002,host-atm-gb-0002,Windows-Server-2019,36.69,996,4096,24.32,100.11,1241.92,62.66,9063.13,8818.45,0,104,24623,0,
2026-03-25T06:20:00+00:00,ATM-GB-0003,host-atm-gb-0003,Windows-Server-2019,33.9,1302,4096,31.79,4488.85,3463.77,25.82,7891.15,4632.4,0,82,20152,0,
2026-03-25T06:20:00+00:00,ATM-GB-0004,host-atm-gb-0004,Windows-Server-2019,23.98,449,4096,10.96,128.75,3778.17,21.85,8162.94,9503.07,0,103,28083,0,
2026-03-25T06:21:00+00:00,ATM-GB-0001,host-atm-gb-0001,Windows-Server-2019,27.83,407,4096,9.94,1541.14,920.35,95.97,4970.37,1022.86,0,101,84714,0,
2026-03-25T06:21:00+00:00,ATM-GB-0002,host-atm-gb-0002,Windows-Server-2019,5.88,688,4096,16.8,1822.51,3765.44,61.13,5549.82,3692.62,0,100,70153,0,
2026-03-25T06:21:00+00:00,ATM-GB-0003,host-atm-gb-0003,Windows-Server-2019,20.75,759,4096,18.53,3797.9,1952.53,70.24,7541.11,2230.83,0,101,36349,0,
2026-03-25T06:21:00+00:00,ATM-GB-0004,host-atm-gb-0004,Windows-Server-2019,20.55,1009,4096,24.63,2132.21,2257.25,142.7,4023.19,9209.4,0,97,9841,0,
2026-03-25T06:22:00+00:00,ATM-GB-0001,host-atm-gb-0001,Windows-Server-2019,37.05,874,4096,21.34,3026.21,2356.52,152.82,4258.56,8836.78,0,88,38931,0,
2026-03-25T06:22:00+00:00,ATM-GB-0002,host-atm-gb-0002,Windows-Server-2019,39.22,1428,4096,34.86,4057.68,4066.37,14.2,7840.78,8164.67,0,106,4901,0,
2026-03-25T06:22:00+00:00,ATM-GB-0003,host-atm-gb-0003,Windows-Server-2019,7.52,426,4096,10.4,4037.41,2428.7,73.54,2120.61,7955.7,0,107,14836,0,
2026-03-25T06:22:00+00:00,ATM-GB-0004,host-atm-gb-0004,Windows-Server-2019,28.05,1313,4096,32.06,3276.87,2177.53,10.44,1537.13,3807.43,0,80,73370,0,
2026-03-25T06:23:00+00:00,ATM-GB-0001,host-atm-gb-0001,Windows-Server-2019,38.28,706,4096,17.24,1084.86,2478.38,118.36,1796.29,26.68,0,81,4222,0,
2026-03-25T06:23:00+00:00,ATM-GB-0002,host-atm-gb-0002,Windows-Server-2019,7.46,1121,4096,27.37,1900.22,2141.68,54.29,847.53,2174.53,0,111,55806,0,
2026-03-25T06:23:00+00:00,ATM-GB-0003,host-atm-gb-0003,Windows-Server-2019,35.72,1004,4096,24.51,1302.97,4622.75,75.04,6817.28,4042.97,0,97,45967,0,
2026-03-25T06:23:00+00:00,ATM-GB-0004,host-atm-gb-0004,Windows-Server-2019,37.47,1351,4096,32.98,658.77,4165.19,165.29,6002.55,594.86,0,118,77005,0,
2026-03-25T06:24:00+00:00,ATM-GB-0001,host-atm-gb-0001,Windows-Server-2019,16.33,1180,4096,28.81,1304.08,4252.21,162.66,2689.44,9733.21,0,88,67642,0,
2026-03-25T06:24:00+00:00,ATM-GB-0002,host-atm-gb-0002,Windows-Server-2019,34.84,615,4096,15.01,1980.83,2238.85,183.88,3783.31,7161.57,0,113,23839,0,
2026-03-25T06:24:00+00:00,ATM-GB-0003,host-atm-gb-0003,Windows-Server-2019,32.19,520,4096,12.7,4284.97,2231.95,86.18,6152.42,7382.03,0,91,22038,0,
2026-03-25T06:24:00+00:00,ATM-GB-0004,host-atm-gb-0004,Windows-Server-2019,35.05,595,4096,14.53,1142.83,2239.48,116.88,35.54,5618.67,0,99,74285,0,
2026-03-25T06:25:00+00:00,ATM-GB-0001,host-atm-gb-0001,Windows-Server-2019,18.22,871,4096,21.26,1295.23,786.03,120.12,8934.86,8977.86,0,97,23226,0,
2026-03-25T06:25:00+00:00,ATM-GB-0002,host-atm-gb-0002,Windows-Server-2019,14.7,1275,4096,31.13,4784.42,2453.82,15.88,5662.63,1837.1,0,102,24475,0,
2026-03-25T06:25:00+00:00,ATM-GB-0003,host-atm-gb-0003,Windows-Server-2019,20.36,490,4096,11.96,2556.1,2331.67,145.86,1162.34,8590.69,0,80,6139,0,
2026-03-25T06:25:00+00:00,ATM-GB-0004,host-atm-gb-0004,Windows-Server-2019,15.77,1071,4096,26.15,3157.72,1725.1,127.81,7657.57,9234.32,0,101,38868,0,
2026-03-25T06:26:00+00:00,ATM-GB-0001,host-atm-gb-0001,Windows-Server-2019,26.68,1382,4096,33.74,1437.42,1483.93,117.04,6165.26,5250.79,0,89,8340,0,
2026-03-25T06:26:00+00:00,ATM-GB-0002,host-atm-gb-0002,Windows-Server-2019,36.26,625,4096,15.26,4905.35,4504.03,90.53,6526.53,5946.83,0,112,83422,0,
2026-03-25T06:26:00+00:00,ATM-GB-0003,host-atm-gb-0003,Windows-Server-2019,37.55,1469,4096,35.86,2994.17,3213.04,195.65,2422.01,8867.23,0,105,65718,0,
2026-03-25T06:26:00+00:00,ATM-GB-0004,host-atm-gb-0004,Windows-Server-2019,5.77,1138,4096,27.78,3788.57,3901.76,142.8,463.13,9411.86,0,81,52024,0,
2026-03-25T06:27:00+00:00,ATM-GB-0001,host-atm-gb-0001,Windows-Server-2019,39.26,558,4096,13.62,2275.82,32.34,163.48,5445.81,9910.41,0,92,28208,0,
2026-03-25T06:27:00+00:00,ATM-GB-0002,host-atm-gb-0002,Windows-Server-2019,23.99,1357,4096,33.13,153.7,698.26,22.47,4853.03,1086.27,0,105,79818,0,
2026-03-25T06:27:00+00:00,ATM-GB-0003,host-atm-gb-0003,Windows-Server-2019,31.08,482,4096,11.77,193.29,3843.71,36.61,3277.15,139.52,0,108,10756,0,
2026-03-25T06:27:00+00:00,ATM-GB-0004,host-atm-gb-0004,Windows-Server-2019,39.15,1085,4096,26.49,1155.79,3379.09,94.19,4137.01,5055.79,0,81,13069,0,
2026-03-25T06:28:00+00:00,ATM-GB-0001,host-atm-gb-0001,Windows-Server-2019,32.55,693,4096,16.92,3698.81,3647.11,129.05,1486.48,8847.24,0,107,33486,0,
2026-03-25T06:28:00+00:00,ATM-GB-0002,host-atm-gb-0002,Windows-Server-2019,14.96,996,4096,24.32,2789.27,1941.89,115.6,4233.99,8272.67,0,111,51995,0,
2026-03-25T06:28:00+00:00,ATM-GB-0003,host-atm-gb-0003,Windows-Server-2019,23.4,1085,4096,26.49,163.33,1902.4,106.8,2126.84,5648.85,0,112,84608,0,
2026-03-25T06:28:00+00:00,ATM-GB-0004,host-atm-gb-0004,Windows-Server-2019,12.06,608,4096,14.84,2608.44,2836.27,179.52,7388.44,5618.99,0,91,28159,0,
2026-03-25T06:29:00+00:00,ATM-GB-0001,host-atm-gb-0001,Windows-Server-2019,28.5,1060,4096,25.88,1957.43,3106.44,145.61,107.83,1091.75,0,80,78169,0,
2026-03-25T06:29:00+00:00,ATM-GB-0002,host-atm-gb-0002,Windows-Server-2019,6.33,1449,4096,35.38,4048.5,2765.91,140.26,6318.28,4521.71,0,103,15269,0,
2026-03-25T06:29:00+00:00,ATM-GB-0003,host-atm-gb-0003,Windows-Server-2019,37.52,797,4096,19.46,3068.77,4635.15,39.41,8697.75,7835.62,0,87,11875,0,
2026-03-25T06:29:00+00:00,ATM-GB-0004,host-atm-gb-0004,Windows-Server-2019,28.06,582,4096,14.21,716.32,391.11,173.65,8317.18,4157.16,0,81,12077,0,
2026-03-25T06:30:00+00:00,ATM-GB-0001,host-atm-gb-0001,Windows-Server-2019,36.51,1334,4096,32.57,1306.55,1888.56,128.12,8614.85,7371.05,0,85,13470,0,
2026-03-25T06:30:00+00:00,ATM-GB-0002,host-atm-gb-0002,Windows-Server-2019,14.45,1022,4096,24.95,529.55,1755.25,95.0,1504.25,6738.01,0,118,31743,0,
2026-03-25T06:30:00+00:00,ATM-GB-0003,host-atm-gb-0003,Windows-Server-2019,24.93,945,4096,23.07,2528.25,522.04,147.36,7268.11,7578.33,0,90,31331,0,
2026-03-25T06:30:00+00:00,ATM-GB-0004,host-atm-gb-0004,Windows-Server-2019,22.73,886,4096,21.63,1423.31,862.96,177.54,1687.48,2055.81,0,84,9086,0,
2026-03-25T06:31:00+00:00,ATM-GB-0001,host-atm-gb-0001,Windows-Server-2019,21.33,593,4096,14.48,2848.82,1313.87,156.61,7114.59,9988.58,0,88,78708,0,
2026-03-25T06:31:00+00:00,ATM-GB-0002,host-atm-gb-0002,Windows-Server-2019,21.96,404,4096,9.86,1453.3,1236.85,134.76,381.27,8427.04,0,80,84393,0,
2026-03-25T06:31:00+00:00,ATM-GB-0003,host-atm-gb-0003,Windows-Server-2019,29.3,1474,4096,35.99,4959.91,3182.88,18.0,1511.25,7971.02,0,81,42414,0,
2026-03-25T06:31:00+00:00,ATM-GB-0004,host-atm-gb-0004,Windows-Server-2019,35.18,1154,4096,28.17,3901.89,1007.75,197.92,7223.36,5233.52,0,109,43944,0,
2026-03-25T06:32:00+00:00,ATM-GB-0001,host-atm-gb-0001,Windows-Server-2019,25.01,950,4096,23.19,2243.33,1434.56,158.18,8278.68,5336.85,0,105,29485,0,
2026-03-25T06:32:00+00:00,ATM-GB-0002,host-atm-gb-0002,Windows-Server-2019,26.37,855,4096,20.87,2971.01,4154.19,76.18,7189.55,8641.13,0,80,22213,0,
2026-03-25T06:32:00+00:00,ATM-GB-0003,host-atm-gb-0003,Windows-Server-2019,13.71,1357,4096,33.13,4858.81,2367.56,54.81,878.85,6850.03,0,116,85328,0,
2026-03-25T06:32:00+00:00,ATM-GB-0004,host-atm-gb-0004,Windows-Server-2019,28.87,854,4096,20.85,3741.89,2309.56,171.45,5708.08,9112.8,0,86,76456,0,
2026-03-25T06:33:00+00:00,ATM-GB-0001,host-atm-gb-0001,Windows-Server-2019,13.31,1486,4096,36.28,4469.72,135.12,82.27,6961.9,2464.48,0,99,9013,0,
2026-03-25T06:33:00+00:00,ATM-GB-0002,host-atm-gb-0002,Windows-Server-2019,30.94,582,4096,14.21,3035.84,1945.08,49.64,5790.88,4722.86,0,120,25118,0,
2026-03-25T06:33:00+00:00,ATM-GB-0003,host-atm-gb-0003,Windows-Server-2019,25.8,1160,4096,28.32,4240.96,2599.17,141.3,1285.56,5537.74,0,80,19583,0,
2026-03-25T06:33:00+00:00,ATM-GB-0004,host-atm-gb-0004,Windows-Server-2019,22.76,662,4096,16.16,504.13,2855.99,89.97,4947.69,3931.38,0,106,4684,0,
2026-03-25T06:34:00+00:00,ATM-GB-0001,host-atm-gb-0001,Windows-Server-2019,23.39,480,4096,11.72,1592.72,1245.85,18.39,7921.39,5817.55,0,104,6455,0,
2026-03-25T06:34:00+00:00,ATM-GB-0002,host-atm-gb-0002,Windows-Server-2019,32.75,589,4096,14.38,2534.82,2043.29,193.65,3657.32,2670.52,0,93,47352,0,
2026-03-25T06:34:00+00:00,ATM-GB-0003,host-atm-gb-0003,Windows-Server-2019,9.85,683,4096,16.67,2000.57,3004.91,194.43,1390.19,5017.53,0,107,65477,0,
2026-03-25T06:34:00+00:00,ATM-GB-0004,host-atm-gb-0004,Windows-Server-2019,38.64,1038,4096,25.34,2770.08,4423.07,135.83,9359.35,2382.56,0,87,56465,0,
2026-03-25T06:35:00+00:00,ATM-GB-0001,host-atm-gb-0001,Windows-Server-2019,14.86,537,4096,13.11,727.29,4140.61,102.61,2780.72,771.26,0,99,30104,0,
2026-03-25T06:35:00+00:00,ATM-GB-0002,host-atm-gb-0002,Windows-Server-2019,29.06,718,4096,17.53,4099.98,3221.46,39.32,1101.72,9947.91,0,117,78969,0,
2026-03-25T06:35:00+00:00,ATM-GB-0003,host-atm-gb-0003,Windows-Server-2019,36.6,1473,4096,35.96,2380.87,3621.67,72.52,3850.96,4119.86,0,92,77805,0,
2026-03-25T06:35:00+00:00,ATM-GB-0004,host-atm-gb-0004,Windows-Server-2019,12.97,974,4096,23.78,4250.04,4606.7,69.42,7289.63,7963.95,0,92,84919,0,
2026-03-25T06:36:00+00:00,ATM-GB-0001,host-atm-gb-0001,Windows-Server-2019,35.2,523,4096,12.77,1519.23,1979.91,40.19,2816.31,3944.35,0,84,69053,0,
2026-03-25T06:36:00+00:00,ATM-GB-0002,host-atm-gb-0002,Windows-Server-2019,38.79,1453,4096,35.47,2765.88,214.18,178.19,1876.3,3781.26,0,110,10246,0,
2026-03-25T06:36:00+00:00,ATM-GB-0003,host-atm-gb-0003,Windows-Server-2019,19.89,622,4096,15.19,2371.88,585.61,13.41,7045.48,3623.55,0,100,73099,0,
2026-03-25T06:36:00+00:00,ATM-GB-0004,host-atm-gb-0004,Windows-Server-2019,30.98,1327,4096,32.4,4593.84,425.3,78.13,7903.16,329.88,0,88,27908,0,
2026-03-25T06:37:00+00:00,ATM-GB-0001,host-atm-gb-0001,Windows-Server-2019,28.85,1062,4096,25.93,4611.0,4141.48,137.48,6226.03,214.44,0,111,19923,0,
2026-03-25T06:37:00+00:00,ATM-GB-0002,host-atm-gb-0002,Windows-Server-2019,33.41,598,4096,14.6,3940.32,2444.41,71.55,5392.44,7890.61,0,107,5002,0,
2026-03-25T06:37:00+00:00,ATM-GB-0003,host-atm-gb-0003,Windows-Server-2019,17.48,1014,4096,24.76,4654.15,506.71,10.47,357.56,555.26,0,86,25418,0,
2026-03-25T06:37:00+00:00,ATM-GB-0004,host-atm-gb-0004,Windows-Server-2019,6.4,1100,4096,26.86,3077.55,1873.63,199.96,3972.06,337.07,0,117,42949,0,
2026-03-25T06:38:00+00:00,ATM-GB-0001,host-atm-gb-0001,Windows-Server-2019,27.23,830,4096,20.26,2235.61,3051.15,30.74,8293.49,8505.08,0,91,6513,0,
2026-03-25T06:38:00+00:00,ATM-GB-0002,host-atm-gb-0002,Windows-Server-2019,24.01,1248,4096,30.47,2651.4,1171.16,106.69,9905.01,7387.71,0,86,74100,0,
2026-03-25T06:38:00+00:00,ATM-GB-0003,host-atm-gb-0003,Windows-Server-2019,15.33,814,4096,19.87,1260.86,4411.41,28.32,1938.36,1343.48,0,102,49727,0,
2026-03-25T06:38:00+00:00,ATM-GB-0004,host-atm-gb-0004,Windows-Server-2019,27.13,899,4096,21.95,2974.46,1451.91,170.82,9442.92,4781.98,0,117,84683,0,
2026-03-25T06:39:00+00:00,ATM-GB-0001,host-atm-gb-0001,Windows-Server-2019,13.47,677,4096,16.53,4911.32,3087.39,193.2,931.75,320.85,0,114,46656,0,
2026-03-25T06:39:00+00:00,ATM-GB-0002,host-atm-gb-0002,Windows-Server-2019,30.68,1069,4096,26.1,4168.69,3196.97,38.19,2078.79,9569.07,0,90,81176,0,
2026-03-25T06:39:00+00:00,ATM-GB-0003,host-atm-gb-0003,Windows-Server-2019,16.42,698,4096,17.04,89.61,1800.83,133.05,9644.78,5977.18,0,115,56764,0,
2026-03-25T06:39:00+00:00,ATM-GB-0004,host-atm-gb-0004,Windows-Server-2019,17.1,1046,4096,25.54,4005.37,1763.75,88.39,8843.01,5821.64,0,107,39217,0,
2026-03-25T06:40:00+00:00,ATM-GB-0001,host-atm-gb-0001,Windows-Server-2019,30.09,898,4096,21.92,469.19,1696.84,157.63,3671.62,2074.58,0,99,9223,0,
2026-03-25T06:40:00+00:00,ATM-GB-0002,host-atm-gb-0002,Windows-Server-2019,20.93,1462,4096,35.69,1055.05,4394.86,125.41,2053.08,8335.59,0,116,3619,0,
2026-03-25T06:40:00+00:00,ATM-GB-0003,host-atm-gb-0003,Windows-Server-2019,35.86,1281,4096,31.27,3517.5,4549.56,138.92,5608.18,8346.27,0,109,5398,0,
2026-03-25T06:40:00+00:00,ATM-GB-0004,host-atm-gb-0004,Windows-Server-2019,15.79,1368,4096,33.4,2384.87,512.41,127.31,3392.59,7670.8,0,117,71374,0,
2026-03-25T06:41:00+00:00,ATM-GB-0001,host-atm-gb-0001,Windows-Server-2019,13.56,545,4096,13.31,105.32,2880.96,122.02,5846.51,6822.08,0,117,80408,0,
2026-03-25T06:41:00+00:00,ATM-GB-0002,host-atm-gb-0002,Windows-Server-2019,25.49,529,4096,12.92,615.98,3514.41,195.36,9420.04,9453.53,0,110,9146,0,
2026-03-25T06:41:00+00:00,ATM-GB-0003,host-atm-gb-0003,Windows-Server-2019,15.18,999,4096,24.39,800.34,4038.33,125.79,8682.87,1426.82,0,102,29498,0,
2026-03-25T06:41:00+00:00,ATM-GB-0004,host-atm-gb-0004,Windows-Server-2019,9.26,1420,4096,34.67,4049.1,3306.69,67.94,6748.69,1066.88,0,93,10339,0,
2026-03-25T06:42:00+00:00,ATM-GB-0001,host-atm-gb-0001,Windows-Server-2019,29.06,822,4096,20.07,973.39,1602.18,143.35,4768.93,9227.67,0,82,36726,0,
2026-03-25T06:42:00+00:00,ATM-GB-0002,host-atm-gb-0002,Windows-Server-2019,29.68,1342,4096,32.76,1882.21,1246.66,119.02,1619.36,8825.75,0,86,73502,0,
2026-03-25T06:42:00+00:00,ATM-GB-0003,host-atm-gb-0003,Windows-Server-2019,17.11,1274,4096,31.1,2892.25,203.55,96.32,9309.89,5851.55,0,89,20329,0,
2026-03-25T06:42:00+00:00,ATM-GB-0004,host-atm-gb-0004,Windows-Server-2019,9.97,1307,4096,31.91,4397.29,605.74,152.29,9520.96,3006.88,0,119,12498,0,
2026-03-25T06:43:00+00:00,ATM-GB-0001,host-atm-gb-0001,Windows-Server-2019,27.66,426,4096,10.4,1770.15,609.82,147.61,3794.93,2969.83,0,93,45727,0,
2026-03-25T06:43:00+00:00,ATM-GB-0002,host-atm-gb-0002,Windows-Server-2019,18.13,414,4096,10.11,1593.86,271.38,104.68,4743.05,9552.03,0,89,62712,0,
2026-03-25T06:43:00+00:00,ATM-GB-0003,host-atm-gb-0003,Windows-Server-2019,18.32,1203,4096,29.37,983.25,3501.65,161.63,5584.07,1457.81,0,113,34860,0,
2026-03-25T06:43:00+00:00,ATM-GB-0004,host-atm-gb-0004,Windows-Server-2019,34.99,1308,4096,31.93,3624.76,3850.24,199.76,5709.42,8631.83,0,80,50955,0,
2026-03-25T06:44:00+00:00,ATM-GB-0001,host-atm-gb-0001,Windows-Server-2019,6.01,1331,4096,32.5,1738.69,3992.1,17.73,1245.67,1420.73,0,118,39445,0,
2026-03-25T06:44:00+00:00,ATM-GB-0002,host-atm-gb-0002,Windows-Server-2019,23.58,750,4096,18.31,107.84,1821.23,124.7,667.77,819.57,0,109,58458,0,
2026-03-25T06:44:00+00:00,ATM-GB-0003,host-atm-gb-0003,Windows-Server-2019,31.07,947,4096,23.12,2697.28,4840.33,162.18,8497.25,8665.58,0,83,55651,0,
2026-03-25T06:44:00+00:00,ATM-GB-0004,host-atm-gb-0004,Windows-Server-2019,24.77,1414,4096,34.52,2914.21,2121.25,19.43,2035.34,5455.98,0,118,19525,0,
2026-03-25T06:45:00+00:00,ATM-GB-0001,host-atm-gb-0001,Windows-Server-2019,29.15,865,4096,21.12,2470.25,2319.47,71.46,6229.08,1944.23,0,96,80673,0,
2026-03-25T06:45:00+00:00,ATM-GB-0002,host-atm-gb-0002,Windows-Server-2019,29.65,1195,4096,29.17,267.87,3503.05,48.51,3841.62,2046.32,0,87,55588,0,
2026-03-25T06:45:00+00:00,ATM-GB-0003,host-atm-gb-0003,Windows-Server-2019,13.61,1106,4096,27.0,258.65,1397.91,47.09,4332.71,1826.87,0,83,42880,0,
2026-03-25T06:45:00+00:00,ATM-GB-0004,host-atm-gb-0004,Windows-Server-2019,33.07,1074,4096,26.22,1243.3,1304.71,161.41,8875.27,3780.9,0,91,12404,0,
2026-03-25T06:46:00+00:00,ATM-GB-0001,host-atm-gb-0001,Windows-Server-2019,33.77,597,4096,14.58,2417.46,1399.26,116.83,3641.81,5098.24,0,80,3728,0,
2026-03-25T06:46:00+00:00,ATM-GB-0002,host-atm-gb-0002,Windows-Server-2019,15.55,529,4096,12.92,2485.93,4189.18,147.2,6168.39,5464.46,0,83,79799,0,
2026-03-25T06:46:00+00:00,ATM-GB-0003,host-atm-gb-0003,Windows-Server-2019,36.12,1308,4096,31.93,3611.09,3710.86,196.58,2.89,8931.11,0,106,54057,0,
2026-03-25T06:46:00+00:00,ATM-GB-0004,host-atm-gb-0004,Windows-Server-2019,39.59,845,4096,20.63,3294.91,3429.12,54.76,764.77,8984.43,0,114,8544,0,
2026-03-25T06:47:00+00:00,ATM-GB-0001,host-atm-gb-0001,Windows-Server-2019,19.71,1130,4096,27.59,1157.3,2916.81,129.32,5500.91,2312.55,0,119,20322,0,
2026-03-25T06:47:00+00:00,ATM-GB-0002,host-atm-gb-0002,Windows-Server-2019,34.26,1446,4096,35.3,2776.62,1246.1,107.51,4545.83,7629.96,0,112,42309,0,
2026-03-25T06:47:00+00:00,ATM-GB-0003,host-atm-gb-0003,Windows-Server-2019,28.59,1097,4096,26.78,2783.72,214.89,26.35,9883.72,8198.82,0,107,16361,0,
2026-03-25T06:47:00+00:00,ATM-GB-0004,host-atm-gb-0004,Windows-Server-2019,39.94,1032,4096,25.2,1239.66,301.36,126.45,8688.66,9329.18,0,94,46774,0,
2026-03-25T06:48:00+00:00,ATM-GB-0001,host-atm-gb-0001,Windows-Server-2019,12.89,596,4096,14.55,2718.92,983.98,50.21,4715.97,7456.37,0,83,73802,0,
2026-03-25T06:48:00+00:00,ATM-GB-0002,host-atm-gb-0002,Windows-Server-2019,34.54,875,4096,21.36,3052.01,4982.31,137.14,2008.21,2801.52,0,115,63957,0,
2026-03-25T06:48:00+00:00,ATM-GB-0003,host-atm-gb-0003,Windows-Server-2019,5.81,1203,4096,29.37,4938.25,3229.95,75.1,9460.75,1660.41,0,106,6472,0,
2026-03-25T06:48:00+00:00,ATM-GB-0004,host-atm-gb-0004,Windows-Server-2019,19.79,1359,4096,33.18,143.2,1975.92,81.42,244.39,8416.99,0,107,17134,0,
2026-03-25T06:49:00+00:00,ATM-GB-0001,host-atm-gb-0001,Windows-Server-2019,36.28,517,4096,12.62,572.42,4293.84,59.15,9597.42,3819.64,0,117,61944,0,
2026-03-25T06:49:00+00:00,ATM-GB-0002,host-atm-gb-0002,Windows-Server-2019,27.25,775,4096,18.92,4853.16,86.15,17.93,8247.51,2582.9,0,82,10259,0,
2026-03-25T06:49:00+00:00,ATM-GB-0003,host-atm-gb-0003,Windows-Server-2019,33.82,969,4096,23.66,3708.92,4943.0,197.35,2181.46,8833.4,0,89,25767,0,
2026-03-25T06:49:00+00:00,ATM-GB-0004,host-atm-gb-0004,Windows-Server-2019,8.05,1430,4096,34.91,2732.44,3993.59,184.42,4168.69,3636.55,0,109,43444,0,
2026-03-25T06:50:00+00:00,ATM-GB-0001,host-atm-gb-0001,Windows-Server-2019,31.52,623,4096,15.21,187.16,4317.28,146.89,5686.14,9746.62,0,99,72870,0,
2026-03-25T06:50:00+00:00,ATM-GB-0002,host-atm-gb-0002,Windows-Server-2019,5.37,873,4096,21.31,3795.18,4291.37,119.72,9716.31,6825.85,0,110,26037,0,
2026-03-25T06:50:00+00:00,ATM-GB-0003,host-atm-gb-0003,Windows-Server-2019,31.39,1041,4096,25.42,4723.65,4506.74,16.49,7533.94,1822.36,0,87,47107,0,
2026-03-25T06:50:00+00:00,ATM-GB-0004,host-atm-gb-0004,Windows-Server-2019,10.58,1016,4096,24.8,1368.49,4875.33,162.04,8744.65,2812.47,0,110,20303,0,
2026-03-25T06:51:00+00:00,ATM-GB-0001,host-atm-gb-0001,Windows-Server-2019,14.13,588,4096,14.36,2237.47,480.21,43.64,8060.11,1072.27,0,83,21807,0,
2026-03-25T06:51:00+00:00,ATM-GB-0002,host-atm-gb-0002,Windows-Server-2019,6.04,1237,4096,30.2,2071.13,4109.92,184.47,5772.58,1389.37,0,97,35774,0,
2026-03-25T06:51:00+00:00,ATM-GB-0003,host-atm-gb-0003,Windows-Server-2019,35.76,877,4096,21.41,553.52,4957.71,130.23,516.4,4177.0,0,94,78906,0,
2026-03-25T06:51:00+00:00,ATM-GB-0004,host-atm-gb-0004,Windows-Server-2019,28.9,1140,4096,27.83,3511.09,2142.4,55.43,8438.87,7201.31,0,120,7082,0,
2026-03-25T06:52:00+00:00,ATM-GB-0001,host-atm-gb-0001,Windows-Server-2019,13.3,1008,4096,24.61,3701.14,962.43,190.81,9349.5,9063.57,0,99,25760,0,
2026-03-25T06:52:00+00:00,ATM-GB-0002,host-atm-gb-0002,Windows-Server-2019,5.68,420,4096,10.25,2631.03,565.63,46.37,1062.83,8745.14,0,101,58014,0,
2026-03-25T06:52:00+00:00,ATM-GB-0003,host-atm-gb-0003,Windows-Server-2019,37.89,992,4096,24.22,2576.94,1928.9,147.15,7602.09,6086.5,0,98,63609,0,
2026-03-25T06:52:00+00:00,ATM-GB-0004,host-atm-gb-0004,Windows-Server-2019,19.12,1221,4096,29.81,755.11,1440.56,104.4,8452.14,5812.49,0,90,81725,0,
2026-03-25T06:53:00+00:00,ATM-GB-0001,host-atm-gb-0001,Windows-Server-2019,14.73,1082,4096,26.42,4417.57,3428.54,26.75,4920.2,4164.34,0,107,74980,0,
2026-03-25T06:53:00+00:00,ATM-GB-0002,host-atm-gb-0002,Windows-Server-2019,28.49,1395,4096,34.06,2375.52,4542.64,85.2,717.77,4824.45,0,112,16088,0,
2026-03-25T06:53:00+00:00,ATM-GB-0003,host-atm-gb-0003,Windows-Server-2019,23.07,609,4096,14.87,2711.79,1932.15,15.65,7452.61,4702.54,0,118,11979,0,
2026-03-25T06:53:00+00:00,ATM-GB-0004,host-atm-gb-0004,Windows-Server-2019,16.09,1475,4096,36.01,4528.5,3558.63,108.75,2846.51,5854.75,0,114,29747,0,
2026-03-25T06:54:00+00:00,ATM-GB-0001,host-atm-gb-0001,Windows-Server-2019,36.04,985,4096,24.05,3511.71,1364.39,107.11,1736.25,448.62,0,88,44831,0,
2026-03-25T06:54:00+00:00,ATM-GB-0002,host-atm-gb-0002,Windows-Server-2019,13.93,941,4096,22.97,3244.97,1335.31,142.38,449.66,9071.1,0,104,15190,0,
2026-03-25T06:54:00+00:00,ATM-GB-0003,host-atm-gb-0003,Windows-Server-2019,27.82,762,4096,18.6,4409.0,4845.45,106.31,3178.12,8072.25,0,96,60147,0,
2026-03-25T06:54:00+00:00,ATM-GB-0004,host-atm-gb-0004,Windows-Server-2019,9.53,1017,4096,24.83,1411.66,3230.5,175.58,9955.87,6279.73,0,85,35439,0,
2026-03-25T06:55:00+00:00,ATM-GB-0001,host-atm-gb-0001,Windows-Server-2019,35.86,600,4096,14.65,2476.08,1859.53,149.28,3744.34,5866.02,0,96,3828,0,
2026-03-25T06:55:00+00:00,ATM-GB-0002,host-atm-gb-0002,Windows-Server-2019,10.44,1418,4096,34.62,538.17,2706.99,29.06,7747.91,3867.81,0,87,63853,0,
2026-03-25T06:55:00+00:00,ATM-GB-0003,host-atm-gb-0003,Windows-Server-2019,31.07,1154,4096,28.17,2405.45,1331.95,27.65,9583.02,1000.72,0,116,3849,0,
2026-03-25T06:55:00+00:00,ATM-GB-0004,host-atm-gb-0004,Windows-Server-2019,33.15,1011,4096,24.68,1385.43,1492.89,91.49,2207.45,2964.33,0,110,28229,0,
2026-03-25T06:56:00+00:00,ATM-GB-0001,host-atm-gb-0001,Windows-Server-2019,33.37,1001,4096,24.44,2246.72,2945.61,174.45,1772.37,7936.77,0,85,43424,0,
2026-03-25T06:56:00+00:00,ATM-GB-0002,host-atm-gb-0002,Windows-Server-2019,15.2,1235,4096,30.15,2684.8,4819.73,78.03,8606.89,3546.89,0,84,17619,0,
2026-03-25T06:56:00+00:00,ATM-GB-0003,host-atm-gb-0003,Windows-Server-2019,31.08,906,4096,22.12,914.89,2022.13,190.16,7892.09,8785.85,0,80,39201,0,
2026-03-25T06:56:00+00:00,ATM-GB-0004,host-atm-gb-0004,Windows-Server-2019,32.63,1153,4096,28.15,379.63,116.67,137.57,4278.7,5168.62,0,90,57853,0,
2026-03-25T06:57:00+00:00,ATM-GB-0001,host-atm-gb-0001,Windows-Server-2019,31.8,819,4096,20.0,1163.59,3241.8,132.26,2644.28,5603.14,0,111,8109,0,
2026-03-25T06:57:00+00:00,ATM-GB-0002,host-atm-gb-0002,Windows-Server-2019,18.56,1423,4096,34.74,3591.21,2369.63,40.78,6140.97,532.31,0,105,62587,0,
2026-03-25T06:57:00+00:00,ATM-GB-0003,host-atm-gb-0003,Windows-Server-2019,25.29,566,4096,13.82,343.68,4112.15,129.36,9036.81,1617.4,0,96,60636,0,
2026-03-25T06:57:00+00:00,ATM-GB-0004,host-atm-gb-0004,Windows-Server-2019,25.48,660,4096,16.11,3446.62,1684.6,69.13,1211.0,8490.38,0,99,52145,0,
2026-03-25T06:58:00+00:00,ATM-GB-0001,host-atm-gb-0001,Windows-Server-2019,8.15,842,4096,20.56,4703.88,4403.93,28.46,3023.3,4235.36,0,103,39690,0,
2026-03-25T06:58:00+00:00,ATM-GB-0002,host-atm-gb-0002,Windows-Server-2019,35.36,993,4096,24.24,3102.44,2096.3,110.23,6004.5,5924.3,0,106,66712,0,
2026-03-25T06:58:00+00:00,ATM-GB-0003,host-atm-gb-0003,Windows-Server-2019,17.46,1209,4096,29.52,4416.1,1430.64,21.92,5539.47,6493.53,0,89,81911,0,
2026-03-25T06:58:00+00:00,ATM-GB-0004,host-atm-gb-0004,Windows-Server-2019,27.7,1268,4096,30.96,3584.56,4241.71,100.82,3386.31,291.91,0,86,86186,0,
2026-03-25T06:59:00+00:00,ATM-GB-0001,host-atm-gb-0001,Windows-Server-2019,36.33,1375,4096,33.57,2352.38,621.46,163.19,8786.94,8488.12,0,104,48766,0,
2026-03-25T06:59:00+00:00,ATM-GB-0002,host-atm-gb-0002,Windows-Server-2019,30.29,1205,4096,29.42,3678.8,3426.68,117.22,9609.8,8642.79,0,105,29030,0,
2026-03-25T06:59:00+00:00,ATM-GB-0003,host-atm-gb-0003,Windows-Server-2019,11.95,618,4096,15.09,4475.15,3912.47,104.46,5079.81,7249.02,0,113,8927,0,
2026-03-25T06:59:00+00:00,ATM-GB-0004,host-atm-gb-0004,Windows-Server-2019,11.71,666,4096,16.26,3136.72,1676.34,145.91,3511.39,5802.38,0,105,75325,0,
2026-03-25T07:00:00+00:00,ATM-GB-0001,host-atm-gb-0001,Windows-Server-2019,22.83,829,4096,20.24,2627.51,4123.45,120.57,9874.23,2303.5,0,116,27421,0,
2026-03-25T07:00:00+00:00,ATM-GB-0002,host-atm-gb-0002,Windows-Server-2019,37.64,1366,4096,33.35,4461.65,127.03,108.32,5330.18,6998.58,0,99,23765,0,
2026-03-25T07:00:00+00:00,ATM-GB-0003,host-atm-gb-0003,Windows-Server-2019,34.23,1214,4096,29.64,77.89,2110.01,180.91,1438.7,1021.96,0,109,29215,0,
2026-03-25T07:00:00+00:00,ATM-GB-0004,host-atm-gb-0004,Windows-Server-2019,8.99,768,4096,18.75,613.48,4056.12,85.82,3199.17,7618.93,0,97,54051,0,
2026-03-25T07:01:00+00:00,ATM-GB-0001,host-atm-gb-0001,Windows-Server-2019,25.12,1331,4096,32.5,981.71,2862.04,119.77,847.91,481.83,0,110,19810,0,
2026-03-25T07:01:00+00:00,ATM-GB-0002,host-atm-gb-0002,Windows-Server-2019,14.5,1058,4096,25.83,2524.68,4496.7,129.3,6359.78,8278.31,0,108,72498,0,
2026-03-25T07:01:00+00:00,ATM-GB-0003,host-atm-gb-0003,Windows-Server-2019,16.33,616,4096,15.04,193.65,1256.53,121.52,1988.68,2330.46,0,105,51070,0,
2026-03-25T07:01:00+00:00,ATM-GB-0004,host-atm-gb-0004,Windows-Server-2019,9.81,593,4096,14.48,1054.44,123.58,44.11,5376.63,610.29,0,96,5427,0,
2026-03-25T07:02:00+00:00,ATM-GB-0001,host-atm-gb-0001,Windows-Server-2019,15.51,506,4096,12.35,1090.9,2955.81,138.64,4817.17,1864.7,0,119,27468,0,
2026-03-25T07:02:00+00:00,ATM-GB-0002,host-atm-gb-0002,Windows-Server-2019,38.12,1041,4096,25.42,4697.26,1015.07,70.76,2530.01,1956.02,0,113,46516,0,
2026-03-25T07:02:00+00:00,ATM-GB-0003,host-atm-gb-0003,Windows-Server-2019,33.54,405,4096,9.89,913.38,713.83,45.64,6833.27,2901.0,0,84,9150,0,
2026-03-25T07:02:00+00:00,ATM-GB-0004,host-atm-gb-0004,Windows-Server-2019,33.3,1452,4096,35.45,3485.66,4060.5,12.8,8783.49,8794.65,0,94,26514,0,
2026-03-25T07:03:00+00:00,ATM-GB-0001,host-atm-gb-0001,Windows-Server-2019,17.82,1461,4096,35.67,1787.39,505.65,78.23,8555.53,6861.1,0,87,20879,0,
2026-03-25T07:03:00+00:00,ATM-GB-0002,host-atm-gb-0002,Windows-Server-2019,34.52,1155,4096,28.2,3971.39,1765.4,19.05,5915.85,5729.95,0,80,52685,0,
2026-03-25T07:03:00+00:00,ATM-GB-0003,host-atm-gb-0003,Windows-Server-2019,13.05,1470,4096,35.89,1094.95,3531.45,130.51,4014.39,647.6,0,102,37766,0,
2026-03-25T07:03:00+00:00,ATM-GB-0004,host-atm-gb-0004,Windows-Server-2019,29.19,1488,4096,36.33,2180.03,2976.8,91.99,2374.73,7398.4,0,93,42249,0,
2026-03-25T07:04:00+00:00,ATM-GB-0001,host-atm-gb-0001,Windows-Server-2019,15.39,643,4096,15.7,4715.29,3997.77,42.1,3892.87,8715.67,0,120,28183,0,
2026-03-25T07:04:00+00:00,ATM-GB-0002,host-atm-gb-0002,Windows-Server-2019,13.46,609,4096,14.87,3365.7,401.85,198.86,8022.7,9827.39,0,98,35402,0,
2026-03-25T07:04:00+00:00,ATM-GB-0003,host-atm-gb-0003,Windows-Server-2019,36.47,1362,4096,33.25,4189.47,2261.08,108.18,4595.17,4835.54,0,95,55138,0,
2026-03-25T07:04:00+00:00,ATM-GB-0004,host-atm-gb-0004,Windows-Server-2019,33.11,584,4096,14.26,2748.1,2196.69,115.34,597.47,7155.84,0,96,62011,0,
2026-03-25T07:05:00+00:00,ATM-GB-0001,host-atm-gb-0001,Windows-Server-2019,20.61,1135,4096,27.71,4773.55,4332.64,51.29,9212.18,1605.11,0,117,45825,0,
2026-03-25T07:05:00+00:00,ATM-GB-0002,host-atm-gb-0002,Windows-Server-2019,39.49,1256,4096,30.66,1161.78,2036.17,91.99,6537.63,5304.36,0,108,23533,0,
2026-03-25T07:05:00+00:00,ATM-GB-0003,host-atm-gb-0003,Windows-Server-2019,38.95,473,4096,11.55,4756.01,1308.32,59.04,1126.39,1579.46,0,89,77787,0,
2026-03-25T07:05:00+00:00,ATM-GB-0004,host-atm-gb-0004,Windows-Server-2019,6.1,631,4096,15.41,2652.81,881.31,26.17,2968.4,9327.16,0,117,10134,0,
2026-03-25T07:06:00+00:00,ATM-GB-0001,host-atm-gb-0001,Windows-Server-2019,34.95,1029,4096,25.12,2921.98,1830.98,195.4,9639.35,5628.55,0,116,61507,0,
2026-03-25T07:06:00+00:00,ATM-GB-0002,host-atm-gb-0002,Windows-Server-2019,24.53,1180,4096,28.81,535.15,816.74,10.17,4444.77,7203.0,0,104,72615,0,
2026-03-25T07:06:00+00:00,ATM-GB-0003,host-atm-gb-0003,Windows-Server-2019,21.01,764,4096,18.65,1521.18,4695.76,12.97,7536.79,2592.12,0,114,69293,0,
2026-03-25T07:06:00+00:00,ATM-GB-0004,host-atm-gb-0004,Windows-Server-2019,15.63,958,4096,23.39,3671.04,1926.34,65.42,8308.52,5255.41,0,111,8339,0,
2026-03-25T07:07:00+00:00,ATM-GB-0001,host-atm-gb-0001,Windows-Server-2019,11.44,438,4096,10.69,153.69,4278.84,25.49,2760.2,2376.81,0,107,55625,0,
2026-03-25T07:07:00+00:00,ATM-GB-0002,host-atm-gb-0002,Windows-Server-2019,12.22,1139,4096,27.81,4063.92,1310.75,159.58,9014.18,8714.89,0,80,78533,0,
2026-03-25T07:07:00+00:00,ATM-GB-0003,host-atm-gb-0003,Windows-Server-2019,38.01,927,4096,22.63,1605.25,3897.76,67.53,1409.18,3414.87,0,92,20736,0,
2026-03-25T07:07:00+00:00,ATM-GB-0004,host-atm-gb-0004,Windows-Server-2019,31.78,1023,4096,24.98,3146.43,3098.5,36.05,2315.36,2127.84,0,118,36578,0,
2026-03-25T07:08:00+00:00,ATM-GB-0001,host-atm-gb-0001,Windows-Server-2019,32.82,757,4096,18.48,3653.38,4080.51,60.84,9396.25,3657.84,0,107,45766,0,
2026-03-25T07:08:00+00:00,ATM-GB-0002,host-atm-gb-0002,Windows-Server-2019,11.54,859,4096,20.97,3854.31,880.82,165.51,5600.73,752.88,0,94,11284,0,
2026-03-25T07:08:00+00:00,ATM-GB-0003,host-atm-gb-0003,Windows-Server-2019,22.08,865,4096,21.12,1372.62,4479.84,45.72,4394.54,8200.87,0,87,6443,0,
2026-03-25T07:08:00+00:00,ATM-GB-0004,host-atm-gb-0004,Windows-Server-2019,14.54,1020,4096,24.9,4672.91,998.54,62.45,2073.54,456.19,0,98,79600,0,
2026-03-25T07:09:00+00:00,ATM-GB-0001,host-atm-gb-0001,Windows-Server-2019,16.09,963,4096,23.51,3184.18,3526.48,71.69,4998.93,6345.83,0,92,20825,0,
2026-03-25T07:09:00+00:00,ATM-GB-0002,host-atm-gb-0002,Windows-Server-2019,18.15,1482,4096,36.18,4771.87,3029.26,174.16,3919.15,6629.55,0,107,8549,0,
2026-03-25T07:09:00+00:00,ATM-GB-0003,host-atm-gb-0003,Windows-Server-2019,30.68,1085,4096,26.49,3784.69,536.09,59.88,3768.69,8084.55,0,106,24597,0,
2026-03-25T07:09:00+00:00,ATM-GB-0004,host-atm-gb-0004,Windows-Server-2019,22.82,677,4096,16.53,2363.61,1400.69,26.68,1064.74,4502.26,0,107,64376,0,
2026-03-25T07:10:00+00:00,ATM-GB-0001,host-atm-gb-0001,Windows-Server-2019,30.79,438,4096,10.69,3998.4,316.58,71.51,9527.83,4247.84,0,112,21692,0,
2026-03-25T07:10:00+00:00,ATM-GB-0002,host-atm-gb-0002,Windows-Server-2019,9.28,1174,4096,28.66,4887.98,406.72,68.71,9420.38,3448.68,0,88,63656,0,
2026-03-25T07:10:00+00:00,ATM-GB-0003,host-atm-gb-0003,Windows-Server-2019,24.66,1301,4096,31.76,850.11,3221.31,96.77,2346.77,8517.24,0,84,81056,0,
2026-03-25T07:10:00+00:00,ATM-GB-0004,host-atm-gb-0004,Windows-Server-2019,9.94,678,4096,16.55,4277.35,4113.63,151.34,4828.8,9013.07,0,85,14700,0,
2026-03-25T07:11:00+00:00,ATM-GB-0001,host-atm-gb-0001,Windows-Server-2019,26.47,1309,4096,31.96,969.26,4982.54,29.21,1223.52,6514.0,0,100,80110,0,
2026-03-25T07:11:00+00:00,ATM-GB-0002,host-atm-gb-0002,Windows-Server-2019,22.44,1414,4096,34.52,4783.98,2687.93,145.72,9185.03,5976.23,0,109,64322,0,
2026-03-25T07:11:00+00:00,ATM-GB-0003,host-atm-gb-0003,Windows-Server-2019,6.49,1327,4096,32.4,425.28,1246.06,116.8,1752.15,1972.55,0,85,34544,0,
2026-03-25T07:11:00+00:00,ATM-GB-0004,host-atm-gb-0004,Windows-Server-2019,5.97,452,4096,11.04,655.47,2783.22,80.66,5302.22,6677.49,0,114,46738,0,
2026-03-25T07:12:00+00:00,ATM-GB-0001,host-atm-gb-0001,Windows-Server-2019,5.82,1131,4096,27.61,4260.37,3401.36,141.48,446.97,5710.69,0,107,76323,0,
2026-03-25T07:12:00+00:00,ATM-GB-0002,host-atm-gb-0002,Windows-Server-2019,27.71,893,4096,21.8,2120.15,4407.76,65.81,3731.48,9670.03,0,117,80169,0,
2026-03-25T07:12:00+00:00,ATM-GB-0003,host-atm-gb-0003,Windows-Server-2019,11.46,1276,4096,31.15,4502.38,2065.61,174.34,4756.9,3969.13,0,116,86317,0,
2026-03-25T07:12:00+00:00,ATM-GB-0004,host-atm-gb-0004,Windows-Server-2019,33.7,482,4096,11.77,2652.51,2415.1,167.0,9837.61,1496.3,0,104,43589,0,
2026-03-25T07:13:00+00:00,ATM-GB-0001,host-atm-gb-0001,Windows-Server-2019,36.77,1139,4096,27.81,1596.23,3167.17,61.34,6292.07,5174.83,0,86,17055,0,
2026-03-25T07:13:00+00:00,ATM-GB-0002,host-atm-gb-0002,Windows-Server-2019,23.25,630,4096,15.38,4676.33,4089.44,140.29,8447.14,8145.28,0,116,72468,0,
2026-03-25T07:13:00+00:00,ATM-GB-0003,host-atm-gb-0003,Windows-Server-2019,12.75,1305,4096,31.86,4376.59,1494.54,162.88,1097.09,5520.21,0,81,26597,0,
2026-03-25T07:13:00+00:00,ATM-GB-0004,host-atm-gb-0004,Windows-Server-2019,37.05,632,4096,15.43,3730.88,724.16,32.69,7011.29,3485.01,0,84,18712,0,
2026-03-25T07:14:00+00:00,ATM-GB-0001,host-atm-gb-0001,Windows-Server-2019,7.44,970,4096,23.68,1184.01,4294.41,12.98,3180.69,1566.68,0,87,70710,0,
2026-03-25T07:14:00+00:00,ATM-GB-0002,host-atm-gb-0002,Windows-Server-2019,22.96,927,4096,22.63,464.17,3122.07,50.73,8645.34,8828.07,0,107,4341,0,
2026-03-25T07:14:00+00:00,ATM-GB-0003,host-atm-gb-0003,Windows-Server-2019,33.17,772,4096,18.85,529.3,4877.22,160.69,9858.4,2239.23,0,92,55466,0,
2026-03-25T07:14:00+00:00,ATM-GB-0004,host-atm-gb-0004,Windows-Server-2019,14.44,519,4096,12.67,197.96,1823.15,91.31,384.66,9673.63,0,97,42730,0,
2026-03-25T07:15:00+00:00,ATM-GB-0001,host-atm-gb-0001,Windows-Server-2019,30.21,458,4096,11.18,2951.87,3846.31,24.47,850.35,9742.16,0,81,57591,0,
2026-03-25T07:15:00+00:00,ATM-GB-0002,host-atm-gb-0002,Windows-Server-2019,7.39,1491,4096,36.4,2721.8,1313.07,38.98,9268.52,6635.24,0,108,35514,0,
2026-03-25T07:15:00+00:00,ATM-GB-0003,host-atm-gb-0003,Windows-Server-2019,25.86,1487,4096,36.3,3126.96,2863.97,33.2,8061.13,6064.5,0,118,26840,0,
2026-03-25T07:15:00+00:00,ATM-GB-0004,host-atm-gb-0004,Windows-Server-2019,22.29,659,4096,16.09,1918.93,1086.51,186.42,5852.08,7693.54,0,91,35871,0,
2026-03-25T07:16:00+00:00,ATM-GB-0001,host-atm-gb-0001,Windows-Server-2019,23.27,1411,4096,34.45,3043.16,857.52,23.9,3069.44,8560.45,0,92,12245,0,
2026-03-25T07:16:00+00:00,ATM-GB-0002,host-atm-gb-0002,Windows-Server-2019,6.93,526,4096,12.84,2842.15,1887.07,160.31,5165.23,9058.64,0,112,71715,0,
2026-03-25T07:16:00+00:00,ATM-GB-0003,host-atm-gb-0003,Windows-Server-2019,18.19,1210,4096,29.54,1241.34,122.98,10.42,4908.06,4957.39,0,113,43073,0,
2026-03-25T07:16:00+00:00,ATM-GB-0004,host-atm-gb-0004,Windows-Server-2019,32.65,792,4096,19.34,3083.96,1654.63,186.04,7437.89,7249.55,0,84,20424,0,
2026-03-25T07:17:00+00:00,ATM-GB-0001,host-atm-gb-0001,Windows-Server-2019,21.63,1302,4096,31.79,1419.49,832.33,124.19,5037.2,4093.08,0,88,24191,0,
2026-03-25T07:17:00+00:00,ATM-GB-0002,host-atm-gb-0002,Windows-Server-2019,11.08,1491,4096,36.4,4612.92,2289.37,45.31,7617.06,2955.02,0,102,5245,0,
2026-03-25T07:17:00+00:00,ATM-GB-0003,host-atm-gb-0003,Windows-Server-2019,16.6,586,4096,14.31,4628.8,1492.55,73.31,8797.85,5104.28,0,90,41824,0,
2026-03-25T07:17:00+00:00,ATM-GB-0004,host-atm-gb-0004,Windows-Server-2019,25.14,1213,4096,29.61,2151.49,3432.34,165.65,8216.63,1598.72,0,102,9454,0,
2026-03-25T07:18:00+00:00,ATM-GB-0001,host-atm-gb-0001,Windows-Server-2019,22.86,630,4096,15.38,1694.51,3563.55,119.25,1492.1,3240.77,0,113,47673,0,
2026-03-25T07:18:00+00:00,ATM-GB-0002,host-atm-gb-0002,Windows-Server-2019,21.66,999,4096,24.39,4030.05,287.85,169.28,7994.9,1070.74,0,97,63801,0,
2026-03-25T07:18:00+00:00,ATM-GB-0003,host-atm-gb-0003,Windows-Server-2019,14.98,1303,4096,31.81,4054.74,4864.22,163.65,6844.02,567.26,0,102,69586,0,
2026-03-25T07:18:00+00:00,ATM-GB-0004,host-atm-gb-0004,Windows-Server-2019,28.2,1038,4096,25.34,372.88,2307.98,140.79,487.49,639.1,0,107,30249,0,
2026-03-25T07:19:00+00:00,ATM-GB-0001,host-atm-gb-0001,Windows-Server-2019,26.44,1335,4096,32.59,2397.62,3977.8,176.05,8327.21,9528.66,0,80,16260,0,
2026-03-25T07:19:00+00:00,ATM-GB-0002,host-atm-gb-0002,Windows-Server-2019,12.11,449,4096,10.96,4854.99,3630.84,145.79,9194.33,2476.86,0,97,37802,0,
2026-03-25T07:19:00+00:00,ATM-GB-0003,host-atm-gb-0003,Windows-Server-2019,13.07,1069,4096,26.1,3004.01,2489.46,195.86,5627.09,4709.74,0,118,12257,0,
2026-03-25T07:19:00+00:00,ATM-GB-0004,host-atm-gb-0004,Windows-Server-2019,15.68,615,4096,15.01,3567.39,3977.37,105.14,1494.74,3328.68,0,80,6513,0,
2026-03-25T07:20:00+00:00,ATM-GB-0001,host-atm-gb-0001,Windows-Server-2019,27.63,773,4096,18.87,4611.24,471.77,121.18,9344.41,8766.92,0,91,54343,0,
2026-03-25T07:20:00+00:00,ATM-GB-0002,host-atm-gb-0002,Windows-Server-2019,23.56,1174,4096,28.66,3926.28,2058.47,150.44,582.69,6455.36,0,116,25918,0,
2026-03-25T07:20:00+00:00,ATM-GB-0003,host-atm-gb-0003,Windows-Server-2019,36.28,733,4096,17.9,3171.52,123.52,193.69,8626.4,9823.3,0,94,14285,0,
2026-03-25T07:20:00+00:00,ATM-GB-0004,host-atm-gb-0004,Windows-Server-2019,35.11,1084,4096,26.46,2171.2,2684.09,70.87,5308.07,399.5,0,115,48172,0,
2026-03-25T07:21:00+00:00,ATM-GB-0001,host-atm-gb-0001,Windows-Server-2019,13.44,817,4096,19.95,4934.16,1174.87,143.75,4226.06,1931.36,0,102,30875,0,
2026-03-25T07:21:00+00:00,ATM-GB-0002,host-atm-gb-0002,Windows-Server-2019,33.17,437,4096,10.67,4050.13,4737.92,113.95,3249.1,8827.98,0,106,62555,0,
2026-03-25T07:21:00+00:00,ATM-GB-0003,host-atm-gb-0003,Windows-Server-2019,18.41,508,4096,12.4,2232.77,496.25,33.46,6569.77,1363.42,0,100,13263,0,
2026-03-25T07:21:00+00:00,ATM-GB-0004,host-atm-gb-0004,Windows-Server-2019,17.6,818,4096,19.97,3103.14,202.2,77.01,2618.56,4295.67,0,91,5722,0,
2026-03-25T07:22:00+00:00,ATM-GB-0001,host-atm-gb-0001,Windows-Server-2019,10.46,1404,4096,34.28,1066.84,3961.4,39.01,1789.83,891.8,0,100,21259,0,
2026-03-25T07:22:00+00:00,ATM-GB-0002,host-atm-gb-0002,Windows-Server-2019,28.05,1464,4096,35.74,3557.73,3252.15,69.44,3736.95,2154.56,0,82,21712,0,
2026-03-25T07:22:00+00:00,ATM-GB-0003,host-atm-gb-0003,Windows-Server-2019,14.27,1102,4096,26.9,1045.94,2336.01,90.12,4087.8,545.84,0,109,4307,0,
2026-03-25T07:22:00+00:00,ATM-GB-0004,host-atm-gb-0004,Windows-Server-2019,16.0,1372,4096,33.5,3499.56,1852.51,73.62,4998.3,8953.83,0,95,43265,0,
2026-03-25T07:23:00+00:00,ATM-GB-0001,host-atm-gb-0001,Windows-Server-2019,19.55,1165,4096,28.44,1984.76,3326.12,119.21,6389.7,8456.42,0,102,56614,0,
2026-03-25T07:23:00+00:00,ATM-GB-0002,host-atm-gb-0002,Windows-Server-2019,6.86,549,4096,13.4,1679.93,2121.36,69.09,7894.96,2185.01,0,111,47931,0,
2026-03-25T07:23:00+00:00,ATM-GB-0003,host-atm-gb-0003,Windows-Server-2019,15.88,760,4096,18.55,216.4,2799.14,51.41,7169.06,2007.54,0,107,55323,0,
2026-03-25T07:23:00+00:00,ATM-GB-0004,host-atm-gb-0004,Windows-Server-2019,6.5,795,4096,19.41,2504.26,429.51,146.32,5411.97,7203.19,0,84,55403,0,
2026-03-25T07:24:00+00:00,ATM-GB-0001,host-atm-gb-0001,Windows-Server-2019,16.65,1406,4096,34.33,750.27,743.7,147.01,3665.24,7517.21,0,114,14357,0,
2026-03-25T07:24:00+00:00,ATM-GB-0002,host-atm-gb-0002,Windows-Server-2019,25.49,1307,4096,31.91,1054.68,1230.08,57.9,7308.24,1383.24,0,93,69199,0,
2026-03-25T07:24:00+00:00,ATM-GB-0003,host-atm-gb-0003,Windows-Server-2019,26.6,1096,4096,26.76,851.55,5.17,29.0,6111.63,4308.95,0,106,19641,0,
2026-03-25T07:24:00+00:00,ATM-GB-0004,host-atm-gb-0004,Windows-Server-2019,31.96,1448,4096,35.35,3531.89,2397.94,49.86,932.36,5824.04,0,94,55394,0,
2026-03-25T07:25:00+00:00,ATM-GB-0001,host-atm-gb-0001,Windows-Server-2019,17.03,1370,4096,33.45,4314.04,4535.81,68.26,5009.38,8264.19,0,90,60473,0,
2026-03-25T07:25:00+00:00,ATM-GB-0002,host-atm-gb-0002,Windows-Server-2019,24.39,454,4096,11.08,3633.12,1544.88,134.69,5683.86,8307.05,0,108,74438,0,
2026-03-25T07:25:00+00:00,ATM-GB-0003,host-atm-gb-0003,Windows-Server-2019,9.04,906,4096,22.12,345.48,1863.83,65.64,8758.37,4167.08,0,94,64406,0,
2026-03-25T07:25:00+00:00,ATM-GB-0004,host-atm-gb-0004,Windows-Server-2019,23.01,506,4096,12.35,4009.05,1493.08,120.93,2812.56,5763.18,0,83,36716,0,
2026-03-25T07:26:00+00:00,ATM-GB-0001,host-atm-gb-0001,Windows-Server-2019,31.34,1102,4096,26.9,2951.35,2088.07,120.75,7207.19,7664.79,0,103,48529,0,
2026-03-25T07:26:00+00:00,ATM-GB-0002,host-atm-gb-0002,Windows-Server-2019,11.57,1310,4096,31.98,3522.41,4912.09,153.28,6875.89,5964.93,0,106,32919,0,
2026-03-25T07:26:00+00:00,ATM-GB-0003,host-atm-gb-0003,Windows-Server-2019,26.41,1199,4096,29.27,2015.73,540.26,75.38,7142.28,6894.79,0,114,10901,0,
2026-03-25T07:26:00+00:00,ATM-GB-0004,host-atm-gb-0004,Windows-Server-2019,7.81,504,4096,12.3,3233.81,34.98,71.57,6810.5,6415.93,0,105,11392,0,
2026-03-25T07:27:00+00:00,ATM-GB-0001,host-atm-gb-0001,Windows-Server-2019,15.98,506,4096,12.35,4985.17,2298.14,169.11,5332.45,4755.75,0,88,76023,0,
2026-03-25T07:27:00+00:00,ATM-GB-0002,host-atm-gb-0002,Windows-Server-2019,26.37,1445,4096,35.28,2381.98,1011.5,70.5,3214.29,4699.23,0,91,7573,0,
2026-03-25T07:27:00+00:00,ATM-GB-0003,host-atm-gb-0003,Windows-Server-2019,21.46,662,4096,16.16,2328.88,2170.87,90.92,9044.29,602.06,0,114,51847,0,
2026-03-25T07:27:00+00:00,ATM-GB-0004,host-atm-gb-0004,Windows-Server-2019,26.88,1479,4096,36.11,2888.73,4243.68,81.36,9589.41,118.25,0,91,38443,0,
2026-03-25T07:28:00+00:00,ATM-GB-0001,host-atm-gb-0001,Windows-Server-2019,26.57,1312,4096,32.03,4195.98,1061.28,197.71,7546.09,874.41,0,86,76432,0,
2026-03-25T07:28:00+00:00,ATM-GB-0002,host-atm-gb-0002,Windows-Server-2019,26.57,830,4096,20.26,3182.33,1715.15,103.49,4755.38,7214.08,0,117,14715,0,
2026-03-25T07:28:00+00:00,ATM-GB-0003,host-atm-gb-0003,Windows-Server-2019,24.39,668,4096,16.31,4641.51,794.62,35.3,3015.08,3163.26,0,94,63435,0,
2026-03-25T07:28:00+00:00,ATM-GB-0004,host-atm-gb-0004,Windows-Server-2019,34.04,415,4096,10.13,474.0,1597.23,33.98,645.92,8457.31,0,98,15828,0,
2026-03-25T07:29:00+00:00,ATM-GB-0001,host-atm-gb-0001,Windows-Server-2019,14.45,1063,4096,25.95,1508.37,1527.46,67.22,3642.1,4118.82,0,119,43753,0,
2026-03-25T07:29:00+00:00,ATM-GB-0002,host-atm-gb-0002,Windows-Server-2019,23.6,1064,4096,25.98,1087.65,243.94,87.18,3145.87,115.12,0,117,71372,0,
2026-03-25T07:29:00+00:00,ATM-GB-0003,host-atm-gb-0003,Windows-Server-2019,16.58,568,4096,13.87,2787.02,3129.85,142.02,5934.1,5500.18,0,89,11027,0,
2026-03-25T07:29:00+00:00,ATM-GB-0004,host-atm-gb-0004,Windows-Server-2019,22.28,751,4096,18.33,2436.28,1532.43,167.71,4658.77,2196.76,0,101,21969,0,
2026-03-25T07:30:00+00:00,ATM-GB-0001,host-atm-gb-0001,Windows-Server-2019,30.39,894,4096,21.83,177.97,4061.93,195.3,6872.18,6594.29,0,93,19126,0,
2026-03-25T07:30:00+00:00,ATM-GB-0002,host-atm-gb-0002,Windows-Server-2019,13.09,1016,4096,24.8,2645.25,2265.22,17.88,9048.22,9651.93,0,106,42512,0,
2026-03-25T07:30:00+00:00,ATM-GB-0003,host-atm-gb-0003,Windows-Server-2019,11.72,599,4096,14.62,963.5,99.24,57.33,1224.08,8870.68,0,113,15900,0,
2026-03-25T07:30:00+00:00,ATM-GB-0004,host-atm-gb-0004,Windows-Server-2019,31.8,779,4096,19.02,3248.55,4398.18,21.92,6996.06,9729.5,0,105,82785,0,
2026-03-25T07:31:00+00:00,ATM-GB-0001,host-atm-gb-0001,Windows-Server-2019,30.14,985,4096,24.05,941.28,1365.67,55.98,6951.51,6740.94,0,108,8123,0,
2026-03-25T07:31:00+00:00,ATM-GB-0002,host-atm-gb-0002,Windows-Server-2019,8.25,529,4096,12.92,4334.16,87.29,146.17,4817.88,210.09,0,96,14668,0,
2026-03-25T07:31:00+00:00,ATM-GB-0003,host-atm-gb-0003,Windows-Server-2019,30.47,1228,4096,29.98,4168.38,2897.13,161.67,480.12,1149.88,0,116,79099,0,
2026-03-25T07:31:00+00:00,ATM-GB-0004,host-atm-gb-0004,Windows-Server-2019,21.07,731,4096,17.85,2667.88,710.72,175.6,4138.7,5755.57,0,113,17696,0,
2026-03-25T07:32:00+00:00,ATM-GB-0001,host-atm-gb-0001,Windows-Server-2019,15.49,683,4096,16.67,2478.9,788.64,17.47,895.6,9368.48,0,91,21283,0,
2026-03-25T07:32:00+00:00,ATM-GB-0002,host-atm-gb-0002,Windows-Server-2019,30.61,1047,4096,25.56,2453.58,1875.87,100.2,1937.58,9619.56,0,94,25215,0,
2026-03-25T07:32:00+00:00,ATM-GB-0003,host-atm-gb-0003,Windows-Server-2019,10.28,427,4096,10.42,2662.14,1148.67,27.72,322.89,5024.8,0,100,15690,0,
2026-03-25T07:32:00+00:00,ATM-GB-0004,host-atm-gb-0004,Windows-Server-2019,18.01,1113,4096,27.17,2262.94,4645.89,180.63,703.87,7300.04,0,96,49554,0,
2026-03-25T07:33:00+00:00,ATM-GB-0001,host-atm-gb-0001,Windows-Server-2019,6.65,1100,4096,26.86,3340.11,1583.98,171.43,5101.46,6557.96,0,86,60220,0,
2026-03-25T07:33:00+00:00,ATM-GB-0002,host-atm-gb-0002,Windows-Server-2019,32.36,829,4096,20.24,4845.15,390.14,31.2,7555.7,43.89,0,119,48441,0,
2026-03-25T07:33:00+00:00,ATM-GB-0003,host-atm-gb-0003,Windows-Server-2019,32.51,956,4096,23.34,4047.26,1284.96,175.84,5682.59,2341.93,0,113,13968,0,
2026-03-25T07:33:00+00:00,ATM-GB-0004,host-atm-gb-0004,Windows-Server-2019,8.02,1026,4096,25.05,2870.56,2355.55,156.92,6403.32,8168.97,0,114,16712,0,
2026-03-25T07:34:00+00:00,ATM-GB-0001,host-atm-gb-0001,Windows-Server-2019,14.36,1037,4096,25.32,3205.74,2657.42,17.61,6939.09,3738.42,0,113,79912,0,
2026-03-25T07:34:00+00:00,ATM-GB-0002,host-atm-gb-0002,Windows-Server-2019,36.47,455,4096,11.11,4237.05,1750.18,146.55,2213.56,9444.78,0,120,13926,0,
2026-03-25T07:34:00+00:00,ATM-GB-0003,host-atm-gb-0003,Windows-Server-2019,36.46,847,4096,20.68,3333.23,134.52,42.69,1143.32,6732.04,0,99,73033,0,
2026-03-25T07:34:00+00:00,ATM-GB-0004,host-atm-gb-0004,Windows-Server-2019,37.81,849,4096,20.73,2677.88,3672.85,37.15,1878.87,8926.89,0,101,53508,0,
2026-03-25T07:35:00+00:00,ATM-GB-0001,host-atm-gb-0001,Windows-Server-2019,32.87,495,4096,12.08,259.5,3719.26,98.91,7954.09,7028.17,0,101,75807,0,
2026-03-25T07:35:00+00:00,ATM-GB-0002,host-atm-gb-0002,Windows-Server-2019,9.4,992,4096,24.22,1781.2,3371.9,45.87,4357.44,1672.15,0,99,43004,0,
2026-03-25T07:35:00+00:00,ATM-GB-0003,host-atm-gb-0003,Windows-Server-2019,12.95,635,4096,15.5,2345.7,2703.62,80.37,713.7,21.81,0,107,44039,0,
2026-03-25T07:35:00+00:00,ATM-GB-0004,host-atm-gb-0004,Windows-Server-2019,14.01,1090,4096,26.61,4291.14,1113.41,156.92,5448.64,8683.63,0,119,50698,0,
2026-03-25T07:36:00+00:00,ATM-GB-0001,host-atm-gb-0001,Windows-Server-2019,12.25,648,4096,15.82,643.54,2492.51,103.56,4676.92,2556.73,0,101,68443,0,
2026-03-25T07:36:00+00:00,ATM-GB-0002,host-atm-gb-0002,Windows-Server-2019,21.65,513,4096,12.52,4302.04,3770.84,78.98,9795.6,6633.94,0,114,73703,0,
2026-03-25T07:36:00+00:00,ATM-GB-0003,host-atm-gb-0003,Windows-Server-2019,36.82,1193,4096,29.13,4898.81,4221.37,57.14,1120.22,981.25,0,83,81073,0,
2026-03-25T07:36:00+00:00,ATM-GB-0004,host-atm-gb-0004,Windows-Server-2019,29.36,593,4096,14.48,2466.82,3047.29,129.03,4075.77,3439.31,0,97,5799,0,
2026-03-25T07:37:00+00:00,ATM-GB-0001,host-atm-gb-0001,Windows-Server-2019,12.75,533,4096,13.01,3067.47,1041.54,80.91,6757.29,8591.12,0,97,79954,0,
2026-03-25T07:37:00+00:00,ATM-GB-0002,host-atm-gb-0002,Windows-Server-2019,28.19,899,4096,21.95,3363.01,137.76,146.68,3792.17,677.65,0,115,31748,0,
2026-03-25T07:37:00+00:00,ATM-GB-0003,host-atm-gb-0003,Windows-Server-2019,27.64,735,4096,17.94,4847.14,4376.65,68.25,5504.2,761.2,0,117,44296,0,
2026-03-25T07:37:00+00:00,ATM-GB-0004,host-atm-gb-0004,Windows-Server-2019,12.29,1068,4096,26.07,1052.75,305.47,27.34,1879.1,5466.63,0,102,33488,0,
2026-03-25T07:38:00+00:00,ATM-GB-0001,host-atm-gb-0001,Windows-Server-2019,31.79,1290,4096,31.49,1774.28,2833.0,175.73,5300.29,7553.27,0,105,37612,0,
2026-03-25T07:38:00+00:00,ATM-GB-0002,host-atm-gb-0002,Windows-Server-2019,39.55,901,4096,22.0,444.64,2956.96,172.09,7232.32,7744.68,0,100,19232,0,
2026-03-25T07:38:00+00:00,ATM-GB-0003,host-atm-gb-0003,Windows-Server-2019,25.15,1400,4096,34.18,4115.01,2223.11,151.8,6968.56,666.95,0,92,18592,0,
2026-03-25T07:38:00+00:00,ATM-GB-0004,host-atm-gb-0004,Windows-Server-2019,30.26,806,4096,19.68,2371.04,1628.3,36.22,2002.34,2812.48,0,96,25107,0,
2026-03-25T07:39:00+00:00,ATM-GB-0001,host-atm-gb-0001,Windows-Server-2019,39.87,650,4096,15.87,2537.29,3407.27,82.45,7753.78,6918.87,0,107,27224,0,
2026-03-25T07:39:00+00:00,ATM-GB-0002,host-atm-gb-0002,Windows-Server-2019,6.99,1103,4096,26.93,605.75,4699.67,52.7,5826.72,5818.39,0,83,61059,0,
2026-03-25T07:39:00+00:00,ATM-GB-0003,host-atm-gb-0003,Windows-Server-2019,21.8,402,4096,9.81,2816.93,4379.55,44.05,9512.84,9503.36,0,118,74592,0,
2026-03-25T07:39:00+00:00,ATM-GB-0004,host-atm-gb-0004,Windows-Server-2019,26.93,523,4096,12.77,673.61,1204.51,12.5,9498.44,4323.65,0,89,55471,0,
2026-03-25T07:40:00+00:00,ATM-GB-0001,host-atm-gb-0001,Windows-Server-2019,30.19,662,4096,16.16,4697.95,3976.52,28.59,8157.96,6949.09,0,98,42734,0,
2026-03-25T07:40:00+00:00,ATM-GB-0002,host-atm-gb-0002,Windows-Server-2019,37.81,694,4096,16.94,4598.36,3399.78,68.3,4527.33,9596.42,0,83,4397,0,
2026-03-25T07:40:00+00:00,ATM-GB-0003,host-atm-gb-0003,Windows-Server-2019,12.27,1352,4096,33.01,758.85,297.53,86.48,4806.2,259.02,0,114,53686,0,
2026-03-25T07:40:00+00:00,ATM-GB-0004,host-atm-gb-0004,Windows-Server-2019,38.76,1295,4096,31.62,4382.29,4847.5,87.94,1659.91,3173.81,0,110,11071,0,
2026-03-25T07:41:00+00:00,ATM-GB-0001,host-atm-gb-0001,Windows-Server-2019,13.27,838,4096,20.46,271.76,1771.31,197.6,8569.12,6348.16,0,111,78660,0,
2026-03-25T07:41:00+00:00,ATM-GB-0002,host-atm-gb-0002,Windows-Server-2019,24.56,996,4096,24.32,4927.62,1859.6,38.25,5019.88,4867.08,0,92,4176,0,
2026-03-25T07:41:00+00:00,ATM-GB-0003,host-atm-gb-0003,Windows-Server-2019,20.2,969,4096,23.66,4052.69,3724.03,149.01,3888.95,2578.83,0,96,8335,0,
2026-03-25T07:41:00+00:00,ATM-GB-0004,host-atm-gb-0004,Windows-Server-2019,29.81,1164,4096,28.42,3740.23,4109.49,176.47,551.93,7591.01,0,98,69223,0,
2026-03-25T07:42:00+00:00,ATM-GB-0001,host-atm-gb-0001,Windows-Server-2019,37.07,663,4096,16.19,1620.84,430.96,60.34,9437.76,1039.48,0,94,69028,0,
2026-03-25T07:42:00+00:00,ATM-GB-0002,host-atm-gb-0002,Windows-Server-2019,27.67,1449,4096,35.38,3268.71,4844.86,87.32,3086.92,6388.45,0,119,83821,0,
2026-03-25T07:42:00+00:00,ATM-GB-0003,host-atm-gb-0003,Windows-Server-2019,34.04,443,4096,10.82,2017.42,3095.2,187.43,224.79,2667.07,0,112,46060,0,
2026-03-25T07:42:00+00:00,ATM-GB-0004,host-atm-gb-0004,Windows-Server-2019,22.25,1315,4096,32.1,114.32,2356.25,171.57,4406.63,8501.06,0,92,19243,0,
2026-03-25T07:43:00+00:00,ATM-GB-0001,host-atm-gb-0001,Windows-Server-2019,13.02,619,4096,15.11,1632.89,1451.84,19.94,1598.57,2310.82,0,114,75928,0,
2026-03-25T07:43:00+00:00,ATM-GB-0002,host-atm-gb-0002,Windows-Server-2019,22.11,1125,4096,27.47,4225.97,884.84,40.65,7072.5,6395.43,0,115,68118,0,
2026-03-25T07:43:00+00:00,ATM-GB-0003,host-atm-gb-0003,Windows-Server-2019,15.47,1389,4096,33.91,1750.48,3277.38,150.05,5341.16,6540.05,0,116,9666,0,
2026-03-25T07:43:00+00:00,ATM-GB-0004,host-atm-gb-0004,Windows-Server-2019,14.55,1050,4096,25.63,2619.83,521.49,40.27,1173.5,5864.24,0,103,64742,0,
2026-03-25T07:44:00+00:00,ATM-GB-0001,host-atm-gb-0001,Windows-Server-2019,12.09,1275,4096,31.13,491.17,1111.29,99.17,4460.34,8596.22,0,117,13183,0,
2026-03-25T07:44:00+00:00,ATM-GB-0002,host-atm-gb-0002,Windows-Server-2019,10.03,591,4096,14.43,4402.0,2414.87,25.61,9475.3,3176.57,0,90,10589,0,
2026-03-25T07:44:00+00:00,ATM-GB-0003,host-atm-gb-0003,Windows-Server-2019,26.76,942,4096,23.0,3020.5,4365.15,135.85,3228.67,7683.47,0,89,21208,0,
2026-03-25T07:44:00+00:00,ATM-GB-0004,host-atm-gb-0004,Windows-Server-2019,7.54,576,4096,14.06,3888.59,3508.15,86.95,2169.79,8862.78,0,110,8931,0,
2026-03-25T07:45:00+00:00,ATM-GB-0001,host-atm-gb-0001,Windows-Server-2019,35.89,1001,4096,24.44,4530.38,3576.68,115.6,9388.72,1228.76,0,119,46044,0,
2026-03-25T07:45:00+00:00,ATM-GB-0002,host-atm-gb-0002,Windows-Server-2019,13.58,459,4096,11.21,2859.05,4564.12,99.41,4248.64,112.18,0,109,70951,0,
2026-03-25T07:45:00+00:00,ATM-GB-0003,host-atm-gb-0003,Windows-Server-2019,7.49,1348,4096,32.91,3737.05,2441.85,28.41,2166.56,5445.06,0,105,9151,0,
2026-03-25T07:45:00+00:00,ATM-GB-0004,host-atm-gb-0004,Windows-Server-2019,5.39,1100,4096,26.86,2949.18,339.43,86.4,5949.28,207.11,0,87,44246,0,
2026-03-25T07:46:00+00:00,ATM-GB-0001,host-atm-gb-0001,Windows-Server-2019,9.76,1291,4096,31.52,4342.24,3441.83,63.16,5805.81,7768.05,0,105,77627,0,
2026-03-25T07:46:00+00:00,ATM-GB-0002,host-atm-gb-0002,Windows-Server-2019,31.61,463,4096,11.3,2280.62,3044.64,46.75,7710.19,8062.68,0,116,22394,0,
2026-03-25T07:46:00+00:00,ATM-GB-0003,host-atm-gb-0003,Windows-Server-2019,34.01,772,4096,18.85,3715.48,2948.58,161.77,6080.69,7092.85,0,100,35428,0,
2026-03-25T07:46:00+00:00,ATM-GB-0004,host-atm-gb-0004,Windows-Server-2019,18.25,1212,4096,29.59,1622.09,2450.62,160.5,8417.42,1472.35,0,93,18474,0,
2026-03-25T07:47:00+00:00,ATM-GB-0001,host-atm-gb-0001,Windows-Server-2019,13.21,765,4096,18.68,615.63,4143.84,54.12,6060.43,2251.71,0,92,39709,0,
2026-03-25T07:47:00+00:00,ATM-GB-0002,host-atm-gb-0002,Windows-Server-2019,20.96,1384,4096,33.79,2784.65,1035.48,48.96,7777.94,625.84,0,107,25211,0,
2026-03-25T07:47:00+00:00,ATM-GB-0003,host-atm-gb-0003,Windows-Server-2019,32.41,684,4096,16.7,1596.24,1502.18,20.18,8151.92,7733.59,0,115,3826,0,
2026-03-25T07:47:00+00:00,ATM-GB-0004,host-atm-gb-0004,Windows-Server-2019,16.92,1087,4096,26.54,2963.63,2556.2,43.48,8739.9,5664.93,0,86,85927,0,
2026-03-25T07:48:00+00:00,ATM-GB-0001,host-atm-gb-0001,Windows-Server-2019,25.89,520,4096,12.7,3103.9,4669.96,107.26,6648.14,6438.99,0,81,73999,0,
2026-03-25T07:48:00+00:00,ATM-GB-0002,host-atm-gb-0002,Windows-Server-2019,27.65,1298,4096,31.69,476.58,891.28,62.92,9059.27,8537.2,0,110,27634,0,
2026-03-25T07:48:00+00:00,ATM-GB-0003,host-atm-gb-0003,Windows-Server-2019,16.09,1494,4096,36.47,4568.5,4700.3,70.56,6256.39,9105.69,0,85,55863,0,
2026-03-25T07:48:00+00:00,ATM-GB-0004,host-atm-gb-0004,Windows-Server-2019,16.79,847,4096,20.68,1506.86,4091.24,192.37,9469.53,442.46,0,103,22033,0,
2026-03-25T07:49:00+00:00,ATM-GB-0001,host-atm-gb-0001,Windows-Server-2019,12.33,1369,4096,33.42,1081.17,882.73,99.45,6275.55,788.86,0,99,6139,0,
2026-03-25T07:49:00+00:00,ATM-GB-0002,host-atm-gb-0002,Windows-Server-2019,13.23,725,4096,17.7,2581.33,366.77,144.82,9267.74,5858.15,0,85,42088,0,
2026-03-25T07:49:00+00:00,ATM-GB-0003,host-atm-gb-0003,Windows-Server-2019,28.69,828,4096,20.21,2358.22,4329.71,69.05,5849.79,3381.17,0,117,62634,0,
2026-03-25T07:49:00+00:00,ATM-GB-0004,host-atm-gb-0004,Windows-Server-2019,18.33,1330,4096,32.47,3619.05,1590.12,124.97,8667.93,5595.42,0,113,62104,0,
2026-03-25T07:50:00+00:00,ATM-GB-0001,host-atm-gb-0001,Windows-Server-2019,26.06,1326,4096,32.37,176.86,1025.6,163.36,9821.96,9056.7,0,82,36367,0,
2026-03-25T07:50:00+00:00,ATM-GB-0002,host-atm-gb-0002,Windows-Server-2019,10.39,1217,4096,29.71,821.33,3434.22,154.25,4699.45,451.46,0,101,23486,0,
2026-03-25T07:50:00+00:00,ATM-GB-0003,host-atm-gb-0003,Windows-Server-2019,27.73,648,4096,15.82,4131.07,51.19,187.36,5898.08,2444.57,0,104,6243,0,
2026-03-25T07:50:00+00:00,ATM-GB-0004,host-atm-gb-0004,Windows-Server-2019,10.74,772,4096,18.85,3851.51,4068.0,153.93,4050.31,7041.98,0,100,42206,0,
2026-03-25T07:51:00+00:00,ATM-GB-0001,host-atm-gb-0001,Windows-Server-2019,17.02,813,4096,19.85,645.28,2788.56,64.17,1251.86,4122.8,0,84,27357,0,
2026-03-25T07:51:00+00:00,ATM-GB-0002,host-atm-gb-0002,Windows-Server-2019,13.84,851,4096,20.78,4962.15,128.39,180.93,2069.24,9325.89,0,81,35683,0,
2026-03-25T07:51:00+00:00,ATM-GB-0003,host-atm-gb-0003,Windows-Server-2019,30.11,1318,4096,32.18,4081.11,3218.55,74.59,2579.65,614.34,0,85,35418,0,
2026-03-25T07:51:00+00:00,ATM-GB-0004,host-atm-gb-0004,Windows-Server-2019,11.83,1339,4096,32.69,4393.4,3150.41,142.56,6376.74,509.73,0,107,68840,0,
2026-03-25T07:52:00+00:00,ATM-GB-0001,host-atm-gb-0001,Windows-Server-2019,34.29,817,4096,19.95,2864.01,1509.68,122.64,6299.82,5808.54,0,105,10037,0,
2026-03-25T07:52:00+00:00,ATM-GB-0002,host-atm-gb-0002,Windows-Server-2019,29.29,440,4096,10.74,846.9,2917.95,21.34,9283.07,8857.28,0,84,80862,0,
2026-03-25T07:52:00+00:00,ATM-GB-0003,host-atm-gb-0003,Windows-Server-2019,30.36,543,4096,13.26,1978.72,1818.53,155.71,4128.59,7238.43,0,88,12877,0,
2026-03-25T07:52:00+00:00,ATM-GB-0004,host-atm-gb-0004,Windows-Server-2019,11.09,1466,4096,35.79,2422.13,3250.83,151.24,5384.74,2846.79,0,97,29032,0,
2026-03-25T07:53:00+00:00,ATM-GB-0001,host-atm-gb-0001,Windows-Server-2019,18.89,451,4096,11.01,2776.27,2482.49,110.69,1275.29,9270.53,0,91,20139,0,
2026-03-25T07:53:00+00:00,ATM-GB-0002,host-atm-gb-0002,Windows-Server-2019,16.39,1277,4096,31.18,3883.13,1328.65,95.13,9641.97,9939.71,0,84,26162,0,
2026-03-25T07:53:00+00:00,ATM-GB-0003,host-atm-gb-0003,Windows-Server-2019,8.21,830,4096,20.26,1148.76,4940.68,78.1,6229.59,5632.07,0,87,12448,0,
2026-03-25T07:53:00+00:00,ATM-GB-0004,host-atm-gb-0004,Windows-Server-2019,35.3,453,4096,11.06,820.72,4129.44,117.47,8312.69,5227.63,0,85,22643,0,
2026-03-25T07:54:00+00:00,ATM-GB-0001,host-atm-gb-0001,Windows-Server-2019,10.18,991,4096,24.19,3049.61,2840.7,96.15,8684.82,2147.48,0,97,52310,0,
2026-03-25T07:54:00+00:00,ATM-GB-0002,host-atm-gb-0002,Windows-Server-2019,6.21,936,4096,22.85,4254.94,2167.32,74.9,7631.31,7462.1,0,116,54691,0,
2026-03-25T07:54:00+00:00,ATM-GB-0003,host-atm-gb-0003,Windows-Server-2019,34.25,1496,4096,36.52,1239.72,4338.4,72.76,8460.61,3624.73,0,91,35455,0,
2026-03-25T07:54:00+00:00,ATM-GB-0004,host-atm-gb-0004,Windows-Server-2019,9.13,1080,4096,26.37,3657.88,2836.64,74.56,2832.44,8594.76,0,101,28932,0,
2026-03-25T07:55:00+00:00,ATM-GB-0001,host-atm-gb-0001,Windows-Server-2019,18.69,1294,4096,31.59,3756.68,4117.17,176.7,8955.98,1559.36,0,111,77434,0,
2026-03-25T07:55:00+00:00,ATM-GB-0002,host-atm-gb-0002,Windows-Server-2019,29.22,1185,4096,28.93,4493.34,122.56,12.01,958.96,4197.45,0,96,68612,0,
2026-03-25T07:55:00+00:00,ATM-GB-0003,host-atm-gb-0003,Windows-Server-2019,31.18,977,4096,23.85,1655.86,2767.33,121.01,1430.6,2582.58,0,88,22091,0,
2026-03-25T07:55:00+00:00,ATM-GB-0004,host-atm-gb-0004,Windows-Server-2019,25.74,567,4096,13.84,1042.06,3569.66,78.83,9741.75,7548.46,0,91,11225,0,
2026-03-25T07:56:00+00:00,ATM-GB-0001,host-atm-gb-0001,Windows-Server-2019,31.96,1288,4096,31.45,1795.17,4861.75,26.22,5281.95,3945.77,0,80,16359,0,
2026-03-25T07:56:00+00:00,ATM-GB-0002,host-atm-gb-0002,Windows-Server-2019,14.92,402,4096,9.81,4141.9,305.96,191.19,6455.41,8572.81,0,104,58839,0,
2026-03-25T07:56:00+00:00,ATM-GB-0003,host-atm-gb-0003,Windows-Server-2019,14.32,440,4096,10.74,2656.06,3621.16,148.38,9185.35,3066.49,0,98,30240,0,
2026-03-25T07:56:00+00:00,ATM-GB-0004,host-atm-gb-0004,Windows-Server-2019,11.48,1299,4096,31.71,4984.72,35.05,172.73,1079.87,3158.06,0,115,23396,0,
2026-03-25T07:57:00+00:00,ATM-GB-0001,host-atm-gb-0001,Windows-Server-2019,30.18,1060,4096,25.88,4705.99,3280.83,28.17,6335.36,200.05,0,106,20133,0,
2026-03-25T07:57:00+00:00,ATM-GB-0002,host-atm-gb-0002,Windows-Server-2019,5.35,1123,4096,27.42,1404.24,4816.47,143.0,4771.04,2387.1,0,109,46974,0,
2026-03-25T07:57:00+00:00,ATM-GB-0003,host-atm-gb-0003,Windows-Server-2019,16.04,542,4096,13.23,2012.07,3838.03,191.49,1768.04,9405.44,0,90,7483,0,
2026-03-25T07:57:00+00:00,ATM-GB-0004,host-atm-gb-0004,Windows-Server-2019,21.05,1354,4096,33.06,4711.32,2604.47,162.66,2908.51,1064.4,0,100,85906,0,
2026-03-25T07:58:00+00:00,ATM-GB-0001,host-atm-gb-0001,Windows-Server-2019,14.6,1037,4096,25.32,250.63,1293.31,196.8,8113.4,8073.29,0,107,46917,0,
2026-03-25T07:58:00+00:00,ATM-GB-0002,host-atm-gb-0002,Windows-Server-2019,21.21,1029,4096,25.12,4769.79,1878.67,91.62,5304.88,8042.06,0,110,35917,0,
2026-03-25T07:58:00+00:00,ATM-GB-0003,host-atm-gb-0003,Windows-Server-2019,30.75,606,4096,14.79,150.45,1558.89,152.52,7788.66,4808.98,0,94,30474,0,
2026-03-25T07:58:00+00:00,ATM-GB-0004,host-atm-gb-0004,Windows-Server-2019,20.03,1278,4096,31.2,456.83,771.88,127.78,5874.29,8657.8,0,85,22017,0,
2026-03-25T07:59:00+00:00,ATM-GB-0001,host-atm-gb-0001,Windows-Server-2019,12.36,757,4096,18.48,2252.24,3598.72,127.73,1235.42,2907.92,0,80,23965,0,
2026-03-25T07:59:00+00:00,ATM-GB-0002,host-atm-gb-0002,Windows-Server-2019,38.64,428,4096,10.45,3966.25,3085.64,157.64,3970.57,6282.2,0,101,37234,0,
2026-03-25T07:59:00+00:00,ATM-GB-0003,host-atm-gb-0003,Windows-Server-2019,11.85,965,4096,23.56,2569.22,3081.14,50.47,5461.11,2128.8,0,88,69599,0,
2026-03-25T07:59:00+00:00,ATM-GB-0004,host-atm-gb-0004,Windows-Server-2019,35.13,1376,4096,33.59,4889.12,4979.73,194.42,1091.73,7595.62,0,120,69023,0,
